0 0 0 1 0 0 1 1 0 1 0 1 1 0 0 0 0 0 0 0 0 1 1 0 0 1 0 1 1 1 0 0 0 0 0 0 0 0 0 0 0 0 0 0 0 0 0 0 0 0 0 0 0 0 0 0 0
0 0 1 1 0 0 1 2 0 1 0 1 1 1 0 1 0 2 1 0 0 1 1 0 0 2 0 1 1 1 0 1 0 1 1 2 0 0 0 0 0 0 0 0 0 0 0 0 0 0 0 0 0 0 0 0 0
0 0 2 1 0 3 1 0 1 1 0 1 1 2 0 1 0 2 1 1 0 1 1 3 0 0 1 1 1 1 0 2 0 1 1 2 0 1 0 0 0 0 0 0 0 0 0 0 0 0 0 0 0 0 0 0 0
0 0 3 1 0 3 1 1 1 1 0 4 1 0 1 1 0 2 1 2 0 1 1 3 0 1 1 1 1 4 0 0 1 1 1 2 0 2 0 0 0 0 0 0 0 0 0 0 0 0 0 0 0 0 0 0 0
0 0 4 1 0 3 1 2 1 1 0 4 1 1 1 1 0 5 1 0 1 1 1 3 0 2 1 1 1 4 0 1 1 1 1 5 0 0 1 0 0 0 0 0 0 0 0 0 0 0 0 0 0 0 0 0 0
0 0 5 1 0 6 1 0 2 1 0 4 1 2 1 1 0 5 1 1 1 1 1 6 0 0 2 1 1 4 0 2 1 1 1 5 0 1 1 0 0 0 0 0 0 0 0 0 0 0 0 0 0 0 0 0 0
0 0 6 1 0 6 1 1 2 1 0 7 1 0 2 1 0 5 1 2 1 1 1 6 0 1 2 1 1 7 0 0 2 1 1 5 0 2 1 0 0 0 0 0 0 0 0 0 0 0 0 0 0 0 0 0 0
0 0 7 1 0 6 1 2 2 1 0 7 1 1 2 1 0 8 1 0 2 1 1 6 0 2 2 1 1 7 0 1 2 1 1 8 0 0 2 0 0 0 0 0 0 0 0 0 0 0 0 0 0 0 0 0 0
0 0 8 1 0 9 1 0 3 1 0 7 1 2 2 1 0 8 1 1 2 1 1 9 0 0 3 1 1 7 0 2 2 1 1 8 0 1 2 0 0 0 0 0 0 0 0 0 0 0 0 0 0 0 0 0 0
0 0 9 1 0 9 1 1 3 1 0 10 1 0 3 1 0 8 1 2 2 1 1 9 0 1 3 1 1 10 0 0 3 1 1 8 0 2 2 0 0 0 0 0 0 0 0 0 0 0 0 0 0 0 0 0 0
0 0 10 1 0 9 1 2 3 1 0 10 1 1 3 0 0 0 0 0 0 1 1 9 0 2 3 1 1 10 0 1 3 0 0 0 0 0 0 0 0 0 0 0 0 0 0 0 0 0 0 0 0 0 0 0 0
0 0 11 0 0 0 0 0 0 1 0 10 1 2 3 0 0 0 0 0 0 0 0 0 0 0 0 1 1 10 0 2 3 0 0 0 0 0 0 0 0 0 0 0 0 0 0 0 0 0 0 0 0 0 0 0 0
0 0 12 0 0 0 0 0 0 0 0 0 0 0 0 0 0 0 0 0 0 0 0 0 0 0 0 0 0 0 0 0 0 0 0 0 0 0 0 0 0 0 0 0 0 0 0 0 0 0 0 0 0 0 0 0 0
0 0 13 0 0 0 0 0 0 0 0 0 0 0 0 0 0 0 0 0 0 0 0 0 0 0 0 0 0 0 0 0 0 0 0 0 0 0 0 0 0 0 0 0 0 0 0 0 0 0 0 0 0 0 0 0 0
0 0 14 0 0 0 0 0 0 0 0 0 0 0 0 0 0 0 0 0 0 0 0 0 0 0 0 0 0 0 0 0 0 0 0 0 0 0 0 0 0 0 0 0 0 0 0 0 0 0 0 0 0 0 0 0 0
0 0 15 0 0 0 0 0 0 0 0 0 0 0 0 0 0 0 0 0 0 0 0 0 0 0 0 0 0 0 0 0 0 0 0 0 0 0 0 0 0 0 0 0 0 0 0 0 0 0 0 0 0 0 0 0 0
0 1 0 1 0 0 2 1 0 1 0 1 2 0 0 0 0 0 0 0 0 1 1 0 1 1 0 1 1 1 1 0 0 0 0 0 0 0 0 1 2 0 0 1 0 1 2 1 0 0 0 0 0 0 0 0 0
0 1 1 1 0 0 2 2 0 1 0 1 2 1 0 1 0 2 2 0 0 1 1 0 1 2 0 1 1 1 1 1 0 1 1 2 1 0 0 1 2 0 0 2 0 1 2 1 0 1 0 1 2 2 0 0 0
0 1 2 1 0 3 2 0 1 1 0 1 2 2 0 1 0 2 2 1 0 1 1 3 1 0 1 1 1 1 1 2 0 1 1 2 1 1 0 1 2 3 0 0 1 1 2 1 0 2 0 1 2 2 0 1 0
0 1 3 1 0 3 2 1 1 1 0 4 2 0 1 1 0 2 2 2 0 1 1 3 1 1 1 1 1 4 1 0 1 1 1 2 1 2 0 1 2 3 0 1 1 1 2 4 0 0 1 1 2 2 0 2 0
0 1 4 1 0 3 2 2 1 1 0 4 2 1 1 1 0 5 2 0 1 1 1 3 1 2 1 1 1 4 1 1 1 1 1 5 1 0 1 1 2 3 0 2 1 1 2 4 0 1 1 1 2 5 0 0 1
0 1 5 1 0 6 2 0 2 1 0 4 2 2 1 1 0 5 2 1 1 1 1 6 1 0 2 1 1 4 1 2 1 1 1 5 1 1 1 1 2 6 0 0 2 1 2 4 0 2 1 1 2 5 0 1 1
0 1 6 1 0 6 2 1 2 1 0 7 2 0 2 1 0 5 2 2 1 1 1 6 1 1 2 1 1 7 1 0 2 1 1 5 1 2 1 1 2 6 0 1 2 1 2 7 0 0 2 1 2 5 0 2 1
0 1 7 1 0 6 2 2 2 1 0 7 2 1 2 1 0 8 2 0 2 1 1 6 1 2 2 1 1 7 1 1 2 1 1 8 1 0 2 1 2 6 0 2 2 1 2 7 0 1 2 1 2 8 0 0 2
0 1 8 1 0 9 2 0 3 1 0 7 2 2 2 1 0 8 2 1 2 1 1 9 1 0 3 1 1 7 1 2 2 1 1 8 1 1 2 1 2 9 0 0 3 1 2 7 0 2 2 1 2 8 0 1 2
0 1 9 1 0 9 2 1 3 1 0 10 2 0 3 1 0 8 2 2 2 1 1 9 1 1 3 1 1 10 1 0 3 1 1 8 1 2 2 1 2 9 0 1 3 1 2 10 0 0 3 1 2 8 0 2 2
0 1 10 1 0 9 2 2 3 1 0 10 2 1 3 0 0 0 0 0 0 1 1 9 1 2 3 1 1 10 1 1 3 0 0 0 0 0 0 1 2 9 0 2 3 1 2 10 0 1 3 0 0 0 0 0 0
0 1 11 0 0 0 0 0 0 1 0 10 2 2 3 0 0 0 0 0 0 0 0 0 0 0 0 1 1 10 1 2 3 0 0 0 0 0 0 0 0 0 0 0 0 1 2 10 0 2 3 0 0 0 0 0 0
0 1 12 0 0 0 0 0 0 0 0 0 0 0 0 0 0 0 0 0 0 0 0 0 0 0 0 0 0 0 0 0 0 0 0 0 0 0 0 0 0 0 0 0 0 0 0 0 0 0 0 0 0 0 0 0 0
0 1 13 0 0 0 0 0 0 0 0 0 0 0 0 0 0 0 0 0 0 0 0 0 0 0 0 0 0 0 0 0 0 0 0 0 0 0 0 0 0 0 0 0 0 0 0 0 0 0 0 0 0 0 0 0 0
0 1 14 0 0 0 0 0 0 0 0 0 0 0 0 0 0 0 0 0 0 0 0 0 0 0 0 0 0 0 0 0 0 0 0 0 0 0 0 0 0 0 0 0 0 0 0 0 0 0 0 0 0 0 0 0 0
0 1 15 0 0 0 0 0 0 0 0 0 0 0 0 0 0 0 0 0 0 0 0 0 0 0 0 0 0 0 0 0 0 0 0 0 0 0 0 0 0 0 0 0 0 0 0 0 0 0 0 0 0 0 0 0 0
0 2 0 1 3 0 0 1 4 1 3 1 0 0 4 0 0 0 0 0 0 1 1 0 2 1 0 1 1 1 2 0 0 0 0 0 0 0 0 1 2 0 1 1 0 1 2 1 1 0 0 0 0 0 0 0 0
0 2 1 1 3 0 0 2 4 1 3 1 0 1 4 1 3 2 0 0 4 1 1 0 2 2 0 1 1 1 2 1 0 1 1 2 2 0 0 1 2 0 1 2 0 1 2 1 1 1 0 1 2 2 1 0 0
0 2 2 1 3 3 0 0 5 1 3 1 0 2 4 1 3 2 0 1 4 1 1 3 2 0 1 1 1 1 2 2 0 1 1 2 2 1 0 1 2 3 1 0 1 1 2 1 1 2 0 1 2 2 1 1 0
0 2 3 1 3 3 0 1 5 1 3 4 0 0 5 1 3 2 0 2 4 1 1 3 2 1 1 1 1 4 2 0 1 1 1 2 2 2 0 1 2 3 1 1 1 1 2 4 1 0 1 1 2 2 1 2 0
0 2 4 1 3 3 0 2 5 1 3 4 0 1 5 1 3 5 0 0 5 1 1 3 2 2 1 1 1 4 2 1 1 1 1 5 2 0 1 1 2 3 1 2 1 1 2 4 1 1 1 1 2 5 1 0 1
0 2 5 1 3 6 0 0 6 1 3 4 0 2 5 1 3 5 0 1 5 1 1 6 2 0 2 1 1 4 2 2 1 1 1 5 2 1 1 1 2 6 1 0 2 1 2 4 1 2 1 1 2 5 1 1 1
0 2 6 1 3 6 0 1 6 1 3 7 0 0 6 1 3 5 0 2 5 1 1 6 2 1 2 1 1 7 2 0 2 1 1 5 2 2 1 1 2 6 1 1 2 1 2 7 1 0 2 1 2 5 1 2 1
0 2 7 1 3 6 0 2 6 1 3 7 0 1 6 1 3 8 0 0 6 1 1 6 2 2 2 1 1 7 2 1 2 1 1 8 2 0 2 1 2 6 1 2 2 1 2 7 1 1 2 1 2 8 1 0 2
0 2 8 1 3 9 0 0 7 1 3 7 0 2 6 1 3 8 0 1 6 1 1 9 2 0 3 1 1 7 2 2 2 1 1 8 2 1 2 1 2 9 1 0 3 1 2 7 1 2 2 1 2 8 1 1 2
0 2 9 1 3 9 0 1 7 1 3 10 0 0 7 1 3 8 0 2 6 1 1 9 2 1 3 1 1 10 2 0 3 1 1 8 2 2 2 1 2 9 1 1 3 1 2 10 1 0 3 1 2 8 1 2 2
0 2 10 1 3 9 0 2 7 1 3 10 0 1 7 0 0 0 0 0 0 1 1 9 2 2 3 1 1 10 2 1 3 0 0 0 0 0 0 1 2 9 1 2 3 1 2 10 1 1 3 0 0 0 0 0 0
0 2 11 0 0 0 0 0 0 1 3 10 0 2 7 0 0 0 0 0 0 0 0 0 0 0 0 1 1 10 2 2 3 0 0 0 0 0 0 0 0 0 0 0 0 1 2 10 1 2 3 0 0 0 0 0 0
0 2 12 0 0 0 0 0 0 0 0 0 0 0 0 0 0 0 0 0 0 0 0 0 0 0 0 0 0 0 0 0 0 0 0 0 0 0 0 0 0 0 0 0 0 0 0 0 0 0 0 0 0 0 0 0 0
0 2 13 0 0 0 0 0 0 0 0 0 0 0 0 0 0 0 0 0 0 0 0 0 0 0 0 0 0 0 0 0 0 0 0 0 0 0 0 0 0 0 0 0 0 0 0 0 0 0 0 0 0 0 0 0 0
0 2 14 0 0 0 0 0 0 0 0 0 0 0 0 0 0 0 0 0 0 0 0 0 0 0 0 0 0 0 0 0 0 0 0 0 0 0 0 0 0 0 0 0 0 0 0 0 0 0 0 0 0 0 0 0 0
0 2 15 0 0 0 0 0 0 0 0 0 0 0 0 0 0 0 0 0 0 0 0 0 0 0 0 0 0 0 0 0 0 0 0 0 0 0 0 0 0 0 0 0 0 0 0 0 0 0 0 0 0 0 0 0 0
0 3 0 1 3 0 1 1 4 1 3 1 1 0 4 0 0 0 0 0 0 1 4 0 0 1 4 1 4 1 0 0 4 0 0 0 0 0 0 1 2 0 2 1 0 1 2 1 2 0 0 0 0 0 0 0 0
0 3 1 1 3 0 1 2 4 1 3 1 1 1 4 1 3 2 1 0 4 1 4 0 0 2 4 1 4 1 0 1 4 1 4 2 0 0 4 1 2 0 2 2 0 1 2 1 2 1 0 1 2 2 2 0 0
0 3 2 1 3 3 1 0 5 1 3 1 1 2 4 1 3 2 1 1 4 1 4 3 0 0 5 1 4 1 0 2 4 1 4 2 0 1 4 1 2 3 2 0 1 1 2 1 2 2 0 1 2 2 2 1 0
0 3 3 1 3 3 1 1 5 1 3 4 1 0 5 1 3 2 1 2 4 1 4 3 0 1 5 1 4 4 0 0 5 1 4 2 0 2 4 1 2 3 2 1 1 1 2 4 2 0 1 1 2 2 2 2 0
0 3 4 1 3 3 1 2 5 1 3 4 1 1 5 1 3 5 1 0 5 1 4 3 0 2 5 1 4 4 0 1 5 1 4 5 0 0 5 1 2 3 2 2 1 1 2 4 2 1 1 1 2 5 2 0 1
0 3 5 1 3 6 1 0 6 1 3 4 1 2 5 1 3 5 1 1 5 1 4 6 0 0 6 1 4 4 0 2 5 1 4 5 0 1 5 1 2 6 2 0 2 1 2 4 2 2 1 1 2 5 2 1 1
0 3 6 1 3 6 1 1 6 1 3 7 1 0 6 1 3 5 1 2 5 1 4 6 0 1 6 1 4 7 0 0 6 1 4 5 0 2 5 1 2 6 2 1 2 1 2 7 2 0 2 1 2 5 2 2 1
0 3 7 1 3 6 1 2 6 1 3 7 1 1 6 1 3 8 1 0 6 1 4 6 0 2 6 1 4 7 0 1 6 1 4 8 0 0 6 1 2 6 2 2 2 1 2 7 2 1 2 1 2 8 2 0 2
0 3 8 1 3 9 1 0 7 1 3 7 1 2 6 1 3 8 1 1 6 1 4 9 0 0 7 1 4 7 0 2 6 1 4 8 0 1 6 1 2 9 2 0 3 1 2 7 2 2 2 1 2 8 2 1 2
0 3 9 1 3 9 1 1 7 1 3 10 1 0 7 1 3 8 1 2 6 1 4 9 0 1 7 1 4 10 0 0 7 1 4 8 0 2 6 1 2 9 2 1 3 1 2 10 2 0 3 1 2 8 2 2 2
0 3 10 1 3 9 1 2 7 1 3 10 1 1 7 0 0 0 0 0 0 1 4 9 0 2 7 1 4 10 0 1 7 0 0 0 0 0 0 1 2 9 2 2 3 1 2 10 2 1 3 0 0 0 0 0 0
0 3 11 0 0 0 0 0 0 1 3 10 1 2 7 0 0 0 0 0 0 0 0 0 0 0 0 1 4 10 0 2 7 0 0 0 0 0 0 0 0 0 0 0 0 1 2 10 2 2 3 0 0 0 0 0 0
0 3 12 0 0 0 0 0 0 0 0 0 0 0 0 0 0 0 0 0 0 0 0 0 0 0 0 0 0 0 0 0 0 0 0 0 0 0 0 0 0 0 0 0 0 0 0 0 0 0 0 0 0 0 0 0 0
0 3 13 0 0 0 0 0 0 0 0 0 0 0 0 0 0 0 0 0 0 0 0 0 0 0 0 0 0 0 0 0 0 0 0 0 0 0 0 0 0 0 0 0 0 0 0 0 0 0 0 0 0 0 0 0 0
0 3 14 0 0 0 0 0 0 0 0 0 0 0 0 0 0 0 0 0 0 0 0 0 0 0 0 0 0 0 0 0 0 0 0 0 0 0 0 0 0 0 0 0 0 0 0 0 0 0 0 0 0 0 0 0 0
0 3 15 0 0 0 0 0 0 0 0 0 0 0 0 0 0 0 0 0 0 0 0 0 0 0 0 0 0 0 0 0 0 0 0 0 0 0 0 0 0 0 0 0 0 0 0 0 0 0 0 0 0 0 0 0 0
0 4 0 1 3 0 2 1 4 1 3 1 2 0 4 0 0 0 0 0 0 1 4 0 1 1 4 1 4 1 1 0 4 0 0 0 0 0 0 1 5 0 0 1 4 1 5 1 0 0 4 0 0 0 0 0 0
0 4 1 1 3 0 2 2 4 1 3 1 2 1 4 1 3 2 2 0 4 1 4 0 1 2 4 1 4 1 1 1 4 1 4 2 1 0 4 1 5 0 0 2 4 1 5 1 0 1 4 1 5 2 0 0 4
0 4 2 1 3 3 2 0 5 1 3 1 2 2 4 1 3 2 2 1 4 1 4 3 1 0 5 1 4 1 1 2 4 1 4 2 1 1 4 1 5 3 0 0 5 1 5 1 0 2 4 1 5 2 0 1 4
0 4 3 1 3 3 2 1 5 1 3 4 2 0 5 1 3 2 2 2 4 1 4 3 1 1 5 1 4 4 1 0 5 1 4 2 1 2 4 1 5 3 0 1 5 1 5 4 0 0 5 1 5 2 0 2 4
0 4 4 1 3 3 2 2 5 1 3 4 2 1 5 1 3 5 2 0 5 1 4 3 1 2 5 1 4 4 1 1 5 1 4 5 1 0 5 1 5 3 0 2 5 1 5 4 0 1 5 1 5 5 0 0 5
0 4 5 1 3 6 2 0 6 1 3 4 2 2 5 1 3 5 2 1 5 1 4 6 1 0 6 1 4 4 1 2 5 1 4 5 1 1 5 1 5 6 0 0 6 1 5 4 0 2 5 1 5 5 0 1 5
0 4 6 1 3 6 2 1 6 1 3 7 2 0 6 1 3 5 2 2 5 1 4 6 1 1 6 1 4 7 1 0 6 1 4 5 1 2 5 1 5 6 0 1 6 1 5 7 0 0 6 1 5 5 0 2 5
0 4 7 1 3 6 2 2 6 1 3 7 2 1 6 1 3 8 2 0 6 1 4 6 1 2 6 1 4 7 1 1 6 1 4 8 1 0 6 1 5 6 0 2 6 1 5 7 0 1 6 1 5 8 0 0 6
0 4 8 1 3 9 2 0 7 1 3 7 2 2 6 1 3 8 2 1 6 1 4 9 1 0 7 1 4 7 1 2 6 1 4 8 1 1 6 1 5 9 0 0 7 1 5 7 0 2 6 1 5 8 0 1 6
0 4 9 1 3 9 2 1 7 1 3 10 2 0 7 1 3 8 2 2 6 1 4 9 1 1 7 1 4 10 1 0 7 1 4 8 1 2 6 1 5 9 0 1 7 1 5 10 0 0 7 1 5 8 0 2 6
0 4 10 1 3 9 2 2 7 1 3 10 2 1 7 0 0 0 0 0 0 1 4 9 1 2 7 1 4 10 1 1 7 0 0 0 0 0 0 1 5 9 0 2 7 1 5 10 0 1 7 0 0 0 0 0 0
0 4 11 0 0 0 0 0 0 1 3 10 2 2 7 0 0 0 0 0 0 0 0 0 0 0 0 1 4 10 1 2 7 0 0 0 0 0 0 0 0 0 0 0 0 1 5 10 0 2 7 0 0 0 0 0 0
0 4 12 0 0 0 0 0 0 0 0 0 0 0 0 0 0 0 0 0 0 0 0 0 0 0 0 0 0 0 0 0 0 0 0 0 0 0 0 0 0 0 0 0 0 0 0 0 0 0 0 0 0 0 0 0 0
0 4 13 0 0 0 0 0 0 0 0 0 0 0 0 0 0 0 0 0 0 0 0 0 0 0 0 0 0 0 0 0 0 0 0 0 0 0 0 0 0 0 0 0 0 0 0 0 0 0 0 0 0 0 0 0 0
0 4 14 0 0 0 0 0 0 0 0 0 0 0 0 0 0 0 0 0 0 0 0 0 0 0 0 0 0 0 0 0 0 0 0 0 0 0 0 0 0 0 0 0 0 0 0 0 0 0 0 0 0 0 0 0 0
0 4 15 0 0 0 0 0 0 0 0 0 0 0 0 0 0 0 0 0 0 0 0 0 0 0 0 0 0 0 0 0 0 0 0 0 0 0 0 0 0 0 0 0 0 0 0 0 0 0 0 0 0 0 0 0 0
0 5 0 1 6 0 0 1 8 1 6 1 0 0 8 0 0 0 0 0 0 1 4 0 2 1 4 1 4 1 2 0 4 0 0 0 0 0 0 1 5 0 1 1 4 1 5 1 1 0 4 0 0 0 0 0 0
0 5 1 1 6 0 0 2 8 1 6 1 0 1 8 1 6 2 0 0 8 1 4 0 2 2 4 1 4 1 2 1 4 1 4 2 2 0 4 1 5 0 1 2 4 1 5 1 1 1 4 1 5 2 1 0 4
0 5 2 1 6 3 0 0 9 1 6 1 0 2 8 1 6 2 0 1 8 1 4 3 2 0 5 1 4 1 2 2 4 1 4 2 2 1 4 1 5 3 1 0 5 1 5 1 1 2 4 1 5 2 1 1 4
0 5 3 1 6 3 0 1 9 1 6 4 0 0 9 1 6 2 0 2 8 1 4 3 2 1 5 1 4 4 2 0 5 1 4 2 2 2 4 1 5 3 1 1 5 1 5 4 1 0 5 1 5 2 1 2 4
0 5 4 1 6 3 0 2 9 1 6 4 0 1 9 1 6 5 0 0 9 1 4 3 2 2 5 1 4 4 2 1 5 1 4 5 2 0 5 1 5 3 1 2 5 1 5 4 1 1 5 1 5 5 1 0 5
0 5 5 1 6 6 0 0 10 1 6 4 0 2 9 1 6 5 0 1 9 1 4 6 2 0 6 1 4 4 2 2 5 1 4 5 2 1 5 1 5 6 1 0 6 1 5 4 1 2 5 1 5 5 1 1 5
0 5 6 1 6 6 0 1 10 1 6 7 0 0 10 1 6 5 0 2 9 1 4 6 2 1 6 1 4 7 2 0 6 1 4 5 2 2 5 1 5 6 1 1 6 1 5 7 1 0 6 1 5 5 1 2 5
0 5 7 1 6 6 0 2 10 1 6 7 0 1 10 1 6 8 0 0 10 1 4 6 2 2 6 1 4 7 2 1 6 1 4 8 2 0 6 1 5 6 1 2 6 1 5 7 1 1 6 1 5 8 1 0 6
0 5 8 1 6 9 0 0 11 1 6 7 0 2 10 1 6 8 0 1 10 1 4 9 2 0 7 1 4 7 2 2 6 1 4 8 2 1 6 1 5 9 1 0 7 1 5 7 1 2 6 1 5 8 1 1 6
0 5 9 1 6 9 0 1 11 1 6 10 0 0 11 1 6 8 0 2 10 1 4 9 2 1 7 1 4 10 2 0 7 1 4 8 2 2 6 1 5 9 1 1 7 1 5 10 1 0 7 1 5 8 1 2 6
0 5 10 1 6 9 0 2 11 1 6 10 0 1 11 0 0 0 0 0 0 1 4 9 2 2 7 1 4 10 2 1 7 0 0 0 0 0 0 1 5 9 1 2 7 1 5 10 1 1 7 0 0 0 0 0 0
0 5 11 0 0 0 0 0 0 1 6 10 0 2 11 0 0 0 0 0 0 0 0 0 0 0 0 1 4 10 2 2 7 0 0 0 0 0 0 0 0 0 0 0 0 1 5 10 1 2 7 0 0 0 0 0 0
0 5 12 0 0 0 0 0 0 0 0 0 0 0 0 0 0 0 0 0 0 0 0 0 0 0 0 0 0 0 0 0 0 0 0 0 0 0 0 0 0 0 0 0 0 0 0 0 0 0 0 0 0 0 0 0 0
0 5 13 0 0 0 0 0 0 0 0 0 0 0 0 0 0 0 0 0 0 0 0 0 0 0 0 0 0 0 0 0 0 0 0 0 0 0 0 0 0 0 0 0 0 0 0 0 0 0 0 0 0 0 0 0 0
0 5 14 0 0 0 0 0 0 0 0 0 0 0 0 0 0 0 0 0 0 0 0 0 0 0 0 0 0 0 0 0 0 0 0 0 0 0 0 0 0 0 0 0 0 0 0 0 0 0 0 0 0 0 0 0 0
0 5 15 0 0 0 0 0 0 0 0 0 0 0 0 0 0 0 0 0 0 0 0 0 0 0 0 0 0 0 0 0 0 0 0 0 0 0 0 0 0 0 0 0 0 0 0 0 0 0 0 0 0 0 0 0 0
0 6 0 1 6 0 1 1 8 1 6 1 1 0 8 0 0 0 0 0 0 1 7 0 0 1 8 1 7 1 0 0 8 0 0 0 0 0 0 1 5 0 2 1 4 1 5 1 2 0 4 0 0 0 0 0 0
0 6 1 1 6 0 1 2 8 1 6 1 1 1 8 1 6 2 1 0 8 1 7 0 0 2 8 1 7 1 0 1 8 1 7 2 0 0 8 1 5 0 2 2 4 1 5 1 2 1 4 1 5 2 2 0 4
0 6 2 1 6 3 1 0 9 1 6 1 1 2 8 1 6 2 1 1 8 1 7 3 0 0 9 1 7 1 0 2 8 1 7 2 0 1 8 1 5 3 2 0 5 1 5 1 2 2 4 1 5 2 2 1 4
0 6 3 1 6 3 1 1 9 1 6 4 1 0 9 1 6 2 1 2 8 1 7 3 0 1 9 1 7 4 0 0 9 1 7 2 0 2 8 1 5 3 2 1 5 1 5 4 2 0 5 1 5 2 2 2 4
0 6 4 1 6 3 1 2 9 1 6 4 1 1 9 1 6 5 1 0 9 1 7 3 0 2 9 1 7 4 0 1 9 1 7 5 0 0 9 1 5 3 2 2 5 1 5 4 2 1 5 1 5 5 2 0 5
0 6 5 1 6 6 1 0 10 1 6 4 1 2 9 1 6 5 1 1 9 1 7 6 0 0 10 1 7 4 0 2 9 1 7 5 0 1 9 1 5 6 2 0 6 1 5 4 2 2 5 1 5 5 2 1 5
0 6 6 1 6 6 1 1 10 1 6 7 1 0 10 1 6 5 1 2 9 1 7 6 0 1 10 1 7 7 0 0 10 1 7 5 0 2 9 1 5 6 2 1 6 1 5 7 2 0 6 1 5 5 2 2 5
0 6 7 1 6 6 1 2 10 1 6 7 1 1 10 1 6 8 1 0 10 1 7 6 0 2 10 1 7 7 0 1 10 1 7 8 0 0 10 1 5 6 2 2 6 1 5 7 2 1 6 1 5 8 2 0 6
0 6 8 1 6 9 1 0 11 1 6 7 1 2 10 1 6 8 1 1 10 1 7 9 0 0 11 1 7 7 0 2 10 1 7 8 0 1 10 1 5 9 2 0 7 1 5 7 2 2 6 1 5 8 2 1 6
0 6 9 1 6 9 1 1 11 1 6 10 1 0 11 1 6 8 1 2 10 1 7 9 0 1 11 1 7 10 0 0 11 1 7 8 0 2 10 1 5 9 2 1 7 1 5 10 2 0 7 1 5 8 2 2 6
0 6 10 1 6 9 1 2 11 1 6 10 1 1 11 0 0 0 0 0 0 1 7 9 0 2 11 1 7 10 0 1 11 0 0 0 0 0 0 1 5 9 2 2 7 1 5 10 2 1 7 0 0 0 0 0 0
0 6 11 0 0 0 0 0 0 1 6 10 1 2 11 0 0 0 0 0 0 0 0 0 0 0 0 1 7 10 0 2 11 0 0 0 0 0 0 0 0 0 0 0 0 1 5 10 2 2 7 0 0 0 0 0 0
0 6 12 0 0 0 0 0 0 0 0 0 0 0 0 0 0 0 0 0 0 0 0 0 0 0 0 0 0 0 0 0 0 0 0 0 0 0 0 0 0 0 0 0 0 0 0 0 0 0 0 0 0 0 0 0 0
0 6 13 0 0 0 0 0 0 0 0 0 0 0 0 0 0 0 0 0 0 0 0 0 0 0 0 0 0 0 0 0 0 0 0 0 0 0 0 0 0 0 0 0 0 0 0 0 0 0 0 0 0 0 0 0 0
0 6 14 0 0 0 0 0 0 0 0 0 0 0 0 0 0 0 0 0 0 0 0 0 0 0 0 0 0 0 0 0 0 0 0 0 0 0 0 0 0 0 0 0 0 0 0 0 0 0 0 0 0 0 0 0 0
0 6 15 0 0 0 0 0 0 0 0 0 0 0 0 0 0 0 0 0 0 0 0 0 0 0 0 0 0 0 0 0 0 0 0 0 0 0 0 0 0 0 0 0 0 0 0 0 0 0 0 0 0 0 0 0 0
0 7 0 1 6 0 2 1 8 1 6 1 2 0 8 0 0 0 0 0 0 1 7 0 1 1 8 1 7 1 1 0 8 0 0 0 0 0 0 1 8 0 0 1 8 1 8 1 0 0 8 0 0 0 0 0 0
0 7 1 1 6 0 2 2 8 1 6 1 2 1 8 1 6 2 2 0 8 1 7 0 1 2 8 1 7 1 1 1 8 1 7 2 1 0 8 1 8 0 0 2 8 1 8 1 0 1 8 1 8 2 0 0 8
0 7 2 1 6 3 2 0 9 1 6 1 2 2 8 1 6 2 2 1 8 1 7 3 1 0 9 1 7 1 1 2 8 1 7 2 1 1 8 1 8 3 0 0 9 1 8 1 0 2 8 1 8 2 0 1 8
0 7 3 1 6 3 2 1 9 1 6 4 2 0 9 1 6 2 2 2 8 1 7 3 1 1 9 1 7 4 1 0 9 1 7 2 1 2 8 1 8 3 0 1 9 1 8 4 0 0 9 1 8 2 0 2 8
0 7 4 1 6 3 2 2 9 1 6 4 2 1 9 1 6 5 2 0 9 1 7 3 1 2 9 1 7 4 1 1 9 1 7 5 1 0 9 1 8 3 0 2 9 1 8 4 0 1 9 1 8 5 0 0 9
0 7 5 1 6 6 2 0 10 1 6 4 2 2 9 1 6 5 2 1 9 1 7 6 1 0 10 1 7 4 1 2 9 1 7 5 1 1 9 1 8 6 0 0 10 1 8 4 0 2 9 1 8 5 0 1 9
0 7 6 1 6 6 2 1 10 1 6 7 2 0 10 1 6 5 2 2 9 1 7 6 1 1 10 1 7 7 1 0 10 1 7 5 1 2 9 1 8 6 0 1 10 1 8 7 0 0 10 1 8 5 0 2 9
0 7 7 1 6 6 2 2 10 1 6 7 2 1 10 1 6 8 2 0 10 1 7 6 1 2 10 1 7 7 1 1 10 1 7 8 1 0 10 1 8 6 0 2 10 1 8 7 0 1 10 1 8 8 0 0 10
0 7 8 1 6 9 2 0 11 1 6 7 2 2 10 1 6 8 2 1 10 1 7 9 1 0 11 1 7 7 1 2 10 1 7 8 1 1 10 1 8 9 0 0 11 1 8 7 0 2 10 1 8 8 0 1 10
0 7 9 1 6 9 2 1 11 1 6 10 2 0 11 1 6 8 2 2 10 1 7 9 1 1 11 1 7 10 1 0 11 1 7 8 1 2 10 1 8 9 0 1 11 1 8 10 0 0 11 1 8 8 0 2 10
0 7 10 1 6 9 2 2 11 1 6 10 2 1 11 0 0 0 0 0 0 1 7 9 1 2 11 1 7 10 1 1 11 0 0 0 0 0 0 1 8 9 0 2 11 1 8 10 0 1 11 0 0 0 0 0 0
0 7 11 0 0 0 0 0 0 1 6 10 2 2 11 0 0 0 0 0 0 0 0 0 0 0 0 1 7 10 1 2 11 0 0 0 0 0 0 0 0 0 0 0 0 1 8 10 0 2 11 0 0 0 0 0 0
0 7 12 0 0 0 0 0 0 0 0 0 0 0 0 0 0 0 0 0 0 0 0 0 0 0 0 0 0 0 0 0 0 0 0 0 0 0 0 0 0 0 0 0 0 0 0 0 0 0 0 0 0 0 0 0 0
0 7 13 0 0 0 0 0 0 0 0 0 0 0 0 0 0 0 0 0 0 0 0 0 0 0 0 0 0 0 0 0 0 0 0 0 0 0 0 0 0 0 0 0 0 0 0 0 0 0 0 0 0 0 0 0 0
0 7 14 0 0 0 0 0 0 0 0 0 0 0 0 0 0 0 0 0 0 0 0 0 0 0 0 0 0 0 0 0 0 0 0 0 0 0 0 0 0 0 0 0 0 0 0 0 0 0 0 0 0 0 0 0 0
0 7 15 0 0 0 0 0 0 0 0 0 0 0 0 0 0 0 0 0 0 0 0 0 0 0 0 0 0 0 0 0 0 0 0 0 0 0 0 0 0 0 0 0 0 0 0 0 0 0 0 0 0 0 0 0 0
0 8 0 1 9 0 0 1 12 1 9 1 0 0 12 0 0 0 0 0 0 1 7 0 2 1 8 1 7 1 2 0 8 0 0 0 0 0 0 1 8 0 1 1 8 1 8 1 1 0 8 0 0 0 0 0 0
0 8 1 1 9 0 0 2 12 1 9 1 0 1 12 1 9 2 0 0 12 1 7 0 2 2 8 1 7 1 2 1 8 1 7 2 2 0 8 1 8 0 1 2 8 1 8 1 1 1 8 1 8 2 1 0 8
0 8 2 1 9 3 0 0 13 1 9 1 0 2 12 1 9 2 0 1 12 1 7 3 2 0 9 1 7 1 2 2 8 1 7 2 2 1 8 1 8 3 1 0 9 1 8 1 1 2 8 1 8 2 1 1 8
0 8 3 1 9 3 0 1 13 1 9 4 0 0 13 1 9 2 0 2 12 1 7 3 2 1 9 1 7 4 2 0 9 1 7 2 2 2 8 1 8 3 1 1 9 1 8 4 1 0 9 1 8 2 1 2 8
0 8 4 1 9 3 0 2 13 1 9 4 0 1 13 1 9 5 0 0 13 1 7 3 2 2 9 1 7 4 2 1 9 1 7 5 2 0 9 1 8 3 1 2 9 1 8 4 1 1 9 1 8 5 1 0 9
0 8 5 1 9 6 0 0 14 1 9 4 0 2 13 1 9 5 0 1 13 1 7 6 2 0 10 1 7 4 2 2 9 1 7 5 2 1 9 1 8 6 1 0 10 1 8 4 1 2 9 1 8 5 1 1 9
0 8 6 1 9 6 0 1 14 1 9 7 0 0 14 1 9 5 0 2 13 1 7 6 2 1 10 1 7 7 2 0 10 1 7 5 2 2 9 1 8 6 1 1 10 1 8 7 1 0 10 1 8 5 1 2 9
0 8 7 1 9 6 0 2 14 1 9 7 0 1 14 1 9 8 0 0 14 1 7 6 2 2 10 1 7 7 2 1 10 1 7 8 2 0 10 1 8 6 1 2 10 1 8 7 1 1 10 1 8 8 1 0 10
0 8 8 1 9 9 0 0 15 1 9 7 0 2 14 1 9 8 0 1 14 1 7 9 2 0 11 1 7 7 2 2 10 1 7 8 2 1 10 1 8 9 1 0 11 1 8 7 1 2 10 1 8 8 1 1 10
0 8 9 1 9 9 0 1 15 1 9 10 0 0 15 1 9 8 0 2 14 1 7 9 2 1 11 1 7 10 2 0 11 1 7 8 2 2 10 1 8 9 1 1 11 1 8 10 1 0 11 1 8 8 1 2 10
0 8 10 1 9 9 0 2 15 1 9 10 0 1 15 0 0 0 0 0 0 1 7 9 2 2 11 1 7 10 2 1 11 0 0 0 0 0 0 1 8 9 1 2 11 1 8 10 1 1 11 0 0 0 0 0 0
0 8 11 0 0 0 0 0 0 1 9 10 0 2 15 0 0 0 0 0 0 0 0 0 0 0 0 1 7 10 2 2 11 0 0 0 0 0 0 0 0 0 0 0 0 1 8 10 1 2 11 0 0 0 0 0 0
0 8 12 0 0 0 0 0 0 0 0 0 0 0 0 0 0 0 0 0 0 0 0 0 0 0 0 0 0 0 0 0 0 0 0 0 0 0 0 0 0 0 0 0 0 0 0 0 0 0 0 0 0 0 0 0 0
0 8 13 0 0 0 0 0 0 0 0 0 0 0 0 0 0 0 0 0 0 0 0 0 0 0 0 0 0 0 0 0 0 0 0 0 0 0 0 0 0 0 0 0 0 0 0 0 0 0 0 0 0 0 0 0 0
0 8 14 0 0 0 0 0 0 0 0 0 0 0 0 0 0 0 0 0 0 0 0 0 0 0 0 0 0 0 0 0 0 0 0 0 0 0 0 0 0 0 0 0 0 0 0 0 0 0 0 0 0 0 0 0 0
0 8 15 0 0 0 0 0 0 0 0 0 0 0 0 0 0 0 0 0 0 0 0 0 0 0 0 0 0 0 0 0 0 0 0 0 0 0 0 0 0 0 0 0 0 0 0 0 0 0 0 0 0 0 0 0 0
0 9 0 1 9 0 1 1 12 1 9 1 1 0 12 0 0 0 0 0 0 1 10 0 0 1 12 1 10 1 0 0 12 0 0 0 0 0 0 1 8 0 2 1 8 1 8 1 2 0 8 0 0 0 0 0 0
0 9 1 1 9 0 1 2 12 1 9 1 1 1 12 1 9 2 1 0 12 1 10 0 0 2 12 1 10 1 0 1 12 1 10 2 0 0 12 1 8 0 2 2 8 1 8 1 2 1 8 1 8 2 2 0 8
0 9 2 1 9 3 1 0 13 1 9 1 1 2 12 1 9 2 1 1 12 1 10 3 0 0 13 1 10 1 0 2 12 1 10 2 0 1 12 1 8 3 2 0 9 1 8 1 2 2 8 1 8 2 2 1 8
0 9 3 1 9 3 1 1 13 1 9 4 1 0 13 1 9 2 1 2 12 1 10 3 0 1 13 1 10 4 0 0 13 1 10 2 0 2 12 1 8 3 2 1 9 1 8 4 2 0 9 1 8 2 2 2 8
0 9 4 1 9 3 1 2 13 1 9 4 1 1 13 1 9 5 1 0 13 1 10 3 0 2 13 1 10 4 0 1 13 1 10 5 0 0 13 1 8 3 2 2 9 1 8 4 2 1 9 1 8 5 2 0 9
0 9 5 1 9 6 1 0 14 1 9 4 1 2 13 1 9 5 1 1 13 1 10 6 0 0 14 1 10 4 0 2 13 1 10 5 0 1 13 1 8 6 2 0 10 1 8 4 2 2 9 1 8 5 2 1 9
0 9 6 1 9 6 1 1 14 1 9 7 1 0 14 1 9 5 1 2 13 1 10 6 0 1 14 1 10 7 0 0 14 1 10 5 0 2 13 1 8 6 2 1 10 1 8 7 2 0 10 1 8 5 2 2 9
0 9 7 1 9 6 1 2 14 1 9 7 1 1 14 1 9 8 1 0 14 1 10 6 0 2 14 1 10 7 0 1 14 1 10 8 0 0 14 1 8 6 2 2 10 1 8 7 2 1 10 1 8 8 2 0 10
0 9 8 1 9 9 1 0 15 1 9 7 1 2 14 1 9 8 1 1 14 1 10 9 0 0 15 1 10 7 0 2 14 1 10 8 0 1 14 1 8 9 2 0 11 1 8 7 2 2 10 1 8 8 2 1 10
0 9 9 1 9 9 1 1 15 1 9 10 1 0 15 1 9 8 1 2 14 1 10 9 0 1 15 1 10 10 0 0 15 1 10 8 0 2 14 1 8 9 2 1 11 1 8 10 2 0 11 1 8 8 2 2 10
0 9 10 1 9 9 1 2 15 1 9 10 1 1 15 0 0 0 0 0 0 1 10 9 0 2 15 1 10 10 0 1 15 0 0 0 0 0 0 1 8 9 2 2 11 1 8 10 2 1 11 0 0 0 0 0 0
0 9 11 0 0 0 0 0 0 1 9 10 1 2 15 0 0 0 0 0 0 0 0 0 0 0 0 1 10 10 0 2 15 0 0 0 0 0 0 0 0 0 0 0 0 1 8 10 2 2 11 0 0 0 0 0 0
0 9 12 0 0 0 0 0 0 0 0 0 0 0 0 0 0 0 0 0 0 0 0 0 0 0 0 0 0 0 0 0 0 0 0 0 0 0 0 0 0 0 0 0 0 0 0 0 0 0 0 0 0 0 0 0 0
0 9 13 0 0 0 0 0 0 0 0 0 0 0 0 0 0 0 0 0 0 0 0 0 0 0 0 0 0 0 0 0 0 0 0 0 0 0 0 0 0 0 0 0 0 0 0 0 0 0 0 0 0 0 0 0 0
0 9 14 0 0 0 0 0 0 0 0 0 0 0 0 0 0 0 0 0 0 0 0 0 0 0 0 0 0 0 0 0 0 0 0 0 0 0 0 0 0 0 0 0 0 0 0 0 0 0 0 0 0 0 0 0 0
0 9 15 0 0 0 0 0 0 0 0 0 0 0 0 0 0 0 0 0 0 0 0 0 0 0 0 0 0 0 0 0 0 0 0 0 0 0 0 0 0 0 0 0 0 0 0 0 0 0 0 0 0 0 0 0 0
0 10 0 1 9 0 2 1 12 1 9 1 2 0 12 0 0 0 0 0 0 1 10 0 1 1 12 1 10 1 1 0 12 0 0 0 0 0 0 1 11 0 0 1 12 1 11 1 0 0 12 0 0 0 0 0 0
0 10 1 1 9 0 2 2 12 1 9 1 2 1 12 1 9 2 2 0 12 1 10 0 1 2 12 1 10 1 1 1 12 1 10 2 1 0 12 1 11 0 0 2 12 1 11 1 0 1 12 1 11 2 0 0 12
0 10 2 1 9 3 2 0 13 1 9 1 2 2 12 1 9 2 2 1 12 1 10 3 1 0 13 1 10 1 1 2 12 1 10 2 1 1 12 1 11 3 0 0 13 1 11 1 0 2 12 1 11 2 0 1 12
0 10 3 1 9 3 2 1 13 1 9 4 2 0 13 1 9 2 2 2 12 1 10 3 1 1 13 1 10 4 1 0 13 1 10 2 1 2 12 1 11 3 0 1 13 1 11 4 0 0 13 1 11 2 0 2 12
0 10 4 1 9 3 2 2 13 1 9 4 2 1 13 1 9 5 2 0 13 1 10 3 1 2 13 1 10 4 1 1 13 1 10 5 1 0 13 1 11 3 0 2 13 1 11 4 0 1 13 1 11 5 0 0 13
0 10 5 1 9 6 2 0 14 1 9 4 2 2 13 1 9 5 2 1 13 1 10 6 1 0 14 1 10 4 1 2 13 1 10 5 1 1 13 1 11 6 0 0 14 1 11 4 0 2 13 1 11 5 0 1 13
0 10 6 1 9 6 2 1 14 1 9 7 2 0 14 1 9 5 2 2 13 1 10 6 1 1 14 1 10 7 1 0 14 1 10 5 1 2 13 1 11 6 0 1 14 1 11 7 0 0 14 1 11 5 0 2 13
0 10 7 1 9 6 2 2 14 1 9 7 2 1 14 1 9 8 2 0 14 1 10 6 1 2 14 1 10 7 1 1 14 1 10 8 1 0 14 1 11 6 0 2 14 1 11 7 0 1 14 1 11 8 0 0 14
0 10 8 1 9 9 2 0 15 1 9 7 2 2 14 1 9 8 2 1 14 1 10 9 1 0 15 1 10 7 1 2 14 1 10 8 1 1 14 1 11 9 0 0 15 1 11 7 0 2 14 1 11 8 0 1 14
0 10 9 1 9 9 2 1 15 1 9 10 2 0 15 1 9 8 2 2 14 1 10 9 1 1 15 1 10 10 1 0 15 1 10 8 1 2 14 1 11 9 0 1 15 1 11 10 0 0 15 1 11 8 0 2 14
0 10 10 1 9 9 2 2 15 1 9 10 2 1 15 0 0 0 0 0 0 1 10 9 1 2 15 1 10 10 1 1 15 0 0 0 0 0 0 1 11 9 0 2 15 1 11 10 0 1 15 0 0 0 0 0 0
0 10 11 0 0 0 0 0 0 1 9 10 2 2 15 0 0 0 0 0 0 0 0 0 0 0 0 1 10 10 1 2 15 0 0 0 0 0 0 0 0 0 0 0 0 1 11 10 0 2 15 0 0 0 0 0 0
0 10 12 0 0 0 0 0 0 0 0 0 0 0 0 0 0 0 0 0 0 0 0 0 0 0 0 0 0 0 0 0 0 0 0 0 0 0 0 0 0 0 0 0 0 0 0 0 0 0 0 0 0 0 0 0 0
0 10 13 0 0 0 0 0 0 0 0 0 0 0 0 0 0 0 0 0 0 0 0 0 0 0 0 0 0 0 0 0 0 0 0 0 0 0 0 0 0 0 0 0 0 0 0 0 0 0 0 0 0 0 0 0 0
0 10 14 0 0 0 0 0 0 0 0 0 0 0 0 0 0 0 0 0 0 0 0 0 0 0 0 0 0 0 0 0 0 0 0 0 0 0 0 0 0 0 0 0 0 0 0 0 0 0 0 0 0 0 0 0 0
0 10 15 0 0 0 0 0 0 0 0 0 0 0 0 0 0 0 0 0 0 0 0 0 0 0 0 0 0 0 0 0 0 0 0 0 0 0 0 0 0 0 0 0 0 0 0 0 0 0 0 0 0 0 0 0 0
0 11 0 1 12 0 0 1 16 1 12 1 0 0 16 0 0 0 0 0 0 1 10 0 2 1 12 1 10 1 2 0 12 0 0 0 0 0 0 1 11 0 1 1 12 1 11 1 1 0 12 0 0 0 0 0 0
0 11 1 1 12 0 0 2 16 1 12 1 0 1 16 1 12 2 0 0 16 1 10 0 2 2 12 1 10 1 2 1 12 1 10 2 2 0 12 1 11 0 1 2 12 1 11 1 1 1 12 1 11 2 1 0 12
0 11 2 1 12 3 0 0 17 1 12 1 0 2 16 1 12 2 0 1 16 1 10 3 2 0 13 1 10 1 2 2 12 1 10 2 2 1 12 1 11 3 1 0 13 1 11 1 1 2 12 1 11 2 1 1 12
0 11 3 1 12 3 0 1 17 1 12 4 0 0 17 1 12 2 0 2 16 1 10 3 2 1 13 1 10 4 2 0 13 1 10 2 2 2 12 1 11 3 1 1 13 1 11 4 1 0 13 1 11 2 1 2 12
0 11 4 1 12 3 0 2 17 1 12 4 0 1 17 1 12 5 0 0 17 1 10 3 2 2 13 1 10 4 2 1 13 1 10 5 2 0 13 1 11 3 1 2 13 1 11 4 1 1 13 1 11 5 1 0 13
0 11 5 1 12 6 0 0 18 1 12 4 0 2 17 1 12 5 0 1 17 1 10 6 2 0 14 1 10 4 2 2 13 1 10 5 2 1 13 1 11 6 1 0 14 1 11 4 1 2 13 1 11 5 1 1 13
0 11 6 1 12 6 0 1 18 1 12 7 0 0 18 1 12 5 0 2 17 1 10 6 2 1 14 1 10 7 2 0 14 1 10 5 2 2 13 1 11 6 1 1 14 1 11 7 1 0 14 1 11 5 1 2 13
0 11 7 1 12 6 0 2 18 1 12 7 0 1 18 1 12 8 0 0 18 1 10 6 2 2 14 1 10 7 2 1 14 1 10 8 2 0 14 1 11 6 1 2 14 1 11 7 1 1 14 1 11 8 1 0 14
0 11 8 1 12 9 0 0 19 1 12 7 0 2 18 1 12 8 0 1 18 1 10 9 2 0 15 1 10 7 2 2 14 1 10 8 2 1 14 1 11 9 1 0 15 1 11 7 1 2 14 1 11 8 1 1 14
0 11 9 1 12 9 0 1 19 1 12 10 0 0 19 1 12 8 0 2 18 1 10 9 2 1 15 1 10 10 2 0 15 1 10 8 2 2 14 1 11 9 1 1 15 1 11 10 1 0 15 1 11 8 1 2 14
0 11 10 1 12 9 0 2 19 1 12 10 0 1 19 0 0 0 0 0 0 1 10 9 2 2 15 1 10 10 2 1 15 0 0 0 0 0 0 1 11 9 1 2 15 1 11 10 1 1 15 0 0 0 0 0 0
0 11 11 0 0 0 0 0 0 1 12 10 0 2 19 0 0 0 0 0 0 0 0 0 0 0 0 1 10 10 2 2 15 0 0 0 0 0 0 0 0 0 0 0 0 1 11 10 1 2 15 0 0 0 0 0 0
0 11 12 0 0 0 0 0 0 0 0 0 0 0 0 0 0 0 0 0 0 0 0 0 0 0 0 0 0 0 0 0 0 0 0 0 0 0 0 0 0 0 0 0 0 0 0 0 0 0 0 0 0 0 0 0 0
0 11 13 0 0 0 0 0 0 0 0 0 0 0 0 0 0 0 0 0 0 0 0 0 0 0 0 0 0 0 0 0 0 0 0 0 0 0 0 0 0 0 0 0 0 0 0 0 0 0 0 0 0 0 0 0 0
0 11 14 0 0 0 0 0 0 0 0 0 0 0 0 0 0 0 0 0 0 0 0 0 0 0 0 0 0 0 0 0 0 0 0 0 0 0 0 0 0 0 0 0 0 0 0 0 0 0 0 0 0 0 0 0 0
0 11 15 0 0 0 0 0 0 0 0 0 0 0 0 0 0 0 0 0 0 0 0 0 0 0 0 0 0 0 0 0 0 0 0 0 0 0 0 0 0 0 0 0 0 0 0 0 0 0 0 0 0 0 0 0 0
0 12 0 1 12 0 1 1 16 1 12 1 1 0 16 0 0 0 0 0 0 0 0 0 0 0 0 0 0 0 0 0 0 0 0 0 0 0 0 1 11 0 2 1 12 1 11 1 2 0 12 0 0 0 0 0 0
0 12 1 1 12 0 1 2 16 1 12 1 1 1 16 1 12 2 1 0 16 0 0 0 0 0 0 0 0 0 0 0 0 0 0 0 0 0 0 1 11 0 2 2 12 1 11 1 2 1 12 1 11 2 2 0 12
0 12 2 1 12 3 1 0 17 1 12 1 1 2 16 1 12 2 1 1 16 0 0 0 0 0 0 0 0 0 0 0 0 0 0 0 0 0 0 1 11 3 2 0 13 1 11 1 2 2 12 1 11 2 2 1 12
0 12 3 1 12 3 1 1 17 1 12 4 1 0 17 1 12 2 1 2 16 0 0 0 0 0 0 0 0 0 0 0 0 0 0 0 0 0 0 1 11 3 2 1 13 1 11 4 2 0 13 1 11 2 2 2 12
0 12 4 1 12 3 1 2 17 1 12 4 1 1 17 1 12 5 1 0 17 0 0 0 0 0 0 0 0 0 0 0 0 0 0 0 0 0 0 1 11 3 2 2 13 1 11 4 2 1 13 1 11 5 2 0 13
0 12 5 1 12 6 1 0 18 1 12 4 1 2 17 1 12 5 1 1 17 0 0 0 0 0 0 0 0 0 0 0 0 0 0 0 0 0 0 1 11 6 2 0 14 1 11 4 2 2 13 1 11 5 2 1 13
0 12 6 1 12 6 1 1 18 1 12 7 1 0 18 1 12 5 1 2 17 0 0 0 0 0 0 0 0 0 0 0 0 0 0 0 0 0 0 1 11 6 2 1 14 1 11 7 2 0 14 1 11 5 2 2 13
0 12 7 1 12 6 1 2 18 1 12 7 1 1 18 1 12 8 1 0 18 0 0 0 0 0 0 0 0 0 0 0 0 0 0 0 0 0 0 1 11 6 2 2 14 1 11 7 2 1 14 1 11 8 2 0 14
0 12 8 1 12 9 1 0 19 1 12 7 1 2 18 1 12 8 1 1 18 0 0 0 0 0 0 0 0 0 0 0 0 0 0 0 0 0 0 1 11 9 2 0 15 1 11 7 2 2 14 1 11 8 2 1 14
0 12 9 1 12 9 1 1 19 1 12 10 1 0 19 1 12 8 1 2 18 0 0 0 0 0 0 0 0 0 0 0 0 0 0 0 0 0 0 1 11 9 2 1 15 1 11 10 2 0 15 1 11 8 2 2 14
0 12 10 1 12 9 1 2 19 1 12 10 1 1 19 0 0 0 0 0 0 0 0 0 0 0 0 0 0 0 0 0 0 0 0 0 0 0 0 1 11 9 2 2 15 1 11 10 2 1 15 0 0 0 0 0 0
0 12 11 0 0 0 0 0 0 1 12 10 1 2 19 0 0 0 0 0 0 0 0 0 0 0 0 0 0 0 0 0 0 0 0 0 0 0 0 0 0 0 0 0 0 1 11 10 2 2 15 0 0 0 0 0 0
0 12 12 0 0 0 0 0 0 0 0 0 0 0 0 0 0 0 0 0 0 0 0 0 0 0 0 0 0 0 0 0 0 0 0 0 0 0 0 0 0 0 0 0 0 0 0 0 0 0 0 0 0 0 0 0 0
0 12 13 0 0 0 0 0 0 0 0 0 0 0 0 0 0 0 0 0 0 0 0 0 0 0 0 0 0 0 0 0 0 0 0 0 0 0 0 0 0 0 0 0 0 0 0 0 0 0 0 0 0 0 0 0 0
0 12 14 0 0 0 0 0 0 0 0 0 0 0 0 0 0 0 0 0 0 0 0 0 0 0 0 0 0 0 0 0 0 0 0 0 0 0 0 0 0 0 0 0 0 0 0 0 0 0 0 0 0 0 0 0 0
0 12 15 0 0 0 0 0 0 0 0 0 0 0 0 0 0 0 0 0 0 0 0 0 0 0 0 0 0 0 0 0 0 0 0 0 0 0 0 0 0 0 0 0 0 0 0 0 0 0 0 0 0 0 0 0 0
0 13 0 1 12 0 2 1 16 1 12 1 2 0 16 0 0 0 0 0 0 0 0 0 0 0 0 0 0 0 0 0 0 0 0 0 0 0 0 0 0 0 0 0 0 0 0 0 0 0 0 0 0 0 0 0 0
0 13 1 1 12 0 2 2 16 1 12 1 2 1 16 1 12 2 2 0 16 0 0 0 0 0 0 0 0 0 0 0 0 0 0 0 0 0 0 0 0 0 0 0 0 0 0 0 0 0 0 0 0 0 0 0 0
0 13 2 1 12 3 2 0 17 1 12 1 2 2 16 1 12 2 2 1 16 0 0 0 0 0 0 0 0 0 0 0 0 0 0 0 0 0 0 0 0 0 0 0 0 0 0 0 0 0 0 0 0 0 0 0 0
0 13 3 1 12 3 2 1 17 1 12 4 2 0 17 1 12 2 2 2 16 0 0 0 0 0 0 0 0 0 0 0 0 0 0 0 0 0 0 0 0 0 0 0 0 0 0 0 0 0 0 0 0 0 0 0 0
0 13 4 1 12 3 2 2 17 1 12 4 2 1 17 1 12 5 2 0 17 0 0 0 0 0 0 0 0 0 0 0 0 0 0 0 0 0 0 0 0 0 0 0 0 0 0 0 0 0 0 0 0 0 0 0 0
0 13 5 1 12 6 2 0 18 1 12 4 2 2 17 1 12 5 2 1 17 0 0 0 0 0 0 0 0 0 0 0 0 0 0 0 0 0 0 0 0 0 0 0 0 0 0 0 0 0 0 0 0 0 0 0 0
0 13 6 1 12 6 2 1 18 1 12 7 2 0 18 1 12 5 2 2 17 0 0 0 0 0 0 0 0 0 0 0 0 0 0 0 0 0 0 0 0 0 0 0 0 0 0 0 0 0 0 0 0 0 0 0 0
0 13 7 1 12 6 2 2 18 1 12 7 2 1 18 1 12 8 2 0 18 0 0 0 0 0 0 0 0 0 0 0 0 0 0 0 0 0 0 0 0 0 0 0 0 0 0 0 0 0 0 0 0 0 0 0 0
0 13 8 1 12 9 2 0 19 1 12 7 2 2 18 1 12 8 2 1 18 0 0 0 0 0 0 0 0 0 0 0 0 0 0 0 0 0 0 0 0 0 0 0 0 0 0 0 0 0 0 0 0 0 0 0 0
0 13 9 1 12 9 2 1 19 1 12 10 2 0 19 1 12 8 2 2 18 0 0 0 0 0 0 0 0 0 0 0 0 0 0 0 0 0 0 0 0 0 0 0 0 0 0 0 0 0 0 0 0 0 0 0 0
0 13 10 1 12 9 2 2 19 1 12 10 2 1 19 0 0 0 0 0 0 0 0 0 0 0 0 0 0 0 0 0 0 0 0 0 0 0 0 0 0 0 0 0 0 0 0 0 0 0 0 0 0 0 0 0 0
0 13 11 0 0 0 0 0 0 1 12 10 2 2 19 0 0 0 0 0 0 0 0 0 0 0 0 0 0 0 0 0 0 0 0 0 0 0 0 0 0 0 0 0 0 0 0 0 0 0 0 0 0 0 0 0 0
0 13 12 0 0 0 0 0 0 0 0 0 0 0 0 0 0 0 0 0 0 0 0 0 0 0 0 0 0 0 0 0 0 0 0 0 0 0 0 0 0 0 0 0 0 0 0 0 0 0 0 0 0 0 0 0 0
0 13 13 0 0 0 0 0 0 0 0 0 0 0 0 0 0 0 0 0 0 0 0 0 0 0 0 0 0 0 0 0 0 0 0 0 0 0 0 0 0 0 0 0 0 0 0 0 0 0 0 0 0 0 0 0 0
0 13 14 0 0 0 0 0 0 0 0 0 0 0 0 0 0 0 0 0 0 0 0 0 0 0 0 0 0 0 0 0 0 0 0 0 0 0 0 0 0 0 0 0 0 0 0 0 0 0 0 0 0 0 0 0 0
0 13 15 0 0 0 0 0 0 0 0 0 0 0 0 0 0 0 0 0 0 0 0 0 0 0 0 0 0 0 0 0 0 0 0 0 0 0 0 0 0 0 0 0 0 0 0 0 0 0 0 0 0 0 0 0 0
0 14 0 0 0 0 0 0 0 0 0 0 0 0 0 0 0 0 0 0 0 0 0 0 0 0 0 0 0 0 0 0 0 0 0 0 0 0 0 0 0 0 0 0 0 0 0 0 0 0 0 0 0 0 0 0 0
0 14 1 0 0 0 0 0 0 0 0 0 0 0 0 0 0 0 0 0 0 0 0 0 0 0 0 0 0 0 0 0 0 0 0 0 0 0 0 0 0 0 0 0 0 0 0 0 0 0 0 0 0 0 0 0 0
0 14 2 0 0 0 0 0 0 0 0 0 0 0 0 0 0 0 0 0 0 0 0 0 0 0 0 0 0 0 0 0 0 0 0 0 0 0 0 0 0 0 0 0 0 0 0 0 0 0 0 0 0 0 0 0 0
0 14 3 0 0 0 0 0 0 0 0 0 0 0 0 0 0 0 0 0 0 0 0 0 0 0 0 0 0 0 0 0 0 0 0 0 0 0 0 0 0 0 0 0 0 0 0 0 0 0 0 0 0 0 0 0 0
0 14 4 0 0 0 0 0 0 0 0 0 0 0 0 0 0 0 0 0 0 0 0 0 0 0 0 0 0 0 0 0 0 0 0 0 0 0 0 0 0 0 0 0 0 0 0 0 0 0 0 0 0 0 0 0 0
0 14 5 0 0 0 0 0 0 0 0 0 0 0 0 0 0 0 0 0 0 0 0 0 0 0 0 0 0 0 0 0 0 0 0 0 0 0 0 0 0 0 0 0 0 0 0 0 0 0 0 0 0 0 0 0 0
0 14 6 0 0 0 0 0 0 0 0 0 0 0 0 0 0 0 0 0 0 0 0 0 0 0 0 0 0 0 0 0 0 0 0 0 0 0 0 0 0 0 0 0 0 0 0 0 0 0 0 0 0 0 0 0 0
0 14 7 0 0 0 0 0 0 0 0 0 0 0 0 0 0 0 0 0 0 0 0 0 0 0 0 0 0 0 0 0 0 0 0 0 0 0 0 0 0 0 0 0 0 0 0 0 0 0 0 0 0 0 0 0 0
0 14 8 0 0 0 0 0 0 0 0 0 0 0 0 0 0 0 0 0 0 0 0 0 0 0 0 0 0 0 0 0 0 0 0 0 0 0 0 0 0 0 0 0 0 0 0 0 0 0 0 0 0 0 0 0 0
0 14 9 0 0 0 0 0 0 0 0 0 0 0 0 0 0 0 0 0 0 0 0 0 0 0 0 0 0 0 0 0 0 0 0 0 0 0 0 0 0 0 0 0 0 0 0 0 0 0 0 0 0 0 0 0 0
0 14 10 0 0 0 0 0 0 0 0 0 0 0 0 0 0 0 0 0 0 0 0 0 0 0 0 0 0 0 0 0 0 0 0 0 0 0 0 0 0 0 0 0 0 0 0 0 0 0 0 0 0 0 0 0 0
0 14 11 0 0 0 0 0 0 0 0 0 0 0 0 0 0 0 0 0 0 0 0 0 0 0 0 0 0 0 0 0 0 0 0 0 0 0 0 0 0 0 0 0 0 0 0 0 0 0 0 0 0 0 0 0 0
0 14 12 0 0 0 0 0 0 0 0 0 0 0 0 0 0 0 0 0 0 0 0 0 0 0 0 0 0 0 0 0 0 0 0 0 0 0 0 0 0 0 0 0 0 0 0 0 0 0 0 0 0 0 0 0 0
0 14 13 0 0 0 0 0 0 0 0 0 0 0 0 0 0 0 0 0 0 0 0 0 0 0 0 0 0 0 0 0 0 0 0 0 0 0 0 0 0 0 0 0 0 0 0 0 0 0 0 0 0 0 0 0 0
0 14 14 0 0 0 0 0 0 0 0 0 0 0 0 0 0 0 0 0 0 0 0 0 0 0 0 0 0 0 0 0 0 0 0 0 0 0 0 0 0 0 0 0 0 0 0 0 0 0 0 0 0 0 0 0 0
0 14 15 0 0 0 0 0 0 0 0 0 0 0 0 0 0 0 0 0 0 0 0 0 0 0 0 0 0 0 0 0 0 0 0 0 0 0 0 0 0 0 0 0 0 0 0 0 0 0 0 0 0 0 0 0 0
0 15 0 0 0 0 0 0 0 0 0 0 0 0 0 0 0 0 0 0 0 0 0 0 0 0 0 0 0 0 0 0 0 0 0 0 0 0 0 0 0 0 0 0 0 0 0 0 0 0 0 0 0 0 0 0 0
0 15 1 0 0 0 0 0 0 0 0 0 0 0 0 0 0 0 0 0 0 0 0 0 0 0 0 0 0 0 0 0 0 0 0 0 0 0 0 0 0 0 0 0 0 0 0 0 0 0 0 0 0 0 0 0 0
0 15 2 0 0 0 0 0 0 0 0 0 0 0 0 0 0 0 0 0 0 0 0 0 0 0 0 0 0 0 0 0 0 0 0 0 0 0 0 0 0 0 0 0 0 0 0 0 0 0 0 0 0 0 0 0 0
0 15 3 0 0 0 0 0 0 0 0 0 0 0 0 0 0 0 0 0 0 0 0 0 0 0 0 0 0 0 0 0 0 0 0 0 0 0 0 0 0 0 0 0 0 0 0 0 0 0 0 0 0 0 0 0 0
0 15 4 0 0 0 0 0 0 0 0 0 0 0 0 0 0 0 0 0 0 0 0 0 0 0 0 0 0 0 0 0 0 0 0 0 0 0 0 0 0 0 0 0 0 0 0 0 0 0 0 0 0 0 0 0 0
0 15 5 0 0 0 0 0 0 0 0 0 0 0 0 0 0 0 0 0 0 0 0 0 0 0 0 0 0 0 0 0 0 0 0 0 0 0 0 0 0 0 0 0 0 0 0 0 0 0 0 0 0 0 0 0 0
0 15 6 0 0 0 0 0 0 0 0 0 0 0 0 0 0 0 0 0 0 0 0 0 0 0 0 0 0 0 0 0 0 0 0 0 0 0 0 0 0 0 0 0 0 0 0 0 0 0 0 0 0 0 0 0 0
0 15 7 0 0 0 0 0 0 0 0 0 0 0 0 0 0 0 0 0 0 0 0 0 0 0 0 0 0 0 0 0 0 0 0 0 0 0 0 0 0 0 0 0 0 0 0 0 0 0 0 0 0 0 0 0 0
0 15 8 0 0 0 0 0 0 0 0 0 0 0 0 0 0 0 0 0 0 0 0 0 0 0 0 0 0 0 0 0 0 0 0 0 0 0 0 0 0 0 0 0 0 0 0 0 0 0 0 0 0 0 0 0 0
0 15 9 0 0 0 0 0 0 0 0 0 0 0 0 0 0 0 0 0 0 0 0 0 0 0 0 0 0 0 0 0 0 0 0 0 0 0 0 0 0 0 0 0 0 0 0 0 0 0 0 0 0 0 0 0 0
0 15 10 0 0 0 0 0 0 0 0 0 0 0 0 0 0 0 0 0 0 0 0 0 0 0 0 0 0 0 0 0 0 0 0 0 0 0 0 0 0 0 0 0 0 0 0 0 0 0 0 0 0 0 0 0 0
0 15 11 0 0 0 0 0 0 0 0 0 0 0 0 0 0 0 0 0 0 0 0 0 0 0 0 0 0 0 0 0 0 0 0 0 0 0 0 0 0 0 0 0 0 0 0 0 0 0 0 0 0 0 0 0 0
0 15 12 0 0 0 0 0 0 0 0 0 0 0 0 0 0 0 0 0 0 0 0 0 0 0 0 0 0 0 0 0 0 0 0 0 0 0 0 0 0 0 0 0 0 0 0 0 0 0 0 0 0 0 0 0 0
0 15 13 0 0 0 0 0 0 0 0 0 0 0 0 0 0 0 0 0 0 0 0 0 0 0 0 0 0 0 0 0 0 0 0 0 0 0 0 0 0 0 0 0 0 0 0 0 0 0 0 0 0 0 0 0 0
0 15 14 0 0 0 0 0 0 0 0 0 0 0 0 0 0 0 0 0 0 0 0 0 0 0 0 0 0 0 0 0 0 0 0 0 0 0 0 0 0 0 0 0 0 0 0 0 0 0 0 0 0 0 0 0 0
0 15 15 0 0 0 0 0 0 0 0 0 0 0 0 0 0 0 0 0 0 0 0 0 0 0 0 0 0 0 0 0 0 0 0 0 0 0 0 0 0 0 0 0 0 0 0 0 0 0 0 0 0 0 0 0 0
1 0 0 1 0 0 1 1 20 1 0 1 1 0 20 0 0 0 0 0 0 1 1 0 0 1 20 1 1 1 0 0 20 0 0 0 0 0 0 0 0 0 0 0 0 0 0 0 0 0 0 0 0 0 0 0 0
1 0 1 1 0 0 1 2 20 1 0 1 1 1 20 1 0 2 1 0 20 1 1 0 0 2 20 1 1 1 0 1 20 1 1 2 0 0 20 0 0 0 0 0 0 0 0 0 0 0 0 0 0 0 0 0 0
1 0 2 1 0 3 1 0 21 1 0 1 1 2 20 1 0 2 1 1 20 1 1 3 0 0 21 1 1 1 0 2 20 1 1 2 0 1 20 0 0 0 0 0 0 0 0 0 0 0 0 0 0 0 0 0 0
1 0 3 1 0 3 1 1 21 1 0 4 1 0 21 1 0 2 1 2 20 1 1 3 0 1 21 1 1 4 0 0 21 1 1 2 0 2 20 0 0 0 0 0 0 0 0 0 0 0 0 0 0 0 0 0 0
1 0 4 1 0 3 1 2 21 1 0 4 1 1 21 1 0 5 1 0 21 1 1 3 0 2 21 1 1 4 0 1 21 1 1 5 0 0 21 0 0 0 0 0 0 0 0 0 0 0 0 0 0 0 0 0 0
1 0 5 1 0 6 1 0 22 1 0 4 1 2 21 1 0 5 1 1 21 1 1 6 0 0 22 1 1 4 0 2 21 1 1 5 0 1 21 0 0 0 0 0 0 0 0 0 0 0 0 0 0 0 0 0 0
1 0 6 1 0 6 1 1 22 1 0 7 1 0 22 1 0 5 1 2 21 1 1 6 0 1 22 1 1 7 0 0 22 1 1 5 0 2 21 0 0 0 0 0 0 0 0 0 0 0 0 0 0 0 0 0 0
1 0 7 1 0 6 1 2 22 1 0 7 1 1 22 1 0 8 1 0 22 1 1 6 0 2 22 1 1 7 0 1 22 1 1 8 0 0 22 0 0 0 0 0 0 0 0 0 0 0 0 0 0 0 0 0 0
1 0 8 1 0 9 1 0 23 1 0 7 1 2 22 1 0 8 1 1 22 1 1 9 0 0 23 1 1 7 0 2 22 1 1 8 0 1 22 0 0 0 0 0 0 0 0 0 0 0 0 0 0 0 0 0 0
1 0 9 1 0 9 1 1 23 1 0 10 1 0 23 1 0 8 1 2 22 1 1 9 0 1 23 1 1 10 0 0 23 1 1 8 0 2 22 0 0 0 0 0 0 0 0 0 0 0 0 0 0 0 0 0 0
1 0 10 1 0 9 1 2 23 1 0 10 1 1 23 0 0 0 0 0 0 1 1 9 0 2 23 1 1 10 0 1 23 0 0 0 0 0 0 0 0 0 0 0 0 0 0 0 0 0 0 0 0 0 0 0 0
1 0 11 0 0 0 0 0 0 1 0 10 1 2 23 0 0 0 0 0 0 0 0 0 0 0 0 1 1 10 0 2 23 0 0 0 0 0 0 0 0 0 0 0 0 0 0 0 0 0 0 0 0 0 0 0 0
1 0 12 0 0 0 0 0 0 0 0 0 0 0 0 0 0 0 0 0 0 0 0 0 0 0 0 0 0 0 0 0 0 0 0 0 0 0 0 0 0 0 0 0 0 0 0 0 0 0 0 0 0 0 0 0 0
1 0 13 0 0 0 0 0 0 0 0 0 0 0 0 0 0 0 0 0 0 0 0 0 0 0 0 0 0 0 0 0 0 0 0 0 0 0 0 0 0 0 0 0 0 0 0 0 0 0 0 0 0 0 0 0 0
1 0 14 0 0 0 0 0 0 0 0 0 0 0 0 0 0 0 0 0 0 0 0 0 0 0 0 0 0 0 0 0 0 0 0 0 0 0 0 0 0 0 0 0 0 0 0 0 0 0 0 0 0 0 0 0 0
1 0 15 0 0 0 0 0 0 0 0 0 0 0 0 0 0 0 0 0 0 0 0 0 0 0 0 0 0 0 0 0 0 0 0 0 0 0 0 0 0 0 0 0 0 0 0 0 0 0 0 0 0 0 0 0 0
1 1 0 1 0 0 2 1 20 1 0 1 2 0 20 0 0 0 0 0 0 1 1 0 1 1 20 1 1 1 1 0 20 0 0 0 0 0 0 1 2 0 0 1 20 1 2 1 0 0 20 0 0 0 0 0 0
1 1 1 1 0 0 2 2 20 1 0 1 2 1 20 1 0 2 2 0 20 1 1 0 1 2 20 1 1 1 1 1 20 1 1 2 1 0 20 1 2 0 0 2 20 1 2 1 0 1 20 1 2 2 0 0 20
1 1 2 1 0 3 2 0 21 1 0 1 2 2 20 1 0 2 2 1 20 1 1 3 1 0 21 1 1 1 1 2 20 1 1 2 1 1 20 1 2 3 0 0 21 1 2 1 0 2 20 1 2 2 0 1 20
1 1 3 1 0 3 2 1 21 1 0 4 2 0 21 1 0 2 2 2 20 1 1 3 1 1 21 1 1 4 1 0 21 1 1 2 1 2 20 1 2 3 0 1 21 1 2 4 0 0 21 1 2 2 0 2 20
1 1 4 1 0 3 2 2 21 1 0 4 2 1 21 1 0 5 2 0 21 1 1 3 1 2 21 1 1 4 1 1 21 1 1 5 1 0 21 1 2 3 0 2 21 1 2 4 0 1 21 1 2 5 0 0 21
1 1 5 1 0 6 2 0 22 1 0 4 2 2 21 1 0 5 2 1 21 1 1 6 1 0 22 1 1 4 1 2 21 1 1 5 1 1 21 1 2 6 0 0 22 1 2 4 0 2 21 1 2 5 0 1 21
1 1 6 1 0 6 2 1 22 1 0 7 2 0 22 1 0 5 2 2 21 1 1 6 1 1 22 1 1 7 1 0 22 1 1 5 1 2 21 1 2 6 0 1 22 1 2 7 0 0 22 1 2 5 0 2 21
1 1 7 1 0 6 2 2 22 1 0 7 2 1 22 1 0 8 2 0 22 1 1 6 1 2 22 1 1 7 1 1 22 1 1 8 1 0 22 1 2 6 0 2 22 1 2 7 0 1 22 1 2 8 0 0 22
1 1 8 1 0 9 2 0 23 1 0 7 2 2 22 1 0 8 2 1 22 1 1 9 1 0 23 1 1 7 1 2 22 1 1 8 1 1 22 1 2 9 0 0 23 1 2 7 0 2 22 1 2 8 0 1 22
1 1 9 1 0 9 2 1 23 1 0 10 2 0 23 1 0 8 2 2 22 1 1 9 1 1 23 1 1 10 1 0 23 1 1 8 1 2 22 1 2 9 0 1 23 1 2 10 0 0 23 1 2 8 0 2 22
1 1 10 1 0 9 2 2 23 1 0 10 2 1 23 0 0 0 0 0 0 1 1 9 1 2 23 1 1 10 1 1 23 0 0 0 0 0 0 1 2 9 0 2 23 1 2 10 0 1 23 0 0 0 0 0 0
1 1 11 0 0 0 0 0 0 1 0 10 2 2 23 0 0 0 0 0 0 0 0 0 0 0 0 1 1 10 1 2 23 0 0 0 0 0 0 0 0 0 0 0 0 1 2 10 0 2 23 0 0 0 0 0 0
1 1 12 0 0 0 0 0 0 0 0 0 0 0 0 0 0 0 0 0 0 0 0 0 0 0 0 0 0 0 0 0 0 0 0 0 0 0 0 0 0 0 0 0 0 0 0 0 0 0 0 0 0 0 0 0 0
1 1 13 0 0 0 0 0 0 0 0 0 0 0 0 0 0 0 0 0 0 0 0 0 0 0 0 0 0 0 0 0 0 0 0 0 0 0 0 0 0 0 0 0 0 0 0 0 0 0 0 0 0 0 0 0 0
1 1 14 0 0 0 0 0 0 0 0 0 0 0 0 0 0 0 0 0 0 0 0 0 0 0 0 0 0 0 0 0 0 0 0 0 0 0 0 0 0 0 0 0 0 0 0 0 0 0 0 0 0 0 0 0 0
1 1 15 0 0 0 0 0 0 0 0 0 0 0 0 0 0 0 0 0 0 0 0 0 0 0 0 0 0 0 0 0 0 0 0 0 0 0 0 0 0 0 0 0 0 0 0 0 0 0 0 0 0 0 0 0 0
1 2 0 1 3 0 0 1 24 1 3 1 0 0 24 0 0 0 0 0 0 1 1 0 2 1 20 1 1 1 2 0 20 0 0 0 0 0 0 1 2 0 1 1 20 1 2 1 1 0 20 0 0 0 0 0 0
1 2 1 1 3 0 0 2 24 1 3 1 0 1 24 1 3 2 0 0 24 1 1 0 2 2 20 1 1 1 2 1 20 1 1 2 2 0 20 1 2 0 1 2 20 1 2 1 1 1 20 1 2 2 1 0 20
1 2 2 1 3 3 0 0 25 1 3 1 0 2 24 1 3 2 0 1 24 1 1 3 2 0 21 1 1 1 2 2 20 1 1 2 2 1 20 1 2 3 1 0 21 1 2 1 1 2 20 1 2 2 1 1 20
1 2 3 1 3 3 0 1 25 1 3 4 0 0 25 1 3 2 0 2 24 1 1 3 2 1 21 1 1 4 2 0 21 1 1 2 2 2 20 1 2 3 1 1 21 1 2 4 1 0 21 1 2 2 1 2 20
1 2 4 1 3 3 0 2 25 1 3 4 0 1 25 1 3 5 0 0 25 1 1 3 2 2 21 1 1 4 2 1 21 1 1 5 2 0 21 1 2 3 1 2 21 1 2 4 1 1 21 1 2 5 1 0 21
1 2 5 1 3 6 0 0 26 1 3 4 0 2 25 1 3 5 0 1 25 1 1 6 2 0 22 1 1 4 2 2 21 1 1 5 2 1 21 1 2 6 1 0 22 1 2 4 1 2 21 1 2 5 1 1 21
1 2 6 1 3 6 0 1 26 1 3 7 0 0 26 1 3 5 0 2 25 1 1 6 2 1 22 1 1 7 2 0 22 1 1 5 2 2 21 1 2 6 1 1 22 1 2 7 1 0 22 1 2 5 1 2 21
1 2 7 1 3 6 0 2 26 1 3 7 0 1 26 1 3 8 0 0 26 1 1 6 2 2 22 1 1 7 2 1 22 1 1 8 2 0 22 1 2 6 1 2 22 1 2 7 1 1 22 1 2 8 1 0 22
1 2 8 1 3 9 0 0 27 1 3 7 0 2 26 1 3 8 0 1 26 1 1 9 2 0 23 1 1 7 2 2 22 1 1 8 2 1 22 1 2 9 1 0 23 1 2 7 1 2 22 1 2 8 1 1 22
1 2 9 1 3 9 0 1 27 1 3 10 0 0 27 1 3 8 0 2 26 1 1 9 2 1 23 1 1 10 2 0 23 1 1 8 2 2 22 1 2 9 1 1 23 1 2 10 1 0 23 1 2 8 1 2 22
1 2 10 1 3 9 0 2 27 1 3 10 0 1 27 0 0 0 0 0 0 1 1 9 2 2 23 1 1 10 2 1 23 0 0 0 0 0 0 1 2 9 1 2 23 1 2 10 1 1 23 0 0 0 0 0 0
1 2 11 0 0 0 0 0 0 1 3 10 0 2 27 0 0 0 0 0 0 0 0 0 0 0 0 1 1 10 2 2 23 0 0 0 0 0 0 0 0 0 0 0 0 1 2 10 1 2 23 0 0 0 0 0 0
1 2 12 0 0 0 0 0 0 0 0 0 0 0 0 0 0 0 0 0 0 0 0 0 0 0 0 0 0 0 0 0 0 0 0 0 0 0 0 0 0 0 0 0 0 0 0 0 0 0 0 0 0 0 0 0 0
1 2 13 0 0 0 0 0 0 0 0 0 0 0 0 0 0 0 0 0 0 0 0 0 0 0 0 0 0 0 0 0 0 0 0 0 0 0 0 0 0 0 0 0 0 0 0 0 0 0 0 0 0 0 0 0 0
1 2 14 0 0 0 0 0 0 0 0 0 0 0 0 0 0 0 0 0 0 0 0 0 0 0 0 0 0 0 0 0 0 0 0 0 0 0 0 0 0 0 0 0 0 0 0 0 0 0 0 0 0 0 0 0 0
1 2 15 0 0 0 0 0 0 0 0 0 0 0 0 0 0 0 0 0 0 0 0 0 0 0 0 0 0 0 0 0 0 0 0 0 0 0 0 0 0 0 0 0 0 0 0 0 0 0 0 0 0 0 0 0 0
1 3 0 1 3 0 1 1 24 1 3 1 1 0 24 0 0 0 0 0 0 1 4 0 0 1 24 1 4 1 0 0 24 0 0 0 0 0 0 1 2 0 2 1 20 1 2 1 2 0 20 0 0 0 0 0 0
1 3 1 1 3 0 1 2 24 1 3 1 1 1 24 1 3 2 1 0 24 1 4 0 0 2 24 1 4 1 0 1 24 1 4 2 0 0 24 1 2 0 2 2 20 1 2 1 2 1 20 1 2 2 2 0 20
1 3 2 1 3 3 1 0 25 1 3 1 1 2 24 1 3 2 1 1 24 1 4 3 0 0 25 1 4 1 0 2 24 1 4 2 0 1 24 1 2 3 2 0 21 1 2 1 2 2 20 1 2 2 2 1 20
1 3 3 1 3 3 1 1 25 1 3 4 1 0 25 1 3 2 1 2 24 1 4 3 0 1 25 1 4 4 0 0 25 1 4 2 0 2 24 1 2 3 2 1 21 1 2 4 2 0 21 1 2 2 2 2 20
1 3 4 1 3 3 1 2 25 1 3 4 1 1 25 1 3 5 1 0 25 1 4 3 0 2 25 1 4 4 0 1 25 1 4 5 0 0 25 1 2 3 2 2 21 1 2 4 2 1 21 1 2 5 2 0 21
1 3 5 1 3 6 1 0 26 1 3 4 1 2 25 1 3 5 1 1 25 1 4 6 0 0 26 1 4 4 0 2 25 1 4 5 0 1 25 1 2 6 2 0 22 1 2 4 2 2 21 1 2 5 2 1 21
1 3 6 1 3 6 1 1 26 1 3 7 1 0 26 1 3 5 1 2 25 1 4 6 0 1 26 1 4 7 0 0 26 1 4 5 0 2 25 1 2 6 2 1 22 1 2 7 2 0 22 1 2 5 2 2 21
1 3 7 1 3 6 1 2 26 1 3 7 1 1 26 1 3 8 1 0 26 1 4 6 0 2 26 1 4 7 0 1 26 1 4 8 0 0 26 1 2 6 2 2 22 1 2 7 2 1 22 1 2 8 2 0 22
1 3 8 1 3 9 1 0 27 1 3 7 1 2 26 1 3 8 1 1 26 1 4 9 0 0 27 1 4 7 0 2 26 1 4 8 0 1 26 1 2 9 2 0 23 1 2 7 2 2 22 1 2 8 2 1 22
1 3 9 1 3 9 1 1 27 1 3 10 1 0 27 1 3 8 1 2 26 1 4 9 0 1 27 1 4 10 0 0 27 1 4 8 0 2 26 1 2 9 2 1 23 1 2 10 2 0 23 1 2 8 2 2 22
1 3 10 1 3 9 1 2 27 1 3 10 1 1 27 0 0 0 0 0 0 1 4 9 0 2 27 1 4 10 0 1 27 0 0 0 0 0 0 1 2 9 2 2 23 1 2 10 2 1 23 0 0 0 0 0 0
1 3 11 0 0 0 0 0 0 1 3 10 1 2 27 0 0 0 0 0 0 0 0 0 0 0 0 1 4 10 0 2 27 0 0 0 0 0 0 0 0 0 0 0 0 1 2 10 2 2 23 0 0 0 0 0 0
1 3 12 0 0 0 0 0 0 0 0 0 0 0 0 0 0 0 0 0 0 0 0 0 0 0 0 0 0 0 0 0 0 0 0 0 0 0 0 0 0 0 0 0 0 0 0 0 0 0 0 0 0 0 0 0 0
1 3 13 0 0 0 0 0 0 0 0 0 0 0 0 0 0 0 0 0 0 0 0 0 0 0 0 0 0 0 0 0 0 0 0 0 0 0 0 0 0 0 0 0 0 0 0 0 0 0 0 0 0 0 0 0 0
1 3 14 0 0 0 0 0 0 0 0 0 0 0 0 0 0 0 0 0 0 0 0 0 0 0 0 0 0 0 0 0 0 0 0 0 0 0 0 0 0 0 0 0 0 0 0 0 0 0 0 0 0 0 0 0 0
1 3 15 0 0 0 0 0 0 0 0 0 0 0 0 0 0 0 0 0 0 0 0 0 0 0 0 0 0 0 0 0 0 0 0 0 0 0 0 0 0 0 0 0 0 0 0 0 0 0 0 0 0 0 0 0 0
1 4 0 1 3 0 2 1 24 1 3 1 2 0 24 0 0 0 0 0 0 1 4 0 1 1 24 1 4 1 1 0 24 0 0 0 0 0 0 1 5 0 0 1 24 1 5 1 0 0 24 0 0 0 0 0 0
1 4 1 1 3 0 2 2 24 1 3 1 2 1 24 1 3 2 2 0 24 1 4 0 1 2 24 1 4 1 1 1 24 1 4 2 1 0 24 1 5 0 0 2 24 1 5 1 0 1 24 1 5 2 0 0 24
1 4 2 1 3 3 2 0 25 1 3 1 2 2 24 1 3 2 2 1 24 1 4 3 1 0 25 1 4 1 1 2 24 1 4 2 1 1 24 1 5 3 0 0 25 1 5 1 0 2 24 1 5 2 0 1 24
1 4 3 1 3 3 2 1 25 1 3 4 2 0 25 1 3 2 2 2 24 1 4 3 1 1 25 1 4 4 1 0 25 1 4 2 1 2 24 1 5 3 0 1 25 1 5 4 0 0 25 1 5 2 0 2 24
1 4 4 1 3 3 2 2 25 1 3 4 2 1 25 1 3 5 2 0 25 1 4 3 1 2 25 1 4 4 1 1 25 1 4 5 1 0 25 1 5 3 0 2 25 1 5 4 0 1 25 1 5 5 0 0 25
1 4 5 1 3 6 2 0 26 1 3 4 2 2 25 1 3 5 2 1 25 1 4 6 1 0 26 1 4 4 1 2 25 1 4 5 1 1 25 1 5 6 0 0 26 1 5 4 0 2 25 1 5 5 0 1 25
1 4 6 1 3 6 2 1 26 1 3 7 2 0 26 1 3 5 2 2 25 1 4 6 1 1 26 1 4 7 1 0 26 1 4 5 1 2 25 1 5 6 0 1 26 1 5 7 0 0 26 1 5 5 0 2 25
1 4 7 1 3 6 2 2 26 1 3 7 2 1 26 1 3 8 2 0 26 1 4 6 1 2 26 1 4 7 1 1 26 1 4 8 1 0 26 1 5 6 0 2 26 1 5 7 0 1 26 1 5 8 0 0 26
1 4 8 1 3 9 2 0 27 1 3 7 2 2 26 1 3 8 2 1 26 1 4 9 1 0 27 1 4 7 1 2 26 1 4 8 1 1 26 1 5 9 0 0 27 1 5 7 0 2 26 1 5 8 0 1 26
1 4 9 1 3 9 2 1 27 1 3 10 2 0 27 1 3 8 2 2 26 1 4 9 1 1 27 1 4 10 1 0 27 1 4 8 1 2 26 1 5 9 0 1 27 1 5 10 0 0 27 1 5 8 0 2 26
1 4 10 1 3 9 2 2 27 1 3 10 2 1 27 0 0 0 0 0 0 1 4 9 1 2 27 1 4 10 1 1 27 0 0 0 0 0 0 1 5 9 0 2 27 1 5 10 0 1 27 0 0 0 0 0 0
1 4 11 0 0 0 0 0 0 1 3 10 2 2 27 0 0 0 0 0 0 0 0 0 0 0 0 1 4 10 1 2 27 0 0 0 0 0 0 0 0 0 0 0 0 1 5 10 0 2 27 0 0 0 0 0 0
1 4 12 0 0 0 0 0 0 0 0 0 0 0 0 0 0 0 0 0 0 0 0 0 0 0 0 0 0 0 0 0 0 0 0 0 0 0 0 0 0 0 0 0 0 0 0 0 0 0 0 0 0 0 0 0 0
1 4 13 0 0 0 0 0 0 0 0 0 0 0 0 0 0 0 0 0 0 0 0 0 0 0 0 0 0 0 0 0 0 0 0 0 0 0 0 0 0 0 0 0 0 0 0 0 0 0 0 0 0 0 0 0 0
1 4 14 0 0 0 0 0 0 0 0 0 0 0 0 0 0 0 0 0 0 0 0 0 0 0 0 0 0 0 0 0 0 0 0 0 0 0 0 0 0 0 0 0 0 0 0 0 0 0 0 0 0 0 0 0 0
1 4 15 0 0 0 0 0 0 0 0 0 0 0 0 0 0 0 0 0 0 0 0 0 0 0 0 0 0 0 0 0 0 0 0 0 0 0 0 0 0 0 0 0 0 0 0 0 0 0 0 0 0 0 0 0 0
1 5 0 1 6 0 0 1 28 1 6 1 0 0 28 0 0 0 0 0 0 1 4 0 2 1 24 1 4 1 2 0 24 0 0 0 0 0 0 1 5 0 1 1 24 1 5 1 1 0 24 0 0 0 0 0 0
1 5 1 1 6 0 0 2 28 1 6 1 0 1 28 1 6 2 0 0 28 1 4 0 2 2 24 1 4 1 2 1 24 1 4 2 2 0 24 1 5 0 1 2 24 1 5 1 1 1 24 1 5 2 1 0 24
1 5 2 1 6 3 0 0 29 1 6 1 0 2 28 1 6 2 0 1 28 1 4 3 2 0 25 1 4 1 2 2 24 1 4 2 2 1 24 1 5 3 1 0 25 1 5 1 1 2 24 1 5 2 1 1 24
1 5 3 1 6 3 0 1 29 1 6 4 0 0 29 1 6 2 0 2 28 1 4 3 2 1 25 1 4 4 2 0 25 1 4 2 2 2 24 1 5 3 1 1 25 1 5 4 1 0 25 1 5 2 1 2 24
1 5 4 1 6 3 0 2 29 1 6 4 0 1 29 1 6 5 0 0 29 1 4 3 2 2 25 1 4 4 2 1 25 1 4 5 2 0 25 1 5 3 1 2 25 1 5 4 1 1 25 1 5 5 1 0 25
1 5 5 1 6 6 0 0 30 1 6 4 0 2 29 1 6 5 0 1 29 1 4 6 2 0 26 1 4 4 2 2 25 1 4 5 2 1 25 1 5 6 1 0 26 1 5 4 1 2 25 1 5 5 1 1 25
1 5 6 1 6 6 0 1 30 1 6 7 0 0 30 1 6 5 0 2 29 1 4 6 2 1 26 1 4 7 2 0 26 1 4 5 2 2 25 1 5 6 1 1 26 1 5 7 1 0 26 1 5 5 1 2 25
1 5 7 1 6 6 0 2 30 1 6 7 0 1 30 1 6 8 0 0 30 1 4 6 2 2 26 1 4 7 2 1 26 1 4 8 2 0 26 1 5 6 1 2 26 1 5 7 1 1 26 1 5 8 1 0 26
1 5 8 1 6 9 0 0 31 1 6 7 0 2 30 1 6 8 0 1 30 1 4 9 2 0 27 1 4 7 2 2 26 1 4 8 2 1 26 1 5 9 1 0 27 1 5 7 1 2 26 1 5 8 1 1 26
1 5 9 1 6 9 0 1 31 1 6 10 0 0 31 1 6 8 0 2 30 1 4 9 2 1 27 1 4 10 2 0 27 1 4 8 2 2 26 1 5 9 1 1 27 1 5 10 1 0 27 1 5 8 1 2 26
1 5 10 1 6 9 0 2 31 1 6 10 0 1 31 0 0 0 0 0 0 1 4 9 2 2 27 1 4 10 2 1 27 0 0 0 0 0 0 1 5 9 1 2 27 1 5 10 1 1 27 0 0 0 0 0 0
1 5 11 0 0 0 0 0 0 1 6 10 0 2 31 0 0 0 0 0 0 0 0 0 0 0 0 1 4 10 2 2 27 0 0 0 0 0 0 0 0 0 0 0 0 1 5 10 1 2 27 0 0 0 0 0 0
1 5 12 0 0 0 0 0 0 0 0 0 0 0 0 0 0 0 0 0 0 0 0 0 0 0 0 0 0 0 0 0 0 0 0 0 0 0 0 0 0 0 0 0 0 0 0 0 0 0 0 0 0 0 0 0 0
1 5 13 0 0 0 0 0 0 0 0 0 0 0 0 0 0 0 0 0 0 0 0 0 0 0 0 0 0 0 0 0 0 0 0 0 0 0 0 0 0 0 0 0 0 0 0 0 0 0 0 0 0 0 0 0 0
1 5 14 0 0 0 0 0 0 0 0 0 0 0 0 0 0 0 0 0 0 0 0 0 0 0 0 0 0 0 0 0 0 0 0 0 0 0 0 0 0 0 0 0 0 0 0 0 0 0 0 0 0 0 0 0 0
1 5 15 0 0 0 0 0 0 0 0 0 0 0 0 0 0 0 0 0 0 0 0 0 0 0 0 0 0 0 0 0 0 0 0 0 0 0 0 0 0 0 0 0 0 0 0 0 0 0 0 0 0 0 0 0 0
1 6 0 1 6 0 1 1 28 1 6 1 1 0 28 0 0 0 0 0 0 1 7 0 0 1 28 1 7 1 0 0 28 0 0 0 0 0 0 1 5 0 2 1 24 1 5 1 2 0 24 0 0 0 0 0 0
1 6 1 1 6 0 1 2 28 1 6 1 1 1 28 1 6 2 1 0 28 1 7 0 0 2 28 1 7 1 0 1 28 1 7 2 0 0 28 1 5 0 2 2 24 1 5 1 2 1 24 1 5 2 2 0 24
1 6 2 1 6 3 1 0 29 1 6 1 1 2 28 1 6 2 1 1 28 1 7 3 0 0 29 1 7 1 0 2 28 1 7 2 0 1 28 1 5 3 2 0 25 1 5 1 2 2 24 1 5 2 2 1 24
1 6 3 1 6 3 1 1 29 1 6 4 1 0 29 1 6 2 1 2 28 1 7 3 0 1 29 1 7 4 0 0 29 1 7 2 0 2 28 1 5 3 2 1 25 1 5 4 2 0 25 1 5 2 2 2 24
1 6 4 1 6 3 1 2 29 1 6 4 1 1 29 1 6 5 1 0 29 1 7 3 0 2 29 1 7 4 0 1 29 1 7 5 0 0 29 1 5 3 2 2 25 1 5 4 2 1 25 1 5 5 2 0 25
1 6 5 1 6 6 1 0 30 1 6 4 1 2 29 1 6 5 1 1 29 1 7 6 0 0 30 1 7 4 0 2 29 1 7 5 0 1 29 1 5 6 2 0 26 1 5 4 2 2 25 1 5 5 2 1 25
1 6 6 1 6 6 1 1 30 1 6 7 1 0 30 1 6 5 1 2 29 1 7 6 0 1 30 1 7 7 0 0 30 1 7 5 0 2 29 1 5 6 2 1 26 1 5 7 2 0 26 1 5 5 2 2 25
1 6 7 1 6 6 1 2 30 1 6 7 1 1 30 1 6 8 1 0 30 1 7 6 0 2 30 1 7 7 0 1 30 1 7 8 0 0 30 1 5 6 2 2 26 1 5 7 2 1 26 1 5 8 2 0 26
1 6 8 1 6 9 1 0 31 1 6 7 1 2 30 1 6 8 1 1 30 1 7 9 0 0 31 1 7 7 0 2 30 1 7 8 0 1 30 1 5 9 2 0 27 1 5 7 2 2 26 1 5 8 2 1 26
1 6 9 1 6 9 1 1 31 1 6 10 1 0 31 1 6 8 1 2 30 1 7 9 0 1 31 1 7 10 0 0 31 1 7 8 0 2 30 1 5 9 2 1 27 1 5 10 2 0 27 1 5 8 2 2 26
1 6 10 1 6 9 1 2 31 1 6 10 1 1 31 0 0 0 0 0 0 1 7 9 0 2 31 1 7 10 0 1 31 0 0 0 0 0 0 1 5 9 2 2 27 1 5 10 2 1 27 0 0 0 0 0 0
1 6 11 0 0 0 0 0 0 1 6 10 1 2 31 0 0 0 0 0 0 0 0 0 0 0 0 1 7 10 0 2 31 0 0 0 0 0 0 0 0 0 0 0 0 1 5 10 2 2 27 0 0 0 0 0 0
1 6 12 0 0 0 0 0 0 0 0 0 0 0 0 0 0 0 0 0 0 0 0 0 0 0 0 0 0 0 0 0 0 0 0 0 0 0 0 0 0 0 0 0 0 0 0 0 0 0 0 0 0 0 0 0 0
1 6 13 0 0 0 0 0 0 0 0 0 0 0 0 0 0 0 0 0 0 0 0 0 0 0 0 0 0 0 0 0 0 0 0 0 0 0 0 0 0 0 0 0 0 0 0 0 0 0 0 0 0 0 0 0 0
1 6 14 0 0 0 0 0 0 0 0 0 0 0 0 0 0 0 0 0 0 0 0 0 0 0 0 0 0 0 0 0 0 0 0 0 0 0 0 0 0 0 0 0 0 0 0 0 0 0 0 0 0 0 0 0 0
1 6 15 0 0 0 0 0 0 0 0 0 0 0 0 0 0 0 0 0 0 0 0 0 0 0 0 0 0 0 0 0 0 0 0 0 0 0 0 0 0 0 0 0 0 0 0 0 0 0 0 0 0 0 0 0 0
1 7 0 1 6 0 2 1 28 1 6 1 2 0 28 0 0 0 0 0 0 1 7 0 1 1 28 1 7 1 1 0 28 0 0 0 0 0 0 1 8 0 0 1 28 1 8 1 0 0 28 0 0 0 0 0 0
1 7 1 1 6 0 2 2 28 1 6 1 2 1 28 1 6 2 2 0 28 1 7 0 1 2 28 1 7 1 1 1 28 1 7 2 1 0 28 1 8 0 0 2 28 1 8 1 0 1 28 1 8 2 0 0 28
1 7 2 1 6 3 2 0 29 1 6 1 2 2 28 1 6 2 2 1 28 1 7 3 1 0 29 1 7 1 1 2 28 1 7 2 1 1 28 1 8 3 0 0 29 1 8 1 0 2 28 1 8 2 0 1 28
1 7 3 1 6 3 2 1 29 1 6 4 2 0 29 1 6 2 2 2 28 1 7 3 1 1 29 1 7 4 1 0 29 1 7 2 1 2 28 1 8 3 0 1 29 1 8 4 0 0 29 1 8 2 0 2 28
1 7 4 1 6 3 2 2 29 1 6 4 2 1 29 1 6 5 2 0 29 1 7 3 1 2 29 1 7 4 1 1 29 1 7 5 1 0 29 1 8 3 0 2 29 1 8 4 0 1 29 1 8 5 0 0 29
1 7 5 1 6 6 2 0 30 1 6 4 2 2 29 1 6 5 2 1 29 1 7 6 1 0 30 1 7 4 1 2 29 1 7 5 1 1 29 1 8 6 0 0 30 1 8 4 0 2 29 1 8 5 0 1 29
1 7 6 1 6 6 2 1 30 1 6 7 2 0 30 1 6 5 2 2 29 1 7 6 1 1 30 1 7 7 1 0 30 1 7 5 1 2 29 1 8 6 0 1 30 1 8 7 0 0 30 1 8 5 0 2 29
1 7 7 1 6 6 2 2 30 1 6 7 2 1 30 1 6 8 2 0 30 1 7 6 1 2 30 1 7 7 1 1 30 1 7 8 1 0 30 1 8 6 0 2 30 1 8 7 0 1 30 1 8 8 0 0 30
1 7 8 1 6 9 2 0 31 1 6 7 2 2 30 1 6 8 2 1 30 1 7 9 1 0 31 1 7 7 1 2 30 1 7 8 1 1 30 1 8 9 0 0 31 1 8 7 0 2 30 1 8 8 0 1 30
1 7 9 1 6 9 2 1 31 1 6 10 2 0 31 1 6 8 2 2 30 1 7 9 1 1 31 1 7 10 1 0 31 1 7 8 1 2 30 1 8 9 0 1 31 1 8 10 0 0 31 1 8 8 0 2 30
1 7 10 1 6 9 2 2 31 1 6 10 2 1 31 0 0 0 0 0 0 1 7 9 1 2 31 1 7 10 1 1 31 0 0 0 0 0 0 1 8 9 0 2 31 1 8 10 0 1 31 0 0 0 0 0 0
1 7 11 0 0 0 0 0 0 1 6 10 2 2 31 0 0 0 0 0 0 0 0 0 0 0 0 1 7 10 1 2 31 0 0 0 0 0 0 0 0 0 0 0 0 1 8 10 0 2 31 0 0 0 0 0 0
1 7 12 0 0 0 0 0 0 0 0 0 0 0 0 0 0 0 0 0 0 0 0 0 0 0 0 0 0 0 0 0 0 0 0 0 0 0 0 0 0 0 0 0 0 0 0 0 0 0 0 0 0 0 0 0 0
1 7 13 0 0 0 0 0 0 0 0 0 0 0 0 0 0 0 0 0 0 0 0 0 0 0 0 0 0 0 0 0 0 0 0 0 0 0 0 0 0 0 0 0 0 0 0 0 0 0 0 0 0 0 0 0 0
1 7 14 0 0 0 0 0 0 0 0 0 0 0 0 0 0 0 0 0 0 0 0 0 0 0 0 0 0 0 0 0 0 0 0 0 0 0 0 0 0 0 0 0 0 0 0 0 0 0 0 0 0 0 0 0 0
1 7 15 0 0 0 0 0 0 0 0 0 0 0 0 0 0 0 0 0 0 0 0 0 0 0 0 0 0 0 0 0 0 0 0 0 0 0 0 0 0 0 0 0 0 0 0 0 0 0 0 0 0 0 0 0 0
1 8 0 1 9 0 0 1 32 1 9 1 0 0 32 0 0 0 0 0 0 1 7 0 2 1 28 1 7 1 2 0 28 0 0 0 0 0 0 1 8 0 1 1 28 1 8 1 1 0 28 0 0 0 0 0 0
1 8 1 1 9 0 0 2 32 1 9 1 0 1 32 1 9 2 0 0 32 1 7 0 2 2 28 1 7 1 2 1 28 1 7 2 2 0 28 1 8 0 1 2 28 1 8 1 1 1 28 1 8 2 1 0 28
1 8 2 1 9 3 0 0 33 1 9 1 0 2 32 1 9 2 0 1 32 1 7 3 2 0 29 1 7 1 2 2 28 1 7 2 2 1 28 1 8 3 1 0 29 1 8 1 1 2 28 1 8 2 1 1 28
1 8 3 1 9 3 0 1 33 1 9 4 0 0 33 1 9 2 0 2 32 1 7 3 2 1 29 1 7 4 2 0 29 1 7 2 2 2 28 1 8 3 1 1 29 1 8 4 1 0 29 1 8 2 1 2 28
1 8 4 1 9 3 0 2 33 1 9 4 0 1 33 1 9 5 0 0 33 1 7 3 2 2 29 1 7 4 2 1 29 1 7 5 2 0 29 1 8 3 1 2 29 1 8 4 1 1 29 1 8 5 1 0 29
1 8 5 1 9 6 0 0 34 1 9 4 0 2 33 1 9 5 0 1 33 1 7 6 2 0 30 1 7 4 2 2 29 1 7 5 2 1 29 1 8 6 1 0 30 1 8 4 1 2 29 1 8 5 1 1 29
1 8 6 1 9 6 0 1 34 1 9 7 0 0 34 1 9 5 0 2 33 1 7 6 2 1 30 1 7 7 2 0 30 1 7 5 2 2 29 1 8 6 1 1 30 1 8 7 1 0 30 1 8 5 1 2 29
1 8 7 1 9 6 0 2 34 1 9 7 0 1 34 1 9 8 0 0 34 1 7 6 2 2 30 1 7 7 2 1 30 1 7 8 2 0 30 1 8 6 1 2 30 1 8 7 1 1 30 1 8 8 1 0 30
1 8 8 1 9 9 0 0 35 1 9 7 0 2 34 1 9 8 0 1 34 1 7 9 2 0 31 1 7 7 2 2 30 1 7 8 2 1 30 1 8 9 1 0 31 1 8 7 1 2 30 1 8 8 1 1 30
1 8 9 1 9 9 0 1 35 1 9 10 0 0 35 1 9 8 0 2 34 1 7 9 2 1 31 1 7 10 2 0 31 1 7 8 2 2 30 1 8 9 1 1 31 1 8 10 1 0 31 1 8 8 1 2 30
1 8 10 1 9 9 0 2 35 1 9 10 0 1 35 0 0 0 0 0 0 1 7 9 2 2 31 1 7 10 2 1 31 0 0 0 0 0 0 1 8 9 1 2 31 1 8 10 1 1 31 0 0 0 0 0 0
1 8 11 0 0 0 0 0 0 1 9 10 0 2 35 0 0 0 0 0 0 0 0 0 0 0 0 1 7 10 2 2 31 0 0 0 0 0 0 0 0 0 0 0 0 1 8 10 1 2 31 0 0 0 0 0 0
1 8 12 0 0 0 0 0 0 0 0 0 0 0 0 0 0 0 0 0 0 0 0 0 0 0 0 0 0 0 0 0 0 0 0 0 0 0 0 0 0 0 0 0 0 0 0 0 0 0 0 0 0 0 0 0 0
1 8 13 0 0 0 0 0 0 0 0 0 0 0 0 0 0 0 0 0 0 0 0 0 0 0 0 0 0 0 0 0 0 0 0 0 0 0 0 0 0 0 0 0 0 0 0 0 0 0 0 0 0 0 0 0 0
1 8 14 0 0 0 0 0 0 0 0 0 0 0 0 0 0 0 0 0 0 0 0 0 0 0 0 0 0 0 0 0 0 0 0 0 0 0 0 0 0 0 0 0 0 0 0 0 0 0 0 0 0 0 0 0 0
1 8 15 0 0 0 0 0 0 0 0 0 0 0 0 0 0 0 0 0 0 0 0 0 0 0 0 0 0 0 0 0 0 0 0 0 0 0 0 0 0 0 0 0 0 0 0 0 0 0 0 0 0 0 0 0 0
1 9 0 1 9 0 1 1 32 1 9 1 1 0 32 0 0 0 0 0 0 1 10 0 0 1 32 1 10 1 0 0 32 0 0 0 0 0 0 1 8 0 2 1 28 1 8 1 2 0 28 0 0 0 0 0 0
1 9 1 1 9 0 1 2 32 1 9 1 1 1 32 1 9 2 1 0 32 1 10 0 0 2 32 1 10 1 0 1 32 1 10 2 0 0 32 1 8 0 2 2 28 1 8 1 2 1 28 1 8 2 2 0 28
1 9 2 1 9 3 1 0 33 1 9 1 1 2 32 1 9 2 1 1 32 1 10 3 0 0 33 1 10 1 0 2 32 1 10 2 0 1 32 1 8 3 2 0 29 1 8 1 2 2 28 1 8 2 2 1 28
1 9 3 1 9 3 1 1 33 1 9 4 1 0 33 1 9 2 1 2 32 1 10 3 0 1 33 1 10 4 0 0 33 1 10 2 0 2 32 1 8 3 2 1 29 1 8 4 2 0 29 1 8 2 2 2 28
1 9 4 1 9 3 1 2 33 1 9 4 1 1 33 1 9 5 1 0 33 1 10 3 0 2 33 1 10 4 0 1 33 1 10 5 0 0 33 1 8 3 2 2 29 1 8 4 2 1 29 1 8 5 2 0 29
1 9 5 1 9 6 1 0 34 1 9 4 1 2 33 1 9 5 1 1 33 1 10 6 0 0 34 1 10 4 0 2 33 1 10 5 0 1 33 1 8 6 2 0 30 1 8 4 2 2 29 1 8 5 2 1 29
1 9 6 1 9 6 1 1 34 1 9 7 1 0 34 1 9 5 1 2 33 1 10 6 0 1 34 1 10 7 0 0 34 1 10 5 0 2 33 1 8 6 2 1 30 1 8 7 2 0 30 1 8 5 2 2 29
1 9 7 1 9 6 1 2 34 1 9 7 1 1 34 1 9 8 1 0 34 1 10 6 0 2 34 1 10 7 0 1 34 1 10 8 0 0 34 1 8 6 2 2 30 1 8 7 2 1 30 1 8 8 2 0 30
1 9 8 1 9 9 1 0 35 1 9 7 1 2 34 1 9 8 1 1 34 1 10 9 0 0 35 1 10 7 0 2 34 1 10 8 0 1 34 1 8 9 2 0 31 1 8 7 2 2 30 1 8 8 2 1 30
1 9 9 1 9 9 1 1 35 1 9 10 1 0 35 1 9 8 1 2 34 1 10 9 0 1 35 1 10 10 0 0 35 1 10 8 0 2 34 1 8 9 2 1 31 1 8 10 2 0 31 1 8 8 2 2 30
1 9 10 1 9 9 1 2 35 1 9 10 1 1 35 0 0 0 0 0 0 1 10 9 0 2 35 1 10 10 0 1 35 0 0 0 0 0 0 1 8 9 2 2 31 1 8 10 2 1 31 0 0 0 0 0 0
1 9 11 0 0 0 0 0 0 1 9 10 1 2 35 0 0 0 0 0 0 0 0 0 0 0 0 1 10 10 0 2 35 0 0 0 0 0 0 0 0 0 0 0 0 1 8 10 2 2 31 0 0 0 0 0 0
1 9 12 0 0 0 0 0 0 0 0 0 0 0 0 0 0 0 0 0 0 0 0 0 0 0 0 0 0 0 0 0 0 0 0 0 0 0 0 0 0 0 0 0 0 0 0 0 0 0 0 0 0 0 0 0 0
1 9 13 0 0 0 0 0 0 0 0 0 0 0 0 0 0 0 0 0 0 0 0 0 0 0 0 0 0 0 0 0 0 0 0 0 0 0 0 0 0 0 0 0 0 0 0 0 0 0 0 0 0 0 0 0 0
1 9 14 0 0 0 0 0 0 0 0 0 0 0 0 0 0 0 0 0 0 0 0 0 0 0 0 0 0 0 0 0 0 0 0 0 0 0 0 0 0 0 0 0 0 0 0 0 0 0 0 0 0 0 0 0 0
1 9 15 0 0 0 0 0 0 0 0 0 0 0 0 0 0 0 0 0 0 0 0 0 0 0 0 0 0 0 0 0 0 0 0 0 0 0 0 0 0 0 0 0 0 0 0 0 0 0 0 0 0 0 0 0 0
1 10 0 1 9 0 2 1 32 1 9 1 2 0 32 0 0 0 0 0 0 1 10 0 1 1 32 1 10 1 1 0 32 0 0 0 0 0 0 1 11 0 0 1 32 1 11 1 0 0 32 0 0 0 0 0 0
1 10 1 1 9 0 2 2 32 1 9 1 2 1 32 1 9 2 2 0 32 1 10 0 1 2 32 1 10 1 1 1 32 1 10 2 1 0 32 1 11 0 0 2 32 1 11 1 0 1 32 1 11 2 0 0 32
1 10 2 1 9 3 2 0 33 1 9 1 2 2 32 1 9 2 2 1 32 1 10 3 1 0 33 1 10 1 1 2 32 1 10 2 1 1 32 1 11 3 0 0 33 1 11 1 0 2 32 1 11 2 0 1 32
1 10 3 1 9 3 2 1 33 1 9 4 2 0 33 1 9 2 2 2 32 1 10 3 1 1 33 1 10 4 1 0 33 1 10 2 1 2 32 1 11 3 0 1 33 1 11 4 0 0 33 1 11 2 0 2 32
1 10 4 1 9 3 2 2 33 1 9 4 2 1 33 1 9 5 2 0 33 1 10 3 1 2 33 1 10 4 1 1 33 1 10 5 1 0 33 1 11 3 0 2 33 1 11 4 0 1 33 1 11 5 0 0 33
1 10 5 1 9 6 2 0 34 1 9 4 2 2 33 1 9 5 2 1 33 1 10 6 1 0 34 1 10 4 1 2 33 1 10 5 1 1 33 1 11 6 0 0 34 1 11 4 0 2 33 1 11 5 0 1 33
1 10 6 1 9 6 2 1 34 1 9 7 2 0 34 1 9 5 2 2 33 1 10 6 1 1 34 1 10 7 1 0 34 1 10 5 1 2 33 1 11 6 0 1 34 1 11 7 0 0 34 1 11 5 0 2 33
1 10 7 1 9 6 2 2 34 1 9 7 2 1 34 1 9 8 2 0 34 1 10 6 1 2 34 1 10 7 1 1 34 1 10 8 1 0 34 1 11 6 0 2 34 1 11 7 0 1 34 1 11 8 0 0 34
1 10 8 1 9 9 2 0 35 1 9 7 2 2 34 1 9 8 2 1 34 1 10 9 1 0 35 1 10 7 1 2 34 1 10 8 1 1 34 1 11 9 0 0 35 1 11 7 0 2 34 1 11 8 0 1 34
1 10 9 1 9 9 2 1 35 1 9 10 2 0 35 1 9 8 2 2 34 1 10 9 1 1 35 1 10 10 1 0 35 1 10 8 1 2 34 1 11 9 0 1 35 1 11 10 0 0 35 1 11 8 0 2 34
1 10 10 1 9 9 2 2 35 1 9 10 2 1 35 0 0 0 0 0 0 1 10 9 1 2 35 1 10 10 1 1 35 0 0 0 0 0 0 1 11 9 0 2 35 1 11 10 0 1 35 0 0 0 0 0 0
1 10 11 0 0 0 0 0 0 1 9 10 2 2 35 0 0 0 0 0 0 0 0 0 0 0 0 1 10 10 1 2 35 0 0 0 0 0 0 0 0 0 0 0 0 1 11 10 0 2 35 0 0 0 0 0 0
1 10 12 0 0 0 0 0 0 0 0 0 0 0 0 0 0 0 0 0 0 0 0 0 0 0 0 0 0 0 0 0 0 0 0 0 0 0 0 0 0 0 0 0 0 0 0 0 0 0 0 0 0 0 0 0 0
1 10 13 0 0 0 0 0 0 0 0 0 0 0 0 0 0 0 0 0 0 0 0 0 0 0 0 0 0 0 0 0 0 0 0 0 0 0 0 0 0 0 0 0 0 0 0 0 0 0 0 0 0 0 0 0 0
1 10 14 0 0 0 0 0 0 0 0 0 0 0 0 0 0 0 0 0 0 0 0 0 0 0 0 0 0 0 0 0 0 0 0 0 0 0 0 0 0 0 0 0 0 0 0 0 0 0 0 0 0 0 0 0 0
1 10 15 0 0 0 0 0 0 0 0 0 0 0 0 0 0 0 0 0 0 0 0 0 0 0 0 0 0 0 0 0 0 0 0 0 0 0 0 0 0 0 0 0 0 0 0 0 0 0 0 0 0 0 0 0 0
1 11 0 1 12 0 0 1 36 1 12 1 0 0 36 0 0 0 0 0 0 1 10 0 2 1 32 1 10 1 2 0 32 0 0 0 0 0 0 1 11 0 1 1 32 1 11 1 1 0 32 0 0 0 0 0 0
1 11 1 1 12 0 0 2 36 1 12 1 0 1 36 1 12 2 0 0 36 1 10 0 2 2 32 1 10 1 2 1 32 1 10 2 2 0 32 1 11 0 1 2 32 1 11 1 1 1 32 1 11 2 1 0 32
1 11 2 1 12 3 0 0 37 1 12 1 0 2 36 1 12 2 0 1 36 1 10 3 2 0 33 1 10 1 2 2 32 1 10 2 2 1 32 1 11 3 1 0 33 1 11 1 1 2 32 1 11 2 1 1 32
1 11 3 1 12 3 0 1 37 1 12 4 0 0 37 1 12 2 0 2 36 1 10 3 2 1 33 1 10 4 2 0 33 1 10 2 2 2 32 1 11 3 1 1 33 1 11 4 1 0 33 1 11 2 1 2 32
1 11 4 1 12 3 0 2 37 1 12 4 0 1 37 1 12 5 0 0 37 1 10 3 2 2 33 1 10 4 2 1 33 1 10 5 2 0 33 1 11 3 1 2 33 1 11 4 1 1 33 1 11 5 1 0 33
1 11 5 1 12 6 0 0 38 1 12 4 0 2 37 1 12 5 0 1 37 1 10 6 2 0 34 1 10 4 2 2 33 1 10 5 2 1 33 1 11 6 1 0 34 1 11 4 1 2 33 1 11 5 1 1 33
1 11 6 1 12 6 0 1 38 1 12 7 0 0 38 1 12 5 0 2 37 1 10 6 2 1 34 1 10 7 2 0 34 1 10 5 2 2 33 1 11 6 1 1 34 1 11 7 1 0 34 1 11 5 1 2 33
1 11 7 1 12 6 0 2 38 1 12 7 0 1 38 1 12 8 0 0 38 1 10 6 2 2 34 1 10 7 2 1 34 1 10 8 2 0 34 1 11 6 1 2 34 1 11 7 1 1 34 1 11 8 1 0 34
1 11 8 1 12 9 0 0 39 1 12 7 0 2 38 1 12 8 0 1 38 1 10 9 2 0 35 1 10 7 2 2 34 1 10 8 2 1 34 1 11 9 1 0 35 1 11 7 1 2 34 1 11 8 1 1 34
1 11 9 1 12 9 0 1 39 1 12 10 0 0 39 1 12 8 0 2 38 1 10 9 2 1 35 1 10 10 2 0 35 1 10 8 2 2 34 1 11 9 1 1 35 1 11 10 1 0 35 1 11 8 1 2 34
1 11 10 1 12 9 0 2 39 1 12 10 0 1 39 0 0 0 0 0 0 1 10 9 2 2 35 1 10 10 2 1 35 0 0 0 0 0 0 1 11 9 1 2 35 1 11 10 1 1 35 0 0 0 0 0 0
1 11 11 0 0 0 0 0 0 1 12 10 0 2 39 0 0 0 0 0 0 0 0 0 0 0 0 1 10 10 2 2 35 0 0 0 0 0 0 0 0 0 0 0 0 1 11 10 1 2 35 0 0 0 0 0 0
1 11 12 0 0 0 0 0 0 0 0 0 0 0 0 0 0 0 0 0 0 0 0 0 0 0 0 0 0 0 0 0 0 0 0 0 0 0 0 0 0 0 0 0 0 0 0 0 0 0 0 0 0 0 0 0 0
1 11 13 0 0 0 0 0 0 0 0 0 0 0 0 0 0 0 0 0 0 0 0 0 0 0 0 0 0 0 0 0 0 0 0 0 0 0 0 0 0 0 0 0 0 0 0 0 0 0 0 0 0 0 0 0 0
1 11 14 0 0 0 0 0 0 0 0 0 0 0 0 0 0 0 0 0 0 0 0 0 0 0 0 0 0 0 0 0 0 0 0 0 0 0 0 0 0 0 0 0 0 0 0 0 0 0 0 0 0 0 0 0 0
1 11 15 0 0 0 0 0 0 0 0 0 0 0 0 0 0 0 0 0 0 0 0 0 0 0 0 0 0 0 0 0 0 0 0 0 0 0 0 0 0 0 0 0 0 0 0 0 0 0 0 0 0 0 0 0 0
1 12 0 1 12 0 1 1 36 1 12 1 1 0 36 0 0 0 0 0 0 0 0 0 0 0 0 0 0 0 0 0 0 0 0 0 0 0 0 1 11 0 2 1 32 1 11 1 2 0 32 0 0 0 0 0 0
1 12 1 1 12 0 1 2 36 1 12 1 1 1 36 1 12 2 1 0 36 0 0 0 0 0 0 0 0 0 0 0 0 0 0 0 0 0 0 1 11 0 2 2 32 1 11 1 2 1 32 1 11 2 2 0 32
1 12 2 1 12 3 1 0 37 1 12 1 1 2 36 1 12 2 1 1 36 0 0 0 0 0 0 0 0 0 0 0 0 0 0 0 0 0 0 1 11 3 2 0 33 1 11 1 2 2 32 1 11 2 2 1 32
1 12 3 1 12 3 1 1 37 1 12 4 1 0 37 1 12 2 1 2 36 0 0 0 0 0 0 0 0 0 0 0 0 0 0 0 0 0 0 1 11 3 2 1 33 1 11 4 2 0 33 1 11 2 2 2 32
1 12 4 1 12 3 1 2 37 1 12 4 1 1 37 1 12 5 1 0 37 0 0 0 0 0 0 0 0 0 0 0 0 0 0 0 0 0 0 1 11 3 2 2 33 1 11 4 2 1 33 1 11 5 2 0 33
1 12 5 1 12 6 1 0 38 1 12 4 1 2 37 1 12 5 1 1 37 0 0 0 0 0 0 0 0 0 0 0 0 0 0 0 0 0 0 1 11 6 2 0 34 1 11 4 2 2 33 1 11 5 2 1 33
1 12 6 1 12 6 1 1 38 1 12 7 1 0 38 1 12 5 1 2 37 0 0 0 0 0 0 0 0 0 0 0 0 0 0 0 0 0 0 1 11 6 2 1 34 1 11 7 2 0 34 1 11 5 2 2 33
1 12 7 1 12 6 1 2 38 1 12 7 1 1 38 1 12 8 1 0 38 0 0 0 0 0 0 0 0 0 0 0 0 0 0 0 0 0 0 1 11 6 2 2 34 1 11 7 2 1 34 1 11 8 2 0 34
1 12 8 1 12 9 1 0 39 1 12 7 1 2 38 1 12 8 1 1 38 0 0 0 0 0 0 0 0 0 0 0 0 0 0 0 0 0 0 1 11 9 2 0 35 1 11 7 2 2 34 1 11 8 2 1 34
1 12 9 1 12 9 1 1 39 1 12 10 1 0 39 1 12 8 1 2 38 0 0 0 0 0 0 0 0 0 0 0 0 0 0 0 0 0 0 1 11 9 2 1 35 1 11 10 2 0 35 1 11 8 2 2 34
1 12 10 1 12 9 1 2 39 1 12 10 1 1 39 0 0 0 0 0 0 0 0 0 0 0 0 0 0 0 0 0 0 0 0 0 0 0 0 1 11 9 2 2 35 1 11 10 2 1 35 0 0 0 0 0 0
1 12 11 0 0 0 0 0 0 1 12 10 1 2 39 0 0 0 0 0 0 0 0 0 0 0 0 0 0 0 0 0 0 0 0 0 0 0 0 0 0 0 0 0 0 1 11 10 2 2 35 0 0 0 0 0 0
1 12 12 0 0 0 0 0 0 0 0 0 0 0 0 0 0 0 0 0 0 0 0 0 0 0 0 0 0 0 0 0 0 0 0 0 0 0 0 0 0 0 0 0 0 0 0 0 0 0 0 0 0 0 0 0 0
1 12 13 0 0 0 0 0 0 0 0 0 0 0 0 0 0 0 0 0 0 0 0 0 0 0 0 0 0 0 0 0 0 0 0 0 0 0 0 0 0 0 0 0 0 0 0 0 0 0 0 0 0 0 0 0 0
1 12 14 0 0 0 0 0 0 0 0 0 0 0 0 0 0 0 0 0 0 0 0 0 0 0 0 0 0 0 0 0 0 0 0 0 0 0 0 0 0 0 0 0 0 0 0 0 0 0 0 0 0 0 0 0 0
1 12 15 0 0 0 0 0 0 0 0 0 0 0 0 0 0 0 0 0 0 0 0 0 0 0 0 0 0 0 0 0 0 0 0 0 0 0 0 0 0 0 0 0 0 0 0 0 0 0 0 0 0 0 0 0 0
1 13 0 1 12 0 2 1 36 1 12 1 2 0 36 0 0 0 0 0 0 0 0 0 0 0 0 0 0 0 0 0 0 0 0 0 0 0 0 0 0 0 0 0 0 0 0 0 0 0 0 0 0 0 0 0 0
1 13 1 1 12 0 2 2 36 1 12 1 2 1 36 1 12 2 2 0 36 0 0 0 0 0 0 0 0 0 0 0 0 0 0 0 0 0 0 0 0 0 0 0 0 0 0 0 0 0 0 0 0 0 0 0 0
1 13 2 1 12 3 2 0 37 1 12 1 2 2 36 1 12 2 2 1 36 0 0 0 0 0 0 0 0 0 0 0 0 0 0 0 0 0 0 0 0 0 0 0 0 0 0 0 0 0 0 0 0 0 0 0 0
1 13 3 1 12 3 2 1 37 1 12 4 2 0 37 1 12 2 2 2 36 0 0 0 0 0 0 0 0 0 0 0 0 0 0 0 0 0 0 0 0 0 0 0 0 0 0 0 0 0 0 0 0 0 0 0 0
1 13 4 1 12 3 2 2 37 1 12 4 2 1 37 1 12 5 2 0 37 0 0 0 0 0 0 0 0 0 0 0 0 0 0 0 0 0 0 0 0 0 0 0 0 0 0 0 0 0 0 0 0 0 0 0 0
1 13 5 1 12 6 2 0 38 1 12 4 2 2 37 1 12 5 2 1 37 0 0 0 0 0 0 0 0 0 0 0 0 0 0 0 0 0 0 0 0 0 0 0 0 0 0 0 0 0 0 0 0 0 0 0 0
1 13 6 1 12 6 2 1 38 1 12 7 2 0 38 1 12 5 2 2 37 0 0 0 0 0 0 0 0 0 0 0 0 0 0 0 0 0 0 0 0 0 0 0 0 0 0 0 0 0 0 0 0 0 0 0 0
1 13 7 1 12 6 2 2 38 1 12 7 2 1 38 1 12 8 2 0 38 0 0 0 0 0 0 0 0 0 0 0 0 0 0 0 0 0 0 0 0 0 0 0 0 0 0 0 0 0 0 0 0 0 0 0 0
1 13 8 1 12 9 2 0 39 1 12 7 2 2 38 1 12 8 2 1 38 0 0 0 0 0 0 0 0 0 0 0 0 0 0 0 0 0 0 0 0 0 0 0 0 0 0 0 0 0 0 0 0 0 0 0 0
1 13 9 1 12 9 2 1 39 1 12 10 2 0 39 1 12 8 2 2 38 0 0 0 0 0 0 0 0 0 0 0 0 0 0 0 0 0 0 0 0 0 0 0 0 0 0 0 0 0 0 0 0 0 0 0 0
1 13 10 1 12 9 2 2 39 1 12 10 2 1 39 0 0 0 0 0 0 0 0 0 0 0 0 0 0 0 0 0 0 0 0 0 0 0 0 0 0 0 0 0 0 0 0 0 0 0 0 0 0 0 0 0 0
1 13 11 0 0 0 0 0 0 1 12 10 2 2 39 0 0 0 0 0 0 0 0 0 0 0 0 0 0 0 0 0 0 0 0 0 0 0 0 0 0 0 0 0 0 0 0 0 0 0 0 0 0 0 0 0 0
1 13 12 0 0 0 0 0 0 0 0 0 0 0 0 0 0 0 0 0 0 0 0 0 0 0 0 0 0 0 0 0 0 0 0 0 0 0 0 0 0 0 0 0 0 0 0 0 0 0 0 0 0 0 0 0 0
1 13 13 0 0 0 0 0 0 0 0 0 0 0 0 0 0 0 0 0 0 0 0 0 0 0 0 0 0 0 0 0 0 0 0 0 0 0 0 0 0 0 0 0 0 0 0 0 0 0 0 0 0 0 0 0 0
1 13 14 0 0 0 0 0 0 0 0 0 0 0 0 0 0 0 0 0 0 0 0 0 0 0 0 0 0 0 0 0 0 0 0 0 0 0 0 0 0 0 0 0 0 0 0 0 0 0 0 0 0 0 0 0 0
1 13 15 0 0 0 0 0 0 0 0 0 0 0 0 0 0 0 0 0 0 0 0 0 0 0 0 0 0 0 0 0 0 0 0 0 0 0 0 0 0 0 0 0 0 0 0 0 0 0 0 0 0 0 0 0 0
1 14 0 0 0 0 0 0 0 0 0 0 0 0 0 0 0 0 0 0 0 0 0 0 0 0 0 0 0 0 0 0 0 0 0 0 0 0 0 0 0 0 0 0 0 0 0 0 0 0 0 0 0 0 0 0 0
1 14 1 0 0 0 0 0 0 0 0 0 0 0 0 0 0 0 0 0 0 0 0 0 0 0 0 0 0 0 0 0 0 0 0 0 0 0 0 0 0 0 0 0 0 0 0 0 0 0 0 0 0 0 0 0 0
1 14 2 0 0 0 0 0 0 0 0 0 0 0 0 0 0 0 0 0 0 0 0 0 0 0 0 0 0 0 0 0 0 0 0 0 0 0 0 0 0 0 0 0 0 0 0 0 0 0 0 0 0 0 0 0 0
1 14 3 0 0 0 0 0 0 0 0 0 0 0 0 0 0 0 0 0 0 0 0 0 0 0 0 0 0 0 0 0 0 0 0 0 0 0 0 0 0 0 0 0 0 0 0 0 0 0 0 0 0 0 0 0 0
1 14 4 0 0 0 0 0 0 0 0 0 0 0 0 0 0 0 0 0 0 0 0 0 0 0 0 0 0 0 0 0 0 0 0 0 0 0 0 0 0 0 0 0 0 0 0 0 0 0 0 0 0 0 0 0 0
1 14 5 0 0 0 0 0 0 0 0 0 0 0 0 0 0 0 0 0 0 0 0 0 0 0 0 0 0 0 0 0 0 0 0 0 0 0 0 0 0 0 0 0 0 0 0 0 0 0 0 0 0 0 0 0 0
1 14 6 0 0 0 0 0 0 0 0 0 0 0 0 0 0 0 0 0 0 0 0 0 0 0 0 0 0 0 0 0 0 0 0 0 0 0 0 0 0 0 0 0 0 0 0 0 0 0 0 0 0 0 0 0 0
1 14 7 0 0 0 0 0 0 0 0 0 0 0 0 0 0 0 0 0 0 0 0 0 0 0 0 0 0 0 0 0 0 0 0 0 0 0 0 0 0 0 0 0 0 0 0 0 0 0 0 0 0 0 0 0 0
1 14 8 0 0 0 0 0 0 0 0 0 0 0 0 0 0 0 0 0 0 0 0 0 0 0 0 0 0 0 0 0 0 0 0 0 0 0 0 0 0 0 0 0 0 0 0 0 0 0 0 0 0 0 0 0 0
1 14 9 0 0 0 0 0 0 0 0 0 0 0 0 0 0 0 0 0 0 0 0 0 0 0 0 0 0 0 0 0 0 0 0 0 0 0 0 0 0 0 0 0 0 0 0 0 0 0 0 0 0 0 0 0 0
1 14 10 0 0 0 0 0 0 0 0 0 0 0 0 0 0 0 0 0 0 0 0 0 0 0 0 0 0 0 0 0 0 0 0 0 0 0 0 0 0 0 0 0 0 0 0 0 0 0 0 0 0 0 0 0 0
1 14 11 0 0 0 0 0 0 0 0 0 0 0 0 0 0 0 0 0 0 0 0 0 0 0 0 0 0 0 0 0 0 0 0 0 0 0 0 0 0 0 0 0 0 0 0 0 0 0 0 0 0 0 0 0 0
1 14 12 0 0 0 0 0 0 0 0 0 0 0 0 0 0 0 0 0 0 0 0 0 0 0 0 0 0 0 0 0 0 0 0 0 0 0 0 0 0 0 0 0 0 0 0 0 0 0 0 0 0 0 0 0 0
1 14 13 0 0 0 0 0 0 0 0 0 0 0 0 0 0 0 0 0 0 0 0 0 0 0 0 0 0 0 0 0 0 0 0 0 0 0 0 0 0 0 0 0 0 0 0 0 0 0 0 0 0 0 0 0 0
1 14 14 0 0 0 0 0 0 0 0 0 0 0 0 0 0 0 0 0 0 0 0 0 0 0 0 0 0 0 0 0 0 0 0 0 0 0 0 0 0 0 0 0 0 0 0 0 0 0 0 0 0 0 0 0 0
1 14 15 0 0 0 0 0 0 0 0 0 0 0 0 0 0 0 0 0 0 0 0 0 0 0 0 0 0 0 0 0 0 0 0 0 0 0 0 0 0 0 0 0 0 0 0 0 0 0 0 0 0 0 0 0 0
1 15 0 0 0 0 0 0 0 0 0 0 0 0 0 0 0 0 0 0 0 0 0 0 0 0 0 0 0 0 0 0 0 0 0 0 0 0 0 0 0 0 0 0 0 0 0 0 0 0 0 0 0 0 0 0 0
1 15 1 0 0 0 0 0 0 0 0 0 0 0 0 0 0 0 0 0 0 0 0 0 0 0 0 0 0 0 0 0 0 0 0 0 0 0 0 0 0 0 0 0 0 0 0 0 0 0 0 0 0 0 0 0 0
1 15 2 0 0 0 0 0 0 0 0 0 0 0 0 0 0 0 0 0 0 0 0 0 0 0 0 0 0 0 0 0 0 0 0 0 0 0 0 0 0 0 0 0 0 0 0 0 0 0 0 0 0 0 0 0 0
1 15 3 0 0 0 0 0 0 0 0 0 0 0 0 0 0 0 0 0 0 0 0 0 0 0 0 0 0 0 0 0 0 0 0 0 0 0 0 0 0 0 0 0 0 0 0 0 0 0 0 0 0 0 0 0 0
1 15 4 0 0 0 0 0 0 0 0 0 0 0 0 0 0 0 0 0 0 0 0 0 0 0 0 0 0 0 0 0 0 0 0 0 0 0 0 0 0 0 0 0 0 0 0 0 0 0 0 0 0 0 0 0 0
1 15 5 0 0 0 0 0 0 0 0 0 0 0 0 0 0 0 0 0 0 0 0 0 0 0 0 0 0 0 0 0 0 0 0 0 0 0 0 0 0 0 0 0 0 0 0 0 0 0 0 0 0 0 0 0 0
1 15 6 0 0 0 0 0 0 0 0 0 0 0 0 0 0 0 0 0 0 0 0 0 0 0 0 0 0 0 0 0 0 0 0 0 0 0 0 0 0 0 0 0 0 0 0 0 0 0 0 0 0 0 0 0 0
1 15 7 0 0 0 0 0 0 0 0 0 0 0 0 0 0 0 0 0 0 0 0 0 0 0 0 0 0 0 0 0 0 0 0 0 0 0 0 0 0 0 0 0 0 0 0 0 0 0 0 0 0 0 0 0 0
1 15 8 0 0 0 0 0 0 0 0 0 0 0 0 0 0 0 0 0 0 0 0 0 0 0 0 0 0 0 0 0 0 0 0 0 0 0 0 0 0 0 0 0 0 0 0 0 0 0 0 0 0 0 0 0 0
1 15 9 0 0 0 0 0 0 0 0 0 0 0 0 0 0 0 0 0 0 0 0 0 0 0 0 0 0 0 0 0 0 0 0 0 0 0 0 0 0 0 0 0 0 0 0 0 0 0 0 0 0 0 0 0 0
1 15 10 0 0 0 0 0 0 0 0 0 0 0 0 0 0 0 0 0 0 0 0 0 0 0 0 0 0 0 0 0 0 0 0 0 0 0 0 0 0 0 0 0 0 0 0 0 0 0 0 0 0 0 0 0 0
1 15 11 0 0 0 0 0 0 0 0 0 0 0 0 0 0 0 0 0 0 0 0 0 0 0 0 0 0 0 0 0 0 0 0 0 0 0 0 0 0 0 0 0 0 0 0 0 0 0 0 0 0 0 0 0 0
1 15 12 0 0 0 0 0 0 0 0 0 0 0 0 0 0 0 0 0 0 0 0 0 0 0 0 0 0 0 0 0 0 0 0 0 0 0 0 0 0 0 0 0 0 0 0 0 0 0 0 0 0 0 0 0 0
1 15 13 0 0 0 0 0 0 0 0 0 0 0 0 0 0 0 0 0 0 0 0 0 0 0 0 0 0 0 0 0 0 0 0 0 0 0 0 0 0 0 0 0 0 0 0 0 0 0 0 0 0 0 0 0 0
1 15 14 0 0 0 0 0 0 0 0 0 0 0 0 0 0 0 0 0 0 0 0 0 0 0 0 0 0 0 0 0 0 0 0 0 0 0 0 0 0 0 0 0 0 0 0 0 0 0 0 0 0 0 0 0 0
1 15 15 0 0 0 0 0 0 0 0 0 0 0 0 0 0 0 0 0 0 0 0 0 0 0 0 0 0 0 0 0 0 0 0 0 0 0 0 0 0 0 0 0 0 0 0 0 0 0 0 0 0 0 0 0 0
2 0 0 1 0 0 1 1 40 1 0 1 1 0 40 0 0 0 0 0 0 1 1 0 0 1 40 1 1 1 0 0 40 0 0 0 0 0 0 0 0 0 0 0 0 0 0 0 0 0 0 0 0 0 0 0 0
2 0 1 1 0 0 1 2 40 1 0 1 1 1 40 1 0 2 1 0 40 1 1 0 0 2 40 1 1 1 0 1 40 1 1 2 0 0 40 0 0 0 0 0 0 0 0 0 0 0 0 0 0 0 0 0 0
2 0 2 1 0 3 1 0 41 1 0 1 1 2 40 1 0 2 1 1 40 1 1 3 0 0 41 1 1 1 0 2 40 1 1 2 0 1 40 0 0 0 0 0 0 0 0 0 0 0 0 0 0 0 0 0 0
2 0 3 1 0 3 1 1 41 1 0 4 1 0 41 1 0 2 1 2 40 1 1 3 0 1 41 1 1 4 0 0 41 1 1 2 0 2 40 0 0 0 0 0 0 0 0 0 0 0 0 0 0 0 0 0 0
2 0 4 1 0 3 1 2 41 1 0 4 1 1 41 1 0 5 1 0 41 1 1 3 0 2 41 1 1 4 0 1 41 1 1 5 0 0 41 0 0 0 0 0 0 0 0 0 0 0 0 0 0 0 0 0 0
2 0 5 1 0 6 1 0 42 1 0 4 1 2 41 1 0 5 1 1 41 1 1 6 0 0 42 1 1 4 0 2 41 1 1 5 0 1 41 0 0 0 0 0 0 0 0 0 0 0 0 0 0 0 0 0 0
2 0 6 1 0 6 1 1 42 1 0 7 1 0 42 1 0 5 1 2 41 1 1 6 0 1 42 1 1 7 0 0 42 1 1 5 0 2 41 0 0 0 0 0 0 0 0 0 0 0 0 0 0 0 0 0 0
2 0 7 1 0 6 1 2 42 1 0 7 1 1 42 1 0 8 1 0 42 1 1 6 0 2 42 1 1 7 0 1 42 1 1 8 0 0 42 0 0 0 0 0 0 0 0 0 0 0 0 0 0 0 0 0 0
2 0 8 1 0 9 1 0 43 1 0 7 1 2 42 1 0 8 1 1 42 1 1 9 0 0 43 1 1 7 0 2 42 1 1 8 0 1 42 0 0 0 0 0 0 0 0 0 0 0 0 0 0 0 0 0 0
2 0 9 1 0 9 1 1 43 1 0 10 1 0 43 1 0 8 1 2 42 1 1 9 0 1 43 1 1 10 0 0 43 1 1 8 0 2 42 0 0 0 0 0 0 0 0 0 0 0 0 0 0 0 0 0 0
2 0 10 1 0 9 1 2 43 1 0 10 1 1 43 0 0 0 0 0 0 1 1 9 0 2 43 1 1 10 0 1 43 0 0 0 0 0 0 0 0 0 0 0 0 0 0 0 0 0 0 0 0 0 0 0 0
2 0 11 0 0 0 0 0 0 1 0 10 1 2 43 0 0 0 0 0 0 0 0 0 0 0 0 1 1 10 0 2 43 0 0 0 0 0 0 0 0 0 0 0 0 0 0 0 0 0 0 0 0 0 0 0 0
2 0 12 0 0 0 0 0 0 0 0 0 0 0 0 0 0 0 0 0 0 0 0 0 0 0 0 0 0 0 0 0 0 0 0 0 0 0 0 0 0 0 0 0 0 0 0 0 0 0 0 0 0 0 0 0 0
2 0 13 0 0 0 0 0 0 0 0 0 0 0 0 0 0 0 0 0 0 0 0 0 0 0 0 0 0 0 0 0 0 0 0 0 0 0 0 0 0 0 0 0 0 0 0 0 0 0 0 0 0 0 0 0 0
2 0 14 0 0 0 0 0 0 0 0 0 0 0 0 0 0 0 0 0 0 0 0 0 0 0 0 0 0 0 0 0 0 0 0 0 0 0 0 0 0 0 0 0 0 0 0 0 0 0 0 0 0 0 0 0 0
2 0 15 0 0 0 0 0 0 0 0 0 0 0 0 0 0 0 0 0 0 0 0 0 0 0 0 0 0 0 0 0 0 0 0 0 0 0 0 0 0 0 0 0 0 0 0 0 0 0 0 0 0 0 0 0 0
2 1 0 1 0 0 2 1 40 1 0 1 2 0 40 0 0 0 0 0 0 1 1 0 1 1 40 1 1 1 1 0 40 0 0 0 0 0 0 1 2 0 0 1 40 1 2 1 0 0 40 0 0 0 0 0 0
2 1 1 1 0 0 2 2 40 1 0 1 2 1 40 1 0 2 2 0 40 1 1 0 1 2 40 1 1 1 1 1 40 1 1 2 1 0 40 1 2 0 0 2 40 1 2 1 0 1 40 1 2 2 0 0 40
2 1 2 1 0 3 2 0 41 1 0 1 2 2 40 1 0 2 2 1 40 1 1 3 1 0 41 1 1 1 1 2 40 1 1 2 1 1 40 1 2 3 0 0 41 1 2 1 0 2 40 1 2 2 0 1 40
2 1 3 1 0 3 2 1 41 1 0 4 2 0 41 1 0 2 2 2 40 1 1 3 1 1 41 1 1 4 1 0 41 1 1 2 1 2 40 1 2 3 0 1 41 1 2 4 0 0 41 1 2 2 0 2 40
2 1 4 1 0 3 2 2 41 1 0 4 2 1 41 1 0 5 2 0 41 1 1 3 1 2 41 1 1 4 1 1 41 1 1 5 1 0 41 1 2 3 0 2 41 1 2 4 0 1 41 1 2 5 0 0 41
2 1 5 1 0 6 2 0 42 1 0 4 2 2 41 1 0 5 2 1 41 1 1 6 1 0 42 1 1 4 1 2 41 1 1 5 1 1 41 1 2 6 0 0 42 1 2 4 0 2 41 1 2 5 0 1 41
2 1 6 1 0 6 2 1 42 1 0 7 2 0 42 1 0 5 2 2 41 1 1 6 1 1 42 1 1 7 1 0 42 1 1 5 1 2 41 1 2 6 0 1 42 1 2 7 0 0 42 1 2 5 0 2 41
2 1 7 1 0 6 2 2 42 1 0 7 2 1 42 1 0 8 2 0 42 1 1 6 1 2 42 1 1 7 1 1 42 1 1 8 1 0 42 1 2 6 0 2 42 1 2 7 0 1 42 1 2 8 0 0 42
2 1 8 1 0 9 2 0 43 1 0 7 2 2 42 1 0 8 2 1 42 1 1 9 1 0 43 1 1 7 1 2 42 1 1 8 1 1 42 1 2 9 0 0 43 1 2 7 0 2 42 1 2 8 0 1 42
2 1 9 1 0 9 2 1 43 1 0 10 2 0 43 1 0 8 2 2 42 1 1 9 1 1 43 1 1 10 1 0 43 1 1 8 1 2 42 1 2 9 0 1 43 1 2 10 0 0 43 1 2 8 0 2 42
2 1 10 1 0 9 2 2 43 1 0 10 2 1 43 0 0 0 0 0 0 1 1 9 1 2 43 1 1 10 1 1 43 0 0 0 0 0 0 1 2 9 0 2 43 1 2 10 0 1 43 0 0 0 0 0 0
2 1 11 0 0 0 0 0 0 1 0 10 2 2 43 0 0 0 0 0 0 0 0 0 0 0 0 1 1 10 1 2 43 0 0 0 0 0 0 0 0 0 0 0 0 1 2 10 0 2 43 0 0 0 0 0 0
2 1 12 0 0 0 0 0 0 0 0 0 0 0 0 0 0 0 0 0 0 0 0 0 0 0 0 0 0 0 0 0 0 0 0 0 0 0 0 0 0 0 0 0 0 0 0 0 0 0 0 0 0 0 0 0 0
2 1 13 0 0 0 0 0 0 0 0 0 0 0 0 0 0 0 0 0 0 0 0 0 0 0 0 0 0 0 0 0 0 0 0 0 0 0 0 0 0 0 0 0 0 0 0 0 0 0 0 0 0 0 0 0 0
2 1 14 0 0 0 0 0 0 0 0 0 0 0 0 0 0 0 0 0 0 0 0 0 0 0 0 0 0 0 0 0 0 0 0 0 0 0 0 0 0 0 0 0 0 0 0 0 0 0 0 0 0 0 0 0 0
2 1 15 0 0 0 0 0 0 0 0 0 0 0 0 0 0 0 0 0 0 0 0 0 0 0 0 0 0 0 0 0 0 0 0 0 0 0 0 0 0 0 0 0 0 0 0 0 0 0 0 0 0 0 0 0 0
2 2 0 1 3 0 0 1 44 1 3 1 0 0 44 0 0 0 0 0 0 1 1 0 2 1 40 1 1 1 2 0 40 0 0 0 0 0 0 1 2 0 1 1 40 1 2 1 1 0 40 0 0 0 0 0 0
2 2 1 1 3 0 0 2 44 1 3 1 0 1 44 1 3 2 0 0 44 1 1 0 2 2 40 1 1 1 2 1 40 1 1 2 2 0 40 1 2 0 1 2 40 1 2 1 1 1 40 1 2 2 1 0 40
2 2 2 1 3 3 0 0 45 1 3 1 0 2 44 1 3 2 0 1 44 1 1 3 2 0 41 1 1 1 2 2 40 1 1 2 2 1 40 1 2 3 1 0 41 1 2 1 1 2 40 1 2 2 1 1 40
2 2 3 1 3 3 0 1 45 1 3 4 0 0 45 1 3 2 0 2 44 1 1 3 2 1 41 1 1 4 2 0 41 1 1 2 2 2 40 1 2 3 1 1 41 1 2 4 1 0 41 1 2 2 1 2 40
2 2 4 1 3 3 0 2 45 1 3 4 0 1 45 1 3 5 0 0 45 1 1 3 2 2 41 1 1 4 2 1 41 1 1 5 2 0 41 1 2 3 1 2 41 1 2 4 1 1 41 1 2 5 1 0 41
2 2 5 1 3 6 0 0 46 1 3 4 0 2 45 1 3 5 0 1 45 1 1 6 2 0 42 1 1 4 2 2 41 1 1 5 2 1 41 1 2 6 1 0 42 1 2 4 1 2 41 1 2 5 1 1 41
2 2 6 1 3 6 0 1 46 1 3 7 0 0 46 1 3 5 0 2 45 1 1 6 2 1 42 1 1 7 2 0 42 1 1 5 2 2 41 1 2 6 1 1 42 1 2 7 1 0 42 1 2 5 1 2 41
2 2 7 1 3 6 0 2 46 1 3 7 0 1 46 1 3 8 0 0 46 1 1 6 2 2 42 1 1 7 2 1 42 1 1 8 2 0 42 1 2 6 1 2 42 1 2 7 1 1 42 1 2 8 1 0 42
2 2 8 1 3 9 0 0 47 1 3 7 0 2 46 1 3 8 0 1 46 1 1 9 2 0 43 1 1 7 2 2 42 1 1 8 2 1 42 1 2 9 1 0 43 1 2 7 1 2 42 1 2 8 1 1 42
2 2 9 1 3 9 0 1 47 1 3 10 0 0 47 1 3 8 0 2 46 1 1 9 2 1 43 1 1 10 2 0 43 1 1 8 2 2 42 1 2 9 1 1 43 1 2 10 1 0 43 1 2 8 1 2 42
2 2 10 1 3 9 0 2 47 1 3 10 0 1 47 0 0 0 0 0 0 1 1 9 2 2 43 1 1 10 2 1 43 0 0 0 0 0 0 1 2 9 1 2 43 1 2 10 1 1 43 0 0 0 0 0 0
2 2 11 0 0 0 0 0 0 1 3 10 0 2 47 0 0 0 0 0 0 0 0 0 0 0 0 1 1 10 2 2 43 0 0 0 0 0 0 0 0 0 0 0 0 1 2 10 1 2 43 0 0 0 0 0 0
2 2 12 0 0 0 0 0 0 0 0 0 0 0 0 0 0 0 0 0 0 0 0 0 0 0 0 0 0 0 0 0 0 0 0 0 0 0 0 0 0 0 0 0 0 0 0 0 0 0 0 0 0 0 0 0 0
2 2 13 0 0 0 0 0 0 0 0 0 0 0 0 0 0 0 0 0 0 0 0 0 0 0 0 0 0 0 0 0 0 0 0 0 0 0 0 0 0 0 0 0 0 0 0 0 0 0 0 0 0 0 0 0 0
2 2 14 0 0 0 0 0 0 0 0 0 0 0 0 0 0 0 0 0 0 0 0 0 0 0 0 0 0 0 0 0 0 0 0 0 0 0 0 0 0 0 0 0 0 0 0 0 0 0 0 0 0 0 0 0 0
2 2 15 0 0 0 0 0 0 0 0 0 0 0 0 0 0 0 0 0 0 0 0 0 0 0 0 0 0 0 0 0 0 0 0 0 0 0 0 0 0 0 0 0 0 0 0 0 0 0 0 0 0 0 0 0 0
2 3 0 1 3 0 1 1 44 1 3 1 1 0 44 0 0 0 0 0 0 1 4 0 0 1 44 1 4 1 0 0 44 0 0 0 0 0 0 1 2 0 2 1 40 1 2 1 2 0 40 0 0 0 0 0 0
2 3 1 1 3 0 1 2 44 1 3 1 1 1 44 1 3 2 1 0 44 1 4 0 0 2 44 1 4 1 0 1 44 1 4 2 0 0 44 1 2 0 2 2 40 1 2 1 2 1 40 1 2 2 2 0 40
2 3 2 1 3 3 1 0 45 1 3 1 1 2 44 1 3 2 1 1 44 1 4 3 0 0 45 1 4 1 0 2 44 1 4 2 0 1 44 1 2 3 2 0 41 1 2 1 2 2 40 1 2 2 2 1 40
2 3 3 1 3 3 1 1 45 1 3 4 1 0 45 1 3 2 1 2 44 1 4 3 0 1 45 1 4 4 0 0 45 1 4 2 0 2 44 1 2 3 2 1 41 1 2 4 2 0 41 1 2 2 2 2 40
2 3 4 1 3 3 1 2 45 1 3 4 1 1 45 1 3 5 1 0 45 1 4 3 0 2 45 1 4 4 0 1 45 1 4 5 0 0 45 1 2 3 2 2 41 1 2 4 2 1 41 1 2 5 2 0 41
2 3 5 1 3 6 1 0 46 1 3 4 1 2 45 1 3 5 1 1 45 1 4 6 0 0 46 1 4 4 0 2 45 1 4 5 0 1 45 1 2 6 2 0 42 1 2 4 2 2 41 1 2 5 2 1 41
2 3 6 1 3 6 1 1 46 1 3 7 1 0 46 1 3 5 1 2 45 1 4 6 0 1 46 1 4 7 0 0 46 1 4 5 0 2 45 1 2 6 2 1 42 1 2 7 2 0 42 1 2 5 2 2 41
2 3 7 1 3 6 1 2 46 1 3 7 1 1 46 1 3 8 1 0 46 1 4 6 0 2 46 1 4 7 0 1 46 1 4 8 0 0 46 1 2 6 2 2 42 1 2 7 2 1 42 1 2 8 2 0 42
2 3 8 1 3 9 1 0 47 1 3 7 1 2 46 1 3 8 1 1 46 1 4 9 0 0 47 1 4 7 0 2 46 1 4 8 0 1 46 1 2 9 2 0 43 1 2 7 2 2 42 1 2 8 2 1 42
2 3 9 1 3 9 1 1 47 1 3 10 1 0 47 1 3 8 1 2 46 1 4 9 0 1 47 1 4 10 0 0 47 1 4 8 0 2 46 1 2 9 2 1 43 1 2 10 2 0 43 1 2 8 2 2 42
2 3 10 1 3 9 1 2 47 1 3 10 1 1 47 0 0 0 0 0 0 1 4 9 0 2 47 1 4 10 0 1 47 0 0 0 0 0 0 1 2 9 2 2 43 1 2 10 2 1 43 0 0 0 0 0 0
2 3 11 0 0 0 0 0 0 1 3 10 1 2 47 0 0 0 0 0 0 0 0 0 0 0 0 1 4 10 0 2 47 0 0 0 0 0 0 0 0 0 0 0 0 1 2 10 2 2 43 0 0 0 0 0 0
2 3 12 0 0 0 0 0 0 0 0 0 0 0 0 0 0 0 0 0 0 0 0 0 0 0 0 0 0 0 0 0 0 0 0 0 0 0 0 0 0 0 0 0 0 0 0 0 0 0 0 0 0 0 0 0 0
2 3 13 0 0 0 0 0 0 0 0 0 0 0 0 0 0 0 0 0 0 0 0 0 0 0 0 0 0 0 0 0 0 0 0 0 0 0 0 0 0 0 0 0 0 0 0 0 0 0 0 0 0 0 0 0 0
2 3 14 0 0 0 0 0 0 0 0 0 0 0 0 0 0 0 0 0 0 0 0 0 0 0 0 0 0 0 0 0 0 0 0 0 0 0 0 0 0 0 0 0 0 0 0 0 0 0 0 0 0 0 0 0 0
2 3 15 0 0 0 0 0 0 0 0 0 0 0 0 0 0 0 0 0 0 0 0 0 0 0 0 0 0 0 0 0 0 0 0 0 0 0 0 0 0 0 0 0 0 0 0 0 0 0 0 0 0 0 0 0 0
2 4 0 1 3 0 2 1 44 1 3 1 2 0 44 0 0 0 0 0 0 1 4 0 1 1 44 1 4 1 1 0 44 0 0 0 0 0 0 1 5 0 0 1 44 1 5 1 0 0 44 0 0 0 0 0 0
2 4 1 1 3 0 2 2 44 1 3 1 2 1 44 1 3 2 2 0 44 1 4 0 1 2 44 1 4 1 1 1 44 1 4 2 1 0 44 1 5 0 0 2 44 1 5 1 0 1 44 1 5 2 0 0 44
2 4 2 1 3 3 2 0 45 1 3 1 2 2 44 1 3 2 2 1 44 1 4 3 1 0 45 1 4 1 1 2 44 1 4 2 1 1 44 1 5 3 0 0 45 1 5 1 0 2 44 1 5 2 0 1 44
2 4 3 1 3 3 2 1 45 1 3 4 2 0 45 1 3 2 2 2 44 1 4 3 1 1 45 1 4 4 1 0 45 1 4 2 1 2 44 1 5 3 0 1 45 1 5 4 0 0 45 1 5 2 0 2 44
2 4 4 1 3 3 2 2 45 1 3 4 2 1 45 1 3 5 2 0 45 1 4 3 1 2 45 1 4 4 1 1 45 1 4 5 1 0 45 1 5 3 0 2 45 1 5 4 0 1 45 1 5 5 0 0 45
2 4 5 1 3 6 2 0 46 1 3 4 2 2 45 1 3 5 2 1 45 1 4 6 1 0 46 1 4 4 1 2 45 1 4 5 1 1 45 1 5 6 0 0 46 1 5 4 0 2 45 1 5 5 0 1 45
2 4 6 1 3 6 2 1 46 1 3 7 2 0 46 1 3 5 2 2 45 1 4 6 1 1 46 1 4 7 1 0 46 1 4 5 1 2 45 1 5 6 0 1 46 1 5 7 0 0 46 1 5 5 0 2 45
2 4 7 1 3 6 2 2 46 1 3 7 2 1 46 1 3 8 2 0 46 1 4 6 1 2 46 1 4 7 1 1 46 1 4 8 1 0 46 1 5 6 0 2 46 1 5 7 0 1 46 1 5 8 0 0 46
2 4 8 1 3 9 2 0 47 1 3 7 2 2 46 1 3 8 2 1 46 1 4 9 1 0 47 1 4 7 1 2 46 1 4 8 1 1 46 1 5 9 0 0 47 1 5 7 0 2 46 1 5 8 0 1 46
2 4 9 1 3 9 2 1 47 1 3 10 2 0 47 1 3 8 2 2 46 1 4 9 1 1 47 1 4 10 1 0 47 1 4 8 1 2 46 1 5 9 0 1 47 1 5 10 0 0 47 1 5 8 0 2 46
2 4 10 1 3 9 2 2 47 1 3 10 2 1 47 0 0 0 0 0 0 1 4 9 1 2 47 1 4 10 1 1 47 0 0 0 0 0 0 1 5 9 0 2 47 1 5 10 0 1 47 0 0 0 0 0 0
2 4 11 0 0 0 0 0 0 1 3 10 2 2 47 0 0 0 0 0 0 0 0 0 0 0 0 1 4 10 1 2 47 0 0 0 0 0 0 0 0 0 0 0 0 1 5 10 0 2 47 0 0 0 0 0 0
2 4 12 0 0 0 0 0 0 0 0 0 0 0 0 0 0 0 0 0 0 0 0 0 0 0 0 0 0 0 0 0 0 0 0 0 0 0 0 0 0 0 0 0 0 0 0 0 0 0 0 0 0 0 0 0 0
2 4 13 0 0 0 0 0 0 0 0 0 0 0 0 0 0 0 0 0 0 0 0 0 0 0 0 0 0 0 0 0 0 0 0 0 0 0 0 0 0 0 0 0 0 0 0 0 0 0 0 0 0 0 0 0 0
2 4 14 0 0 0 0 0 0 0 0 0 0 0 0 0 0 0 0 0 0 0 0 0 0 0 0 0 0 0 0 0 0 0 0 0 0 0 0 0 0 0 0 0 0 0 0 0 0 0 0 0 0 0 0 0 0
2 4 15 0 0 0 0 0 0 0 0 0 0 0 0 0 0 0 0 0 0 0 0 0 0 0 0 0 0 0 0 0 0 0 0 0 0 0 0 0 0 0 0 0 0 0 0 0 0 0 0 0 0 0 0 0 0
2 5 0 1 6 0 0 1 48 1 6 1 0 0 48 0 0 0 0 0 0 1 4 0 2 1 44 1 4 1 2 0 44 0 0 0 0 0 0 1 5 0 1 1 44 1 5 1 1 0 44 0 0 0 0 0 0
2 5 1 1 6 0 0 2 48 1 6 1 0 1 48 1 6 2 0 0 48 1 4 0 2 2 44 1 4 1 2 1 44 1 4 2 2 0 44 1 5 0 1 2 44 1 5 1 1 1 44 1 5 2 1 0 44
2 5 2 1 6 3 0 0 49 1 6 1 0 2 48 1 6 2 0 1 48 1 4 3 2 0 45 1 4 1 2 2 44 1 4 2 2 1 44 1 5 3 1 0 45 1 5 1 1 2 44 1 5 2 1 1 44
2 5 3 1 6 3 0 1 49 1 6 4 0 0 49 1 6 2 0 2 48 1 4 3 2 1 45 1 4 4 2 0 45 1 4 2 2 2 44 1 5 3 1 1 45 1 5 4 1 0 45 1 5 2 1 2 44
2 5 4 1 6 3 0 2 49 1 6 4 0 1 49 1 6 5 0 0 49 1 4 3 2 2 45 1 4 4 2 1 45 1 4 5 2 0 45 1 5 3 1 2 45 1 5 4 1 1 45 1 5 5 1 0 45
2 5 5 1 6 6 0 0 50 1 6 4 0 2 49 1 6 5 0 1 49 1 4 6 2 0 46 1 4 4 2 2 45 1 4 5 2 1 45 1 5 6 1 0 46 1 5 4 1 2 45 1 5 5 1 1 45
2 5 6 1 6 6 0 1 50 1 6 7 0 0 50 1 6 5 0 2 49 1 4 6 2 1 46 1 4 7 2 0 46 1 4 5 2 2 45 1 5 6 1 1 46 1 5 7 1 0 46 1 5 5 1 2 45
2 5 7 1 6 6 0 2 50 1 6 7 0 1 50 1 6 8 0 0 50 1 4 6 2 2 46 1 4 7 2 1 46 1 4 8 2 0 46 1 5 6 1 2 46 1 5 7 1 1 46 1 5 8 1 0 46
2 5 8 1 6 9 0 0 51 1 6 7 0 2 50 1 6 8 0 1 50 1 4 9 2 0 47 1 4 7 2 2 46 1 4 8 2 1 46 1 5 9 1 0 47 1 5 7 1 2 46 1 5 8 1 1 46
2 5 9 1 6 9 0 1 51 1 6 10 0 0 51 1 6 8 0 2 50 1 4 9 2 1 47 1 4 10 2 0 47 1 4 8 2 2 46 1 5 9 1 1 47 1 5 10 1 0 47 1 5 8 1 2 46
2 5 10 1 6 9 0 2 51 1 6 10 0 1 51 0 0 0 0 0 0 1 4 9 2 2 47 1 4 10 2 1 47 0 0 0 0 0 0 1 5 9 1 2 47 1 5 10 1 1 47 0 0 0 0 0 0
2 5 11 0 0 0 0 0 0 1 6 10 0 2 51 0 0 0 0 0 0 0 0 0 0 0 0 1 4 10 2 2 47 0 0 0 0 0 0 0 0 0 0 0 0 1 5 10 1 2 47 0 0 0 0 0 0
2 5 12 0 0 0 0 0 0 0 0 0 0 0 0 0 0 0 0 0 0 0 0 0 0 0 0 0 0 0 0 0 0 0 0 0 0 0 0 0 0 0 0 0 0 0 0 0 0 0 0 0 0 0 0 0 0
2 5 13 0 0 0 0 0 0 0 0 0 0 0 0 0 0 0 0 0 0 0 0 0 0 0 0 0 0 0 0 0 0 0 0 0 0 0 0 0 0 0 0 0 0 0 0 0 0 0 0 0 0 0 0 0 0
2 5 14 0 0 0 0 0 0 0 0 0 0 0 0 0 0 0 0 0 0 0 0 0 0 0 0 0 0 0 0 0 0 0 0 0 0 0 0 0 0 0 0 0 0 0 0 0 0 0 0 0 0 0 0 0 0
2 5 15 0 0 0 0 0 0 0 0 0 0 0 0 0 0 0 0 0 0 0 0 0 0 0 0 0 0 0 0 0 0 0 0 0 0 0 0 0 0 0 0 0 0 0 0 0 0 0 0 0 0 0 0 0 0
2 6 0 1 6 0 1 1 48 1 6 1 1 0 48 0 0 0 0 0 0 1 7 0 0 1 48 1 7 1 0 0 48 0 0 0 0 0 0 1 5 0 2 1 44 1 5 1 2 0 44 0 0 0 0 0 0
2 6 1 1 6 0 1 2 48 1 6 1 1 1 48 1 6 2 1 0 48 1 7 0 0 2 48 1 7 1 0 1 48 1 7 2 0 0 48 1 5 0 2 2 44 1 5 1 2 1 44 1 5 2 2 0 44
2 6 2 1 6 3 1 0 49 1 6 1 1 2 48 1 6 2 1 1 48 1 7 3 0 0 49 1 7 1 0 2 48 1 7 2 0 1 48 1 5 3 2 0 45 1 5 1 2 2 44 1 5 2 2 1 44
2 6 3 1 6 3 1 1 49 1 6 4 1 0 49 1 6 2 1 2 48 1 7 3 0 1 49 1 7 4 0 0 49 1 7 2 0 2 48 1 5 3 2 1 45 1 5 4 2 0 45 1 5 2 2 2 44
2 6 4 1 6 3 1 2 49 1 6 4 1 1 49 1 6 5 1 0 49 1 7 3 0 2 49 1 7 4 0 1 49 1 7 5 0 0 49 1 5 3 2 2 45 1 5 4 2 1 45 1 5 5 2 0 45
2 6 5 1 6 6 1 0 50 1 6 4 1 2 49 1 6 5 1 1 49 1 7 6 0 0 50 1 7 4 0 2 49 1 7 5 0 1 49 1 5 6 2 0 46 1 5 4 2 2 45 1 5 5 2 1 45
2 6 6 1 6 6 1 1 50 1 6 7 1 0 50 1 6 5 1 2 49 1 7 6 0 1 50 1 7 7 0 0 50 1 7 5 0 2 49 1 5 6 2 1 46 1 5 7 2 0 46 1 5 5 2 2 45
2 6 7 1 6 6 1 2 50 1 6 7 1 1 50 1 6 8 1 0 50 1 7 6 0 2 50 1 7 7 0 1 50 1 7 8 0 0 50 1 5 6 2 2 46 1 5 7 2 1 46 1 5 8 2 0 46
2 6 8 1 6 9 1 0 51 1 6 7 1 2 50 1 6 8 1 1 50 1 7 9 0 0 51 1 7 7 0 2 50 1 7 8 0 1 50 1 5 9 2 0 47 1 5 7 2 2 46 1 5 8 2 1 46
2 6 9 1 6 9 1 1 51 1 6 10 1 0 51 1 6 8 1 2 50 1 7 9 0 1 51 1 7 10 0 0 51 1 7 8 0 2 50 1 5 9 2 1 47 1 5 10 2 0 47 1 5 8 2 2 46
2 6 10 1 6 9 1 2 51 1 6 10 1 1 51 0 0 0 0 0 0 1 7 9 0 2 51 1 7 10 0 1 51 0 0 0 0 0 0 1 5 9 2 2 47 1 5 10 2 1 47 0 0 0 0 0 0
2 6 11 0 0 0 0 0 0 1 6 10 1 2 51 0 0 0 0 0 0 0 0 0 0 0 0 1 7 10 0 2 51 0 0 0 0 0 0 0 0 0 0 0 0 1 5 10 2 2 47 0 0 0 0 0 0
2 6 12 0 0 0 0 0 0 0 0 0 0 0 0 0 0 0 0 0 0 0 0 0 0 0 0 0 0 0 0 0 0 0 0 0 0 0 0 0 0 0 0 0 0 0 0 0 0 0 0 0 0 0 0 0 0
2 6 13 0 0 0 0 0 0 0 0 0 0 0 0 0 0 0 0 0 0 0 0 0 0 0 0 0 0 0 0 0 0 0 0 0 0 0 0 0 0 0 0 0 0 0 0 0 0 0 0 0 0 0 0 0 0
2 6 14 0 0 0 0 0 0 0 0 0 0 0 0 0 0 0 0 0 0 0 0 0 0 0 0 0 0 0 0 0 0 0 0 0 0 0 0 0 0 0 0 0 0 0 0 0 0 0 0 0 0 0 0 0 0
2 6 15 0 0 0 0 0 0 0 0 0 0 0 0 0 0 0 0 0 0 0 0 0 0 0 0 0 0 0 0 0 0 0 0 0 0 0 0 0 0 0 0 0 0 0 0 0 0 0 0 0 0 0 0 0 0
2 7 0 1 6 0 2 1 48 1 6 1 2 0 48 0 0 0 0 0 0 1 7 0 1 1 48 1 7 1 1 0 48 0 0 0 0 0 0 1 8 0 0 1 48 1 8 1 0 0 48 0 0 0 0 0 0
2 7 1 1 6 0 2 2 48 1 6 1 2 1 48 1 6 2 2 0 48 1 7 0 1 2 48 1 7 1 1 1 48 1 7 2 1 0 48 1 8 0 0 2 48 1 8 1 0 1 48 1 8 2 0 0 48
2 7 2 1 6 3 2 0 49 1 6 1 2 2 48 1 6 2 2 1 48 1 7 3 1 0 49 1 7 1 1 2 48 1 7 2 1 1 48 1 8 3 0 0 49 1 8 1 0 2 48 1 8 2 0 1 48
2 7 3 1 6 3 2 1 49 1 6 4 2 0 49 1 6 2 2 2 48 1 7 3 1 1 49 1 7 4 1 0 49 1 7 2 1 2 48 1 8 3 0 1 49 1 8 4 0 0 49 1 8 2 0 2 48
2 7 4 1 6 3 2 2 49 1 6 4 2 1 49 1 6 5 2 0 49 1 7 3 1 2 49 1 7 4 1 1 49 1 7 5 1 0 49 1 8 3 0 2 49 1 8 4 0 1 49 1 8 5 0 0 49
2 7 5 1 6 6 2 0 50 1 6 4 2 2 49 1 6 5 2 1 49 1 7 6 1 0 50 1 7 4 1 2 49 1 7 5 1 1 49 1 8 6 0 0 50 1 8 4 0 2 49 1 8 5 0 1 49
2 7 6 1 6 6 2 1 50 1 6 7 2 0 50 1 6 5 2 2 49 1 7 6 1 1 50 1 7 7 1 0 50 1 7 5 1 2 49 1 8 6 0 1 50 1 8 7 0 0 50 1 8 5 0 2 49
2 7 7 1 6 6 2 2 50 1 6 7 2 1 50 1 6 8 2 0 50 1 7 6 1 2 50 1 7 7 1 1 50 1 7 8 1 0 50 1 8 6 0 2 50 1 8 7 0 1 50 1 8 8 0 0 50
2 7 8 1 6 9 2 0 51 1 6 7 2 2 50 1 6 8 2 1 50 1 7 9 1 0 51 1 7 7 1 2 50 1 7 8 1 1 50 1 8 9 0 0 51 1 8 7 0 2 50 1 8 8 0 1 50
2 7 9 1 6 9 2 1 51 1 6 10 2 0 51 1 6 8 2 2 50 1 7 9 1 1 51 1 7 10 1 0 51 1 7 8 1 2 50 1 8 9 0 1 51 1 8 10 0 0 51 1 8 8 0 2 50
2 7 10 1 6 9 2 2 51 1 6 10 2 1 51 0 0 0 0 0 0 1 7 9 1 2 51 1 7 10 1 1 51 0 0 0 0 0 0 1 8 9 0 2 51 1 8 10 0 1 51 0 0 0 0 0 0
2 7 11 0 0 0 0 0 0 1 6 10 2 2 51 0 0 0 0 0 0 0 0 0 0 0 0 1 7 10 1 2 51 0 0 0 0 0 0 0 0 0 0 0 0 1 8 10 0 2 51 0 0 0 0 0 0
2 7 12 0 0 0 0 0 0 0 0 0 0 0 0 0 0 0 0 0 0 0 0 0 0 0 0 0 0 0 0 0 0 0 0 0 0 0 0 0 0 0 0 0 0 0 0 0 0 0 0 0 0 0 0 0 0
2 7 13 0 0 0 0 0 0 0 0 0 0 0 0 0 0 0 0 0 0 0 0 0 0 0 0 0 0 0 0 0 0 0 0 0 0 0 0 0 0 0 0 0 0 0 0 0 0 0 0 0 0 0 0 0 0
2 7 14 0 0 0 0 0 0 0 0 0 0 0 0 0 0 0 0 0 0 0 0 0 0 0 0 0 0 0 0 0 0 0 0 0 0 0 0 0 0 0 0 0 0 0 0 0 0 0 0 0 0 0 0 0 0
2 7 15 0 0 0 0 0 0 0 0 0 0 0 0 0 0 0 0 0 0 0 0 0 0 0 0 0 0 0 0 0 0 0 0 0 0 0 0 0 0 0 0 0 0 0 0 0 0 0 0 0 0 0 0 0 0
2 8 0 1 9 0 0 1 52 1 9 1 0 0 52 0 0 0 0 0 0 1 7 0 2 1 48 1 7 1 2 0 48 0 0 0 0 0 0 1 8 0 1 1 48 1 8 1 1 0 48 0 0 0 0 0 0
2 8 1 1 9 0 0 2 52 1 9 1 0 1 52 1 9 2 0 0 52 1 7 0 2 2 48 1 7 1 2 1 48 1 7 2 2 0 48 1 8 0 1 2 48 1 8 1 1 1 48 1 8 2 1 0 48
2 8 2 1 9 3 0 0 53 1 9 1 0 2 52 1 9 2 0 1 52 1 7 3 2 0 49 1 7 1 2 2 48 1 7 2 2 1 48 1 8 3 1 0 49 1 8 1 1 2 48 1 8 2 1 1 48
2 8 3 1 9 3 0 1 53 1 9 4 0 0 53 1 9 2 0 2 52 1 7 3 2 1 49 1 7 4 2 0 49 1 7 2 2 2 48 1 8 3 1 1 49 1 8 4 1 0 49 1 8 2 1 2 48
2 8 4 1 9 3 0 2 53 1 9 4 0 1 53 1 9 5 0 0 53 1 7 3 2 2 49 1 7 4 2 1 49 1 7 5 2 0 49 1 8 3 1 2 49 1 8 4 1 1 49 1 8 5 1 0 49
2 8 5 1 9 6 0 0 54 1 9 4 0 2 53 1 9 5 0 1 53 1 7 6 2 0 50 1 7 4 2 2 49 1 7 5 2 1 49 1 8 6 1 0 50 1 8 4 1 2 49 1 8 5 1 1 49
2 8 6 1 9 6 0 1 54 1 9 7 0 0 54 1 9 5 0 2 53 1 7 6 2 1 50 1 7 7 2 0 50 1 7 5 2 2 49 1 8 6 1 1 50 1 8 7 1 0 50 1 8 5 1 2 49
2 8 7 1 9 6 0 2 54 1 9 7 0 1 54 1 9 8 0 0 54 1 7 6 2 2 50 1 7 7 2 1 50 1 7 8 2 0 50 1 8 6 1 2 50 1 8 7 1 1 50 1 8 8 1 0 50
2 8 8 1 9 9 0 0 55 1 9 7 0 2 54 1 9 8 0 1 54 1 7 9 2 0 51 1 7 7 2 2 50 1 7 8 2 1 50 1 8 9 1 0 51 1 8 7 1 2 50 1 8 8 1 1 50
2 8 9 1 9 9 0 1 55 1 9 10 0 0 55 1 9 8 0 2 54 1 7 9 2 1 51 1 7 10 2 0 51 1 7 8 2 2 50 1 8 9 1 1 51 1 8 10 1 0 51 1 8 8 1 2 50
2 8 10 1 9 9 0 2 55 1 9 10 0 1 55 0 0 0 0 0 0 1 7 9 2 2 51 1 7 10 2 1 51 0 0 0 0 0 0 1 8 9 1 2 51 1 8 10 1 1 51 0 0 0 0 0 0
2 8 11 0 0 0 0 0 0 1 9 10 0 2 55 0 0 0 0 0 0 0 0 0 0 0 0 1 7 10 2 2 51 0 0 0 0 0 0 0 0 0 0 0 0 1 8 10 1 2 51 0 0 0 0 0 0
2 8 12 0 0 0 0 0 0 0 0 0 0 0 0 0 0 0 0 0 0 0 0 0 0 0 0 0 0 0 0 0 0 0 0 0 0 0 0 0 0 0 0 0 0 0 0 0 0 0 0 0 0 0 0 0 0
2 8 13 0 0 0 0 0 0 0 0 0 0 0 0 0 0 0 0 0 0 0 0 0 0 0 0 0 0 0 0 0 0 0 0 0 0 0 0 0 0 0 0 0 0 0 0 0 0 0 0 0 0 0 0 0 0
2 8 14 0 0 0 0 0 0 0 0 0 0 0 0 0 0 0 0 0 0 0 0 0 0 0 0 0 0 0 0 0 0 0 0 0 0 0 0 0 0 0 0 0 0 0 0 0 0 0 0 0 0 0 0 0 0
2 8 15 0 0 0 0 0 0 0 0 0 0 0 0 0 0 0 0 0 0 0 0 0 0 0 0 0 0 0 0 0 0 0 0 0 0 0 0 0 0 0 0 0 0 0 0 0 0 0 0 0 0 0 0 0 0
2 9 0 1 9 0 1 1 52 1 9 1 1 0 52 0 0 0 0 0 0 1 10 0 0 1 52 1 10 1 0 0 52 0 0 0 0 0 0 1 8 0 2 1 48 1 8 1 2 0 48 0 0 0 0 0 0
2 9 1 1 9 0 1 2 52 1 9 1 1 1 52 1 9 2 1 0 52 1 10 0 0 2 52 1 10 1 0 1 52 1 10 2 0 0 52 1 8 0 2 2 48 1 8 1 2 1 48 1 8 2 2 0 48
2 9 2 1 9 3 1 0 53 1 9 1 1 2 52 1 9 2 1 1 52 1 10 3 0 0 53 1 10 1 0 2 52 1 10 2 0 1 52 1 8 3 2 0 49 1 8 1 2 2 48 1 8 2 2 1 48
2 9 3 1 9 3 1 1 53 1 9 4 1 0 53 1 9 2 1 2 52 1 10 3 0 1 53 1 10 4 0 0 53 1 10 2 0 2 52 1 8 3 2 1 49 1 8 4 2 0 49 1 8 2 2 2 48
2 9 4 1 9 3 1 2 53 1 9 4 1 1 53 1 9 5 1 0 53 1 10 3 0 2 53 1 10 4 0 1 53 1 10 5 0 0 53 1 8 3 2 2 49 1 8 4 2 1 49 1 8 5 2 0 49
2 9 5 1 9 6 1 0 54 1 9 4 1 2 53 1 9 5 1 1 53 1 10 6 0 0 54 1 10 4 0 2 53 1 10 5 0 1 53 1 8 6 2 0 50 1 8 4 2 2 49 1 8 5 2 1 49
2 9 6 1 9 6 1 1 54 1 9 7 1 0 54 1 9 5 1 2 53 1 10 6 0 1 54 1 10 7 0 0 54 1 10 5 0 2 53 1 8 6 2 1 50 1 8 7 2 0 50 1 8 5 2 2 49
2 9 7 1 9 6 1 2 54 1 9 7 1 1 54 1 9 8 1 0 54 1 10 6 0 2 54 1 10 7 0 1 54 1 10 8 0 0 54 1 8 6 2 2 50 1 8 7 2 1 50 1 8 8 2 0 50
2 9 8 1 9 9 1 0 55 1 9 7 1 2 54 1 9 8 1 1 54 1 10 9 0 0 55 1 10 7 0 2 54 1 10 8 0 1 54 1 8 9 2 0 51 1 8 7 2 2 50 1 8 8 2 1 50
2 9 9 1 9 9 1 1 55 1 9 10 1 0 55 1 9 8 1 2 54 1 10 9 0 1 55 1 10 10 0 0 55 1 10 8 0 2 54 1 8 9 2 1 51 1 8 10 2 0 51 1 8 8 2 2 50
2 9 10 1 9 9 1 2 55 1 9 10 1 1 55 0 0 0 0 0 0 1 10 9 0 2 55 1 10 10 0 1 55 0 0 0 0 0 0 1 8 9 2 2 51 1 8 10 2 1 51 0 0 0 0 0 0
2 9 11 0 0 0 0 0 0 1 9 10 1 2 55 0 0 0 0 0 0 0 0 0 0 0 0 1 10 10 0 2 55 0 0 0 0 0 0 0 0 0 0 0 0 1 8 10 2 2 51 0 0 0 0 0 0
2 9 12 0 0 0 0 0 0 0 0 0 0 0 0 0 0 0 0 0 0 0 0 0 0 0 0 0 0 0 0 0 0 0 0 0 0 0 0 0 0 0 0 0 0 0 0 0 0 0 0 0 0 0 0 0 0
2 9 13 0 0 0 0 0 0 0 0 0 0 0 0 0 0 0 0 0 0 0 0 0 0 0 0 0 0 0 0 0 0 0 0 0 0 0 0 0 0 0 0 0 0 0 0 0 0 0 0 0 0 0 0 0 0
2 9 14 0 0 0 0 0 0 0 0 0 0 0 0 0 0 0 0 0 0 0 0 0 0 0 0 0 0 0 0 0 0 0 0 0 0 0 0 0 0 0 0 0 0 0 0 0 0 0 0 0 0 0 0 0 0
2 9 15 0 0 0 0 0 0 0 0 0 0 0 0 0 0 0 0 0 0 0 0 0 0 0 0 0 0 0 0 0 0 0 0 0 0 0 0 0 0 0 0 0 0 0 0 0 0 0 0 0 0 0 0 0 0
2 10 0 1 9 0 2 1 52 1 9 1 2 0 52 0 0 0 0 0 0 1 10 0 1 1 52 1 10 1 1 0 52 0 0 0 0 0 0 1 11 0 0 1 52 1 11 1 0 0 52 0 0 0 0 0 0
2 10 1 1 9 0 2 2 52 1 9 1 2 1 52 1 9 2 2 0 52 1 10 0 1 2 52 1 10 1 1 1 52 1 10 2 1 0 52 1 11 0 0 2 52 1 11 1 0 1 52 1 11 2 0 0 52
2 10 2 1 9 3 2 0 53 1 9 1 2 2 52 1 9 2 2 1 52 1 10 3 1 0 53 1 10 1 1 2 52 1 10 2 1 1 52 1 11 3 0 0 53 1 11 1 0 2 52 1 11 2 0 1 52
2 10 3 1 9 3 2 1 53 1 9 4 2 0 53 1 9 2 2 2 52 1 10 3 1 1 53 1 10 4 1 0 53 1 10 2 1 2 52 1 11 3 0 1 53 1 11 4 0 0 53 1 11 2 0 2 52
2 10 4 1 9 3 2 2 53 1 9 4 2 1 53 1 9 5 2 0 53 1 10 3 1 2 53 1 10 4 1 1 53 1 10 5 1 0 53 1 11 3 0 2 53 1 11 4 0 1 53 1 11 5 0 0 53
2 10 5 1 9 6 2 0 54 1 9 4 2 2 53 1 9 5 2 1 53 1 10 6 1 0 54 1 10 4 1 2 53 1 10 5 1 1 53 1 11 6 0 0 54 1 11 4 0 2 53 1 11 5 0 1 53
2 10 6 1 9 6 2 1 54 1 9 7 2 0 54 1 9 5 2 2 53 1 10 6 1 1 54 1 10 7 1 0 54 1 10 5 1 2 53 1 11 6 0 1 54 1 11 7 0 0 54 1 11 5 0 2 53
2 10 7 1 9 6 2 2 54 1 9 7 2 1 54 1 9 8 2 0 54 1 10 6 1 2 54 1 10 7 1 1 54 1 10 8 1 0 54 1 11 6 0 2 54 1 11 7 0 1 54 1 11 8 0 0 54
2 10 8 1 9 9 2 0 55 1 9 7 2 2 54 1 9 8 2 1 54 1 10 9 1 0 55 1 10 7 1 2 54 1 10 8 1 1 54 1 11 9 0 0 55 1 11 7 0 2 54 1 11 8 0 1 54
2 10 9 1 9 9 2 1 55 1 9 10 2 0 55 1 9 8 2 2 54 1 10 9 1 1 55 1 10 10 1 0 55 1 10 8 1 2 54 1 11 9 0 1 55 1 11 10 0 0 55 1 11 8 0 2 54
2 10 10 1 9 9 2 2 55 1 9 10 2 1 55 0 0 0 0 0 0 1 10 9 1 2 55 1 10 10 1 1 55 0 0 0 0 0 0 1 11 9 0 2 55 1 11 10 0 1 55 0 0 0 0 0 0
2 10 11 0 0 0 0 0 0 1 9 10 2 2 55 0 0 0 0 0 0 0 0 0 0 0 0 1 10 10 1 2 55 0 0 0 0 0 0 0 0 0 0 0 0 1 11 10 0 2 55 0 0 0 0 0 0
2 10 12 0 0 0 0 0 0 0 0 0 0 0 0 0 0 0 0 0 0 0 0 0 0 0 0 0 0 0 0 0 0 0 0 0 0 0 0 0 0 0 0 0 0 0 0 0 0 0 0 0 0 0 0 0 0
2 10 13 0 0 0 0 0 0 0 0 0 0 0 0 0 0 0 0 0 0 0 0 0 0 0 0 0 0 0 0 0 0 0 0 0 0 0 0 0 0 0 0 0 0 0 0 0 0 0 0 0 0 0 0 0 0
2 10 14 0 0 0 0 0 0 0 0 0 0 0 0 0 0 0 0 0 0 0 0 0 0 0 0 0 0 0 0 0 0 0 0 0 0 0 0 0 0 0 0 0 0 0 0 0 0 0 0 0 0 0 0 0 0
2 10 15 0 0 0 0 0 0 0 0 0 0 0 0 0 0 0 0 0 0 0 0 0 0 0 0 0 0 0 0 0 0 0 0 0 0 0 0 0 0 0 0 0 0 0 0 0 0 0 0 0 0 0 0 0 0
2 11 0 1 12 0 0 1 56 1 12 1 0 0 56 0 0 0 0 0 0 1 10 0 2 1 52 1 10 1 2 0 52 0 0 0 0 0 0 1 11 0 1 1 52 1 11 1 1 0 52 0 0 0 0 0 0
2 11 1 1 12 0 0 2 56 1 12 1 0 1 56 1 12 2 0 0 56 1 10 0 2 2 52 1 10 1 2 1 52 1 10 2 2 0 52 1 11 0 1 2 52 1 11 1 1 1 52 1 11 2 1 0 52
2 11 2 1 12 3 0 0 57 1 12 1 0 2 56 1 12 2 0 1 56 1 10 3 2 0 53 1 10 1 2 2 52 1 10 2 2 1 52 1 11 3 1 0 53 1 11 1 1 2 52 1 11 2 1 1 52
2 11 3 1 12 3 0 1 57 1 12 4 0 0 57 1 12 2 0 2 56 1 10 3 2 1 53 1 10 4 2 0 53 1 10 2 2 2 52 1 11 3 1 1 53 1 11 4 1 0 53 1 11 2 1 2 52
2 11 4 1 12 3 0 2 57 1 12 4 0 1 57 1 12 5 0 0 57 1 10 3 2 2 53 1 10 4 2 1 53 1 10 5 2 0 53 1 11 3 1 2 53 1 11 4 1 1 53 1 11 5 1 0 53
2 11 5 1 12 6 0 0 58 1 12 4 0 2 57 1 12 5 0 1 57 1 10 6 2 0 54 1 10 4 2 2 53 1 10 5 2 1 53 1 11 6 1 0 54 1 11 4 1 2 53 1 11 5 1 1 53
2 11 6 1 12 6 0 1 58 1 12 7 0 0 58 1 12 5 0 2 57 1 10 6 2 1 54 1 10 7 2 0 54 1 10 5 2 2 53 1 11 6 1 1 54 1 11 7 1 0 54 1 11 5 1 2 53
2 11 7 1 12 6 0 2 58 1 12 7 0 1 58 1 12 8 0 0 58 1 10 6 2 2 54 1 10 7 2 1 54 1 10 8 2 0 54 1 11 6 1 2 54 1 11 7 1 1 54 1 11 8 1 0 54
2 11 8 1 12 9 0 0 59 1 12 7 0 2 58 1 12 8 0 1 58 1 10 9 2 0 55 1 10 7 2 2 54 1 10 8 2 1 54 1 11 9 1 0 55 1 11 7 1 2 54 1 11 8 1 1 54
2 11 9 1 12 9 0 1 59 1 12 10 0 0 59 1 12 8 0 2 58 1 10 9 2 1 55 1 10 10 2 0 55 1 10 8 2 2 54 1 11 9 1 1 55 1 11 10 1 0 55 1 11 8 1 2 54
2 11 10 1 12 9 0 2 59 1 12 10 0 1 59 0 0 0 0 0 0 1 10 9 2 2 55 1 10 10 2 1 55 0 0 0 0 0 0 1 11 9 1 2 55 1 11 10 1 1 55 0 0 0 0 0 0
2 11 11 0 0 0 0 0 0 1 12 10 0 2 59 0 0 0 0 0 0 0 0 0 0 0 0 1 10 10 2 2 55 0 0 0 0 0 0 0 0 0 0 0 0 1 11 10 1 2 55 0 0 0 0 0 0
2 11 12 0 0 0 0 0 0 0 0 0 0 0 0 0 0 0 0 0 0 0 0 0 0 0 0 0 0 0 0 0 0 0 0 0 0 0 0 0 0 0 0 0 0 0 0 0 0 0 0 0 0 0 0 0 0
2 11 13 0 0 0 0 0 0 0 0 0 0 0 0 0 0 0 0 0 0 0 0 0 0 0 0 0 0 0 0 0 0 0 0 0 0 0 0 0 0 0 0 0 0 0 0 0 0 0 0 0 0 0 0 0 0
2 11 14 0 0 0 0 0 0 0 0 0 0 0 0 0 0 0 0 0 0 0 0 0 0 0 0 0 0 0 0 0 0 0 0 0 0 0 0 0 0 0 0 0 0 0 0 0 0 0 0 0 0 0 0 0 0
2 11 15 0 0 0 0 0 0 0 0 0 0 0 0 0 0 0 0 0 0 0 0 0 0 0 0 0 0 0 0 0 0 0 0 0 0 0 0 0 0 0 0 0 0 0 0 0 0 0 0 0 0 0 0 0 0
2 12 0 1 12 0 1 1 56 1 12 1 1 0 56 0 0 0 0 0 0 0 0 0 0 0 0 0 0 0 0 0 0 0 0 0 0 0 0 1 11 0 2 1 52 1 11 1 2 0 52 0 0 0 0 0 0
2 12 1 1 12 0 1 2 56 1 12 1 1 1 56 1 12 2 1 0 56 0 0 0 0 0 0 0 0 0 0 0 0 0 0 0 0 0 0 1 11 0 2 2 52 1 11 1 2 1 52 1 11 2 2 0 52
2 12 2 1 12 3 1 0 57 1 12 1 1 2 56 1 12 2 1 1 56 0 0 0 0 0 0 0 0 0 0 0 0 0 0 0 0 0 0 1 11 3 2 0 53 1 11 1 2 2 52 1 11 2 2 1 52
2 12 3 1 12 3 1 1 57 1 12 4 1 0 57 1 12 2 1 2 56 0 0 0 0 0 0 0 0 0 0 0 0 0 0 0 0 0 0 1 11 3 2 1 53 1 11 4 2 0 53 1 11 2 2 2 52
2 12 4 1 12 3 1 2 57 1 12 4 1 1 57 1 12 5 1 0 57 0 0 0 0 0 0 0 0 0 0 0 0 0 0 0 0 0 0 1 11 3 2 2 53 1 11 4 2 1 53 1 11 5 2 0 53
2 12 5 1 12 6 1 0 58 1 12 4 1 2 57 1 12 5 1 1 57 0 0 0 0 0 0 0 0 0 0 0 0 0 0 0 0 0 0 1 11 6 2 0 54 1 11 4 2 2 53 1 11 5 2 1 53
2 12 6 1 12 6 1 1 58 1 12 7 1 0 58 1 12 5 1 2 57 0 0 0 0 0 0 0 0 0 0 0 0 0 0 0 0 0 0 1 11 6 2 1 54 1 11 7 2 0 54 1 11 5 2 2 53
2 12 7 1 12 6 1 2 58 1 12 7 1 1 58 1 12 8 1 0 58 0 0 0 0 0 0 0 0 0 0 0 0 0 0 0 0 0 0 1 11 6 2 2 54 1 11 7 2 1 54 1 11 8 2 0 54
2 12 8 1 12 9 1 0 59 1 12 7 1 2 58 1 12 8 1 1 58 0 0 0 0 0 0 0 0 0 0 0 0 0 0 0 0 0 0 1 11 9 2 0 55 1 11 7 2 2 54 1 11 8 2 1 54
2 12 9 1 12 9 1 1 59 1 12 10 1 0 59 1 12 8 1 2 58 0 0 0 0 0 0 0 0 0 0 0 0 0 0 0 0 0 0 1 11 9 2 1 55 1 11 10 2 0 55 1 11 8 2 2 54
2 12 10 1 12 9 1 2 59 1 12 10 1 1 59 0 0 0 0 0 0 0 0 0 0 0 0 0 0 0 0 0 0 0 0 0 0 0 0 1 11 9 2 2 55 1 11 10 2 1 55 0 0 0 0 0 0
2 12 11 0 0 0 0 0 0 1 12 10 1 2 59 0 0 0 0 0 0 0 0 0 0 0 0 0 0 0 0 0 0 0 0 0 0 0 0 0 0 0 0 0 0 1 11 10 2 2 55 0 0 0 0 0 0
2 12 12 0 0 0 0 0 0 0 0 0 0 0 0 0 0 0 0 0 0 0 0 0 0 0 0 0 0 0 0 0 0 0 0 0 0 0 0 0 0 0 0 0 0 0 0 0 0 0 0 0 0 0 0 0 0
2 12 13 0 0 0 0 0 0 0 0 0 0 0 0 0 0 0 0 0 0 0 0 0 0 0 0 0 0 0 0 0 0 0 0 0 0 0 0 0 0 0 0 0 0 0 0 0 0 0 0 0 0 0 0 0 0
2 12 14 0 0 0 0 0 0 0 0 0 0 0 0 0 0 0 0 0 0 0 0 0 0 0 0 0 0 0 0 0 0 0 0 0 0 0 0 0 0 0 0 0 0 0 0 0 0 0 0 0 0 0 0 0 0
2 12 15 0 0 0 0 0 0 0 0 0 0 0 0 0 0 0 0 0 0 0 0 0 0 0 0 0 0 0 0 0 0 0 0 0 0 0 0 0 0 0 0 0 0 0 0 0 0 0 0 0 0 0 0 0 0
2 13 0 1 12 0 2 1 56 1 12 1 2 0 56 0 0 0 0 0 0 0 0 0 0 0 0 0 0 0 0 0 0 0 0 0 0 0 0 0 0 0 0 0 0 0 0 0 0 0 0 0 0 0 0 0 0
2 13 1 1 12 0 2 2 56 1 12 1 2 1 56 1 12 2 2 0 56 0 0 0 0 0 0 0 0 0 0 0 0 0 0 0 0 0 0 0 0 0 0 0 0 0 0 0 0 0 0 0 0 0 0 0 0
2 13 2 1 12 3 2 0 57 1 12 1 2 2 56 1 12 2 2 1 56 0 0 0 0 0 0 0 0 0 0 0 0 0 0 0 0 0 0 0 0 0 0 0 0 0 0 0 0 0 0 0 0 0 0 0 0
2 13 3 1 12 3 2 1 57 1 12 4 2 0 57 1 12 2 2 2 56 0 0 0 0 0 0 0 0 0 0 0 0 0 0 0 0 0 0 0 0 0 0 0 0 0 0 0 0 0 0 0 0 0 0 0 0
2 13 4 1 12 3 2 2 57 1 12 4 2 1 57 1 12 5 2 0 57 0 0 0 0 0 0 0 0 0 0 0 0 0 0 0 0 0 0 0 0 0 0 0 0 0 0 0 0 0 0 0 0 0 0 0 0
2 13 5 1 12 6 2 0 58 1 12 4 2 2 57 1 12 5 2 1 57 0 0 0 0 0 0 0 0 0 0 0 0 0 0 0 0 0 0 0 0 0 0 0 0 0 0 0 0 0 0 0 0 0 0 0 0
2 13 6 1 12 6 2 1 58 1 12 7 2 0 58 1 12 5 2 2 57 0 0 0 0 0 0 0 0 0 0 0 0 0 0 0 0 0 0 0 0 0 0 0 0 0 0 0 0 0 0 0 0 0 0 0 0
2 13 7 1 12 6 2 2 58 1 12 7 2 1 58 1 12 8 2 0 58 0 0 0 0 0 0 0 0 0 0 0 0 0 0 0 0 0 0 0 0 0 0 0 0 0 0 0 0 0 0 0 0 0 0 0 0
2 13 8 1 12 9 2 0 59 1 12 7 2 2 58 1 12 8 2 1 58 0 0 0 0 0 0 0 0 0 0 0 0 0 0 0 0 0 0 0 0 0 0 0 0 0 0 0 0 0 0 0 0 0 0 0 0
2 13 9 1 12 9 2 1 59 1 12 10 2 0 59 1 12 8 2 2 58 0 0 0 0 0 0 0 0 0 0 0 0 0 0 0 0 0 0 0 0 0 0 0 0 0 0 0 0 0 0 0 0 0 0 0 0
2 13 10 1 12 9 2 2 59 1 12 10 2 1 59 0 0 0 0 0 0 0 0 0 0 0 0 0 0 0 0 0 0 0 0 0 0 0 0 0 0 0 0 0 0 0 0 0 0 0 0 0 0 0 0 0 0
2 13 11 0 0 0 0 0 0 1 12 10 2 2 59 0 0 0 0 0 0 0 0 0 0 0 0 0 0 0 0 0 0 0 0 0 0 0 0 0 0 0 0 0 0 0 0 0 0 0 0 0 0 0 0 0 0
2 13 12 0 0 0 0 0 0 0 0 0 0 0 0 0 0 0 0 0 0 0 0 0 0 0 0 0 0 0 0 0 0 0 0 0 0 0 0 0 0 0 0 0 0 0 0 0 0 0 0 0 0 0 0 0 0
2 13 13 0 0 0 0 0 0 0 0 0 0 0 0 0 0 0 0 0 0 0 0 0 0 0 0 0 0 0 0 0 0 0 0 0 0 0 0 0 0 0 0 0 0 0 0 0 0 0 0 0 0 0 0 0 0
2 13 14 0 0 0 0 0 0 0 0 0 0 0 0 0 0 0 0 0 0 0 0 0 0 0 0 0 0 0 0 0 0 0 0 0 0 0 0 0 0 0 0 0 0 0 0 0 0 0 0 0 0 0 0 0 0
2 13 15 0 0 0 0 0 0 0 0 0 0 0 0 0 0 0 0 0 0 0 0 0 0 0 0 0 0 0 0 0 0 0 0 0 0 0 0 0 0 0 0 0 0 0 0 0 0 0 0 0 0 0 0 0 0
2 14 0 0 0 0 0 0 0 0 0 0 0 0 0 0 0 0 0 0 0 0 0 0 0 0 0 0 0 0 0 0 0 0 0 0 0 0 0 0 0 0 0 0 0 0 0 0 0 0 0 0 0 0 0 0 0
2 14 1 0 0 0 0 0 0 0 0 0 0 0 0 0 0 0 0 0 0 0 0 0 0 0 0 0 0 0 0 0 0 0 0 0 0 0 0 0 0 0 0 0 0 0 0 0 0 0 0 0 0 0 0 0 0
2 14 2 0 0 0 0 0 0 0 0 0 0 0 0 0 0 0 0 0 0 0 0 0 0 0 0 0 0 0 0 0 0 0 0 0 0 0 0 0 0 0 0 0 0 0 0 0 0 0 0 0 0 0 0 0 0
2 14 3 0 0 0 0 0 0 0 0 0 0 0 0 0 0 0 0 0 0 0 0 0 0 0 0 0 0 0 0 0 0 0 0 0 0 0 0 0 0 0 0 0 0 0 0 0 0 0 0 0 0 0 0 0 0
2 14 4 0 0 0 0 0 0 0 0 0 0 0 0 0 0 0 0 0 0 0 0 0 0 0 0 0 0 0 0 0 0 0 0 0 0 0 0 0 0 0 0 0 0 0 0 0 0 0 0 0 0 0 0 0 0
2 14 5 0 0 0 0 0 0 0 0 0 0 0 0 0 0 0 0 0 0 0 0 0 0 0 0 0 0 0 0 0 0 0 0 0 0 0 0 0 0 0 0 0 0 0 0 0 0 0 0 0 0 0 0 0 0
2 14 6 0 0 0 0 0 0 0 0 0 0 0 0 0 0 0 0 0 0 0 0 0 0 0 0 0 0 0 0 0 0 0 0 0 0 0 0 0 0 0 0 0 0 0 0 0 0 0 0 0 0 0 0 0 0
2 14 7 0 0 0 0 0 0 0 0 0 0 0 0 0 0 0 0 0 0 0 0 0 0 0 0 0 0 0 0 0 0 0 0 0 0 0 0 0 0 0 0 0 0 0 0 0 0 0 0 0 0 0 0 0 0
2 14 8 0 0 0 0 0 0 0 0 0 0 0 0 0 0 0 0 0 0 0 0 0 0 0 0 0 0 0 0 0 0 0 0 0 0 0 0 0 0 0 0 0 0 0 0 0 0 0 0 0 0 0 0 0 0
2 14 9 0 0 0 0 0 0 0 0 0 0 0 0 0 0 0 0 0 0 0 0 0 0 0 0 0 0 0 0 0 0 0 0 0 0 0 0 0 0 0 0 0 0 0 0 0 0 0 0 0 0 0 0 0 0
2 14 10 0 0 0 0 0 0 0 0 0 0 0 0 0 0 0 0 0 0 0 0 0 0 0 0 0 0 0 0 0 0 0 0 0 0 0 0 0 0 0 0 0 0 0 0 0 0 0 0 0 0 0 0 0 0
2 14 11 0 0 0 0 0 0 0 0 0 0 0 0 0 0 0 0 0 0 0 0 0 0 0 0 0 0 0 0 0 0 0 0 0 0 0 0 0 0 0 0 0 0 0 0 0 0 0 0 0 0 0 0 0 0
2 14 12 0 0 0 0 0 0 0 0 0 0 0 0 0 0 0 0 0 0 0 0 0 0 0 0 0 0 0 0 0 0 0 0 0 0 0 0 0 0 0 0 0 0 0 0 0 0 0 0 0 0 0 0 0 0
2 14 13 0 0 0 0 0 0 0 0 0 0 0 0 0 0 0 0 0 0 0 0 0 0 0 0 0 0 0 0 0 0 0 0 0 0 0 0 0 0 0 0 0 0 0 0 0 0 0 0 0 0 0 0 0 0
2 14 14 0 0 0 0 0 0 0 0 0 0 0 0 0 0 0 0 0 0 0 0 0 0 0 0 0 0 0 0 0 0 0 0 0 0 0 0 0 0 0 0 0 0 0 0 0 0 0 0 0 0 0 0 0 0
2 14 15 0 0 0 0 0 0 0 0 0 0 0 0 0 0 0 0 0 0 0 0 0 0 0 0 0 0 0 0 0 0 0 0 0 0 0 0 0 0 0 0 0 0 0 0 0 0 0 0 0 0 0 0 0 0
2 15 0 0 0 0 0 0 0 0 0 0 0 0 0 0 0 0 0 0 0 0 0 0 0 0 0 0 0 0 0 0 0 0 0 0 0 0 0 0 0 0 0 0 0 0 0 0 0 0 0 0 0 0 0 0 0
2 15 1 0 0 0 0 0 0 0 0 0 0 0 0 0 0 0 0 0 0 0 0 0 0 0 0 0 0 0 0 0 0 0 0 0 0 0 0 0 0 0 0 0 0 0 0 0 0 0 0 0 0 0 0 0 0
2 15 2 0 0 0 0 0 0 0 0 0 0 0 0 0 0 0 0 0 0 0 0 0 0 0 0 0 0 0 0 0 0 0 0 0 0 0 0 0 0 0 0 0 0 0 0 0 0 0 0 0 0 0 0 0 0
2 15 3 0 0 0 0 0 0 0 0 0 0 0 0 0 0 0 0 0 0 0 0 0 0 0 0 0 0 0 0 0 0 0 0 0 0 0 0 0 0 0 0 0 0 0 0 0 0 0 0 0 0 0 0 0 0
2 15 4 0 0 0 0 0 0 0 0 0 0 0 0 0 0 0 0 0 0 0 0 0 0 0 0 0 0 0 0 0 0 0 0 0 0 0 0 0 0 0 0 0 0 0 0 0 0 0 0 0 0 0 0 0 0
2 15 5 0 0 0 0 0 0 0 0 0 0 0 0 0 0 0 0 0 0 0 0 0 0 0 0 0 0 0 0 0 0 0 0 0 0 0 0 0 0 0 0 0 0 0 0 0 0 0 0 0 0 0 0 0 0
2 15 6 0 0 0 0 0 0 0 0 0 0 0 0 0 0 0 0 0 0 0 0 0 0 0 0 0 0 0 0 0 0 0 0 0 0 0 0 0 0 0 0 0 0 0 0 0 0 0 0 0 0 0 0 0 0
2 15 7 0 0 0 0 0 0 0 0 0 0 0 0 0 0 0 0 0 0 0 0 0 0 0 0 0 0 0 0 0 0 0 0 0 0 0 0 0 0 0 0 0 0 0 0 0 0 0 0 0 0 0 0 0 0
2 15 8 0 0 0 0 0 0 0 0 0 0 0 0 0 0 0 0 0 0 0 0 0 0 0 0 0 0 0 0 0 0 0 0 0 0 0 0 0 0 0 0 0 0 0 0 0 0 0 0 0 0 0 0 0 0
2 15 9 0 0 0 0 0 0 0 0 0 0 0 0 0 0 0 0 0 0 0 0 0 0 0 0 0 0 0 0 0 0 0 0 0 0 0 0 0 0 0 0 0 0 0 0 0 0 0 0 0 0 0 0 0 0
2 15 10 0 0 0 0 0 0 0 0 0 0 0 0 0 0 0 0 0 0 0 0 0 0 0 0 0 0 0 0 0 0 0 0 0 0 0 0 0 0 0 0 0 0 0 0 0 0 0 0 0 0 0 0 0 0
2 15 11 0 0 0 0 0 0 0 0 0 0 0 0 0 0 0 0 0 0 0 0 0 0 0 0 0 0 0 0 0 0 0 0 0 0 0 0 0 0 0 0 0 0 0 0 0 0 0 0 0 0 0 0 0 0
2 15 12 0 0 0 0 0 0 0 0 0 0 0 0 0 0 0 0 0 0 0 0 0 0 0 0 0 0 0 0 0 0 0 0 0 0 0 0 0 0 0 0 0 0 0 0 0 0 0 0 0 0 0 0 0 0
2 15 13 0 0 0 0 0 0 0 0 0 0 0 0 0 0 0 0 0 0 0 0 0 0 0 0 0 0 0 0 0 0 0 0 0 0 0 0 0 0 0 0 0 0 0 0 0 0 0 0 0 0 0 0 0 0
2 15 14 0 0 0 0 0 0 0 0 0 0 0 0 0 0 0 0 0 0 0 0 0 0 0 0 0 0 0 0 0 0 0 0 0 0 0 0 0 0 0 0 0 0 0 0 0 0 0 0 0 0 0 0 0 0
2 15 15 0 0 0 0 0 0 0 0 0 0 0 0 0 0 0 0 0 0 0 0 0 0 0 0 0 0 0 0 0 0 0 0 0 0 0 0 0 0 0 0 0 0 0 0 0 0 0 0 0 0 0 0 0 0
3 0 0 1 0 0 1 1 60 1 0 1 1 0 60 0 0 0 0 0 0 1 1 0 0 1 60 1 1 1 0 0 60 0 0 0 0 0 0 0 0 0 0 0 0 0 0 0 0 0 0 0 0 0 0 0 0
3 0 1 1 0 0 1 2 60 1 0 1 1 1 60 1 0 2 1 0 60 1 1 0 0 2 60 1 1 1 0 1 60 1 1 2 0 0 60 0 0 0 0 0 0 0 0 0 0 0 0 0 0 0 0 0 0
3 0 2 1 0 3 1 0 61 1 0 1 1 2 60 1 0 2 1 1 60 1 1 3 0 0 61 1 1 1 0 2 60 1 1 2 0 1 60 0 0 0 0 0 0 0 0 0 0 0 0 0 0 0 0 0 0
3 0 3 1 0 3 1 1 61 1 0 4 1 0 61 1 0 2 1 2 60 1 1 3 0 1 61 1 1 4 0 0 61 1 1 2 0 2 60 0 0 0 0 0 0 0 0 0 0 0 0 0 0 0 0 0 0
3 0 4 1 0 3 1 2 61 1 0 4 1 1 61 1 0 5 1 0 61 1 1 3 0 2 61 1 1 4 0 1 61 1 1 5 0 0 61 0 0 0 0 0 0 0 0 0 0 0 0 0 0 0 0 0 0
3 0 5 1 0 6 1 0 62 1 0 4 1 2 61 1 0 5 1 1 61 1 1 6 0 0 62 1 1 4 0 2 61 1 1 5 0 1 61 0 0 0 0 0 0 0 0 0 0 0 0 0 0 0 0 0 0
3 0 6 1 0 6 1 1 62 1 0 7 1 0 62 1 0 5 1 2 61 1 1 6 0 1 62 1 1 7 0 0 62 1 1 5 0 2 61 0 0 0 0 0 0 0 0 0 0 0 0 0 0 0 0 0 0
3 0 7 1 0 6 1 2 62 1 0 7 1 1 62 1 0 8 1 0 62 1 1 6 0 2 62 1 1 7 0 1 62 1 1 8 0 0 62 0 0 0 0 0 0 0 0 0 0 0 0 0 0 0 0 0 0
3 0 8 1 0 9 1 0 63 1 0 7 1 2 62 1 0 8 1 1 62 1 1 9 0 0 63 1 1 7 0 2 62 1 1 8 0 1 62 0 0 0 0 0 0 0 0 0 0 0 0 0 0 0 0 0 0
3 0 9 1 0 9 1 1 63 1 0 10 1 0 63 1 0 8 1 2 62 1 1 9 0 1 63 1 1 10 0 0 63 1 1 8 0 2 62 0 0 0 0 0 0 0 0 0 0 0 0 0 0 0 0 0 0
3 0 10 1 0 9 1 2 63 1 0 10 1 1 63 0 0 0 0 0 0 1 1 9 0 2 63 1 1 10 0 1 63 0 0 0 0 0 0 0 0 0 0 0 0 0 0 0 0 0 0 0 0 0 0 0 0
3 0 11 0 0 0 0 0 0 1 0 10 1 2 63 0 0 0 0 0 0 0 0 0 0 0 0 1 1 10 0 2 63 0 0 0 0 0 0 0 0 0 0 0 0 0 0 0 0 0 0 0 0 0 0 0 0
3 0 12 0 0 0 0 0 0 0 0 0 0 0 0 0 0 0 0 0 0 0 0 0 0 0 0 0 0 0 0 0 0 0 0 0 0 0 0 0 0 0 0 0 0 0 0 0 0 0 0 0 0 0 0 0 0
3 0 13 0 0 0 0 0 0 0 0 0 0 0 0 0 0 0 0 0 0 0 0 0 0 0 0 0 0 0 0 0 0 0 0 0 0 0 0 0 0 0 0 0 0 0 0 0 0 0 0 0 0 0 0 0 0
3 0 14 0 0 0 0 0 0 0 0 0 0 0 0 0 0 0 0 0 0 0 0 0 0 0 0 0 0 0 0 0 0 0 0 0 0 0 0 0 0 0 0 0 0 0 0 0 0 0 0 0 0 0 0 0 0
3 0 15 0 0 0 0 0 0 0 0 0 0 0 0 0 0 0 0 0 0 0 0 0 0 0 0 0 0 0 0 0 0 0 0 0 0 0 0 0 0 0 0 0 0 0 0 0 0 0 0 0 0 0 0 0 0
3 1 0 1 0 0 2 1 60 1 0 1 2 0 60 0 0 0 0 0 0 1 1 0 1 1 60 1 1 1 1 0 60 0 0 0 0 0 0 1 2 0 0 1 60 1 2 1 0 0 60 0 0 0 0 0 0
3 1 1 1 0 0 2 2 60 1 0 1 2 1 60 1 0 2 2 0 60 1 1 0 1 2 60 1 1 1 1 1 60 1 1 2 1 0 60 1 2 0 0 2 60 1 2 1 0 1 60 1 2 2 0 0 60
3 1 2 1 0 3 2 0 61 1 0 1 2 2 60 1 0 2 2 1 60 1 1 3 1 0 61 1 1 1 1 2 60 1 1 2 1 1 60 1 2 3 0 0 61 1 2 1 0 2 60 1 2 2 0 1 60
3 1 3 1 0 3 2 1 61 1 0 4 2 0 61 1 0 2 2 2 60 1 1 3 1 1 61 1 1 4 1 0 61 1 1 2 1 2 60 1 2 3 0 1 61 1 2 4 0 0 61 1 2 2 0 2 60
3 1 4 1 0 3 2 2 61 1 0 4 2 1 61 1 0 5 2 0 61 1 1 3 1 2 61 1 1 4 1 1 61 1 1 5 1 0 61 1 2 3 0 2 61 1 2 4 0 1 61 1 2 5 0 0 61
3 1 5 1 0 6 2 0 62 1 0 4 2 2 61 1 0 5 2 1 61 1 1 6 1 0 62 1 1 4 1 2 61 1 1 5 1 1 61 1 2 6 0 0 62 1 2 4 0 2 61 1 2 5 0 1 61
3 1 6 1 0 6 2 1 62 1 0 7 2 0 62 1 0 5 2 2 61 1 1 6 1 1 62 1 1 7 1 0 62 1 1 5 1 2 61 1 2 6 0 1 62 1 2 7 0 0 62 1 2 5 0 2 61
3 1 7 1 0 6 2 2 62 1 0 7 2 1 62 1 0 8 2 0 62 1 1 6 1 2 62 1 1 7 1 1 62 1 1 8 1 0 62 1 2 6 0 2 62 1 2 7 0 1 62 1 2 8 0 0 62
3 1 8 1 0 9 2 0 63 1 0 7 2 2 62 1 0 8 2 1 62 1 1 9 1 0 63 1 1 7 1 2 62 1 1 8 1 1 62 1 2 9 0 0 63 1 2 7 0 2 62 1 2 8 0 1 62
3 1 9 1 0 9 2 1 63 1 0 10 2 0 63 1 0 8 2 2 62 1 1 9 1 1 63 1 1 10 1 0 63 1 1 8 1 2 62 1 2 9 0 1 63 1 2 10 0 0 63 1 2 8 0 2 62
3 1 10 1 0 9 2 2 63 1 0 10 2 1 63 0 0 0 0 0 0 1 1 9 1 2 63 1 1 10 1 1 63 0 0 0 0 0 0 1 2 9 0 2 63 1 2 10 0 1 63 0 0 0 0 0 0
3 1 11 0 0 0 0 0 0 1 0 10 2 2 63 0 0 0 0 0 0 0 0 0 0 0 0 1 1 10 1 2 63 0 0 0 0 0 0 0 0 0 0 0 0 1 2 10 0 2 63 0 0 0 0 0 0
3 1 12 0 0 0 0 0 0 0 0 0 0 0 0 0 0 0 0 0 0 0 0 0 0 0 0 0 0 0 0 0 0 0 0 0 0 0 0 0 0 0 0 0 0 0 0 0 0 0 0 0 0 0 0 0 0
3 1 13 0 0 0 0 0 0 0 0 0 0 0 0 0 0 0 0 0 0 0 0 0 0 0 0 0 0 0 0 0 0 0 0 0 0 0 0 0 0 0 0 0 0 0 0 0 0 0 0 0 0 0 0 0 0
3 1 14 0 0 0 0 0 0 0 0 0 0 0 0 0 0 0 0 0 0 0 0 0 0 0 0 0 0 0 0 0 0 0 0 0 0 0 0 0 0 0 0 0 0 0 0 0 0 0 0 0 0 0 0 0 0
3 1 15 0 0 0 0 0 0 0 0 0 0 0 0 0 0 0 0 0 0 0 0 0 0 0 0 0 0 0 0 0 0 0 0 0 0 0 0 0 0 0 0 0 0 0 0 0 0 0 0 0 0 0 0 0 0
3 2 0 1 3 0 0 1 64 1 3 1 0 0 64 0 0 0 0 0 0 1 1 0 2 1 60 1 1 1 2 0 60 0 0 0 0 0 0 1 2 0 1 1 60 1 2 1 1 0 60 0 0 0 0 0 0
3 2 1 1 3 0 0 2 64 1 3 1 0 1 64 1 3 2 0 0 64 1 1 0 2 2 60 1 1 1 2 1 60 1 1 2 2 0 60 1 2 0 1 2 60 1 2 1 1 1 60 1 2 2 1 0 60
3 2 2 1 3 3 0 0 65 1 3 1 0 2 64 1 3 2 0 1 64 1 1 3 2 0 61 1 1 1 2 2 60 1 1 2 2 1 60 1 2 3 1 0 61 1 2 1 1 2 60 1 2 2 1 1 60
3 2 3 1 3 3 0 1 65 1 3 4 0 0 65 1 3 2 0 2 64 1 1 3 2 1 61 1 1 4 2 0 61 1 1 2 2 2 60 1 2 3 1 1 61 1 2 4 1 0 61 1 2 2 1 2 60
3 2 4 1 3 3 0 2 65 1 3 4 0 1 65 1 3 5 0 0 65 1 1 3 2 2 61 1 1 4 2 1 61 1 1 5 2 0 61 1 2 3 1 2 61 1 2 4 1 1 61 1 2 5 1 0 61
3 2 5 1 3 6 0 0 66 1 3 4 0 2 65 1 3 5 0 1 65 1 1 6 2 0 62 1 1 4 2 2 61 1 1 5 2 1 61 1 2 6 1 0 62 1 2 4 1 2 61 1 2 5 1 1 61
3 2 6 1 3 6 0 1 66 1 3 7 0 0 66 1 3 5 0 2 65 1 1 6 2 1 62 1 1 7 2 0 62 1 1 5 2 2 61 1 2 6 1 1 62 1 2 7 1 0 62 1 2 5 1 2 61
3 2 7 1 3 6 0 2 66 1 3 7 0 1 66 1 3 8 0 0 66 1 1 6 2 2 62 1 1 7 2 1 62 1 1 8 2 0 62 1 2 6 1 2 62 1 2 7 1 1 62 1 2 8 1 0 62
3 2 8 1 3 9 0 0 67 1 3 7 0 2 66 1 3 8 0 1 66 1 1 9 2 0 63 1 1 7 2 2 62 1 1 8 2 1 62 1 2 9 1 0 63 1 2 7 1 2 62 1 2 8 1 1 62
3 2 9 1 3 9 0 1 67 1 3 10 0 0 67 1 3 8 0 2 66 1 1 9 2 1 63 1 1 10 2 0 63 1 1 8 2 2 62 1 2 9 1 1 63 1 2 10 1 0 63 1 2 8 1 2 62
3 2 10 1 3 9 0 2 67 1 3 10 0 1 67 0 0 0 0 0 0 1 1 9 2 2 63 1 1 10 2 1 63 0 0 0 0 0 0 1 2 9 1 2 63 1 2 10 1 1 63 0 0 0 0 0 0
3 2 11 0 0 0 0 0 0 1 3 10 0 2 67 0 0 0 0 0 0 0 0 0 0 0 0 1 1 10 2 2 63 0 0 0 0 0 0 0 0 0 0 0 0 1 2 10 1 2 63 0 0 0 0 0 0
3 2 12 0 0 0 0 0 0 0 0 0 0 0 0 0 0 0 0 0 0 0 0 0 0 0 0 0 0 0 0 0 0 0 0 0 0 0 0 0 0 0 0 0 0 0 0 0 0 0 0 0 0 0 0 0 0
3 2 13 0 0 0 0 0 0 0 0 0 0 0 0 0 0 0 0 0 0 0 0 0 0 0 0 0 0 0 0 0 0 0 0 0 0 0 0 0 0 0 0 0 0 0 0 0 0 0 0 0 0 0 0 0 0
3 2 14 0 0 0 0 0 0 0 0 0 0 0 0 0 0 0 0 0 0 0 0 0 0 0 0 0 0 0 0 0 0 0 0 0 0 0 0 0 0 0 0 0 0 0 0 0 0 0 0 0 0 0 0 0 0
3 2 15 0 0 0 0 0 0 0 0 0 0 0 0 0 0 0 0 0 0 0 0 0 0 0 0 0 0 0 0 0 0 0 0 0 0 0 0 0 0 0 0 0 0 0 0 0 0 0 0 0 0 0 0 0 0
3 3 0 1 3 0 1 1 64 1 3 1 1 0 64 0 0 0 0 0 0 1 4 0 0 1 64 1 4 1 0 0 64 0 0 0 0 0 0 1 2 0 2 1 60 1 2 1 2 0 60 0 0 0 0 0 0
3 3 1 1 3 0 1 2 64 1 3 1 1 1 64 1 3 2 1 0 64 1 4 0 0 2 64 1 4 1 0 1 64 1 4 2 0 0 64 1 2 0 2 2 60 1 2 1 2 1 60 1 2 2 2 0 60
3 3 2 1 3 3 1 0 65 1 3 1 1 2 64 1 3 2 1 1 64 1 4 3 0 0 65 1 4 1 0 2 64 1 4 2 0 1 64 1 2 3 2 0 61 1 2 1 2 2 60 1 2 2 2 1 60
3 3 3 1 3 3 1 1 65 1 3 4 1 0 65 1 3 2 1 2 64 1 4 3 0 1 65 1 4 4 0 0 65 1 4 2 0 2 64 1 2 3 2 1 61 1 2 4 2 0 61 1 2 2 2 2 60
3 3 4 1 3 3 1 2 65 1 3 4 1 1 65 1 3 5 1 0 65 1 4 3 0 2 65 1 4 4 0 1 65 1 4 5 0 0 65 1 2 3 2 2 61 1 2 4 2 1 61 1 2 5 2 0 61
3 3 5 1 3 6 1 0 66 1 3 4 1 2 65 1 3 5 1 1 65 1 4 6 0 0 66 1 4 4 0 2 65 1 4 5 0 1 65 1 2 6 2 0 62 1 2 4 2 2 61 1 2 5 2 1 61
3 3 6 1 3 6 1 1 66 1 3 7 1 0 66 1 3 5 1 2 65 1 4 6 0 1 66 1 4 7 0 0 66 1 4 5 0 2 65 1 2 6 2 1 62 1 2 7 2 0 62 1 2 5 2 2 61
3 3 7 1 3 6 1 2 66 1 3 7 1 1 66 1 3 8 1 0 66 1 4 6 0 2 66 1 4 7 0 1 66 1 4 8 0 0 66 1 2 6 2 2 62 1 2 7 2 1 62 1 2 8 2 0 62
3 3 8 1 3 9 1 0 67 1 3 7 1 2 66 1 3 8 1 1 66 1 4 9 0 0 67 1 4 7 0 2 66 1 4 8 0 1 66 1 2 9 2 0 63 1 2 7 2 2 62 1 2 8 2 1 62
3 3 9 1 3 9 1 1 67 1 3 10 1 0 67 1 3 8 1 2 66 1 4 9 0 1 67 1 4 10 0 0 67 1 4 8 0 2 66 1 2 9 2 1 63 1 2 10 2 0 63 1 2 8 2 2 62
3 3 10 1 3 9 1 2 67 1 3 10 1 1 67 0 0 0 0 0 0 1 4 9 0 2 67 1 4 10 0 1 67 0 0 0 0 0 0 1 2 9 2 2 63 1 2 10 2 1 63 0 0 0 0 0 0
3 3 11 0 0 0 0 0 0 1 3 10 1 2 67 0 0 0 0 0 0 0 0 0 0 0 0 1 4 10 0 2 67 0 0 0 0 0 0 0 0 0 0 0 0 1 2 10 2 2 63 0 0 0 0 0 0
3 3 12 0 0 0 0 0 0 0 0 0 0 0 0 0 0 0 0 0 0 0 0 0 0 0 0 0 0 0 0 0 0 0 0 0 0 0 0 0 0 0 0 0 0 0 0 0 0 0 0 0 0 0 0 0 0
3 3 13 0 0 0 0 0 0 0 0 0 0 0 0 0 0 0 0 0 0 0 0 0 0 0 0 0 0 0 0 0 0 0 0 0 0 0 0 0 0 0 0 0 0 0 0 0 0 0 0 0 0 0 0 0 0
3 3 14 0 0 0 0 0 0 0 0 0 0 0 0 0 0 0 0 0 0 0 0 0 0 0 0 0 0 0 0 0 0 0 0 0 0 0 0 0 0 0 0 0 0 0 0 0 0 0 0 0 0 0 0 0 0
3 3 15 0 0 0 0 0 0 0 0 0 0 0 0 0 0 0 0 0 0 0 0 0 0 0 0 0 0 0 0 0 0 0 0 0 0 0 0 0 0 0 0 0 0 0 0 0 0 0 0 0 0 0 0 0 0
3 4 0 1 3 0 2 1 64 1 3 1 2 0 64 0 0 0 0 0 0 1 4 0 1 1 64 1 4 1 1 0 64 0 0 0 0 0 0 1 5 0 0 1 64 1 5 1 0 0 64 0 0 0 0 0 0
3 4 1 1 3 0 2 2 64 1 3 1 2 1 64 1 3 2 2 0 64 1 4 0 1 2 64 1 4 1 1 1 64 1 4 2 1 0 64 1 5 0 0 2 64 1 5 1 0 1 64 1 5 2 0 0 64
3 4 2 1 3 3 2 0 65 1 3 1 2 2 64 1 3 2 2 1 64 1 4 3 1 0 65 1 4 1 1 2 64 1 4 2 1 1 64 1 5 3 0 0 65 1 5 1 0 2 64 1 5 2 0 1 64
3 4 3 1 3 3 2 1 65 1 3 4 2 0 65 1 3 2 2 2 64 1 4 3 1 1 65 1 4 4 1 0 65 1 4 2 1 2 64 1 5 3 0 1 65 1 5 4 0 0 65 1 5 2 0 2 64
3 4 4 1 3 3 2 2 65 1 3 4 2 1 65 1 3 5 2 0 65 1 4 3 1 2 65 1 4 4 1 1 65 1 4 5 1 0 65 1 5 3 0 2 65 1 5 4 0 1 65 1 5 5 0 0 65
3 4 5 1 3 6 2 0 66 1 3 4 2 2 65 1 3 5 2 1 65 1 4 6 1 0 66 1 4 4 1 2 65 1 4 5 1 1 65 1 5 6 0 0 66 1 5 4 0 2 65 1 5 5 0 1 65
3 4 6 1 3 6 2 1 66 1 3 7 2 0 66 1 3 5 2 2 65 1 4 6 1 1 66 1 4 7 1 0 66 1 4 5 1 2 65 1 5 6 0 1 66 1 5 7 0 0 66 1 5 5 0 2 65
3 4 7 1 3 6 2 2 66 1 3 7 2 1 66 1 3 8 2 0 66 1 4 6 1 2 66 1 4 7 1 1 66 1 4 8 1 0 66 1 5 6 0 2 66 1 5 7 0 1 66 1 5 8 0 0 66
3 4 8 1 3 9 2 0 67 1 3 7 2 2 66 1 3 8 2 1 66 1 4 9 1 0 67 1 4 7 1 2 66 1 4 8 1 1 66 1 5 9 0 0 67 1 5 7 0 2 66 1 5 8 0 1 66
3 4 9 1 3 9 2 1 67 1 3 10 2 0 67 1 3 8 2 2 66 1 4 9 1 1 67 1 4 10 1 0 67 1 4 8 1 2 66 1 5 9 0 1 67 1 5 10 0 0 67 1 5 8 0 2 66
3 4 10 1 3 9 2 2 67 1 3 10 2 1 67 0 0 0 0 0 0 1 4 9 1 2 67 1 4 10 1 1 67 0 0 0 0 0 0 1 5 9 0 2 67 1 5 10 0 1 67 0 0 0 0 0 0
3 4 11 0 0 0 0 0 0 1 3 10 2 2 67 0 0 0 0 0 0 0 0 0 0 0 0 1 4 10 1 2 67 0 0 0 0 0 0 0 0 0 0 0 0 1 5 10 0 2 67 0 0 0 0 0 0
3 4 12 0 0 0 0 0 0 0 0 0 0 0 0 0 0 0 0 0 0 0 0 0 0 0 0 0 0 0 0 0 0 0 0 0 0 0 0 0 0 0 0 0 0 0 0 0 0 0 0 0 0 0 0 0 0
3 4 13 0 0 0 0 0 0 0 0 0 0 0 0 0 0 0 0 0 0 0 0 0 0 0 0 0 0 0 0 0 0 0 0 0 0 0 0 0 0 0 0 0 0 0 0 0 0 0 0 0 0 0 0 0 0
3 4 14 0 0 0 0 0 0 0 0 0 0 0 0 0 0 0 0 0 0 0 0 0 0 0 0 0 0 0 0 0 0 0 0 0 0 0 0 0 0 0 0 0 0 0 0 0 0 0 0 0 0 0 0 0 0
3 4 15 0 0 0 0 0 0 0 0 0 0 0 0 0 0 0 0 0 0 0 0 0 0 0 0 0 0 0 0 0 0 0 0 0 0 0 0 0 0 0 0 0 0 0 0 0 0 0 0 0 0 0 0 0 0
3 5 0 1 6 0 0 1 68 1 6 1 0 0 68 0 0 0 0 0 0 1 4 0 2 1 64 1 4 1 2 0 64 0 0 0 0 0 0 1 5 0 1 1 64 1 5 1 1 0 64 0 0 0 0 0 0
3 5 1 1 6 0 0 2 68 1 6 1 0 1 68 1 6 2 0 0 68 1 4 0 2 2 64 1 4 1 2 1 64 1 4 2 2 0 64 1 5 0 1 2 64 1 5 1 1 1 64 1 5 2 1 0 64
3 5 2 1 6 3 0 0 69 1 6 1 0 2 68 1 6 2 0 1 68 1 4 3 2 0 65 1 4 1 2 2 64 1 4 2 2 1 64 1 5 3 1 0 65 1 5 1 1 2 64 1 5 2 1 1 64
3 5 3 1 6 3 0 1 69 1 6 4 0 0 69 1 6 2 0 2 68 1 4 3 2 1 65 1 4 4 2 0 65 1 4 2 2 2 64 1 5 3 1 1 65 1 5 4 1 0 65 1 5 2 1 2 64
3 5 4 1 6 3 0 2 69 1 6 4 0 1 69 1 6 5 0 0 69 1 4 3 2 2 65 1 4 4 2 1 65 1 4 5 2 0 65 1 5 3 1 2 65 1 5 4 1 1 65 1 5 5 1 0 65
3 5 5 1 6 6 0 0 70 1 6 4 0 2 69 1 6 5 0 1 69 1 4 6 2 0 66 1 4 4 2 2 65 1 4 5 2 1 65 1 5 6 1 0 66 1 5 4 1 2 65 1 5 5 1 1 65
3 5 6 1 6 6 0 1 70 1 6 7 0 0 70 1 6 5 0 2 69 1 4 6 2 1 66 1 4 7 2 0 66 1 4 5 2 2 65 1 5 6 1 1 66 1 5 7 1 0 66 1 5 5 1 2 65
3 5 7 1 6 6 0 2 70 1 6 7 0 1 70 1 6 8 0 0 70 1 4 6 2 2 66 1 4 7 2 1 66 1 4 8 2 0 66 1 5 6 1 2 66 1 5 7 1 1 66 1 5 8 1 0 66
3 5 8 1 6 9 0 0 71 1 6 7 0 2 70 1 6 8 0 1 70 1 4 9 2 0 67 1 4 7 2 2 66 1 4 8 2 1 66 1 5 9 1 0 67 1 5 7 1 2 66 1 5 8 1 1 66
3 5 9 1 6 9 0 1 71 1 6 10 0 0 71 1 6 8 0 2 70 1 4 9 2 1 67 1 4 10 2 0 67 1 4 8 2 2 66 1 5 9 1 1 67 1 5 10 1 0 67 1 5 8 1 2 66
3 5 10 1 6 9 0 2 71 1 6 10 0 1 71 0 0 0 0 0 0 1 4 9 2 2 67 1 4 10 2 1 67 0 0 0 0 0 0 1 5 9 1 2 67 1 5 10 1 1 67 0 0 0 0 0 0
3 5 11 0 0 0 0 0 0 1 6 10 0 2 71 0 0 0 0 0 0 0 0 0 0 0 0 1 4 10 2 2 67 0 0 0 0 0 0 0 0 0 0 0 0 1 5 10 1 2 67 0 0 0 0 0 0
3 5 12 0 0 0 0 0 0 0 0 0 0 0 0 0 0 0 0 0 0 0 0 0 0 0 0 0 0 0 0 0 0 0 0 0 0 0 0 0 0 0 0 0 0 0 0 0 0 0 0 0 0 0 0 0 0
3 5 13 0 0 0 0 0 0 0 0 0 0 0 0 0 0 0 0 0 0 0 0 0 0 0 0 0 0 0 0 0 0 0 0 0 0 0 0 0 0 0 0 0 0 0 0 0 0 0 0 0 0 0 0 0 0
3 5 14 0 0 0 0 0 0 0 0 0 0 0 0 0 0 0 0 0 0 0 0 0 0 0 0 0 0 0 0 0 0 0 0 0 0 0 0 0 0 0 0 0 0 0 0 0 0 0 0 0 0 0 0 0 0
3 5 15 0 0 0 0 0 0 0 0 0 0 0 0 0 0 0 0 0 0 0 0 0 0 0 0 0 0 0 0 0 0 0 0 0 0 0 0 0 0 0 0 0 0 0 0 0 0 0 0 0 0 0 0 0 0
3 6 0 1 6 0 1 1 68 1 6 1 1 0 68 0 0 0 0 0 0 1 7 0 0 1 68 1 7 1 0 0 68 0 0 0 0 0 0 1 5 0 2 1 64 1 5 1 2 0 64 0 0 0 0 0 0
3 6 1 1 6 0 1 2 68 1 6 1 1 1 68 1 6 2 1 0 68 1 7 0 0 2 68 1 7 1 0 1 68 1 7 2 0 0 68 1 5 0 2 2 64 1 5 1 2 1 64 1 5 2 2 0 64
3 6 2 1 6 3 1 0 69 1 6 1 1 2 68 1 6 2 1 1 68 1 7 3 0 0 69 1 7 1 0 2 68 1 7 2 0 1 68 1 5 3 2 0 65 1 5 1 2 2 64 1 5 2 2 1 64
3 6 3 1 6 3 1 1 69 1 6 4 1 0 69 1 6 2 1 2 68 1 7 3 0 1 69 1 7 4 0 0 69 1 7 2 0 2 68 1 5 3 2 1 65 1 5 4 2 0 65 1 5 2 2 2 64
3 6 4 1 6 3 1 2 69 1 6 4 1 1 69 1 6 5 1 0 69 1 7 3 0 2 69 1 7 4 0 1 69 1 7 5 0 0 69 1 5 3 2 2 65 1 5 4 2 1 65 1 5 5 2 0 65
3 6 5 1 6 6 1 0 70 1 6 4 1 2 69 1 6 5 1 1 69 1 7 6 0 0 70 1 7 4 0 2 69 1 7 5 0 1 69 1 5 6 2 0 66 1 5 4 2 2 65 1 5 5 2 1 65
3 6 6 1 6 6 1 1 70 1 6 7 1 0 70 1 6 5 1 2 69 1 7 6 0 1 70 1 7 7 0 0 70 1 7 5 0 2 69 1 5 6 2 1 66 1 5 7 2 0 66 1 5 5 2 2 65
3 6 7 1 6 6 1 2 70 1 6 7 1 1 70 1 6 8 1 0 70 1 7 6 0 2 70 1 7 7 0 1 70 1 7 8 0 0 70 1 5 6 2 2 66 1 5 7 2 1 66 1 5 8 2 0 66
3 6 8 1 6 9 1 0 71 1 6 7 1 2 70 1 6 8 1 1 70 1 7 9 0 0 71 1 7 7 0 2 70 1 7 8 0 1 70 1 5 9 2 0 67 1 5 7 2 2 66 1 5 8 2 1 66
3 6 9 1 6 9 1 1 71 1 6 10 1 0 71 1 6 8 1 2 70 1 7 9 0 1 71 1 7 10 0 0 71 1 7 8 0 2 70 1 5 9 2 1 67 1 5 10 2 0 67 1 5 8 2 2 66
3 6 10 1 6 9 1 2 71 1 6 10 1 1 71 0 0 0 0 0 0 1 7 9 0 2 71 1 7 10 0 1 71 0 0 0 0 0 0 1 5 9 2 2 67 1 5 10 2 1 67 0 0 0 0 0 0
3 6 11 0 0 0 0 0 0 1 6 10 1 2 71 0 0 0 0 0 0 0 0 0 0 0 0 1 7 10 0 2 71 0 0 0 0 0 0 0 0 0 0 0 0 1 5 10 2 2 67 0 0 0 0 0 0
3 6 12 0 0 0 0 0 0 0 0 0 0 0 0 0 0 0 0 0 0 0 0 0 0 0 0 0 0 0 0 0 0 0 0 0 0 0 0 0 0 0 0 0 0 0 0 0 0 0 0 0 0 0 0 0 0
3 6 13 0 0 0 0 0 0 0 0 0 0 0 0 0 0 0 0 0 0 0 0 0 0 0 0 0 0 0 0 0 0 0 0 0 0 0 0 0 0 0 0 0 0 0 0 0 0 0 0 0 0 0 0 0 0
3 6 14 0 0 0 0 0 0 0 0 0 0 0 0 0 0 0 0 0 0 0 0 0 0 0 0 0 0 0 0 0 0 0 0 0 0 0 0 0 0 0 0 0 0 0 0 0 0 0 0 0 0 0 0 0 0
3 6 15 0 0 0 0 0 0 0 0 0 0 0 0 0 0 0 0 0 0 0 0 0 0 0 0 0 0 0 0 0 0 0 0 0 0 0 0 0 0 0 0 0 0 0 0 0 0 0 0 0 0 0 0 0 0
3 7 0 1 6 0 2 1 68 1 6 1 2 0 68 0 0 0 0 0 0 1 7 0 1 1 68 1 7 1 1 0 68 0 0 0 0 0 0 1 8 0 0 1 68 1 8 1 0 0 68 0 0 0 0 0 0
3 7 1 1 6 0 2 2 68 1 6 1 2 1 68 1 6 2 2 0 68 1 7 0 1 2 68 1 7 1 1 1 68 1 7 2 1 0 68 1 8 0 0 2 68 1 8 1 0 1 68 1 8 2 0 0 68
3 7 2 1 6 3 2 0 69 1 6 1 2 2 68 1 6 2 2 1 68 1 7 3 1 0 69 1 7 1 1 2 68 1 7 2 1 1 68 1 8 3 0 0 69 1 8 1 0 2 68 1 8 2 0 1 68
3 7 3 1 6 3 2 1 69 1 6 4 2 0 69 1 6 2 2 2 68 1 7 3 1 1 69 1 7 4 1 0 69 1 7 2 1 2 68 1 8 3 0 1 69 1 8 4 0 0 69 1 8 2 0 2 68
3 7 4 1 6 3 2 2 69 1 6 4 2 1 69 1 6 5 2 0 69 1 7 3 1 2 69 1 7 4 1 1 69 1 7 5 1 0 69 1 8 3 0 2 69 1 8 4 0 1 69 1 8 5 0 0 69
3 7 5 1 6 6 2 0 70 1 6 4 2 2 69 1 6 5 2 1 69 1 7 6 1 0 70 1 7 4 1 2 69 1 7 5 1 1 69 1 8 6 0 0 70 1 8 4 0 2 69 1 8 5 0 1 69
3 7 6 1 6 6 2 1 70 1 6 7 2 0 70 1 6 5 2 2 69 1 7 6 1 1 70 1 7 7 1 0 70 1 7 5 1 2 69 1 8 6 0 1 70 1 8 7 0 0 70 1 8 5 0 2 69
3 7 7 1 6 6 2 2 70 1 6 7 2 1 70 1 6 8 2 0 70 1 7 6 1 2 70 1 7 7 1 1 70 1 7 8 1 0 70 1 8 6 0 2 70 1 8 7 0 1 70 1 8 8 0 0 70
3 7 8 1 6 9 2 0 71 1 6 7 2 2 70 1 6 8 2 1 70 1 7 9 1 0 71 1 7 7 1 2 70 1 7 8 1 1 70 1 8 9 0 0 71 1 8 7 0 2 70 1 8 8 0 1 70
3 7 9 1 6 9 2 1 71 1 6 10 2 0 71 1 6 8 2 2 70 1 7 9 1 1 71 1 7 10 1 0 71 1 7 8 1 2 70 1 8 9 0 1 71 1 8 10 0 0 71 1 8 8 0 2 70
3 7 10 1 6 9 2 2 71 1 6 10 2 1 71 0 0 0 0 0 0 1 7 9 1 2 71 1 7 10 1 1 71 0 0 0 0 0 0 1 8 9 0 2 71 1 8 10 0 1 71 0 0 0 0 0 0
3 7 11 0 0 0 0 0 0 1 6 10 2 2 71 0 0 0 0 0 0 0 0 0 0 0 0 1 7 10 1 2 71 0 0 0 0 0 0 0 0 0 0 0 0 1 8 10 0 2 71 0 0 0 0 0 0
3 7 12 0 0 0 0 0 0 0 0 0 0 0 0 0 0 0 0 0 0 0 0 0 0 0 0 0 0 0 0 0 0 0 0 0 0 0 0 0 0 0 0 0 0 0 0 0 0 0 0 0 0 0 0 0 0
3 7 13 0 0 0 0 0 0 0 0 0 0 0 0 0 0 0 0 0 0 0 0 0 0 0 0 0 0 0 0 0 0 0 0 0 0 0 0 0 0 0 0 0 0 0 0 0 0 0 0 0 0 0 0 0 0
3 7 14 0 0 0 0 0 0 0 0 0 0 0 0 0 0 0 0 0 0 0 0 0 0 0 0 0 0 0 0 0 0 0 0 0 0 0 0 0 0 0 0 0 0 0 0 0 0 0 0 0 0 0 0 0 0
3 7 15 0 0 0 0 0 0 0 0 0 0 0 0 0 0 0 0 0 0 0 0 0 0 0 0 0 0 0 0 0 0 0 0 0 0 0 0 0 0 0 0 0 0 0 0 0 0 0 0 0 0 0 0 0 0
3 8 0 1 9 0 0 1 72 1 9 1 0 0 72 0 0 0 0 0 0 1 7 0 2 1 68 1 7 1 2 0 68 0 0 0 0 0 0 1 8 0 1 1 68 1 8 1 1 0 68 0 0 0 0 0 0
3 8 1 1 9 0 0 2 72 1 9 1 0 1 72 1 9 2 0 0 72 1 7 0 2 2 68 1 7 1 2 1 68 1 7 2 2 0 68 1 8 0 1 2 68 1 8 1 1 1 68 1 8 2 1 0 68
3 8 2 1 9 3 0 0 73 1 9 1 0 2 72 1 9 2 0 1 72 1 7 3 2 0 69 1 7 1 2 2 68 1 7 2 2 1 68 1 8 3 1 0 69 1 8 1 1 2 68 1 8 2 1 1 68
3 8 3 1 9 3 0 1 73 1 9 4 0 0 73 1 9 2 0 2 72 1 7 3 2 1 69 1 7 4 2 0 69 1 7 2 2 2 68 1 8 3 1 1 69 1 8 4 1 0 69 1 8 2 1 2 68
3 8 4 1 9 3 0 2 73 1 9 4 0 1 73 1 9 5 0 0 73 1 7 3 2 2 69 1 7 4 2 1 69 1 7 5 2 0 69 1 8 3 1 2 69 1 8 4 1 1 69 1 8 5 1 0 69
3 8 5 1 9 6 0 0 74 1 9 4 0 2 73 1 9 5 0 1 73 1 7 6 2 0 70 1 7 4 2 2 69 1 7 5 2 1 69 1 8 6 1 0 70 1 8 4 1 2 69 1 8 5 1 1 69
3 8 6 1 9 6 0 1 74 1 9 7 0 0 74 1 9 5 0 2 73 1 7 6 2 1 70 1 7 7 2 0 70 1 7 5 2 2 69 1 8 6 1 1 70 1 8 7 1 0 70 1 8 5 1 2 69
3 8 7 1 9 6 0 2 74 1 9 7 0 1 74 1 9 8 0 0 74 1 7 6 2 2 70 1 7 7 2 1 70 1 7 8 2 0 70 1 8 6 1 2 70 1 8 7 1 1 70 1 8 8 1 0 70
3 8 8 1 9 9 0 0 75 1 9 7 0 2 74 1 9 8 0 1 74 1 7 9 2 0 71 1 7 7 2 2 70 1 7 8 2 1 70 1 8 9 1 0 71 1 8 7 1 2 70 1 8 8 1 1 70
3 8 9 1 9 9 0 1 75 1 9 10 0 0 75 1 9 8 0 2 74 1 7 9 2 1 71 1 7 10 2 0 71 1 7 8 2 2 70 1 8 9 1 1 71 1 8 10 1 0 71 1 8 8 1 2 70
3 8 10 1 9 9 0 2 75 1 9 10 0 1 75 0 0 0 0 0 0 1 7 9 2 2 71 1 7 10 2 1 71 0 0 0 0 0 0 1 8 9 1 2 71 1 8 10 1 1 71 0 0 0 0 0 0
3 8 11 0 0 0 0 0 0 1 9 10 0 2 75 0 0 0 0 0 0 0 0 0 0 0 0 1 7 10 2 2 71 0 0 0 0 0 0 0 0 0 0 0 0 1 8 10 1 2 71 0 0 0 0 0 0
3 8 12 0 0 0 0 0 0 0 0 0 0 0 0 0 0 0 0 0 0 0 0 0 0 0 0 0 0 0 0 0 0 0 0 0 0 0 0 0 0 0 0 0 0 0 0 0 0 0 0 0 0 0 0 0 0
3 8 13 0 0 0 0 0 0 0 0 0 0 0 0 0 0 0 0 0 0 0 0 0 0 0 0 0 0 0 0 0 0 0 0 0 0 0 0 0 0 0 0 0 0 0 0 0 0 0 0 0 0 0 0 0 0
3 8 14 0 0 0 0 0 0 0 0 0 0 0 0 0 0 0 0 0 0 0 0 0 0 0 0 0 0 0 0 0 0 0 0 0 0 0 0 0 0 0 0 0 0 0 0 0 0 0 0 0 0 0 0 0 0
3 8 15 0 0 0 0 0 0 0 0 0 0 0 0 0 0 0 0 0 0 0 0 0 0 0 0 0 0 0 0 0 0 0 0 0 0 0 0 0 0 0 0 0 0 0 0 0 0 0 0 0 0 0 0 0 0
3 9 0 1 9 0 1 1 72 1 9 1 1 0 72 0 0 0 0 0 0 1 10 0 0 1 72 1 10 1 0 0 72 0 0 0 0 0 0 1 8 0 2 1 68 1 8 1 2 0 68 0 0 0 0 0 0
3 9 1 1 9 0 1 2 72 1 9 1 1 1 72 1 9 2 1 0 72 1 10 0 0 2 72 1 10 1 0 1 72 1 10 2 0 0 72 1 8 0 2 2 68 1 8 1 2 1 68 1 8 2 2 0 68
3 9 2 1 9 3 1 0 73 1 9 1 1 2 72 1 9 2 1 1 72 1 10 3 0 0 73 1 10 1 0 2 72 1 10 2 0 1 72 1 8 3 2 0 69 1 8 1 2 2 68 1 8 2 2 1 68
3 9 3 1 9 3 1 1 73 1 9 4 1 0 73 1 9 2 1 2 72 1 10 3 0 1 73 1 10 4 0 0 73 1 10 2 0 2 72 1 8 3 2 1 69 1 8 4 2 0 69 1 8 2 2 2 68
3 9 4 1 9 3 1 2 73 1 9 4 1 1 73 1 9 5 1 0 73 1 10 3 0 2 73 1 10 4 0 1 73 1 10 5 0 0 73 1 8 3 2 2 69 1 8 4 2 1 69 1 8 5 2 0 69
3 9 5 1 9 6 1 0 74 1 9 4 1 2 73 1 9 5 1 1 73 1 10 6 0 0 74 1 10 4 0 2 73 1 10 5 0 1 73 1 8 6 2 0 70 1 8 4 2 2 69 1 8 5 2 1 69
3 9 6 1 9 6 1 1 74 1 9 7 1 0 74 1 9 5 1 2 73 1 10 6 0 1 74 1 10 7 0 0 74 1 10 5 0 2 73 1 8 6 2 1 70 1 8 7 2 0 70 1 8 5 2 2 69
3 9 7 1 9 6 1 2 74 1 9 7 1 1 74 1 9 8 1 0 74 1 10 6 0 2 74 1 10 7 0 1 74 1 10 8 0 0 74 1 8 6 2 2 70 1 8 7 2 1 70 1 8 8 2 0 70
3 9 8 1 9 9 1 0 75 1 9 7 1 2 74 1 9 8 1 1 74 1 10 9 0 0 75 1 10 7 0 2 74 1 10 8 0 1 74 1 8 9 2 0 71 1 8 7 2 2 70 1 8 8 2 1 70
3 9 9 1 9 9 1 1 75 1 9 10 1 0 75 1 9 8 1 2 74 1 10 9 0 1 75 1 10 10 0 0 75 1 10 8 0 2 74 1 8 9 2 1 71 1 8 10 2 0 71 1 8 8 2 2 70
3 9 10 1 9 9 1 2 75 1 9 10 1 1 75 0 0 0 0 0 0 1 10 9 0 2 75 1 10 10 0 1 75 0 0 0 0 0 0 1 8 9 2 2 71 1 8 10 2 1 71 0 0 0 0 0 0
3 9 11 0 0 0 0 0 0 1 9 10 1 2 75 0 0 0 0 0 0 0 0 0 0 0 0 1 10 10 0 2 75 0 0 0 0 0 0 0 0 0 0 0 0 1 8 10 2 2 71 0 0 0 0 0 0
3 9 12 0 0 0 0 0 0 0 0 0 0 0 0 0 0 0 0 0 0 0 0 0 0 0 0 0 0 0 0 0 0 0 0 0 0 0 0 0 0 0 0 0 0 0 0 0 0 0 0 0 0 0 0 0 0
3 9 13 0 0 0 0 0 0 0 0 0 0 0 0 0 0 0 0 0 0 0 0 0 0 0 0 0 0 0 0 0 0 0 0 0 0 0 0 0 0 0 0 0 0 0 0 0 0 0 0 0 0 0 0 0 0
3 9 14 0 0 0 0 0 0 0 0 0 0 0 0 0 0 0 0 0 0 0 0 0 0 0 0 0 0 0 0 0 0 0 0 0 0 0 0 0 0 0 0 0 0 0 0 0 0 0 0 0 0 0 0 0 0
3 9 15 0 0 0 0 0 0 0 0 0 0 0 0 0 0 0 0 0 0 0 0 0 0 0 0 0 0 0 0 0 0 0 0 0 0 0 0 0 0 0 0 0 0 0 0 0 0 0 0 0 0 0 0 0 0
3 10 0 1 9 0 2 1 72 1 9 1 2 0 72 0 0 0 0 0 0 1 10 0 1 1 72 1 10 1 1 0 72 0 0 0 0 0 0 1 11 0 0 1 72 1 11 1 0 0 72 0 0 0 0 0 0
3 10 1 1 9 0 2 2 72 1 9 1 2 1 72 1 9 2 2 0 72 1 10 0 1 2 72 1 10 1 1 1 72 1 10 2 1 0 72 1 11 0 0 2 72 1 11 1 0 1 72 1 11 2 0 0 72
3 10 2 1 9 3 2 0 73 1 9 1 2 2 72 1 9 2 2 1 72 1 10 3 1 0 73 1 10 1 1 2 72 1 10 2 1 1 72 1 11 3 0 0 73 1 11 1 0 2 72 1 11 2 0 1 72
3 10 3 1 9 3 2 1 73 1 9 4 2 0 73 1 9 2 2 2 72 1 10 3 1 1 73 1 10 4 1 0 73 1 10 2 1 2 72 1 11 3 0 1 73 1 11 4 0 0 73 1 11 2 0 2 72
3 10 4 1 9 3 2 2 73 1 9 4 2 1 73 1 9 5 2 0 73 1 10 3 1 2 73 1 10 4 1 1 73 1 10 5 1 0 73 1 11 3 0 2 73 1 11 4 0 1 73 1 11 5 0 0 73
3 10 5 1 9 6 2 0 74 1 9 4 2 2 73 1 9 5 2 1 73 1 10 6 1 0 74 1 10 4 1 2 73 1 10 5 1 1 73 1 11 6 0 0 74 1 11 4 0 2 73 1 11 5 0 1 73
3 10 6 1 9 6 2 1 74 1 9 7 2 0 74 1 9 5 2 2 73 1 10 6 1 1 74 1 10 7 1 0 74 1 10 5 1 2 73 1 11 6 0 1 74 1 11 7 0 0 74 1 11 5 0 2 73
3 10 7 1 9 6 2 2 74 1 9 7 2 1 74 1 9 8 2 0 74 1 10 6 1 2 74 1 10 7 1 1 74 1 10 8 1 0 74 1 11 6 0 2 74 1 11 7 0 1 74 1 11 8 0 0 74
3 10 8 1 9 9 2 0 75 1 9 7 2 2 74 1 9 8 2 1 74 1 10 9 1 0 75 1 10 7 1 2 74 1 10 8 1 1 74 1 11 9 0 0 75 1 11 7 0 2 74 1 11 8 0 1 74
3 10 9 1 9 9 2 1 75 1 9 10 2 0 75 1 9 8 2 2 74 1 10 9 1 1 75 1 10 10 1 0 75 1 10 8 1 2 74 1 11 9 0 1 75 1 11 10 0 0 75 1 11 8 0 2 74
3 10 10 1 9 9 2 2 75 1 9 10 2 1 75 0 0 0 0 0 0 1 10 9 1 2 75 1 10 10 1 1 75 0 0 0 0 0 0 1 11 9 0 2 75 1 11 10 0 1 75 0 0 0 0 0 0
3 10 11 0 0 0 0 0 0 1 9 10 2 2 75 0 0 0 0 0 0 0 0 0 0 0 0 1 10 10 1 2 75 0 0 0 0 0 0 0 0 0 0 0 0 1 11 10 0 2 75 0 0 0 0 0 0
3 10 12 0 0 0 0 0 0 0 0 0 0 0 0 0 0 0 0 0 0 0 0 0 0 0 0 0 0 0 0 0 0 0 0 0 0 0 0 0 0 0 0 0 0 0 0 0 0 0 0 0 0 0 0 0 0
3 10 13 0 0 0 0 0 0 0 0 0 0 0 0 0 0 0 0 0 0 0 0 0 0 0 0 0 0 0 0 0 0 0 0 0 0 0 0 0 0 0 0 0 0 0 0 0 0 0 0 0 0 0 0 0 0
3 10 14 0 0 0 0 0 0 0 0 0 0 0 0 0 0 0 0 0 0 0 0 0 0 0 0 0 0 0 0 0 0 0 0 0 0 0 0 0 0 0 0 0 0 0 0 0 0 0 0 0 0 0 0 0 0
3 10 15 0 0 0 0 0 0 0 0 0 0 0 0 0 0 0 0 0 0 0 0 0 0 0 0 0 0 0 0 0 0 0 0 0 0 0 0 0 0 0 0 0 0 0 0 0 0 0 0 0 0 0 0 0 0
3 11 0 1 12 0 0 1 76 1 12 1 0 0 76 0 0 0 0 0 0 1 10 0 2 1 72 1 10 1 2 0 72 0 0 0 0 0 0 1 11 0 1 1 72 1 11 1 1 0 72 0 0 0 0 0 0
3 11 1 1 12 0 0 2 76 1 12 1 0 1 76 1 12 2 0 0 76 1 10 0 2 2 72 1 10 1 2 1 72 1 10 2 2 0 72 1 11 0 1 2 72 1 11 1 1 1 72 1 11 2 1 0 72
3 11 2 1 12 3 0 0 77 1 12 1 0 2 76 1 12 2 0 1 76 1 10 3 2 0 73 1 10 1 2 2 72 1 10 2 2 1 72 1 11 3 1 0 73 1 11 1 1 2 72 1 11 2 1 1 72
3 11 3 1 12 3 0 1 77 1 12 4 0 0 77 1 12 2 0 2 76 1 10 3 2 1 73 1 10 4 2 0 73 1 10 2 2 2 72 1 11 3 1 1 73 1 11 4 1 0 73 1 11 2 1 2 72
3 11 4 1 12 3 0 2 77 1 12 4 0 1 77 1 12 5 0 0 77 1 10 3 2 2 73 1 10 4 2 1 73 1 10 5 2 0 73 1 11 3 1 2 73 1 11 4 1 1 73 1 11 5 1 0 73
3 11 5 1 12 6 0 0 78 1 12 4 0 2 77 1 12 5 0 1 77 1 10 6 2 0 74 1 10 4 2 2 73 1 10 5 2 1 73 1 11 6 1 0 74 1 11 4 1 2 73 1 11 5 1 1 73
3 11 6 1 12 6 0 1 78 1 12 7 0 0 78 1 12 5 0 2 77 1 10 6 2 1 74 1 10 7 2 0 74 1 10 5 2 2 73 1 11 6 1 1 74 1 11 7 1 0 74 1 11 5 1 2 73
3 11 7 1 12 6 0 2 78 1 12 7 0 1 78 1 12 8 0 0 78 1 10 6 2 2 74 1 10 7 2 1 74 1 10 8 2 0 74 1 11 6 1 2 74 1 11 7 1 1 74 1 11 8 1 0 74
3 11 8 1 12 9 0 0 79 1 12 7 0 2 78 1 12 8 0 1 78 1 10 9 2 0 75 1 10 7 2 2 74 1 10 8 2 1 74 1 11 9 1 0 75 1 11 7 1 2 74 1 11 8 1 1 74
3 11 9 1 12 9 0 1 79 1 12 10 0 0 79 1 12 8 0 2 78 1 10 9 2 1 75 1 10 10 2 0 75 1 10 8 2 2 74 1 11 9 1 1 75 1 11 10 1 0 75 1 11 8 1 2 74
3 11 10 1 12 9 0 2 79 1 12 10 0 1 79 0 0 0 0 0 0 1 10 9 2 2 75 1 10 10 2 1 75 0 0 0 0 0 0 1 11 9 1 2 75 1 11 10 1 1 75 0 0 0 0 0 0
3 11 11 0 0 0 0 0 0 1 12 10 0 2 79 0 0 0 0 0 0 0 0 0 0 0 0 1 10 10 2 2 75 0 0 0 0 0 0 0 0 0 0 0 0 1 11 10 1 2 75 0 0 0 0 0 0
3 11 12 0 0 0 0 0 0 0 0 0 0 0 0 0 0 0 0 0 0 0 0 0 0 0 0 0 0 0 0 0 0 0 0 0 0 0 0 0 0 0 0 0 0 0 0 0 0 0 0 0 0 0 0 0 0
3 11 13 0 0 0 0 0 0 0 0 0 0 0 0 0 0 0 0 0 0 0 0 0 0 0 0 0 0 0 0 0 0 0 0 0 0 0 0 0 0 0 0 0 0 0 0 0 0 0 0 0 0 0 0 0 0
3 11 14 0 0 0 0 0 0 0 0 0 0 0 0 0 0 0 0 0 0 0 0 0 0 0 0 0 0 0 0 0 0 0 0 0 0 0 0 0 0 0 0 0 0 0 0 0 0 0 0 0 0 0 0 0 0
3 11 15 0 0 0 0 0 0 0 0 0 0 0 0 0 0 0 0 0 0 0 0 0 0 0 0 0 0 0 0 0 0 0 0 0 0 0 0 0 0 0 0 0 0 0 0 0 0 0 0 0 0 0 0 0 0
3 12 0 1 12 0 1 1 76 1 12 1 1 0 76 0 0 0 0 0 0 0 0 0 0 0 0 0 0 0 0 0 0 0 0 0 0 0 0 1 11 0 2 1 72 1 11 1 2 0 72 0 0 0 0 0 0
3 12 1 1 12 0 1 2 76 1 12 1 1 1 76 1 12 2 1 0 76 0 0 0 0 0 0 0 0 0 0 0 0 0 0 0 0 0 0 1 11 0 2 2 72 1 11 1 2 1 72 1 11 2 2 0 72
3 12 2 1 12 3 1 0 77 1 12 1 1 2 76 1 12 2 1 1 76 0 0 0 0 0 0 0 0 0 0 0 0 0 0 0 0 0 0 1 11 3 2 0 73 1 11 1 2 2 72 1 11 2 2 1 72
3 12 3 1 12 3 1 1 77 1 12 4 1 0 77 1 12 2 1 2 76 0 0 0 0 0 0 0 0 0 0 0 0 0 0 0 0 0 0 1 11 3 2 1 73 1 11 4 2 0 73 1 11 2 2 2 72
3 12 4 1 12 3 1 2 77 1 12 4 1 1 77 1 12 5 1 0 77 0 0 0 0 0 0 0 0 0 0 0 0 0 0 0 0 0 0 1 11 3 2 2 73 1 11 4 2 1 73 1 11 5 2 0 73
3 12 5 1 12 6 1 0 78 1 12 4 1 2 77 1 12 5 1 1 77 0 0 0 0 0 0 0 0 0 0 0 0 0 0 0 0 0 0 1 11 6 2 0 74 1 11 4 2 2 73 1 11 5 2 1 73
3 12 6 1 12 6 1 1 78 1 12 7 1 0 78 1 12 5 1 2 77 0 0 0 0 0 0 0 0 0 0 0 0 0 0 0 0 0 0 1 11 6 2 1 74 1 11 7 2 0 74 1 11 5 2 2 73
3 12 7 1 12 6 1 2 78 1 12 7 1 1 78 1 12 8 1 0 78 0 0 0 0 0 0 0 0 0 0 0 0 0 0 0 0 0 0 1 11 6 2 2 74 1 11 7 2 1 74 1 11 8 2 0 74
3 12 8 1 12 9 1 0 79 1 12 7 1 2 78 1 12 8 1 1 78 0 0 0 0 0 0 0 0 0 0 0 0 0 0 0 0 0 0 1 11 9 2 0 75 1 11 7 2 2 74 1 11 8 2 1 74
3 12 9 1 12 9 1 1 79 1 12 10 1 0 79 1 12 8 1 2 78 0 0 0 0 0 0 0 0 0 0 0 0 0 0 0 0 0 0 1 11 9 2 1 75 1 11 10 2 0 75 1 11 8 2 2 74
3 12 10 1 12 9 1 2 79 1 12 10 1 1 79 0 0 0 0 0 0 0 0 0 0 0 0 0 0 0 0 0 0 0 0 0 0 0 0 1 11 9 2 2 75 1 11 10 2 1 75 0 0 0 0 0 0
3 12 11 0 0 0 0 0 0 1 12 10 1 2 79 0 0 0 0 0 0 0 0 0 0 0 0 0 0 0 0 0 0 0 0 0 0 0 0 0 0 0 0 0 0 1 11 10 2 2 75 0 0 0 0 0 0
3 12 12 0 0 0 0 0 0 0 0 0 0 0 0 0 0 0 0 0 0 0 0 0 0 0 0 0 0 0 0 0 0 0 0 0 0 0 0 0 0 0 0 0 0 0 0 0 0 0 0 0 0 0 0 0 0
3 12 13 0 0 0 0 0 0 0 0 0 0 0 0 0 0 0 0 0 0 0 0 0 0 0 0 0 0 0 0 0 0 0 0 0 0 0 0 0 0 0 0 0 0 0 0 0 0 0 0 0 0 0 0 0 0
3 12 14 0 0 0 0 0 0 0 0 0 0 0 0 0 0 0 0 0 0 0 0 0 0 0 0 0 0 0 0 0 0 0 0 0 0 0 0 0 0 0 0 0 0 0 0 0 0 0 0 0 0 0 0 0 0
3 12 15 0 0 0 0 0 0 0 0 0 0 0 0 0 0 0 0 0 0 0 0 0 0 0 0 0 0 0 0 0 0 0 0 0 0 0 0 0 0 0 0 0 0 0 0 0 0 0 0 0 0 0 0 0 0
3 13 0 1 12 0 2 1 76 1 12 1 2 0 76 0 0 0 0 0 0 0 0 0 0 0 0 0 0 0 0 0 0 0 0 0 0 0 0 0 0 0 0 0 0 0 0 0 0 0 0 0 0 0 0 0 0
3 13 1 1 12 0 2 2 76 1 12 1 2 1 76 1 12 2 2 0 76 0 0 0 0 0 0 0 0 0 0 0 0 0 0 0 0 0 0 0 0 0 0 0 0 0 0 0 0 0 0 0 0 0 0 0 0
3 13 2 1 12 3 2 0 77 1 12 1 2 2 76 1 12 2 2 1 76 0 0 0 0 0 0 0 0 0 0 0 0 0 0 0 0 0 0 0 0 0 0 0 0 0 0 0 0 0 0 0 0 0 0 0 0
3 13 3 1 12 3 2 1 77 1 12 4 2 0 77 1 12 2 2 2 76 0 0 0 0 0 0 0 0 0 0 0 0 0 0 0 0 0 0 0 0 0 0 0 0 0 0 0 0 0 0 0 0 0 0 0 0
3 13 4 1 12 3 2 2 77 1 12 4 2 1 77 1 12 5 2 0 77 0 0 0 0 0 0 0 0 0 0 0 0 0 0 0 0 0 0 0 0 0 0 0 0 0 0 0 0 0 0 0 0 0 0 0 0
3 13 5 1 12 6 2 0 78 1 12 4 2 2 77 1 12 5 2 1 77 0 0 0 0 0 0 0 0 0 0 0 0 0 0 0 0 0 0 0 0 0 0 0 0 0 0 0 0 0 0 0 0 0 0 0 0
3 13 6 1 12 6 2 1 78 1 12 7 2 0 78 1 12 5 2 2 77 0 0 0 0 0 0 0 0 0 0 0 0 0 0 0 0 0 0 0 0 0 0 0 0 0 0 0 0 0 0 0 0 0 0 0 0
3 13 7 1 12 6 2 2 78 1 12 7 2 1 78 1 12 8 2 0 78 0 0 0 0 0 0 0 0 0 0 0 0 0 0 0 0 0 0 0 0 0 0 0 0 0 0 0 0 0 0 0 0 0 0 0 0
3 13 8 1 12 9 2 0 79 1 12 7 2 2 78 1 12 8 2 1 78 0 0 0 0 0 0 0 0 0 0 0 0 0 0 0 0 0 0 0 0 0 0 0 0 0 0 0 0 0 0 0 0 0 0 0 0
3 13 9 1 12 9 2 1 79 1 12 10 2 0 79 1 12 8 2 2 78 0 0 0 0 0 0 0 0 0 0 0 0 0 0 0 0 0 0 0 0 0 0 0 0 0 0 0 0 0 0 0 0 0 0 0 0
3 13 10 1 12 9 2 2 79 1 12 10 2 1 79 0 0 0 0 0 0 0 0 0 0 0 0 0 0 0 0 0 0 0 0 0 0 0 0 0 0 0 0 0 0 0 0 0 0 0 0 0 0 0 0 0 0
3 13 11 0 0 0 0 0 0 1 12 10 2 2 79 0 0 0 0 0 0 0 0 0 0 0 0 0 0 0 0 0 0 0 0 0 0 0 0 0 0 0 0 0 0 0 0 0 0 0 0 0 0 0 0 0 0
3 13 12 0 0 0 0 0 0 0 0 0 0 0 0 0 0 0 0 0 0 0 0 0 0 0 0 0 0 0 0 0 0 0 0 0 0 0 0 0 0 0 0 0 0 0 0 0 0 0 0 0 0 0 0 0 0
3 13 13 0 0 0 0 0 0 0 0 0 0 0 0 0 0 0 0 0 0 0 0 0 0 0 0 0 0 0 0 0 0 0 0 0 0 0 0 0 0 0 0 0 0 0 0 0 0 0 0 0 0 0 0 0 0
3 13 14 0 0 0 0 0 0 0 0 0 0 0 0 0 0 0 0 0 0 0 0 0 0 0 0 0 0 0 0 0 0 0 0 0 0 0 0 0 0 0 0 0 0 0 0 0 0 0 0 0 0 0 0 0 0
3 13 15 0 0 0 0 0 0 0 0 0 0 0 0 0 0 0 0 0 0 0 0 0 0 0 0 0 0 0 0 0 0 0 0 0 0 0 0 0 0 0 0 0 0 0 0 0 0 0 0 0 0 0 0 0 0
3 14 0 0 0 0 0 0 0 0 0 0 0 0 0 0 0 0 0 0 0 0 0 0 0 0 0 0 0 0 0 0 0 0 0 0 0 0 0 0 0 0 0 0 0 0 0 0 0 0 0 0 0 0 0 0 0
3 14 1 0 0 0 0 0 0 0 0 0 0 0 0 0 0 0 0 0 0 0 0 0 0 0 0 0 0 0 0 0 0 0 0 0 0 0 0 0 0 0 0 0 0 0 0 0 0 0 0 0 0 0 0 0 0
3 14 2 0 0 0 0 0 0 0 0 0 0 0 0 0 0 0 0 0 0 0 0 0 0 0 0 0 0 0 0 0 0 0 0 0 0 0 0 0 0 0 0 0 0 0 0 0 0 0 0 0 0 0 0 0 0
3 14 3 0 0 0 0 0 0 0 0 0 0 0 0 0 0 0 0 0 0 0 0 0 0 0 0 0 0 0 0 0 0 0 0 0 0 0 0 0 0 0 0 0 0 0 0 0 0 0 0 0 0 0 0 0 0
3 14 4 0 0 0 0 0 0 0 0 0 0 0 0 0 0 0 0 0 0 0 0 0 0 0 0 0 0 0 0 0 0 0 0 0 0 0 0 0 0 0 0 0 0 0 0 0 0 0 0 0 0 0 0 0 0
3 14 5 0 0 0 0 0 0 0 0 0 0 0 0 0 0 0 0 0 0 0 0 0 0 0 0 0 0 0 0 0 0 0 0 0 0 0 0 0 0 0 0 0 0 0 0 0 0 0 0 0 0 0 0 0 0
3 14 6 0 0 0 0 0 0 0 0 0 0 0 0 0 0 0 0 0 0 0 0 0 0 0 0 0 0 0 0 0 0 0 0 0 0 0 0 0 0 0 0 0 0 0 0 0 0 0 0 0 0 0 0 0 0
3 14 7 0 0 0 0 0 0 0 0 0 0 0 0 0 0 0 0 0 0 0 0 0 0 0 0 0 0 0 0 0 0 0 0 0 0 0 0 0 0 0 0 0 0 0 0 0 0 0 0 0 0 0 0 0 0
3 14 8 0 0 0 0 0 0 0 0 0 0 0 0 0 0 0 0 0 0 0 0 0 0 0 0 0 0 0 0 0 0 0 0 0 0 0 0 0 0 0 0 0 0 0 0 0 0 0 0 0 0 0 0 0 0
3 14 9 0 0 0 0 0 0 0 0 0 0 0 0 0 0 0 0 0 0 0 0 0 0 0 0 0 0 0 0 0 0 0 0 0 0 0 0 0 0 0 0 0 0 0 0 0 0 0 0 0 0 0 0 0 0
3 14 10 0 0 0 0 0 0 0 0 0 0 0 0 0 0 0 0 0 0 0 0 0 0 0 0 0 0 0 0 0 0 0 0 0 0 0 0 0 0 0 0 0 0 0 0 0 0 0 0 0 0 0 0 0 0
3 14 11 0 0 0 0 0 0 0 0 0 0 0 0 0 0 0 0 0 0 0 0 0 0 0 0 0 0 0 0 0 0 0 0 0 0 0 0 0 0 0 0 0 0 0 0 0 0 0 0 0 0 0 0 0 0
3 14 12 0 0 0 0 0 0 0 0 0 0 0 0 0 0 0 0 0 0 0 0 0 0 0 0 0 0 0 0 0 0 0 0 0 0 0 0 0 0 0 0 0 0 0 0 0 0 0 0 0 0 0 0 0 0
3 14 13 0 0 0 0 0 0 0 0 0 0 0 0 0 0 0 0 0 0 0 0 0 0 0 0 0 0 0 0 0 0 0 0 0 0 0 0 0 0 0 0 0 0 0 0 0 0 0 0 0 0 0 0 0 0
3 14 14 0 0 0 0 0 0 0 0 0 0 0 0 0 0 0 0 0 0 0 0 0 0 0 0 0 0 0 0 0 0 0 0 0 0 0 0 0 0 0 0 0 0 0 0 0 0 0 0 0 0 0 0 0 0
3 14 15 0 0 0 0 0 0 0 0 0 0 0 0 0 0 0 0 0 0 0 0 0 0 0 0 0 0 0 0 0 0 0 0 0 0 0 0 0 0 0 0 0 0 0 0 0 0 0 0 0 0 0 0 0 0
3 15 0 0 0 0 0 0 0 0 0 0 0 0 0 0 0 0 0 0 0 0 0 0 0 0 0 0 0 0 0 0 0 0 0 0 0 0 0 0 0 0 0 0 0 0 0 0 0 0 0 0 0 0 0 0 0
3 15 1 0 0 0 0 0 0 0 0 0 0 0 0 0 0 0 0 0 0 0 0 0 0 0 0 0 0 0 0 0 0 0 0 0 0 0 0 0 0 0 0 0 0 0 0 0 0 0 0 0 0 0 0 0 0
3 15 2 0 0 0 0 0 0 0 0 0 0 0 0 0 0 0 0 0 0 0 0 0 0 0 0 0 0 0 0 0 0 0 0 0 0 0 0 0 0 0 0 0 0 0 0 0 0 0 0 0 0 0 0 0 0
3 15 3 0 0 0 0 0 0 0 0 0 0 0 0 0 0 0 0 0 0 0 0 0 0 0 0 0 0 0 0 0 0 0 0 0 0 0 0 0 0 0 0 0 0 0 0 0 0 0 0 0 0 0 0 0 0
3 15 4 0 0 0 0 0 0 0 0 0 0 0 0 0 0 0 0 0 0 0 0 0 0 0 0 0 0 0 0 0 0 0 0 0 0 0 0 0 0 0 0 0 0 0 0 0 0 0 0 0 0 0 0 0 0
3 15 5 0 0 0 0 0 0 0 0 0 0 0 0 0 0 0 0 0 0 0 0 0 0 0 0 0 0 0 0 0 0 0 0 0 0 0 0 0 0 0 0 0 0 0 0 0 0 0 0 0 0 0 0 0 0
3 15 6 0 0 0 0 0 0 0 0 0 0 0 0 0 0 0 0 0 0 0 0 0 0 0 0 0 0 0 0 0 0 0 0 0 0 0 0 0 0 0 0 0 0 0 0 0 0 0 0 0 0 0 0 0 0
3 15 7 0 0 0 0 0 0 0 0 0 0 0 0 0 0 0 0 0 0 0 0 0 0 0 0 0 0 0 0 0 0 0 0 0 0 0 0 0 0 0 0 0 0 0 0 0 0 0 0 0 0 0 0 0 0
3 15 8 0 0 0 0 0 0 0 0 0 0 0 0 0 0 0 0 0 0 0 0 0 0 0 0 0 0 0 0 0 0 0 0 0 0 0 0 0 0 0 0 0 0 0 0 0 0 0 0 0 0 0 0 0 0
3 15 9 0 0 0 0 0 0 0 0 0 0 0 0 0 0 0 0 0 0 0 0 0 0 0 0 0 0 0 0 0 0 0 0 0 0 0 0 0 0 0 0 0 0 0 0 0 0 0 0 0 0 0 0 0 0
3 15 10 0 0 0 0 0 0 0 0 0 0 0 0 0 0 0 0 0 0 0 0 0 0 0 0 0 0 0 0 0 0 0 0 0 0 0 0 0 0 0 0 0 0 0 0 0 0 0 0 0 0 0 0 0 0
3 15 11 0 0 0 0 0 0 0 0 0 0 0 0 0 0 0 0 0 0 0 0 0 0 0 0 0 0 0 0 0 0 0 0 0 0 0 0 0 0 0 0 0 0 0 0 0 0 0 0 0 0 0 0 0 0
3 15 12 0 0 0 0 0 0 0 0 0 0 0 0 0 0 0 0 0 0 0 0 0 0 0 0 0 0 0 0 0 0 0 0 0 0 0 0 0 0 0 0 0 0 0 0 0 0 0 0 0 0 0 0 0 0
3 15 13 0 0 0 0 0 0 0 0 0 0 0 0 0 0 0 0 0 0 0 0 0 0 0 0 0 0 0 0 0 0 0 0 0 0 0 0 0 0 0 0 0 0 0 0 0 0 0 0 0 0 0 0 0 0
3 15 14 0 0 0 0 0 0 0 0 0 0 0 0 0 0 0 0 0 0 0 0 0 0 0 0 0 0 0 0 0 0 0 0 0 0 0 0 0 0 0 0 0 0 0 0 0 0 0 0 0 0 0 0 0 0
3 15 15 0 0 0 0 0 0 0 0 0 0 0 0 0 0 0 0 0 0 0 0 0 0 0 0 0 0 0 0 0 0 0 0 0 0 0 0 0 0 0 0 0 0 0 0 0 0 0 0 0 0 0 0 0 0
4 0 0 1 0 0 1 1 80 1 0 1 1 0 80 0 0 0 0 0 0 1 1 0 0 1 80 1 1 1 0 0 80 0 0 0 0 0 0 0 0 0 0 0 0 0 0 0 0 0 0 0 0 0 0 0 0
4 0 1 1 0 0 1 2 80 1 0 1 1 1 80 1 0 2 1 0 80 1 1 0 0 2 80 1 1 1 0 1 80 1 1 2 0 0 80 0 0 0 0 0 0 0 0 0 0 0 0 0 0 0 0 0 0
4 0 2 1 0 3 1 0 81 1 0 1 1 2 80 1 0 2 1 1 80 1 1 3 0 0 81 1 1 1 0 2 80 1 1 2 0 1 80 0 0 0 0 0 0 0 0 0 0 0 0 0 0 0 0 0 0
4 0 3 1 0 3 1 1 81 1 0 4 1 0 81 1 0 2 1 2 80 1 1 3 0 1 81 1 1 4 0 0 81 1 1 2 0 2 80 0 0 0 0 0 0 0 0 0 0 0 0 0 0 0 0 0 0
4 0 4 1 0 3 1 2 81 1 0 4 1 1 81 1 0 5 1 0 81 1 1 3 0 2 81 1 1 4 0 1 81 1 1 5 0 0 81 0 0 0 0 0 0 0 0 0 0 0 0 0 0 0 0 0 0
4 0 5 1 0 6 1 0 82 1 0 4 1 2 81 1 0 5 1 1 81 1 1 6 0 0 82 1 1 4 0 2 81 1 1 5 0 1 81 0 0 0 0 0 0 0 0 0 0 0 0 0 0 0 0 0 0
4 0 6 1 0 6 1 1 82 1 0 7 1 0 82 1 0 5 1 2 81 1 1 6 0 1 82 1 1 7 0 0 82 1 1 5 0 2 81 0 0 0 0 0 0 0 0 0 0 0 0 0 0 0 0 0 0
4 0 7 1 0 6 1 2 82 1 0 7 1 1 82 1 0 8 1 0 82 1 1 6 0 2 82 1 1 7 0 1 82 1 1 8 0 0 82 0 0 0 0 0 0 0 0 0 0 0 0 0 0 0 0 0 0
4 0 8 1 0 9 1 0 83 1 0 7 1 2 82 1 0 8 1 1 82 1 1 9 0 0 83 1 1 7 0 2 82 1 1 8 0 1 82 0 0 0 0 0 0 0 0 0 0 0 0 0 0 0 0 0 0
4 0 9 1 0 9 1 1 83 1 0 10 1 0 83 1 0 8 1 2 82 1 1 9 0 1 83 1 1 10 0 0 83 1 1 8 0 2 82 0 0 0 0 0 0 0 0 0 0 0 0 0 0 0 0 0 0
4 0 10 1 0 9 1 2 83 1 0 10 1 1 83 0 0 0 0 0 0 1 1 9 0 2 83 1 1 10 0 1 83 0 0 0 0 0 0 0 0 0 0 0 0 0 0 0 0 0 0 0 0 0 0 0 0
4 0 11 0 0 0 0 0 0 1 0 10 1 2 83 0 0 0 0 0 0 0 0 0 0 0 0 1 1 10 0 2 83 0 0 0 0 0 0 0 0 0 0 0 0 0 0 0 0 0 0 0 0 0 0 0 0
4 0 12 0 0 0 0 0 0 0 0 0 0 0 0 0 0 0 0 0 0 0 0 0 0 0 0 0 0 0 0 0 0 0 0 0 0 0 0 0 0 0 0 0 0 0 0 0 0 0 0 0 0 0 0 0 0
4 0 13 0 0 0 0 0 0 0 0 0 0 0 0 0 0 0 0 0 0 0 0 0 0 0 0 0 0 0 0 0 0 0 0 0 0 0 0 0 0 0 0 0 0 0 0 0 0 0 0 0 0 0 0 0 0
4 0 14 0 0 0 0 0 0 0 0 0 0 0 0 0 0 0 0 0 0 0 0 0 0 0 0 0 0 0 0 0 0 0 0 0 0 0 0 0 0 0 0 0 0 0 0 0 0 0 0 0 0 0 0 0 0
4 0 15 0 0 0 0 0 0 0 0 0 0 0 0 0 0 0 0 0 0 0 0 0 0 0 0 0 0 0 0 0 0 0 0 0 0 0 0 0 0 0 0 0 0 0 0 0 0 0 0 0 0 0 0 0 0
4 1 0 1 0 0 2 1 80 1 0 1 2 0 80 0 0 0 0 0 0 1 1 0 1 1 80 1 1 1 1 0 80 0 0 0 0 0 0 1 2 0 0 1 80 1 2 1 0 0 80 0 0 0 0 0 0
4 1 1 1 0 0 2 2 80 1 0 1 2 1 80 1 0 2 2 0 80 1 1 0 1 2 80 1 1 1 1 1 80 1 1 2 1 0 80 1 2 0 0 2 80 1 2 1 0 1 80 1 2 2 0 0 80
4 1 2 1 0 3 2 0 81 1 0 1 2 2 80 1 0 2 2 1 80 1 1 3 1 0 81 1 1 1 1 2 80 1 1 2 1 1 80 1 2 3 0 0 81 1 2 1 0 2 80 1 2 2 0 1 80
4 1 3 1 0 3 2 1 81 1 0 4 2 0 81 1 0 2 2 2 80 1 1 3 1 1 81 1 1 4 1 0 81 1 1 2 1 2 80 1 2 3 0 1 81 1 2 4 0 0 81 1 2 2 0 2 80
4 1 4 1 0 3 2 2 81 1 0 4 2 1 81 1 0 5 2 0 81 1 1 3 1 2 81 1 1 4 1 1 81 1 1 5 1 0 81 1 2 3 0 2 81 1 2 4 0 1 81 1 2 5 0 0 81
4 1 5 1 0 6 2 0 82 1 0 4 2 2 81 1 0 5 2 1 81 1 1 6 1 0 82 1 1 4 1 2 81 1 1 5 1 1 81 1 2 6 0 0 82 1 2 4 0 2 81 1 2 5 0 1 81
4 1 6 1 0 6 2 1 82 1 0 7 2 0 82 1 0 5 2 2 81 1 1 6 1 1 82 1 1 7 1 0 82 1 1 5 1 2 81 1 2 6 0 1 82 1 2 7 0 0 82 1 2 5 0 2 81
4 1 7 1 0 6 2 2 82 1 0 7 2 1 82 1 0 8 2 0 82 1 1 6 1 2 82 1 1 7 1 1 82 1 1 8 1 0 82 1 2 6 0 2 82 1 2 7 0 1 82 1 2 8 0 0 82
4 1 8 1 0 9 2 0 83 1 0 7 2 2 82 1 0 8 2 1 82 1 1 9 1 0 83 1 1 7 1 2 82 1 1 8 1 1 82 1 2 9 0 0 83 1 2 7 0 2 82 1 2 8 0 1 82
4 1 9 1 0 9 2 1 83 1 0 10 2 0 83 1 0 8 2 2 82 1 1 9 1 1 83 1 1 10 1 0 83 1 1 8 1 2 82 1 2 9 0 1 83 1 2 10 0 0 83 1 2 8 0 2 82
4 1 10 1 0 9 2 2 83 1 0 10 2 1 83 0 0 0 0 0 0 1 1 9 1 2 83 1 1 10 1 1 83 0 0 0 0 0 0 1 2 9 0 2 83 1 2 10 0 1 83 0 0 0 0 0 0
4 1 11 0 0 0 0 0 0 1 0 10 2 2 83 0 0 0 0 0 0 0 0 0 0 0 0 1 1 10 1 2 83 0 0 0 0 0 0 0 0 0 0 0 0 1 2 10 0 2 83 0 0 0 0 0 0
4 1 12 0 0 0 0 0 0 0 0 0 0 0 0 0 0 0 0 0 0 0 0 0 0 0 0 0 0 0 0 0 0 0 0 0 0 0 0 0 0 0 0 0 0 0 0 0 0 0 0 0 0 0 0 0 0
4 1 13 0 0 0 0 0 0 0 0 0 0 0 0 0 0 0 0 0 0 0 0 0 0 0 0 0 0 0 0 0 0 0 0 0 0 0 0 0 0 0 0 0 0 0 0 0 0 0 0 0 0 0 0 0 0
4 1 14 0 0 0 0 0 0 0 0 0 0 0 0 0 0 0 0 0 0 0 0 0 0 0 0 0 0 0 0 0 0 0 0 0 0 0 0 0 0 0 0 0 0 0 0 0 0 0 0 0 0 0 0 0 0
4 1 15 0 0 0 0 0 0 0 0 0 0 0 0 0 0 0 0 0 0 0 0 0 0 0 0 0 0 0 0 0 0 0 0 0 0 0 0 0 0 0 0 0 0 0 0 0 0 0 0 0 0 0 0 0 0
4 2 0 1 3 0 0 1 84 1 3 1 0 0 84 0 0 0 0 0 0 1 1 0 2 1 80 1 1 1 2 0 80 0 0 0 0 0 0 1 2 0 1 1 80 1 2 1 1 0 80 0 0 0 0 0 0
4 2 1 1 3 0 0 2 84 1 3 1 0 1 84 1 3 2 0 0 84 1 1 0 2 2 80 1 1 1 2 1 80 1 1 2 2 0 80 1 2 0 1 2 80 1 2 1 1 1 80 1 2 2 1 0 80
4 2 2 1 3 3 0 0 85 1 3 1 0 2 84 1 3 2 0 1 84 1 1 3 2 0 81 1 1 1 2 2 80 1 1 2 2 1 80 1 2 3 1 0 81 1 2 1 1 2 80 1 2 2 1 1 80
4 2 3 1 3 3 0 1 85 1 3 4 0 0 85 1 3 2 0 2 84 1 1 3 2 1 81 1 1 4 2 0 81 1 1 2 2 2 80 1 2 3 1 1 81 1 2 4 1 0 81 1 2 2 1 2 80
4 2 4 1 3 3 0 2 85 1 3 4 0 1 85 1 3 5 0 0 85 1 1 3 2 2 81 1 1 4 2 1 81 1 1 5 2 0 81 1 2 3 1 2 81 1 2 4 1 1 81 1 2 5 1 0 81
4 2 5 1 3 6 0 0 86 1 3 4 0 2 85 1 3 5 0 1 85 1 1 6 2 0 82 1 1 4 2 2 81 1 1 5 2 1 81 1 2 6 1 0 82 1 2 4 1 2 81 1 2 5 1 1 81
4 2 6 1 3 6 0 1 86 1 3 7 0 0 86 1 3 5 0 2 85 1 1 6 2 1 82 1 1 7 2 0 82 1 1 5 2 2 81 1 2 6 1 1 82 1 2 7 1 0 82 1 2 5 1 2 81
4 2 7 1 3 6 0 2 86 1 3 7 0 1 86 1 3 8 0 0 86 1 1 6 2 2 82 1 1 7 2 1 82 1 1 8 2 0 82 1 2 6 1 2 82 1 2 7 1 1 82 1 2 8 1 0 82
4 2 8 1 3 9 0 0 87 1 3 7 0 2 86 1 3 8 0 1 86 1 1 9 2 0 83 1 1 7 2 2 82 1 1 8 2 1 82 1 2 9 1 0 83 1 2 7 1 2 82 1 2 8 1 1 82
4 2 9 1 3 9 0 1 87 1 3 10 0 0 87 1 3 8 0 2 86 1 1 9 2 1 83 1 1 10 2 0 83 1 1 8 2 2 82 1 2 9 1 1 83 1 2 10 1 0 83 1 2 8 1 2 82
4 2 10 1 3 9 0 2 87 1 3 10 0 1 87 0 0 0 0 0 0 1 1 9 2 2 83 1 1 10 2 1 83 0 0 0 0 0 0 1 2 9 1 2 83 1 2 10 1 1 83 0 0 0 0 0 0
4 2 11 0 0 0 0 0 0 1 3 10 0 2 87 0 0 0 0 0 0 0 0 0 0 0 0 1 1 10 2 2 83 0 0 0 0 0 0 0 0 0 0 0 0 1 2 10 1 2 83 0 0 0 0 0 0
4 2 12 0 0 0 0 0 0 0 0 0 0 0 0 0 0 0 0 0 0 0 0 0 0 0 0 0 0 0 0 0 0 0 0 0 0 0 0 0 0 0 0 0 0 0 0 0 0 0 0 0 0 0 0 0 0
4 2 13 0 0 0 0 0 0 0 0 0 0 0 0 0 0 0 0 0 0 0 0 0 0 0 0 0 0 0 0 0 0 0 0 0 0 0 0 0 0 0 0 0 0 0 0 0 0 0 0 0 0 0 0 0 0
4 2 14 0 0 0 0 0 0 0 0 0 0 0 0 0 0 0 0 0 0 0 0 0 0 0 0 0 0 0 0 0 0 0 0 0 0 0 0 0 0 0 0 0 0 0 0 0 0 0 0 0 0 0 0 0 0
4 2 15 0 0 0 0 0 0 0 0 0 0 0 0 0 0 0 0 0 0 0 0 0 0 0 0 0 0 0 0 0 0 0 0 0 0 0 0 0 0 0 0 0 0 0 0 0 0 0 0 0 0 0 0 0 0
4 3 0 1 3 0 1 1 84 1 3 1 1 0 84 0 0 0 0 0 0 1 4 0 0 1 84 1 4 1 0 0 84 0 0 0 0 0 0 1 2 0 2 1 80 1 2 1 2 0 80 0 0 0 0 0 0
4 3 1 1 3 0 1 2 84 1 3 1 1 1 84 1 3 2 1 0 84 1 4 0 0 2 84 1 4 1 0 1 84 1 4 2 0 0 84 1 2 0 2 2 80 1 2 1 2 1 80 1 2 2 2 0 80
4 3 2 1 3 3 1 0 85 1 3 1 1 2 84 1 3 2 1 1 84 1 4 3 0 0 85 1 4 1 0 2 84 1 4 2 0 1 84 1 2 3 2 0 81 1 2 1 2 2 80 1 2 2 2 1 80
4 3 3 1 3 3 1 1 85 1 3 4 1 0 85 1 3 2 1 2 84 1 4 3 0 1 85 1 4 4 0 0 85 1 4 2 0 2 84 1 2 3 2 1 81 1 2 4 2 0 81 1 2 2 2 2 80
4 3 4 1 3 3 1 2 85 1 3 4 1 1 85 1 3 5 1 0 85 1 4 3 0 2 85 1 4 4 0 1 85 1 4 5 0 0 85 1 2 3 2 2 81 1 2 4 2 1 81 1 2 5 2 0 81
4 3 5 1 3 6 1 0 86 1 3 4 1 2 85 1 3 5 1 1 85 1 4 6 0 0 86 1 4 4 0 2 85 1 4 5 0 1 85 1 2 6 2 0 82 1 2 4 2 2 81 1 2 5 2 1 81
4 3 6 1 3 6 1 1 86 1 3 7 1 0 86 1 3 5 1 2 85 1 4 6 0 1 86 1 4 7 0 0 86 1 4 5 0 2 85 1 2 6 2 1 82 1 2 7 2 0 82 1 2 5 2 2 81
4 3 7 1 3 6 1 2 86 1 3 7 1 1 86 1 3 8 1 0 86 1 4 6 0 2 86 1 4 7 0 1 86 1 4 8 0 0 86 1 2 6 2 2 82 1 2 7 2 1 82 1 2 8 2 0 82
4 3 8 1 3 9 1 0 87 1 3 7 1 2 86 1 3 8 1 1 86 1 4 9 0 0 87 1 4 7 0 2 86 1 4 8 0 1 86 1 2 9 2 0 83 1 2 7 2 2 82 1 2 8 2 1 82
4 3 9 1 3 9 1 1 87 1 3 10 1 0 87 1 3 8 1 2 86 1 4 9 0 1 87 1 4 10 0 0 87 1 4 8 0 2 86 1 2 9 2 1 83 1 2 10 2 0 83 1 2 8 2 2 82
4 3 10 1 3 9 1 2 87 1 3 10 1 1 87 0 0 0 0 0 0 1 4 9 0 2 87 1 4 10 0 1 87 0 0 0 0 0 0 1 2 9 2 2 83 1 2 10 2 1 83 0 0 0 0 0 0
4 3 11 0 0 0 0 0 0 1 3 10 1 2 87 0 0 0 0 0 0 0 0 0 0 0 0 1 4 10 0 2 87 0 0 0 0 0 0 0 0 0 0 0 0 1 2 10 2 2 83 0 0 0 0 0 0
4 3 12 0 0 0 0 0 0 0 0 0 0 0 0 0 0 0 0 0 0 0 0 0 0 0 0 0 0 0 0 0 0 0 0 0 0 0 0 0 0 0 0 0 0 0 0 0 0 0 0 0 0 0 0 0 0
4 3 13 0 0 0 0 0 0 0 0 0 0 0 0 0 0 0 0 0 0 0 0 0 0 0 0 0 0 0 0 0 0 0 0 0 0 0 0 0 0 0 0 0 0 0 0 0 0 0 0 0 0 0 0 0 0
4 3 14 0 0 0 0 0 0 0 0 0 0 0 0 0 0 0 0 0 0 0 0 0 0 0 0 0 0 0 0 0 0 0 0 0 0 0 0 0 0 0 0 0 0 0 0 0 0 0 0 0 0 0 0 0 0
4 3 15 0 0 0 0 0 0 0 0 0 0 0 0 0 0 0 0 0 0 0 0 0 0 0 0 0 0 0 0 0 0 0 0 0 0 0 0 0 0 0 0 0 0 0 0 0 0 0 0 0 0 0 0 0 0
4 4 0 1 3 0 2 1 84 1 3 1 2 0 84 0 0 0 0 0 0 1 4 0 1 1 84 1 4 1 1 0 84 0 0 0 0 0 0 1 5 0 0 1 84 1 5 1 0 0 84 0 0 0 0 0 0
4 4 1 1 3 0 2 2 84 1 3 1 2 1 84 1 3 2 2 0 84 1 4 0 1 2 84 1 4 1 1 1 84 1 4 2 1 0 84 1 5 0 0 2 84 1 5 1 0 1 84 1 5 2 0 0 84
4 4 2 1 3 3 2 0 85 1 3 1 2 2 84 1 3 2 2 1 84 1 4 3 1 0 85 1 4 1 1 2 84 1 4 2 1 1 84 1 5 3 0 0 85 1 5 1 0 2 84 1 5 2 0 1 84
4 4 3 1 3 3 2 1 85 1 3 4 2 0 85 1 3 2 2 2 84 1 4 3 1 1 85 1 4 4 1 0 85 1 4 2 1 2 84 1 5 3 0 1 85 1 5 4 0 0 85 1 5 2 0 2 84
4 4 4 1 3 3 2 2 85 1 3 4 2 1 85 1 3 5 2 0 85 1 4 3 1 2 85 1 4 4 1 1 85 1 4 5 1 0 85 1 5 3 0 2 85 1 5 4 0 1 85 1 5 5 0 0 85
4 4 5 1 3 6 2 0 86 1 3 4 2 2 85 1 3 5 2 1 85 1 4 6 1 0 86 1 4 4 1 2 85 1 4 5 1 1 85 1 5 6 0 0 86 1 5 4 0 2 85 1 5 5 0 1 85
4 4 6 1 3 6 2 1 86 1 3 7 2 0 86 1 3 5 2 2 85 1 4 6 1 1 86 1 4 7 1 0 86 1 4 5 1 2 85 1 5 6 0 1 86 1 5 7 0 0 86 1 5 5 0 2 85
4 4 7 1 3 6 2 2 86 1 3 7 2 1 86 1 3 8 2 0 86 1 4 6 1 2 86 1 4 7 1 1 86 1 4 8 1 0 86 1 5 6 0 2 86 1 5 7 0 1 86 1 5 8 0 0 86
4 4 8 1 3 9 2 0 87 1 3 7 2 2 86 1 3 8 2 1 86 1 4 9 1 0 87 1 4 7 1 2 86 1 4 8 1 1 86 1 5 9 0 0 87 1 5 7 0 2 86 1 5 8 0 1 86
4 4 9 1 3 9 2 1 87 1 3 10 2 0 87 1 3 8 2 2 86 1 4 9 1 1 87 1 4 10 1 0 87 1 4 8 1 2 86 1 5 9 0 1 87 1 5 10 0 0 87 1 5 8 0 2 86
4 4 10 1 3 9 2 2 87 1 3 10 2 1 87 0 0 0 0 0 0 1 4 9 1 2 87 1 4 10 1 1 87 0 0 0 0 0 0 1 5 9 0 2 87 1 5 10 0 1 87 0 0 0 0 0 0
4 4 11 0 0 0 0 0 0 1 3 10 2 2 87 0 0 0 0 0 0 0 0 0 0 0 0 1 4 10 1 2 87 0 0 0 0 0 0 0 0 0 0 0 0 1 5 10 0 2 87 0 0 0 0 0 0
4 4 12 0 0 0 0 0 0 0 0 0 0 0 0 0 0 0 0 0 0 0 0 0 0 0 0 0 0 0 0 0 0 0 0 0 0 0 0 0 0 0 0 0 0 0 0 0 0 0 0 0 0 0 0 0 0
4 4 13 0 0 0 0 0 0 0 0 0 0 0 0 0 0 0 0 0 0 0 0 0 0 0 0 0 0 0 0 0 0 0 0 0 0 0 0 0 0 0 0 0 0 0 0 0 0 0 0 0 0 0 0 0 0
4 4 14 0 0 0 0 0 0 0 0 0 0 0 0 0 0 0 0 0 0 0 0 0 0 0 0 0 0 0 0 0 0 0 0 0 0 0 0 0 0 0 0 0 0 0 0 0 0 0 0 0 0 0 0 0 0
4 4 15 0 0 0 0 0 0 0 0 0 0 0 0 0 0 0 0 0 0 0 0 0 0 0 0 0 0 0 0 0 0 0 0 0 0 0 0 0 0 0 0 0 0 0 0 0 0 0 0 0 0 0 0 0 0
4 5 0 1 6 0 0 1 88 1 6 1 0 0 88 0 0 0 0 0 0 1 4 0 2 1 84 1 4 1 2 0 84 0 0 0 0 0 0 1 5 0 1 1 84 1 5 1 1 0 84 0 0 0 0 0 0
4 5 1 1 6 0 0 2 88 1 6 1 0 1 88 1 6 2 0 0 88 1 4 0 2 2 84 1 4 1 2 1 84 1 4 2 2 0 84 1 5 0 1 2 84 1 5 1 1 1 84 1 5 2 1 0 84
4 5 2 1 6 3 0 0 89 1 6 1 0 2 88 1 6 2 0 1 88 1 4 3 2 0 85 1 4 1 2 2 84 1 4 2 2 1 84 1 5 3 1 0 85 1 5 1 1 2 84 1 5 2 1 1 84
4 5 3 1 6 3 0 1 89 1 6 4 0 0 89 1 6 2 0 2 88 1 4 3 2 1 85 1 4 4 2 0 85 1 4 2 2 2 84 1 5 3 1 1 85 1 5 4 1 0 85 1 5 2 1 2 84
4 5 4 1 6 3 0 2 89 1 6 4 0 1 89 1 6 5 0 0 89 1 4 3 2 2 85 1 4 4 2 1 85 1 4 5 2 0 85 1 5 3 1 2 85 1 5 4 1 1 85 1 5 5 1 0 85
4 5 5 1 6 6 0 0 90 1 6 4 0 2 89 1 6 5 0 1 89 1 4 6 2 0 86 1 4 4 2 2 85 1 4 5 2 1 85 1 5 6 1 0 86 1 5 4 1 2 85 1 5 5 1 1 85
4 5 6 1 6 6 0 1 90 1 6 7 0 0 90 1 6 5 0 2 89 1 4 6 2 1 86 1 4 7 2 0 86 1 4 5 2 2 85 1 5 6 1 1 86 1 5 7 1 0 86 1 5 5 1 2 85
4 5 7 1 6 6 0 2 90 1 6 7 0 1 90 1 6 8 0 0 90 1 4 6 2 2 86 1 4 7 2 1 86 1 4 8 2 0 86 1 5 6 1 2 86 1 5 7 1 1 86 1 5 8 1 0 86
4 5 8 1 6 9 0 0 91 1 6 7 0 2 90 1 6 8 0 1 90 1 4 9 2 0 87 1 4 7 2 2 86 1 4 8 2 1 86 1 5 9 1 0 87 1 5 7 1 2 86 1 5 8 1 1 86
4 5 9 1 6 9 0 1 91 1 6 10 0 0 91 1 6 8 0 2 90 1 4 9 2 1 87 1 4 10 2 0 87 1 4 8 2 2 86 1 5 9 1 1 87 1 5 10 1 0 87 1 5 8 1 2 86
4 5 10 1 6 9 0 2 91 1 6 10 0 1 91 0 0 0 0 0 0 1 4 9 2 2 87 1 4 10 2 1 87 0 0 0 0 0 0 1 5 9 1 2 87 1 5 10 1 1 87 0 0 0 0 0 0
4 5 11 0 0 0 0 0 0 1 6 10 0 2 91 0 0 0 0 0 0 0 0 0 0 0 0 1 4 10 2 2 87 0 0 0 0 0 0 0 0 0 0 0 0 1 5 10 1 2 87 0 0 0 0 0 0
4 5 12 0 0 0 0 0 0 0 0 0 0 0 0 0 0 0 0 0 0 0 0 0 0 0 0 0 0 0 0 0 0 0 0 0 0 0 0 0 0 0 0 0 0 0 0 0 0 0 0 0 0 0 0 0 0
4 5 13 0 0 0 0 0 0 0 0 0 0 0 0 0 0 0 0 0 0 0 0 0 0 0 0 0 0 0 0 0 0 0 0 0 0 0 0 0 0 0 0 0 0 0 0 0 0 0 0 0 0 0 0 0 0
4 5 14 0 0 0 0 0 0 0 0 0 0 0 0 0 0 0 0 0 0 0 0 0 0 0 0 0 0 0 0 0 0 0 0 0 0 0 0 0 0 0 0 0 0 0 0 0 0 0 0 0 0 0 0 0 0
4 5 15 0 0 0 0 0 0 0 0 0 0 0 0 0 0 0 0 0 0 0 0 0 0 0 0 0 0 0 0 0 0 0 0 0 0 0 0 0 0 0 0 0 0 0 0 0 0 0 0 0 0 0 0 0 0
4 6 0 1 6 0 1 1 88 1 6 1 1 0 88 0 0 0 0 0 0 1 7 0 0 1 88 1 7 1 0 0 88 0 0 0 0 0 0 1 5 0 2 1 84 1 5 1 2 0 84 0 0 0 0 0 0
4 6 1 1 6 0 1 2 88 1 6 1 1 1 88 1 6 2 1 0 88 1 7 0 0 2 88 1 7 1 0 1 88 1 7 2 0 0 88 1 5 0 2 2 84 1 5 1 2 1 84 1 5 2 2 0 84
4 6 2 1 6 3 1 0 89 1 6 1 1 2 88 1 6 2 1 1 88 1 7 3 0 0 89 1 7 1 0 2 88 1 7 2 0 1 88 1 5 3 2 0 85 1 5 1 2 2 84 1 5 2 2 1 84
4 6 3 1 6 3 1 1 89 1 6 4 1 0 89 1 6 2 1 2 88 1 7 3 0 1 89 1 7 4 0 0 89 1 7 2 0 2 88 1 5 3 2 1 85 1 5 4 2 0 85 1 5 2 2 2 84
4 6 4 1 6 3 1 2 89 1 6 4 1 1 89 1 6 5 1 0 89 1 7 3 0 2 89 1 7 4 0 1 89 1 7 5 0 0 89 1 5 3 2 2 85 1 5 4 2 1 85 1 5 5 2 0 85
4 6 5 1 6 6 1 0 90 1 6 4 1 2 89 1 6 5 1 1 89 1 7 6 0 0 90 1 7 4 0 2 89 1 7 5 0 1 89 1 5 6 2 0 86 1 5 4 2 2 85 1 5 5 2 1 85
4 6 6 1 6 6 1 1 90 1 6 7 1 0 90 1 6 5 1 2 89 1 7 6 0 1 90 1 7 7 0 0 90 1 7 5 0 2 89 1 5 6 2 1 86 1 5 7 2 0 86 1 5 5 2 2 85
4 6 7 1 6 6 1 2 90 1 6 7 1 1 90 1 6 8 1 0 90 1 7 6 0 2 90 1 7 7 0 1 90 1 7 8 0 0 90 1 5 6 2 2 86 1 5 7 2 1 86 1 5 8 2 0 86
4 6 8 1 6 9 1 0 91 1 6 7 1 2 90 1 6 8 1 1 90 1 7 9 0 0 91 1 7 7 0 2 90 1 7 8 0 1 90 1 5 9 2 0 87 1 5 7 2 2 86 1 5 8 2 1 86
4 6 9 1 6 9 1 1 91 1 6 10 1 0 91 1 6 8 1 2 90 1 7 9 0 1 91 1 7 10 0 0 91 1 7 8 0 2 90 1 5 9 2 1 87 1 5 10 2 0 87 1 5 8 2 2 86
4 6 10 1 6 9 1 2 91 1 6 10 1 1 91 0 0 0 0 0 0 1 7 9 0 2 91 1 7 10 0 1 91 0 0 0 0 0 0 1 5 9 2 2 87 1 5 10 2 1 87 0 0 0 0 0 0
4 6 11 0 0 0 0 0 0 1 6 10 1 2 91 0 0 0 0 0 0 0 0 0 0 0 0 1 7 10 0 2 91 0 0 0 0 0 0 0 0 0 0 0 0 1 5 10 2 2 87 0 0 0 0 0 0
4 6 12 0 0 0 0 0 0 0 0 0 0 0 0 0 0 0 0 0 0 0 0 0 0 0 0 0 0 0 0 0 0 0 0 0 0 0 0 0 0 0 0 0 0 0 0 0 0 0 0 0 0 0 0 0 0
4 6 13 0 0 0 0 0 0 0 0 0 0 0 0 0 0 0 0 0 0 0 0 0 0 0 0 0 0 0 0 0 0 0 0 0 0 0 0 0 0 0 0 0 0 0 0 0 0 0 0 0 0 0 0 0 0
4 6 14 0 0 0 0 0 0 0 0 0 0 0 0 0 0 0 0 0 0 0 0 0 0 0 0 0 0 0 0 0 0 0 0 0 0 0 0 0 0 0 0 0 0 0 0 0 0 0 0 0 0 0 0 0 0
4 6 15 0 0 0 0 0 0 0 0 0 0 0 0 0 0 0 0 0 0 0 0 0 0 0 0 0 0 0 0 0 0 0 0 0 0 0 0 0 0 0 0 0 0 0 0 0 0 0 0 0 0 0 0 0 0
4 7 0 1 6 0 2 1 88 1 6 1 2 0 88 0 0 0 0 0 0 1 7 0 1 1 88 1 7 1 1 0 88 0 0 0 0 0 0 1 8 0 0 1 88 1 8 1 0 0 88 0 0 0 0 0 0
4 7 1 1 6 0 2 2 88 1 6 1 2 1 88 1 6 2 2 0 88 1 7 0 1 2 88 1 7 1 1 1 88 1 7 2 1 0 88 1 8 0 0 2 88 1 8 1 0 1 88 1 8 2 0 0 88
4 7 2 1 6 3 2 0 89 1 6 1 2 2 88 1 6 2 2 1 88 1 7 3 1 0 89 1 7 1 1 2 88 1 7 2 1 1 88 1 8 3 0 0 89 1 8 1 0 2 88 1 8 2 0 1 88
4 7 3 1 6 3 2 1 89 1 6 4 2 0 89 1 6 2 2 2 88 1 7 3 1 1 89 1 7 4 1 0 89 1 7 2 1 2 88 1 8 3 0 1 89 1 8 4 0 0 89 1 8 2 0 2 88
4 7 4 1 6 3 2 2 89 1 6 4 2 1 89 1 6 5 2 0 89 1 7 3 1 2 89 1 7 4 1 1 89 1 7 5 1 0 89 1 8 3 0 2 89 1 8 4 0 1 89 1 8 5 0 0 89
4 7 5 1 6 6 2 0 90 1 6 4 2 2 89 1 6 5 2 1 89 1 7 6 1 0 90 1 7 4 1 2 89 1 7 5 1 1 89 1 8 6 0 0 90 1 8 4 0 2 89 1 8 5 0 1 89
4 7 6 1 6 6 2 1 90 1 6 7 2 0 90 1 6 5 2 2 89 1 7 6 1 1 90 1 7 7 1 0 90 1 7 5 1 2 89 1 8 6 0 1 90 1 8 7 0 0 90 1 8 5 0 2 89
4 7 7 1 6 6 2 2 90 1 6 7 2 1 90 1 6 8 2 0 90 1 7 6 1 2 90 1 7 7 1 1 90 1 7 8 1 0 90 1 8 6 0 2 90 1 8 7 0 1 90 1 8 8 0 0 90
4 7 8 1 6 9 2 0 91 1 6 7 2 2 90 1 6 8 2 1 90 1 7 9 1 0 91 1 7 7 1 2 90 1 7 8 1 1 90 1 8 9 0 0 91 1 8 7 0 2 90 1 8 8 0 1 90
4 7 9 1 6 9 2 1 91 1 6 10 2 0 91 1 6 8 2 2 90 1 7 9 1 1 91 1 7 10 1 0 91 1 7 8 1 2 90 1 8 9 0 1 91 1 8 10 0 0 91 1 8 8 0 2 90
4 7 10 1 6 9 2 2 91 1 6 10 2 1 91 0 0 0 0 0 0 1 7 9 1 2 91 1 7 10 1 1 91 0 0 0 0 0 0 1 8 9 0 2 91 1 8 10 0 1 91 0 0 0 0 0 0
4 7 11 0 0 0 0 0 0 1 6 10 2 2 91 0 0 0 0 0 0 0 0 0 0 0 0 1 7 10 1 2 91 0 0 0 0 0 0 0 0 0 0 0 0 1 8 10 0 2 91 0 0 0 0 0 0
4 7 12 0 0 0 0 0 0 0 0 0 0 0 0 0 0 0 0 0 0 0 0 0 0 0 0 0 0 0 0 0 0 0 0 0 0 0 0 0 0 0 0 0 0 0 0 0 0 0 0 0 0 0 0 0 0
4 7 13 0 0 0 0 0 0 0 0 0 0 0 0 0 0 0 0 0 0 0 0 0 0 0 0 0 0 0 0 0 0 0 0 0 0 0 0 0 0 0 0 0 0 0 0 0 0 0 0 0 0 0 0 0 0
4 7 14 0 0 0 0 0 0 0 0 0 0 0 0 0 0 0 0 0 0 0 0 0 0 0 0 0 0 0 0 0 0 0 0 0 0 0 0 0 0 0 0 0 0 0 0 0 0 0 0 0 0 0 0 0 0
4 7 15 0 0 0 0 0 0 0 0 0 0 0 0 0 0 0 0 0 0 0 0 0 0 0 0 0 0 0 0 0 0 0 0 0 0 0 0 0 0 0 0 0 0 0 0 0 0 0 0 0 0 0 0 0 0
4 8 0 1 9 0 0 1 92 1 9 1 0 0 92 0 0 0 0 0 0 1 7 0 2 1 88 1 7 1 2 0 88 0 0 0 0 0 0 1 8 0 1 1 88 1 8 1 1 0 88 0 0 0 0 0 0
4 8 1 1 9 0 0 2 92 1 9 1 0 1 92 1 9 2 0 0 92 1 7 0 2 2 88 1 7 1 2 1 88 1 7 2 2 0 88 1 8 0 1 2 88 1 8 1 1 1 88 1 8 2 1 0 88
4 8 2 1 9 3 0 0 93 1 9 1 0 2 92 1 9 2 0 1 92 1 7 3 2 0 89 1 7 1 2 2 88 1 7 2 2 1 88 1 8 3 1 0 89 1 8 1 1 2 88 1 8 2 1 1 88
4 8 3 1 9 3 0 1 93 1 9 4 0 0 93 1 9 2 0 2 92 1 7 3 2 1 89 1 7 4 2 0 89 1 7 2 2 2 88 1 8 3 1 1 89 1 8 4 1 0 89 1 8 2 1 2 88
4 8 4 1 9 3 0 2 93 1 9 4 0 1 93 1 9 5 0 0 93 1 7 3 2 2 89 1 7 4 2 1 89 1 7 5 2 0 89 1 8 3 1 2 89 1 8 4 1 1 89 1 8 5 1 0 89
4 8 5 1 9 6 0 0 94 1 9 4 0 2 93 1 9 5 0 1 93 1 7 6 2 0 90 1 7 4 2 2 89 1 7 5 2 1 89 1 8 6 1 0 90 1 8 4 1 2 89 1 8 5 1 1 89
4 8 6 1 9 6 0 1 94 1 9 7 0 0 94 1 9 5 0 2 93 1 7 6 2 1 90 1 7 7 2 0 90 1 7 5 2 2 89 1 8 6 1 1 90 1 8 7 1 0 90 1 8 5 1 2 89
4 8 7 1 9 6 0 2 94 1 9 7 0 1 94 1 9 8 0 0 94 1 7 6 2 2 90 1 7 7 2 1 90 1 7 8 2 0 90 1 8 6 1 2 90 1 8 7 1 1 90 1 8 8 1 0 90
4 8 8 1 9 9 0 0 95 1 9 7 0 2 94 1 9 8 0 1 94 1 7 9 2 0 91 1 7 7 2 2 90 1 7 8 2 1 90 1 8 9 1 0 91 1 8 7 1 2 90 1 8 8 1 1 90
4 8 9 1 9 9 0 1 95 1 9 10 0 0 95 1 9 8 0 2 94 1 7 9 2 1 91 1 7 10 2 0 91 1 7 8 2 2 90 1 8 9 1 1 91 1 8 10 1 0 91 1 8 8 1 2 90
4 8 10 1 9 9 0 2 95 1 9 10 0 1 95 0 0 0 0 0 0 1 7 9 2 2 91 1 7 10 2 1 91 0 0 0 0 0 0 1 8 9 1 2 91 1 8 10 1 1 91 0 0 0 0 0 0
4 8 11 0 0 0 0 0 0 1 9 10 0 2 95 0 0 0 0 0 0 0 0 0 0 0 0 1 7 10 2 2 91 0 0 0 0 0 0 0 0 0 0 0 0 1 8 10 1 2 91 0 0 0 0 0 0
4 8 12 0 0 0 0 0 0 0 0 0 0 0 0 0 0 0 0 0 0 0 0 0 0 0 0 0 0 0 0 0 0 0 0 0 0 0 0 0 0 0 0 0 0 0 0 0 0 0 0 0 0 0 0 0 0
4 8 13 0 0 0 0 0 0 0 0 0 0 0 0 0 0 0 0 0 0 0 0 0 0 0 0 0 0 0 0 0 0 0 0 0 0 0 0 0 0 0 0 0 0 0 0 0 0 0 0 0 0 0 0 0 0
4 8 14 0 0 0 0 0 0 0 0 0 0 0 0 0 0 0 0 0 0 0 0 0 0 0 0 0 0 0 0 0 0 0 0 0 0 0 0 0 0 0 0 0 0 0 0 0 0 0 0 0 0 0 0 0 0
4 8 15 0 0 0 0 0 0 0 0 0 0 0 0 0 0 0 0 0 0 0 0 0 0 0 0 0 0 0 0 0 0 0 0 0 0 0 0 0 0 0 0 0 0 0 0 0 0 0 0 0 0 0 0 0 0
4 9 0 1 9 0 1 1 92 1 9 1 1 0 92 0 0 0 0 0 0 1 10 0 0 1 92 1 10 1 0 0 92 0 0 0 0 0 0 1 8 0 2 1 88 1 8 1 2 0 88 0 0 0 0 0 0
4 9 1 1 9 0 1 2 92 1 9 1 1 1 92 1 9 2 1 0 92 1 10 0 0 2 92 1 10 1 0 1 92 1 10 2 0 0 92 1 8 0 2 2 88 1 8 1 2 1 88 1 8 2 2 0 88
4 9 2 1 9 3 1 0 93 1 9 1 1 2 92 1 9 2 1 1 92 1 10 3 0 0 93 1 10 1 0 2 92 1 10 2 0 1 92 1 8 3 2 0 89 1 8 1 2 2 88 1 8 2 2 1 88
4 9 3 1 9 3 1 1 93 1 9 4 1 0 93 1 9 2 1 2 92 1 10 3 0 1 93 1 10 4 0 0 93 1 10 2 0 2 92 1 8 3 2 1 89 1 8 4 2 0 89 1 8 2 2 2 88
4 9 4 1 9 3 1 2 93 1 9 4 1 1 93 1 9 5 1 0 93 1 10 3 0 2 93 1 10 4 0 1 93 1 10 5 0 0 93 1 8 3 2 2 89 1 8 4 2 1 89 1 8 5 2 0 89
4 9 5 1 9 6 1 0 94 1 9 4 1 2 93 1 9 5 1 1 93 1 10 6 0 0 94 1 10 4 0 2 93 1 10 5 0 1 93 1 8 6 2 0 90 1 8 4 2 2 89 1 8 5 2 1 89
4 9 6 1 9 6 1 1 94 1 9 7 1 0 94 1 9 5 1 2 93 1 10 6 0 1 94 1 10 7 0 0 94 1 10 5 0 2 93 1 8 6 2 1 90 1 8 7 2 0 90 1 8 5 2 2 89
4 9 7 1 9 6 1 2 94 1 9 7 1 1 94 1 9 8 1 0 94 1 10 6 0 2 94 1 10 7 0 1 94 1 10 8 0 0 94 1 8 6 2 2 90 1 8 7 2 1 90 1 8 8 2 0 90
4 9 8 1 9 9 1 0 95 1 9 7 1 2 94 1 9 8 1 1 94 1 10 9 0 0 95 1 10 7 0 2 94 1 10 8 0 1 94 1 8 9 2 0 91 1 8 7 2 2 90 1 8 8 2 1 90
4 9 9 1 9 9 1 1 95 1 9 10 1 0 95 1 9 8 1 2 94 1 10 9 0 1 95 1 10 10 0 0 95 1 10 8 0 2 94 1 8 9 2 1 91 1 8 10 2 0 91 1 8 8 2 2 90
4 9 10 1 9 9 1 2 95 1 9 10 1 1 95 0 0 0 0 0 0 1 10 9 0 2 95 1 10 10 0 1 95 0 0 0 0 0 0 1 8 9 2 2 91 1 8 10 2 1 91 0 0 0 0 0 0
4 9 11 0 0 0 0 0 0 1 9 10 1 2 95 0 0 0 0 0 0 0 0 0 0 0 0 1 10 10 0 2 95 0 0 0 0 0 0 0 0 0 0 0 0 1 8 10 2 2 91 0 0 0 0 0 0
4 9 12 0 0 0 0 0 0 0 0 0 0 0 0 0 0 0 0 0 0 0 0 0 0 0 0 0 0 0 0 0 0 0 0 0 0 0 0 0 0 0 0 0 0 0 0 0 0 0 0 0 0 0 0 0 0
4 9 13 0 0 0 0 0 0 0 0 0 0 0 0 0 0 0 0 0 0 0 0 0 0 0 0 0 0 0 0 0 0 0 0 0 0 0 0 0 0 0 0 0 0 0 0 0 0 0 0 0 0 0 0 0 0
4 9 14 0 0 0 0 0 0 0 0 0 0 0 0 0 0 0 0 0 0 0 0 0 0 0 0 0 0 0 0 0 0 0 0 0 0 0 0 0 0 0 0 0 0 0 0 0 0 0 0 0 0 0 0 0 0
4 9 15 0 0 0 0 0 0 0 0 0 0 0 0 0 0 0 0 0 0 0 0 0 0 0 0 0 0 0 0 0 0 0 0 0 0 0 0 0 0 0 0 0 0 0 0 0 0 0 0 0 0 0 0 0 0
4 10 0 1 9 0 2 1 92 1 9 1 2 0 92 0 0 0 0 0 0 1 10 0 1 1 92 1 10 1 1 0 92 0 0 0 0 0 0 1 11 0 0 1 92 1 11 1 0 0 92 0 0 0 0 0 0
4 10 1 1 9 0 2 2 92 1 9 1 2 1 92 1 9 2 2 0 92 1 10 0 1 2 92 1 10 1 1 1 92 1 10 2 1 0 92 1 11 0 0 2 92 1 11 1 0 1 92 1 11 2 0 0 92
4 10 2 1 9 3 2 0 93 1 9 1 2 2 92 1 9 2 2 1 92 1 10 3 1 0 93 1 10 1 1 2 92 1 10 2 1 1 92 1 11 3 0 0 93 1 11 1 0 2 92 1 11 2 0 1 92
4 10 3 1 9 3 2 1 93 1 9 4 2 0 93 1 9 2 2 2 92 1 10 3 1 1 93 1 10 4 1 0 93 1 10 2 1 2 92 1 11 3 0 1 93 1 11 4 0 0 93 1 11 2 0 2 92
4 10 4 1 9 3 2 2 93 1 9 4 2 1 93 1 9 5 2 0 93 1 10 3 1 2 93 1 10 4 1 1 93 1 10 5 1 0 93 1 11 3 0 2 93 1 11 4 0 1 93 1 11 5 0 0 93
4 10 5 1 9 6 2 0 94 1 9 4 2 2 93 1 9 5 2 1 93 1 10 6 1 0 94 1 10 4 1 2 93 1 10 5 1 1 93 1 11 6 0 0 94 1 11 4 0 2 93 1 11 5 0 1 93
4 10 6 1 9 6 2 1 94 1 9 7 2 0 94 1 9 5 2 2 93 1 10 6 1 1 94 1 10 7 1 0 94 1 10 5 1 2 93 1 11 6 0 1 94 1 11 7 0 0 94 1 11 5 0 2 93
4 10 7 1 9 6 2 2 94 1 9 7 2 1 94 1 9 8 2 0 94 1 10 6 1 2 94 1 10 7 1 1 94 1 10 8 1 0 94 1 11 6 0 2 94 1 11 7 0 1 94 1 11 8 0 0 94
4 10 8 1 9 9 2 0 95 1 9 7 2 2 94 1 9 8 2 1 94 1 10 9 1 0 95 1 10 7 1 2 94 1 10 8 1 1 94 1 11 9 0 0 95 1 11 7 0 2 94 1 11 8 0 1 94
4 10 9 1 9 9 2 1 95 1 9 10 2 0 95 1 9 8 2 2 94 1 10 9 1 1 95 1 10 10 1 0 95 1 10 8 1 2 94 1 11 9 0 1 95 1 11 10 0 0 95 1 11 8 0 2 94
4 10 10 1 9 9 2 2 95 1 9 10 2 1 95 0 0 0 0 0 0 1 10 9 1 2 95 1 10 10 1 1 95 0 0 0 0 0 0 1 11 9 0 2 95 1 11 10 0 1 95 0 0 0 0 0 0
4 10 11 0 0 0 0 0 0 1 9 10 2 2 95 0 0 0 0 0 0 0 0 0 0 0 0 1 10 10 1 2 95 0 0 0 0 0 0 0 0 0 0 0 0 1 11 10 0 2 95 0 0 0 0 0 0
4 10 12 0 0 0 0 0 0 0 0 0 0 0 0 0 0 0 0 0 0 0 0 0 0 0 0 0 0 0 0 0 0 0 0 0 0 0 0 0 0 0 0 0 0 0 0 0 0 0 0 0 0 0 0 0 0
4 10 13 0 0 0 0 0 0 0 0 0 0 0 0 0 0 0 0 0 0 0 0 0 0 0 0 0 0 0 0 0 0 0 0 0 0 0 0 0 0 0 0 0 0 0 0 0 0 0 0 0 0 0 0 0 0
4 10 14 0 0 0 0 0 0 0 0 0 0 0 0 0 0 0 0 0 0 0 0 0 0 0 0 0 0 0 0 0 0 0 0 0 0 0 0 0 0 0 0 0 0 0 0 0 0 0 0 0 0 0 0 0 0
4 10 15 0 0 0 0 0 0 0 0 0 0 0 0 0 0 0 0 0 0 0 0 0 0 0 0 0 0 0 0 0 0 0 0 0 0 0 0 0 0 0 0 0 0 0 0 0 0 0 0 0 0 0 0 0 0
4 11 0 1 12 0 0 1 96 1 12 1 0 0 96 0 0 0 0 0 0 1 10 0 2 1 92 1 10 1 2 0 92 0 0 0 0 0 0 1 11 0 1 1 92 1 11 1 1 0 92 0 0 0 0 0 0
4 11 1 1 12 0 0 2 96 1 12 1 0 1 96 1 12 2 0 0 96 1 10 0 2 2 92 1 10 1 2 1 92 1 10 2 2 0 92 1 11 0 1 2 92 1 11 1 1 1 92 1 11 2 1 0 92
4 11 2 1 12 3 0 0 97 1 12 1 0 2 96 1 12 2 0 1 96 1 10 3 2 0 93 1 10 1 2 2 92 1 10 2 2 1 92 1 11 3 1 0 93 1 11 1 1 2 92 1 11 2 1 1 92
4 11 3 1 12 3 0 1 97 1 12 4 0 0 97 1 12 2 0 2 96 1 10 3 2 1 93 1 10 4 2 0 93 1 10 2 2 2 92 1 11 3 1 1 93 1 11 4 1 0 93 1 11 2 1 2 92
4 11 4 1 12 3 0 2 97 1 12 4 0 1 97 1 12 5 0 0 97 1 10 3 2 2 93 1 10 4 2 1 93 1 10 5 2 0 93 1 11 3 1 2 93 1 11 4 1 1 93 1 11 5 1 0 93
4 11 5 1 12 6 0 0 98 1 12 4 0 2 97 1 12 5 0 1 97 1 10 6 2 0 94 1 10 4 2 2 93 1 10 5 2 1 93 1 11 6 1 0 94 1 11 4 1 2 93 1 11 5 1 1 93
4 11 6 1 12 6 0 1 98 1 12 7 0 0 98 1 12 5 0 2 97 1 10 6 2 1 94 1 10 7 2 0 94 1 10 5 2 2 93 1 11 6 1 1 94 1 11 7 1 0 94 1 11 5 1 2 93
4 11 7 1 12 6 0 2 98 1 12 7 0 1 98 1 12 8 0 0 98 1 10 6 2 2 94 1 10 7 2 1 94 1 10 8 2 0 94 1 11 6 1 2 94 1 11 7 1 1 94 1 11 8 1 0 94
4 11 8 1 12 9 0 0 99 1 12 7 0 2 98 1 12 8 0 1 98 1 10 9 2 0 95 1 10 7 2 2 94 1 10 8 2 1 94 1 11 9 1 0 95 1 11 7 1 2 94 1 11 8 1 1 94
4 11 9 1 12 9 0 1 99 1 12 10 0 0 99 1 12 8 0 2 98 1 10 9 2 1 95 1 10 10 2 0 95 1 10 8 2 2 94 1 11 9 1 1 95 1 11 10 1 0 95 1 11 8 1 2 94
4 11 10 1 12 9 0 2 99 1 12 10 0 1 99 0 0 0 0 0 0 1 10 9 2 2 95 1 10 10 2 1 95 0 0 0 0 0 0 1 11 9 1 2 95 1 11 10 1 1 95 0 0 0 0 0 0
4 11 11 0 0 0 0 0 0 1 12 10 0 2 99 0 0 0 0 0 0 0 0 0 0 0 0 1 10 10 2 2 95 0 0 0 0 0 0 0 0 0 0 0 0 1 11 10 1 2 95 0 0 0 0 0 0
4 11 12 0 0 0 0 0 0 0 0 0 0 0 0 0 0 0 0 0 0 0 0 0 0 0 0 0 0 0 0 0 0 0 0 0 0 0 0 0 0 0 0 0 0 0 0 0 0 0 0 0 0 0 0 0 0
4 11 13 0 0 0 0 0 0 0 0 0 0 0 0 0 0 0 0 0 0 0 0 0 0 0 0 0 0 0 0 0 0 0 0 0 0 0 0 0 0 0 0 0 0 0 0 0 0 0 0 0 0 0 0 0 0
4 11 14 0 0 0 0 0 0 0 0 0 0 0 0 0 0 0 0 0 0 0 0 0 0 0 0 0 0 0 0 0 0 0 0 0 0 0 0 0 0 0 0 0 0 0 0 0 0 0 0 0 0 0 0 0 0
4 11 15 0 0 0 0 0 0 0 0 0 0 0 0 0 0 0 0 0 0 0 0 0 0 0 0 0 0 0 0 0 0 0 0 0 0 0 0 0 0 0 0 0 0 0 0 0 0 0 0 0 0 0 0 0 0
4 12 0 1 12 0 1 1 96 1 12 1 1 0 96 0 0 0 0 0 0 0 0 0 0 0 0 0 0 0 0 0 0 0 0 0 0 0 0 1 11 0 2 1 92 1 11 1 2 0 92 0 0 0 0 0 0
4 12 1 1 12 0 1 2 96 1 12 1 1 1 96 1 12 2 1 0 96 0 0 0 0 0 0 0 0 0 0 0 0 0 0 0 0 0 0 1 11 0 2 2 92 1 11 1 2 1 92 1 11 2 2 0 92
4 12 2 1 12 3 1 0 97 1 12 1 1 2 96 1 12 2 1 1 96 0 0 0 0 0 0 0 0 0 0 0 0 0 0 0 0 0 0 1 11 3 2 0 93 1 11 1 2 2 92 1 11 2 2 1 92
4 12 3 1 12 3 1 1 97 1 12 4 1 0 97 1 12 2 1 2 96 0 0 0 0 0 0 0 0 0 0 0 0 0 0 0 0 0 0 1 11 3 2 1 93 1 11 4 2 0 93 1 11 2 2 2 92
4 12 4 1 12 3 1 2 97 1 12 4 1 1 97 1 12 5 1 0 97 0 0 0 0 0 0 0 0 0 0 0 0 0 0 0 0 0 0 1 11 3 2 2 93 1 11 4 2 1 93 1 11 5 2 0 93
4 12 5 1 12 6 1 0 98 1 12 4 1 2 97 1 12 5 1 1 97 0 0 0 0 0 0 0 0 0 0 0 0 0 0 0 0 0 0 1 11 6 2 0 94 1 11 4 2 2 93 1 11 5 2 1 93
4 12 6 1 12 6 1 1 98 1 12 7 1 0 98 1 12 5 1 2 97 0 0 0 0 0 0 0 0 0 0 0 0 0 0 0 0 0 0 1 11 6 2 1 94 1 11 7 2 0 94 1 11 5 2 2 93
4 12 7 1 12 6 1 2 98 1 12 7 1 1 98 1 12 8 1 0 98 0 0 0 0 0 0 0 0 0 0 0 0 0 0 0 0 0 0 1 11 6 2 2 94 1 11 7 2 1 94 1 11 8 2 0 94
4 12 8 1 12 9 1 0 99 1 12 7 1 2 98 1 12 8 1 1 98 0 0 0 0 0 0 0 0 0 0 0 0 0 0 0 0 0 0 1 11 9 2 0 95 1 11 7 2 2 94 1 11 8 2 1 94
4 12 9 1 12 9 1 1 99 1 12 10 1 0 99 1 12 8 1 2 98 0 0 0 0 0 0 0 0 0 0 0 0 0 0 0 0 0 0 1 11 9 2 1 95 1 11 10 2 0 95 1 11 8 2 2 94
4 12 10 1 12 9 1 2 99 1 12 10 1 1 99 0 0 0 0 0 0 0 0 0 0 0 0 0 0 0 0 0 0 0 0 0 0 0 0 1 11 9 2 2 95 1 11 10 2 1 95 0 0 0 0 0 0
4 12 11 0 0 0 0 0 0 1 12 10 1 2 99 0 0 0 0 0 0 0 0 0 0 0 0 0 0 0 0 0 0 0 0 0 0 0 0 0 0 0 0 0 0 1 11 10 2 2 95 0 0 0 0 0 0
4 12 12 0 0 0 0 0 0 0 0 0 0 0 0 0 0 0 0 0 0 0 0 0 0 0 0 0 0 0 0 0 0 0 0 0 0 0 0 0 0 0 0 0 0 0 0 0 0 0 0 0 0 0 0 0 0
4 12 13 0 0 0 0 0 0 0 0 0 0 0 0 0 0 0 0 0 0 0 0 0 0 0 0 0 0 0 0 0 0 0 0 0 0 0 0 0 0 0 0 0 0 0 0 0 0 0 0 0 0 0 0 0 0
4 12 14 0 0 0 0 0 0 0 0 0 0 0 0 0 0 0 0 0 0 0 0 0 0 0 0 0 0 0 0 0 0 0 0 0 0 0 0 0 0 0 0 0 0 0 0 0 0 0 0 0 0 0 0 0 0
4 12 15 0 0 0 0 0 0 0 0 0 0 0 0 0 0 0 0 0 0 0 0 0 0 0 0 0 0 0 0 0 0 0 0 0 0 0 0 0 0 0 0 0 0 0 0 0 0 0 0 0 0 0 0 0 0
4 13 0 1 12 0 2 1 96 1 12 1 2 0 96 0 0 0 0 0 0 0 0 0 0 0 0 0 0 0 0 0 0 0 0 0 0 0 0 0 0 0 0 0 0 0 0 0 0 0 0 0 0 0 0 0 0
4 13 1 1 12 0 2 2 96 1 12 1 2 1 96 1 12 2 2 0 96 0 0 0 0 0 0 0 0 0 0 0 0 0 0 0 0 0 0 0 0 0 0 0 0 0 0 0 0 0 0 0 0 0 0 0 0
4 13 2 1 12 3 2 0 97 1 12 1 2 2 96 1 12 2 2 1 96 0 0 0 0 0 0 0 0 0 0 0 0 0 0 0 0 0 0 0 0 0 0 0 0 0 0 0 0 0 0 0 0 0 0 0 0
4 13 3 1 12 3 2 1 97 1 12 4 2 0 97 1 12 2 2 2 96 0 0 0 0 0 0 0 0 0 0 0 0 0 0 0 0 0 0 0 0 0 0 0 0 0 0 0 0 0 0 0 0 0 0 0 0
4 13 4 1 12 3 2 2 97 1 12 4 2 1 97 1 12 5 2 0 97 0 0 0 0 0 0 0 0 0 0 0 0 0 0 0 0 0 0 0 0 0 0 0 0 0 0 0 0 0 0 0 0 0 0 0 0
4 13 5 1 12 6 2 0 98 1 12 4 2 2 97 1 12 5 2 1 97 0 0 0 0 0 0 0 0 0 0 0 0 0 0 0 0 0 0 0 0 0 0 0 0 0 0 0 0 0 0 0 0 0 0 0 0
4 13 6 1 12 6 2 1 98 1 12 7 2 0 98 1 12 5 2 2 97 0 0 0 0 0 0 0 0 0 0 0 0 0 0 0 0 0 0 0 0 0 0 0 0 0 0 0 0 0 0 0 0 0 0 0 0
4 13 7 1 12 6 2 2 98 1 12 7 2 1 98 1 12 8 2 0 98 0 0 0 0 0 0 0 0 0 0 0 0 0 0 0 0 0 0 0 0 0 0 0 0 0 0 0 0 0 0 0 0 0 0 0 0
4 13 8 1 12 9 2 0 99 1 12 7 2 2 98 1 12 8 2 1 98 0 0 0 0 0 0 0 0 0 0 0 0 0 0 0 0 0 0 0 0 0 0 0 0 0 0 0 0 0 0 0 0 0 0 0 0
4 13 9 1 12 9 2 1 99 1 12 10 2 0 99 1 12 8 2 2 98 0 0 0 0 0 0 0 0 0 0 0 0 0 0 0 0 0 0 0 0 0 0 0 0 0 0 0 0 0 0 0 0 0 0 0 0
4 13 10 1 12 9 2 2 99 1 12 10 2 1 99 0 0 0 0 0 0 0 0 0 0 0 0 0 0 0 0 0 0 0 0 0 0 0 0 0 0 0 0 0 0 0 0 0 0 0 0 0 0 0 0 0 0
4 13 11 0 0 0 0 0 0 1 12 10 2 2 99 0 0 0 0 0 0 0 0 0 0 0 0 0 0 0 0 0 0 0 0 0 0 0 0 0 0 0 0 0 0 0 0 0 0 0 0 0 0 0 0 0 0
4 13 12 0 0 0 0 0 0 0 0 0 0 0 0 0 0 0 0 0 0 0 0 0 0 0 0 0 0 0 0 0 0 0 0 0 0 0 0 0 0 0 0 0 0 0 0 0 0 0 0 0 0 0 0 0 0
4 13 13 0 0 0 0 0 0 0 0 0 0 0 0 0 0 0 0 0 0 0 0 0 0 0 0 0 0 0 0 0 0 0 0 0 0 0 0 0 0 0 0 0 0 0 0 0 0 0 0 0 0 0 0 0 0
4 13 14 0 0 0 0 0 0 0 0 0 0 0 0 0 0 0 0 0 0 0 0 0 0 0 0 0 0 0 0 0 0 0 0 0 0 0 0 0 0 0 0 0 0 0 0 0 0 0 0 0 0 0 0 0 0
4 13 15 0 0 0 0 0 0 0 0 0 0 0 0 0 0 0 0 0 0 0 0 0 0 0 0 0 0 0 0 0 0 0 0 0 0 0 0 0 0 0 0 0 0 0 0 0 0 0 0 0 0 0 0 0 0
4 14 0 0 0 0 0 0 0 0 0 0 0 0 0 0 0 0 0 0 0 0 0 0 0 0 0 0 0 0 0 0 0 0 0 0 0 0 0 0 0 0 0 0 0 0 0 0 0 0 0 0 0 0 0 0 0
4 14 1 0 0 0 0 0 0 0 0 0 0 0 0 0 0 0 0 0 0 0 0 0 0 0 0 0 0 0 0 0 0 0 0 0 0 0 0 0 0 0 0 0 0 0 0 0 0 0 0 0 0 0 0 0 0
4 14 2 0 0 0 0 0 0 0 0 0 0 0 0 0 0 0 0 0 0 0 0 0 0 0 0 0 0 0 0 0 0 0 0 0 0 0 0 0 0 0 0 0 0 0 0 0 0 0 0 0 0 0 0 0 0
4 14 3 0 0 0 0 0 0 0 0 0 0 0 0 0 0 0 0 0 0 0 0 0 0 0 0 0 0 0 0 0 0 0 0 0 0 0 0 0 0 0 0 0 0 0 0 0 0 0 0 0 0 0 0 0 0
4 14 4 0 0 0 0 0 0 0 0 0 0 0 0 0 0 0 0 0 0 0 0 0 0 0 0 0 0 0 0 0 0 0 0 0 0 0 0 0 0 0 0 0 0 0 0 0 0 0 0 0 0 0 0 0 0
4 14 5 0 0 0 0 0 0 0 0 0 0 0 0 0 0 0 0 0 0 0 0 0 0 0 0 0 0 0 0 0 0 0 0 0 0 0 0 0 0 0 0 0 0 0 0 0 0 0 0 0 0 0 0 0 0
4 14 6 0 0 0 0 0 0 0 0 0 0 0 0 0 0 0 0 0 0 0 0 0 0 0 0 0 0 0 0 0 0 0 0 0 0 0 0 0 0 0 0 0 0 0 0 0 0 0 0 0 0 0 0 0 0
4 14 7 0 0 0 0 0 0 0 0 0 0 0 0 0 0 0 0 0 0 0 0 0 0 0 0 0 0 0 0 0 0 0 0 0 0 0 0 0 0 0 0 0 0 0 0 0 0 0 0 0 0 0 0 0 0
4 14 8 0 0 0 0 0 0 0 0 0 0 0 0 0 0 0 0 0 0 0 0 0 0 0 0 0 0 0 0 0 0 0 0 0 0 0 0 0 0 0 0 0 0 0 0 0 0 0 0 0 0 0 0 0 0
4 14 9 0 0 0 0 0 0 0 0 0 0 0 0 0 0 0 0 0 0 0 0 0 0 0 0 0 0 0 0 0 0 0 0 0 0 0 0 0 0 0 0 0 0 0 0 0 0 0 0 0 0 0 0 0 0
4 14 10 0 0 0 0 0 0 0 0 0 0 0 0 0 0 0 0 0 0 0 0 0 0 0 0 0 0 0 0 0 0 0 0 0 0 0 0 0 0 0 0 0 0 0 0 0 0 0 0 0 0 0 0 0 0
4 14 11 0 0 0 0 0 0 0 0 0 0 0 0 0 0 0 0 0 0 0 0 0 0 0 0 0 0 0 0 0 0 0 0 0 0 0 0 0 0 0 0 0 0 0 0 0 0 0 0 0 0 0 0 0 0
4 14 12 0 0 0 0 0 0 0 0 0 0 0 0 0 0 0 0 0 0 0 0 0 0 0 0 0 0 0 0 0 0 0 0 0 0 0 0 0 0 0 0 0 0 0 0 0 0 0 0 0 0 0 0 0 0
4 14 13 0 0 0 0 0 0 0 0 0 0 0 0 0 0 0 0 0 0 0 0 0 0 0 0 0 0 0 0 0 0 0 0 0 0 0 0 0 0 0 0 0 0 0 0 0 0 0 0 0 0 0 0 0 0
4 14 14 0 0 0 0 0 0 0 0 0 0 0 0 0 0 0 0 0 0 0 0 0 0 0 0 0 0 0 0 0 0 0 0 0 0 0 0 0 0 0 0 0 0 0 0 0 0 0 0 0 0 0 0 0 0
4 14 15 0 0 0 0 0 0 0 0 0 0 0 0 0 0 0 0 0 0 0 0 0 0 0 0 0 0 0 0 0 0 0 0 0 0 0 0 0 0 0 0 0 0 0 0 0 0 0 0 0 0 0 0 0 0
4 15 0 0 0 0 0 0 0 0 0 0 0 0 0 0 0 0 0 0 0 0 0 0 0 0 0 0 0 0 0 0 0 0 0 0 0 0 0 0 0 0 0 0 0 0 0 0 0 0 0 0 0 0 0 0 0
4 15 1 0 0 0 0 0 0 0 0 0 0 0 0 0 0 0 0 0 0 0 0 0 0 0 0 0 0 0 0 0 0 0 0 0 0 0 0 0 0 0 0 0 0 0 0 0 0 0 0 0 0 0 0 0 0
4 15 2 0 0 0 0 0 0 0 0 0 0 0 0 0 0 0 0 0 0 0 0 0 0 0 0 0 0 0 0 0 0 0 0 0 0 0 0 0 0 0 0 0 0 0 0 0 0 0 0 0 0 0 0 0 0
4 15 3 0 0 0 0 0 0 0 0 0 0 0 0 0 0 0 0 0 0 0 0 0 0 0 0 0 0 0 0 0 0 0 0 0 0 0 0 0 0 0 0 0 0 0 0 0 0 0 0 0 0 0 0 0 0
4 15 4 0 0 0 0 0 0 0 0 0 0 0 0 0 0 0 0 0 0 0 0 0 0 0 0 0 0 0 0 0 0 0 0 0 0 0 0 0 0 0 0 0 0 0 0 0 0 0 0 0 0 0 0 0 0
4 15 5 0 0 0 0 0 0 0 0 0 0 0 0 0 0 0 0 0 0 0 0 0 0 0 0 0 0 0 0 0 0 0 0 0 0 0 0 0 0 0 0 0 0 0 0 0 0 0 0 0 0 0 0 0 0
4 15 6 0 0 0 0 0 0 0 0 0 0 0 0 0 0 0 0 0 0 0 0 0 0 0 0 0 0 0 0 0 0 0 0 0 0 0 0 0 0 0 0 0 0 0 0 0 0 0 0 0 0 0 0 0 0
4 15 7 0 0 0 0 0 0 0 0 0 0 0 0 0 0 0 0 0 0 0 0 0 0 0 0 0 0 0 0 0 0 0 0 0 0 0 0 0 0 0 0 0 0 0 0 0 0 0 0 0 0 0 0 0 0
4 15 8 0 0 0 0 0 0 0 0 0 0 0 0 0 0 0 0 0 0 0 0 0 0 0 0 0 0 0 0 0 0 0 0 0 0 0 0 0 0 0 0 0 0 0 0 0 0 0 0 0 0 0 0 0 0
4 15 9 0 0 0 0 0 0 0 0 0 0 0 0 0 0 0 0 0 0 0 0 0 0 0 0 0 0 0 0 0 0 0 0 0 0 0 0 0 0 0 0 0 0 0 0 0 0 0 0 0 0 0 0 0 0
4 15 10 0 0 0 0 0 0 0 0 0 0 0 0 0 0 0 0 0 0 0 0 0 0 0 0 0 0 0 0 0 0 0 0 0 0 0 0 0 0 0 0 0 0 0 0 0 0 0 0 0 0 0 0 0 0
4 15 11 0 0 0 0 0 0 0 0 0 0 0 0 0 0 0 0 0 0 0 0 0 0 0 0 0 0 0 0 0 0 0 0 0 0 0 0 0 0 0 0 0 0 0 0 0 0 0 0 0 0 0 0 0 0
4 15 12 0 0 0 0 0 0 0 0 0 0 0 0 0 0 0 0 0 0 0 0 0 0 0 0 0 0 0 0 0 0 0 0 0 0 0 0 0 0 0 0 0 0 0 0 0 0 0 0 0 0 0 0 0 0
4 15 13 0 0 0 0 0 0 0 0 0 0 0 0 0 0 0 0 0 0 0 0 0 0 0 0 0 0 0 0 0 0 0 0 0 0 0 0 0 0 0 0 0 0 0 0 0 0 0 0 0 0 0 0 0 0
4 15 14 0 0 0 0 0 0 0 0 0 0 0 0 0 0 0 0 0 0 0 0 0 0 0 0 0 0 0 0 0 0 0 0 0 0 0 0 0 0 0 0 0 0 0 0 0 0 0 0 0 0 0 0 0 0
4 15 15 0 0 0 0 0 0 0 0 0 0 0 0 0 0 0 0 0 0 0 0 0 0 0 0 0 0 0 0 0 0 0 0 0 0 0 0 0 0 0 0 0 0 0 0 0 0 0 0 0 0 0 0 0 0
