0 0 0 1 0 0 1 1 0 0 0 0 0 0 0 0 0 0 0 0 0 0 0 0 0 0 0
0 0 1 1 0 0 1 2 0 1 0 1 1 0 0 0 0 0 0 0 0 0 0 0 0 0 0
0 0 2 0 0 0 0 0 0 1 0 1 1 1 0 0 0 0 0 0 0 0 0 0 0 0 0
0 0 3 1 0 2 1 0 1 1 0 1 1 2 0 0 0 0 0 0 0 0 0 0 0 0 0
0 0 4 1 0 2 1 1 1 0 0 0 0 0 0 0 0 0 0 0 0 0 0 0 0 0 0
0 0 5 1 0 2 1 2 1 1 0 3 1 0 1 0 0 0 0 0 0 0 0 0 0 0 0
0 0 6 0 0 0 0 0 0 1 0 3 1 1 1 0 0 0 0 0 0 0 0 0 0 0 0
0 0 7 1 0 4 1 0 2 1 0 3 1 2 1 0 0 0 0 0 0 0 0 0 0 0 0
0 0 8 1 0 4 1 1 2 0 0 0 0 0 0 0 0 0 0 0 0 0 0 0 0 0 0
0 0 9 1 0 4 1 2 2 1 0 5 1 0 2 0 0 0 0 0 0 0 0 0 0 0 0
0 0 10 0 0 0 0 0 0 1 0 5 1 1 2 0 0 0 0 0 0 0 0 0 0 0 0
0 0 11 1 0 6 1 0 3 1 0 5 1 2 2 0 0 0 0 0 0 0 0 0 0 0 0
0 0 12 1 0 6 1 1 3 0 0 0 0 0 0 0 0 0 0 0 0 0 0 0 0 0 0
0 0 13 1 0 6 1 2 3 1 0 7 1 0 3 0 0 0 0 0 0 0 0 0 0 0 0
0 0 14 0 0 0 0 0 0 1 0 7 1 1 3 0 0 0 0 0 0 0 0 0 0 0 0
0 0 15 1 0 8 1 0 4 1 0 7 1 2 3 0 0 0 0 0 0 0 0 0 0 0 0
0 0 16 1 0 8 1 1 4 0 0 0 0 0 0 0 0 0 0 0 0 0 0 0 0 0 0
0 0 17 1 0 8 1 2 4 0 0 0 0 0 0 0 0 0 0 0 0 0 0 0 0 0 0
0 0 18 0 0 0 0 0 0 0 0 0 0 0 0 0 0 0 0 0 0 0 0 0 0 0 0
0 0 19 0 0 0 0 0 0 0 0 0 0 0 0 0 0 0 0 0 0 0 0 0 0 0 0
0 0 20 0 0 0 0 0 0 0 0 0 0 0 0 0 0 0 0 0 0 0 0 0 0 0 0
0 0 21 0 0 0 0 0 0 0 0 0 0 0 0 0 0 0 0 0 0 0 0 0 0 0 0
0 0 22 0 0 0 0 0 0 0 0 0 0 0 0 0 0 0 0 0 0 0 0 0 0 0 0
0 0 23 0 0 0 0 0 0 0 0 0 0 0 0 0 0 0 0 0 0 0 0 0 0 0 0
0 0 24 0 0 0 0 0 0 0 0 0 0 0 0 0 0 0 0 0 0 0 0 0 0 0 0
0 0 25 0 0 0 0 0 0 0 0 0 0 0 0 0 0 0 0 0 0 0 0 0 0 0 0
0 0 26 0 0 0 0 0 0 0 0 0 0 0 0 0 0 0 0 0 0 0 0 0 0 0 0
0 0 27 0 0 0 0 0 0 0 0 0 0 0 0 0 0 0 0 0 0 0 0 0 0 0 0
0 0 28 0 0 0 0 0 0 0 0 0 0 0 0 0 0 0 0 0 0 0 0 0 0 0 0
0 0 29 0 0 0 0 0 0 0 0 0 0 0 0 0 0 0 0 0 0 0 0 0 0 0 0
0 0 30 0 0 0 0 0 0 0 0 0 0 0 0 0 0 0 0 0 0 0 0 0 0 0 0
0 0 31 0 0 0 0 0 0 0 0 0 0 0 0 0 0 0 0 0 0 0 0 0 0 0 0
0 1 0 1 0 0 2 1 0 0 0 0 0 0 0 1 1 0 0 1 0 0 0 0 0 0 0
0 1 1 1 0 0 2 2 0 1 0 1 2 0 0 1 1 0 0 2 0 1 1 1 0 0 0
0 1 2 0 0 0 0 0 0 1 0 1 2 1 0 0 0 0 0 0 0 1 1 1 0 1 0
0 1 3 1 0 2 2 0 1 1 0 1 2 2 0 1 1 2 0 0 1 1 1 1 0 2 0
0 1 4 1 0 2 2 1 1 0 0 0 0 0 0 1 1 2 0 1 1 0 0 0 0 0 0
0 1 5 1 0 2 2 2 1 1 0 3 2 0 1 1 1 2 0 2 1 1 1 3 0 0 1
0 1 6 0 0 0 0 0 0 1 0 3 2 1 1 0 0 0 0 0 0 1 1 3 0 1 1
0 1 7 1 0 4 2 0 2 1 0 3 2 2 1 1 1 4 0 0 2 1 1 3 0 2 1
0 1 8 1 0 4 2 1 2 0 0 0 0 0 0 1 1 4 0 1 2 0 0 0 0 0 0
0 1 9 1 0 4 2 2 2 1 0 5 2 0 2 1 1 4 0 2 2 1 1 5 0 0 2
0 1 10 0 0 0 0 0 0 1 0 5 2 1 2 0 0 0 0 0 0 1 1 5 0 1 2
0 1 11 1 0 6 2 0 3 1 0 5 2 2 2 1 1 6 0 0 3 1 1 5 0 2 2
0 1 12 1 0 6 2 1 3 0 0 0 0 0 0 1 1 6 0 1 3 0 0 0 0 0 0
0 1 13 1 0 6 2 2 3 1 0 7 2 0 3 1 1 6 0 2 3 1 1 7 0 0 3
0 1 14 0 0 0 0 0 0 1 0 7 2 1 3 0 0 0 0 0 0 1 1 7 0 1 3
0 1 15 1 0 8 2 0 4 1 0 7 2 2 3 1 1 8 0 0 4 1 1 7 0 2 3
0 1 16 1 0 8 2 1 4 0 0 0 0 0 0 1 1 8 0 1 4 0 0 0 0 0 0
0 1 17 1 0 8 2 2 4 0 0 0 0 0 0 1 1 8 0 2 4 0 0 0 0 0 0
0 1 18 0 0 0 0 0 0 0 0 0 0 0 0 0 0 0 0 0 0 0 0 0 0 0 0
0 1 19 0 0 0 0 0 0 0 0 0 0 0 0 0 0 0 0 0 0 0 0 0 0 0 0
0 1 20 0 0 0 0 0 0 0 0 0 0 0 0 0 0 0 0 0 0 0 0 0 0 0 0
0 1 21 0 0 0 0 0 0 0 0 0 0 0 0 0 0 0 0 0 0 0 0 0 0 0 0
0 1 22 0 0 0 0 0 0 0 0 0 0 0 0 0 0 0 0 0 0 0 0 0 0 0 0
0 1 23 0 0 0 0 0 0 0 0 0 0 0 0 0 0 0 0 0 0 0 0 0 0 0 0
0 1 24 0 0 0 0 0 0 0 0 0 0 0 0 0 0 0 0 0 0 0 0 0 0 0 0
0 1 25 0 0 0 0 0 0 0 0 0 0 0 0 0 0 0 0 0 0 0 0 0 0 0 0
0 1 26 0 0 0 0 0 0 0 0 0 0 0 0 0 0 0 0 0 0 0 0 0 0 0 0
0 1 27 0 0 0 0 0 0 0 0 0 0 0 0 0 0 0 0 0 0 0 0 0 0 0 0
0 1 28 0 0 0 0 0 0 0 0 0 0 0 0 0 0 0 0 0 0 0 0 0 0 0 0
0 1 29 0 0 0 0 0 0 0 0 0 0 0 0 0 0 0 0 0 0 0 0 0 0 0 0
0 1 30 0 0 0 0 0 0 0 0 0 0 0 0 0 0 0 0 0 0 0 0 0 0 0 0
0 1 31 0 0 0 0 0 0 0 0 0 0 0 0 0 0 0 0 0 0 0 0 0 0 0 0
0 2 0 0 0 0 0 0 0 0 0 0 0 0 0 1 1 0 1 1 0 0 0 0 0 0 0
0 2 1 0 0 0 0 0 0 0 0 0 0 0 0 1 1 0 1 2 0 1 1 1 1 0 0
0 2 2 0 0 0 0 0 0 0 0 0 0 0 0 0 0 0 0 0 0 1 1 1 1 1 0
0 2 3 0 0 0 0 0 0 0 0 0 0 0 0 1 1 2 1 0 1 1 1 1 1 2 0
0 2 4 0 0 0 0 0 0 0 0 0 0 0 0 1 1 2 1 1 1 0 0 0 0 0 0
0 2 5 0 0 0 0 0 0 0 0 0 0 0 0 1 1 2 1 2 1 1 1 3 1 0 1
0 2 6 0 0 0 0 0 0 0 0 0 0 0 0 0 0 0 0 0 0 1 1 3 1 1 1
0 2 7 0 0 0 0 0 0 0 0 0 0 0 0 1 1 4 1 0 2 1 1 3 1 2 1
0 2 8 0 0 0 0 0 0 0 0 0 0 0 0 1 1 4 1 1 2 0 0 0 0 0 0
0 2 9 0 0 0 0 0 0 0 0 0 0 0 0 1 1 4 1 2 2 1 1 5 1 0 2
0 2 10 0 0 0 0 0 0 0 0 0 0 0 0 0 0 0 0 0 0 1 1 5 1 1 2
0 2 11 0 0 0 0 0 0 0 0 0 0 0 0 1 1 6 1 0 3 1 1 5 1 2 2
0 2 12 0 0 0 0 0 0 0 0 0 0 0 0 1 1 6 1 1 3 0 0 0 0 0 0
0 2 13 0 0 0 0 0 0 0 0 0 0 0 0 1 1 6 1 2 3 1 1 7 1 0 3
0 2 14 0 0 0 0 0 0 0 0 0 0 0 0 0 0 0 0 0 0 1 1 7 1 1 3
0 2 15 0 0 0 0 0 0 0 0 0 0 0 0 1 1 8 1 0 4 1 1 7 1 2 3
0 2 16 0 0 0 0 0 0 0 0 0 0 0 0 1 1 8 1 1 4 0 0 0 0 0 0
0 2 17 0 0 0 0 0 0 0 0 0 0 0 0 1 1 8 1 2 4 0 0 0 0 0 0
0 2 18 0 0 0 0 0 0 0 0 0 0 0 0 0 0 0 0 0 0 0 0 0 0 0 0
0 2 19 0 0 0 0 0 0 0 0 0 0 0 0 0 0 0 0 0 0 0 0 0 0 0 0
0 2 20 0 0 0 0 0 0 0 0 0 0 0 0 0 0 0 0 0 0 0 0 0 0 0 0
0 2 21 0 0 0 0 0 0 0 0 0 0 0 0 0 0 0 0 0 0 0 0 0 0 0 0
0 2 22 0 0 0 0 0 0 0 0 0 0 0 0 0 0 0 0 0 0 0 0 0 0 0 0
0 2 23 0 0 0 0 0 0 0 0 0 0 0 0 0 0 0 0 0 0 0 0 0 0 0 0
0 2 24 0 0 0 0 0 0 0 0 0 0 0 0 0 0 0 0 0 0 0 0 0 0 0 0
0 2 25 0 0 0 0 0 0 0 0 0 0 0 0 0 0 0 0 0 0 0 0 0 0 0 0
0 2 26 0 0 0 0 0 0 0 0 0 0 0 0 0 0 0 0 0 0 0 0 0 0 0 0
0 2 27 0 0 0 0 0 0 0 0 0 0 0 0 0 0 0 0 0 0 0 0 0 0 0 0
0 2 28 0 0 0 0 0 0 0 0 0 0 0 0 0 0 0 0 0 0 0 0 0 0 0 0
0 2 29 0 0 0 0 0 0 0 0 0 0 0 0 0 0 0 0 0 0 0 0 0 0 0 0
0 2 30 0 0 0 0 0 0 0 0 0 0 0 0 0 0 0 0 0 0 0 0 0 0 0 0
0 2 31 0 0 0 0 0 0 0 0 0 0 0 0 0 0 0 0 0 0 0 0 0 0 0 0
0 3 0 1 2 0 0 1 5 0 0 0 0 0 0 1 1 0 2 1 0 0 0 0 0 0 0
0 3 1 1 2 0 0 2 5 1 2 1 0 0 5 1 1 0 2 2 0 1 1 1 2 0 0
0 3 2 0 0 0 0 0 0 1 2 1 0 1 5 0 0 0 0 0 0 1 1 1 2 1 0
0 3 3 1 2 2 0 0 6 1 2 1 0 2 5 1 1 2 2 0 1 1 1 1 2 2 0
0 3 4 1 2 2 0 1 6 0 0 0 0 0 0 1 1 2 2 1 1 0 0 0 0 0 0
0 3 5 1 2 2 0 2 6 1 2 3 0 0 6 1 1 2 2 2 1 1 1 3 2 0 1
0 3 6 0 0 0 0 0 0 1 2 3 0 1 6 0 0 0 0 0 0 1 1 3 2 1 1
0 3 7 1 2 4 0 0 7 1 2 3 0 2 6 1 1 4 2 0 2 1 1 3 2 2 1
0 3 8 1 2 4 0 1 7 0 0 0 0 0 0 1 1 4 2 1 2 0 0 0 0 0 0
0 3 9 1 2 4 0 2 7 1 2 5 0 0 7 1 1 4 2 2 2 1 1 5 2 0 2
0 3 10 0 0 0 0 0 0 1 2 5 0 1 7 0 0 0 0 0 0 1 1 5 2 1 2
0 3 11 1 2 6 0 0 8 1 2 5 0 2 7 1 1 6 2 0 3 1 1 5 2 2 2
0 3 12 1 2 6 0 1 8 0 0 0 0 0 0 1 1 6 2 1 3 0 0 0 0 0 0
0 3 13 1 2 6 0 2 8 1 2 7 0 0 8 1 1 6 2 2 3 1 1 7 2 0 3
0 3 14 0 0 0 0 0 0 1 2 7 0 1 8 0 0 0 0 0 0 1 1 7 2 1 3
0 3 15 1 2 8 0 0 9 1 2 7 0 2 8 1 1 8 2 0 4 1 1 7 2 2 3
0 3 16 1 2 8 0 1 9 0 0 0 0 0 0 1 1 8 2 1 4 0 0 0 0 0 0
0 3 17 1 2 8 0 2 9 0 0 0 0 0 0 1 1 8 2 2 4 0 0 0 0 0 0
0 3 18 0 0 0 0 0 0 0 0 0 0 0 0 0 0 0 0 0 0 0 0 0 0 0 0
0 3 19 0 0 0 0 0 0 0 0 0 0 0 0 0 0 0 0 0 0 0 0 0 0 0 0
0 3 20 0 0 0 0 0 0 0 0 0 0 0 0 0 0 0 0 0 0 0 0 0 0 0 0
0 3 21 0 0 0 0 0 0 0 0 0 0 0 0 0 0 0 0 0 0 0 0 0 0 0 0
0 3 22 0 0 0 0 0 0 0 0 0 0 0 0 0 0 0 0 0 0 0 0 0 0 0 0
0 3 23 0 0 0 0 0 0 0 0 0 0 0 0 0 0 0 0 0 0 0 0 0 0 0 0
0 3 24 0 0 0 0 0 0 0 0 0 0 0 0 0 0 0 0 0 0 0 0 0 0 0 0
0 3 25 0 0 0 0 0 0 0 0 0 0 0 0 0 0 0 0 0 0 0 0 0 0 0 0
0 3 26 0 0 0 0 0 0 0 0 0 0 0 0 0 0 0 0 0 0 0 0 0 0 0 0
0 3 27 0 0 0 0 0 0 0 0 0 0 0 0 0 0 0 0 0 0 0 0 0 0 0 0
0 3 28 0 0 0 0 0 0 0 0 0 0 0 0 0 0 0 0 0 0 0 0 0 0 0 0
0 3 29 0 0 0 0 0 0 0 0 0 0 0 0 0 0 0 0 0 0 0 0 0 0 0 0
0 3 30 0 0 0 0 0 0 0 0 0 0 0 0 0 0 0 0 0 0 0 0 0 0 0 0
0 3 31 0 0 0 0 0 0 0 0 0 0 0 0 0 0 0 0 0 0 0 0 0 0 0 0
0 4 0 1 2 0 1 1 5 0 0 0 0 0 0 0 0 0 0 0 0 0 0 0 0 0 0
0 4 1 1 2 0 1 2 5 1 2 1 1 0 5 0 0 0 0 0 0 0 0 0 0 0 0
0 4 2 0 0 0 0 0 0 1 2 1 1 1 5 0 0 0 0 0 0 0 0 0 0 0 0
0 4 3 1 2 2 1 0 6 1 2 1 1 2 5 0 0 0 0 0 0 0 0 0 0 0 0
0 4 4 1 2 2 1 1 6 0 0 0 0 0 0 0 0 0 0 0 0 0 0 0 0 0 0
0 4 5 1 2 2 1 2 6 1 2 3 1 0 6 0 0 0 0 0 0 0 0 0 0 0 0
0 4 6 0 0 0 0 0 0 1 2 3 1 1 6 0 0 0 0 0 0 0 0 0 0 0 0
0 4 7 1 2 4 1 0 7 1 2 3 1 2 6 0 0 0 0 0 0 0 0 0 0 0 0
0 4 8 1 2 4 1 1 7 0 0 0 0 0 0 0 0 0 0 0 0 0 0 0 0 0 0
0 4 9 1 2 4 1 2 7 1 2 5 1 0 7 0 0 0 0 0 0 0 0 0 0 0 0
0 4 10 0 0 0 0 0 0 1 2 5 1 1 7 0 0 0 0 0 0 0 0 0 0 0 0
0 4 11 1 2 6 1 0 8 1 2 5 1 2 7 0 0 0 0 0 0 0 0 0 0 0 0
0 4 12 1 2 6 1 1 8 0 0 0 0 0 0 0 0 0 0 0 0 0 0 0 0 0 0
0 4 13 1 2 6 1 2 8 1 2 7 1 0 8 0 0 0 0 0 0 0 0 0 0 0 0
0 4 14 0 0 0 0 0 0 1 2 7 1 1 8 0 0 0 0 0 0 0 0 0 0 0 0
0 4 15 1 2 8 1 0 9 1 2 7 1 2 8 0 0 0 0 0 0 0 0 0 0 0 0
0 4 16 1 2 8 1 1 9 0 0 0 0 0 0 0 0 0 0 0 0 0 0 0 0 0 0
0 4 17 1 2 8 1 2 9 0 0 0 0 0 0 0 0 0 0 0 0 0 0 0 0 0 0
0 4 18 0 0 0 0 0 0 0 0 0 0 0 0 0 0 0 0 0 0 0 0 0 0 0 0
0 4 19 0 0 0 0 0 0 0 0 0 0 0 0 0 0 0 0 0 0 0 0 0 0 0 0
0 4 20 0 0 0 0 0 0 0 0 0 0 0 0 0 0 0 0 0 0 0 0 0 0 0 0
0 4 21 0 0 0 0 0 0 0 0 0 0 0 0 0 0 0 0 0 0 0 0 0 0 0 0
0 4 22 0 0 0 0 0 0 0 0 0 0 0 0 0 0 0 0 0 0 0 0 0 0 0 0
0 4 23 0 0 0 0 0 0 0 0 0 0 0 0 0 0 0 0 0 0 0 0 0 0 0 0
0 4 24 0 0 0 0 0 0 0 0 0 0 0 0 0 0 0 0 0 0 0 0 0 0 0 0
0 4 25 0 0 0 0 0 0 0 0 0 0 0 0 0 0 0 0 0 0 0 0 0 0 0 0
0 4 26 0 0 0 0 0 0 0 0 0 0 0 0 0 0 0 0 0 0 0 0 0 0 0 0
0 4 27 0 0 0 0 0 0 0 0 0 0 0 0 0 0 0 0 0 0 0 0 0 0 0 0
0 4 28 0 0 0 0 0 0 0 0 0 0 0 0 0 0 0 0 0 0 0 0 0 0 0 0
0 4 29 0 0 0 0 0 0 0 0 0 0 0 0 0 0 0 0 0 0 0 0 0 0 0 0
0 4 30 0 0 0 0 0 0 0 0 0 0 0 0 0 0 0 0 0 0 0 0 0 0 0 0
0 4 31 0 0 0 0 0 0 0 0 0 0 0 0 0 0 0 0 0 0 0 0 0 0 0 0
0 5 0 1 2 0 2 1 5 0 0 0 0 0 0 1 3 0 0 1 5 0 0 0 0 0 0
0 5 1 1 2 0 2 2 5 1 2 1 2 0 5 1 3 0 0 2 5 1 3 1 0 0 5
0 5 2 0 0 0 0 0 0 1 2 1 2 1 5 0 0 0 0 0 0 1 3 1 0 1 5
0 5 3 1 2 2 2 0 6 1 2 1 2 2 5 1 3 2 0 0 6 1 3 1 0 2 5
0 5 4 1 2 2 2 1 6 0 0 0 0 0 0 1 3 2 0 1 6 0 0 0 0 0 0
0 5 5 1 2 2 2 2 6 1 2 3 2 0 6 1 3 2 0 2 6 1 3 3 0 0 6
0 5 6 0 0 0 0 0 0 1 2 3 2 1 6 0 0 0 0 0 0 1 3 3 0 1 6
0 5 7 1 2 4 2 0 7 1 2 3 2 2 6 1 3 4 0 0 7 1 3 3 0 2 6
0 5 8 1 2 4 2 1 7 0 0 0 0 0 0 1 3 4 0 1 7 0 0 0 0 0 0
0 5 9 1 2 4 2 2 7 1 2 5 2 0 7 1 3 4 0 2 7 1 3 5 0 0 7
0 5 10 0 0 0 0 0 0 1 2 5 2 1 7 0 0 0 0 0 0 1 3 5 0 1 7
0 5 11 1 2 6 2 0 8 1 2 5 2 2 7 1 3 6 0 0 8 1 3 5 0 2 7
0 5 12 1 2 6 2 1 8 0 0 0 0 0 0 1 3 6 0 1 8 0 0 0 0 0 0
0 5 13 1 2 6 2 2 8 1 2 7 2 0 8 1 3 6 0 2 8 1 3 7 0 0 8
0 5 14 0 0 0 0 0 0 1 2 7 2 1 8 0 0 0 0 0 0 1 3 7 0 1 8
0 5 15 1 2 8 2 0 9 1 2 7 2 2 8 1 3 8 0 0 9 1 3 7 0 2 8
0 5 16 1 2 8 2 1 9 0 0 0 0 0 0 1 3 8 0 1 9 0 0 0 0 0 0
0 5 17 1 2 8 2 2 9 0 0 0 0 0 0 1 3 8 0 2 9 0 0 0 0 0 0
0 5 18 0 0 0 0 0 0 0 0 0 0 0 0 0 0 0 0 0 0 0 0 0 0 0 0
0 5 19 0 0 0 0 0 0 0 0 0 0 0 0 0 0 0 0 0 0 0 0 0 0 0 0
0 5 20 0 0 0 0 0 0 0 0 0 0 0 0 0 0 0 0 0 0 0 0 0 0 0 0
0 5 21 0 0 0 0 0 0 0 0 0 0 0 0 0 0 0 0 0 0 0 0 0 0 0 0
0 5 22 0 0 0 0 0 0 0 0 0 0 0 0 0 0 0 0 0 0 0 0 0 0 0 0
0 5 23 0 0 0 0 0 0 0 0 0 0 0 0 0 0 0 0 0 0 0 0 0 0 0 0
0 5 24 0 0 0 0 0 0 0 0 0 0 0 0 0 0 0 0 0 0 0 0 0 0 0 0
0 5 25 0 0 0 0 0 0 0 0 0 0 0 0 0 0 0 0 0 0 0 0 0 0 0 0
0 5 26 0 0 0 0 0 0 0 0 0 0 0 0 0 0 0 0 0 0 0 0 0 0 0 0
0 5 27 0 0 0 0 0 0 0 0 0 0 0 0 0 0 0 0 0 0 0 0 0 0 0 0
0 5 28 0 0 0 0 0 0 0 0 0 0 0 0 0 0 0 0 0 0 0 0 0 0 0 0
0 5 29 0 0 0 0 0 0 0 0 0 0 0 0 0 0 0 0 0 0 0 0 0 0 0 0
0 5 30 0 0 0 0 0 0 0 0 0 0 0 0 0 0 0 0 0 0 0 0 0 0 0 0
0 5 31 0 0 0 0 0 0 0 0 0 0 0 0 0 0 0 0 0 0 0 0 0 0 0 0
0 6 0 0 0 0 0 0 0 0 0 0 0 0 0 1 3 0 1 1 5 0 0 0 0 0 0
0 6 1 0 0 0 0 0 0 0 0 0 0 0 0 1 3 0 1 2 5 1 3 1 1 0 5
0 6 2 0 0 0 0 0 0 0 0 0 0 0 0 0 0 0 0 0 0 1 3 1 1 1 5
0 6 3 0 0 0 0 0 0 0 0 0 0 0 0 1 3 2 1 0 6 1 3 1 1 2 5
0 6 4 0 0 0 0 0 0 0 0 0 0 0 0 1 3 2 1 1 6 0 0 0 0 0 0
0 6 5 0 0 0 0 0 0 0 0 0 0 0 0 1 3 2 1 2 6 1 3 3 1 0 6
0 6 6 0 0 0 0 0 0 0 0 0 0 0 0 0 0 0 0 0 0 1 3 3 1 1 6
0 6 7 0 0 0 0 0 0 0 0 0 0 0 0 1 3 4 1 0 7 1 3 3 1 2 6
0 6 8 0 0 0 0 0 0 0 0 0 0 0 0 1 3 4 1 1 7 0 0 0 0 0 0
0 6 9 0 0 0 0 0 0 0 0 0 0 0 0 1 3 4 1 2 7 1 3 5 1 0 7
0 6 10 0 0 0 0 0 0 0 0 0 0 0 0 0 0 0 0 0 0 1 3 5 1 1 7
0 6 11 0 0 0 0 0 0 0 0 0 0 0 0 1 3 6 1 0 8 1 3 5 1 2 7
0 6 12 0 0 0 0 0 0 0 0 0 0 0 0 1 3 6 1 1 8 0 0 0 0 0 0
0 6 13 0 0 0 0 0 0 0 0 0 0 0 0 1 3 6 1 2 8 1 3 7 1 0 8
0 6 14 0 0 0 0 0 0 0 0 0 0 0 0 0 0 0 0 0 0 1 3 7 1 1 8
0 6 15 0 0 0 0 0 0 0 0 0 0 0 0 1 3 8 1 0 9 1 3 7 1 2 8
0 6 16 0 0 0 0 0 0 0 0 0 0 0 0 1 3 8 1 1 9 0 0 0 0 0 0
0 6 17 0 0 0 0 0 0 0 0 0 0 0 0 1 3 8 1 2 9 0 0 0 0 0 0
0 6 18 0 0 0 0 0 0 0 0 0 0 0 0 0 0 0 0 0 0 0 0 0 0 0 0
0 6 19 0 0 0 0 0 0 0 0 0 0 0 0 0 0 0 0 0 0 0 0 0 0 0 0
0 6 20 0 0 0 0 0 0 0 0 0 0 0 0 0 0 0 0 0 0 0 0 0 0 0 0
0 6 21 0 0 0 0 0 0 0 0 0 0 0 0 0 0 0 0 0 0 0 0 0 0 0 0
0 6 22 0 0 0 0 0 0 0 0 0 0 0 0 0 0 0 0 0 0 0 0 0 0 0 0
0 6 23 0 0 0 0 0 0 0 0 0 0 0 0 0 0 0 0 0 0 0 0 0 0 0 0
0 6 24 0 0 0 0 0 0 0 0 0 0 0 0 0 0 0 0 0 0 0 0 0 0 0 0
0 6 25 0 0 0 0 0 0 0 0 0 0 0 0 0 0 0 0 0 0 0 0 0 0 0 0
0 6 26 0 0 0 0 0 0 0 0 0 0 0 0 0 0 0 0 0 0 0 0 0 0 0 0
0 6 27 0 0 0 0 0 0 0 0 0 0 0 0 0 0 0 0 0 0 0 0 0 0 0 0
0 6 28 0 0 0 0 0 0 0 0 0 0 0 0 0 0 0 0 0 0 0 0 0 0 0 0
0 6 29 0 0 0 0 0 0 0 0 0 0 0 0 0 0 0 0 0 0 0 0 0 0 0 0
0 6 30 0 0 0 0 0 0 0 0 0 0 0 0 0 0 0 0 0 0 0 0 0 0 0 0
0 6 31 0 0 0 0 0 0 0 0 0 0 0 0 0 0 0 0 0 0 0 0 0 0 0 0
0 7 0 1 4 0 0 1 10 0 0 0 0 0 0 1 3 0 2 1 5 0 0 0 0 0 0
0 7 1 1 4 0 0 2 10 1 4 1 0 0 10 1 3 0 2 2 5 1 3 1 2 0 5
0 7 2 0 0 0 0 0 0 1 4 1 0 1 10 0 0 0 0 0 0 1 3 1 2 1 5
0 7 3 1 4 2 0 0 11 1 4 1 0 2 10 1 3 2 2 0 6 1 3 1 2 2 5
0 7 4 1 4 2 0 1 11 0 0 0 0 0 0 1 3 2 2 1 6 0 0 0 0 0 0
0 7 5 1 4 2 0 2 11 1 4 3 0 0 11 1 3 2 2 2 6 1 3 3 2 0 6
0 7 6 0 0 0 0 0 0 1 4 3 0 1 11 0 0 0 0 0 0 1 3 3 2 1 6
0 7 7 1 4 4 0 0 12 1 4 3 0 2 11 1 3 4 2 0 7 1 3 3 2 2 6
0 7 8 1 4 4 0 1 12 0 0 0 0 0 0 1 3 4 2 1 7 0 0 0 0 0 0
0 7 9 1 4 4 0 2 12 1 4 5 0 0 12 1 3 4 2 2 7 1 3 5 2 0 7
0 7 10 0 0 0 0 0 0 1 4 5 0 1 12 0 0 0 0 0 0 1 3 5 2 1 7
0 7 11 1 4 6 0 0 13 1 4 5 0 2 12 1 3 6 2 0 8 1 3 5 2 2 7
0 7 12 1 4 6 0 1 13 0 0 0 0 0 0 1 3 6 2 1 8 0 0 0 0 0 0
0 7 13 1 4 6 0 2 13 1 4 7 0 0 13 1 3 6 2 2 8 1 3 7 2 0 8
0 7 14 0 0 0 0 0 0 1 4 7 0 1 13 0 0 0 0 0 0 1 3 7 2 1 8
0 7 15 1 4 8 0 0 14 1 4 7 0 2 13 1 3 8 2 0 9 1 3 7 2 2 8
0 7 16 1 4 8 0 1 14 0 0 0 0 0 0 1 3 8 2 1 9 0 0 0 0 0 0
0 7 17 1 4 8 0 2 14 0 0 0 0 0 0 1 3 8 2 2 9 0 0 0 0 0 0
0 7 18 0 0 0 0 0 0 0 0 0 0 0 0 0 0 0 0 0 0 0 0 0 0 0 0
0 7 19 0 0 0 0 0 0 0 0 0 0 0 0 0 0 0 0 0 0 0 0 0 0 0 0
0 7 20 0 0 0 0 0 0 0 0 0 0 0 0 0 0 0 0 0 0 0 0 0 0 0 0
0 7 21 0 0 0 0 0 0 0 0 0 0 0 0 0 0 0 0 0 0 0 0 0 0 0 0
0 7 22 0 0 0 0 0 0 0 0 0 0 0 0 0 0 0 0 0 0 0 0 0 0 0 0
0 7 23 0 0 0 0 0 0 0 0 0 0 0 0 0 0 0 0 0 0 0 0 0 0 0 0
0 7 24 0 0 0 0 0 0 0 0 0 0 0 0 0 0 0 0 0 0 0 0 0 0 0 0
0 7 25 0 0 0 0 0 0 0 0 0 0 0 0 0 0 0 0 0 0 0 0 0 0 0 0
0 7 26 0 0 0 0 0 0 0 0 0 0 0 0 0 0 0 0 0 0 0 0 0 0 0 0
0 7 27 0 0 0 0 0 0 0 0 0 0 0 0 0 0 0 0 0 0 0 0 0 0 0 0
0 7 28 0 0 0 0 0 0 0 0 0 0 0 0 0 0 0 0 0 0 0 0 0 0 0 0
0 7 29 0 0 0 0 0 0 0 0 0 0 0 0 0 0 0 0 0 0 0 0 0 0 0 0
0 7 30 0 0 0 0 0 0 0 0 0 0 0 0 0 0 0 0 0 0 0 0 0 0 0 0
0 7 31 0 0 0 0 0 0 0 0 0 0 0 0 0 0 0 0 0 0 0 0 0 0 0 0
0 8 0 1 4 0 1 1 10 0 0 0 0 0 0 0 0 0 0 0 0 0 0 0 0 0 0
0 8 1 1 4 0 1 2 10 1 4 1 1 0 10 0 0 0 0 0 0 0 0 0 0 0 0
0 8 2 0 0 0 0 0 0 1 4 1 1 1 10 0 0 0 0 0 0 0 0 0 0 0 0
0 8 3 1 4 2 1 0 11 1 4 1 1 2 10 0 0 0 0 0 0 0 0 0 0 0 0
0 8 4 1 4 2 1 1 11 0 0 0 0 0 0 0 0 0 0 0 0 0 0 0 0 0 0
0 8 5 1 4 2 1 2 11 1 4 3 1 0 11 0 0 0 0 0 0 0 0 0 0 0 0
0 8 6 0 0 0 0 0 0 1 4 3 1 1 11 0 0 0 0 0 0 0 0 0 0 0 0
0 8 7 1 4 4 1 0 12 1 4 3 1 2 11 0 0 0 0 0 0 0 0 0 0 0 0
0 8 8 1 4 4 1 1 12 0 0 0 0 0 0 0 0 0 0 0 0 0 0 0 0 0 0
0 8 9 1 4 4 1 2 12 1 4 5 1 0 12 0 0 0 0 0 0 0 0 0 0 0 0
0 8 10 0 0 0 0 0 0 1 4 5 1 1 12 0 0 0 0 0 0 0 0 0 0 0 0
0 8 11 1 4 6 1 0 13 1 4 5 1 2 12 0 0 0 0 0 0 0 0 0 0 0 0
0 8 12 1 4 6 1 1 13 0 0 0 0 0 0 0 0 0 0 0 0 0 0 0 0 0 0
0 8 13 1 4 6 1 2 13 1 4 7 1 0 13 0 0 0 0 0 0 0 0 0 0 0 0
0 8 14 0 0 0 0 0 0 1 4 7 1 1 13 0 0 0 0 0 0 0 0 0 0 0 0
0 8 15 1 4 8 1 0 14 1 4 7 1 2 13 0 0 0 0 0 0 0 0 0 0 0 0
0 8 16 1 4 8 1 1 14 0 0 0 0 0 0 0 0 0 0 0 0 0 0 0 0 0 0
0 8 17 1 4 8 1 2 14 0 0 0 0 0 0 0 0 0 0 0 0 0 0 0 0 0 0
0 8 18 0 0 0 0 0 0 0 0 0 0 0 0 0 0 0 0 0 0 0 0 0 0 0 0
0 8 19 0 0 0 0 0 0 0 0 0 0 0 0 0 0 0 0 0 0 0 0 0 0 0 0
0 8 20 0 0 0 0 0 0 0 0 0 0 0 0 0 0 0 0 0 0 0 0 0 0 0 0
0 8 21 0 0 0 0 0 0 0 0 0 0 0 0 0 0 0 0 0 0 0 0 0 0 0 0
0 8 22 0 0 0 0 0 0 0 0 0 0 0 0 0 0 0 0 0 0 0 0 0 0 0 0
0 8 23 0 0 0 0 0 0 0 0 0 0 0 0 0 0 0 0 0 0 0 0 0 0 0 0
0 8 24 0 0 0 0 0 0 0 0 0 0 0 0 0 0 0 0 0 0 0 0 0 0 0 0
0 8 25 0 0 0 0 0 0 0 0 0 0 0 0 0 0 0 0 0 0 0 0 0 0 0 0
0 8 26 0 0 0 0 0 0 0 0 0 0 0 0 0 0 0 0 0 0 0 0 0 0 0 0
0 8 27 0 0 0 0 0 0 0 0 0 0 0 0 0 0 0 0 0 0 0 0 0 0 0 0
0 8 28 0 0 0 0 0 0 0 0 0 0 0 0 0 0 0 0 0 0 0 0 0 0 0 0
0 8 29 0 0 0 0 0 0 0 0 0 0 0 0 0 0 0 0 0 0 0 0 0 0 0 0
0 8 30 0 0 0 0 0 0 0 0 0 0 0 0 0 0 0 0 0 0 0 0 0 0 0 0
0 8 31 0 0 0 0 0 0 0 0 0 0 0 0 0 0 0 0 0 0 0 0 0 0 0 0
0 9 0 1 4 0 2 1 10 0 0 0 0 0 0 1 5 0 0 1 10 0 0 0 0 0 0
0 9 1 1 4 0 2 2 10 1 4 1 2 0 10 1 5 0 0 2 10 1 5 1 0 0 10
0 9 2 0 0 0 0 0 0 1 4 1 2 1 10 0 0 0 0 0 0 1 5 1 0 1 10
0 9 3 1 4 2 2 0 11 1 4 1 2 2 10 1 5 2 0 0 11 1 5 1 0 2 10
0 9 4 1 4 2 2 1 11 0 0 0 0 0 0 1 5 2 0 1 11 0 0 0 0 0 0
0 9 5 1 4 2 2 2 11 1 4 3 2 0 11 1 5 2 0 2 11 1 5 3 0 0 11
0 9 6 0 0 0 0 0 0 1 4 3 2 1 11 0 0 0 0 0 0 1 5 3 0 1 11
0 9 7 1 4 4 2 0 12 1 4 3 2 2 11 1 5 4 0 0 12 1 5 3 0 2 11
0 9 8 1 4 4 2 1 12 0 0 0 0 0 0 1 5 4 0 1 12 0 0 0 0 0 0
0 9 9 1 4 4 2 2 12 1 4 5 2 0 12 1 5 4 0 2 12 1 5 5 0 0 12
0 9 10 0 0 0 0 0 0 1 4 5 2 1 12 0 0 0 0 0 0 1 5 5 0 1 12
0 9 11 1 4 6 2 0 13 1 4 5 2 2 12 1 5 6 0 0 13 1 5 5 0 2 12
0 9 12 1 4 6 2 1 13 0 0 0 0 0 0 1 5 6 0 1 13 0 0 0 0 0 0
0 9 13 1 4 6 2 2 13 1 4 7 2 0 13 1 5 6 0 2 13 1 5 7 0 0 13
0 9 14 0 0 0 0 0 0 1 4 7 2 1 13 0 0 0 0 0 0 1 5 7 0 1 13
0 9 15 1 4 8 2 0 14 1 4 7 2 2 13 1 5 8 0 0 14 1 5 7 0 2 13
0 9 16 1 4 8 2 1 14 0 0 0 0 0 0 1 5 8 0 1 14 0 0 0 0 0 0
0 9 17 1 4 8 2 2 14 0 0 0 0 0 0 1 5 8 0 2 14 0 0 0 0 0 0
0 9 18 0 0 0 0 0 0 0 0 0 0 0 0 0 0 0 0 0 0 0 0 0 0 0 0
0 9 19 0 0 0 0 0 0 0 0 0 0 0 0 0 0 0 0 0 0 0 0 0 0 0 0
0 9 20 0 0 0 0 0 0 0 0 0 0 0 0 0 0 0 0 0 0 0 0 0 0 0 0
0 9 21 0 0 0 0 0 0 0 0 0 0 0 0 0 0 0 0 0 0 0 0 0 0 0 0
0 9 22 0 0 0 0 0 0 0 0 0 0 0 0 0 0 0 0 0 0 0 0 0 0 0 0
0 9 23 0 0 0 0 0 0 0 0 0 0 0 0 0 0 0 0 0 0 0 0 0 0 0 0
0 9 24 0 0 0 0 0 0 0 0 0 0 0 0 0 0 0 0 0 0 0 0 0 0 0 0
0 9 25 0 0 0 0 0 0 0 0 0 0 0 0 0 0 0 0 0 0 0 0 0 0 0 0
0 9 26 0 0 0 0 0 0 0 0 0 0 0 0 0 0 0 0 0 0 0 0 0 0 0 0
0 9 27 0 0 0 0 0 0 0 0 0 0 0 0 0 0 0 0 0 0 0 0 0 0 0 0
0 9 28 0 0 0 0 0 0 0 0 0 0 0 0 0 0 0 0 0 0 0 0 0 0 0 0
0 9 29 0 0 0 0 0 0 0 0 0 0 0 0 0 0 0 0 0 0 0 0 0 0 0 0
0 9 30 0 0 0 0 0 0 0 0 0 0 0 0 0 0 0 0 0 0 0 0 0 0 0 0
0 9 31 0 0 0 0 0 0 0 0 0 0 0 0 0 0 0 0 0 0 0 0 0 0 0 0
0 10 0 0 0 0 0 0 0 0 0 0 0 0 0 1 5 0 1 1 10 0 0 0 0 0 0
0 10 1 0 0 0 0 0 0 0 0 0 0 0 0 1 5 0 1 2 10 1 5 1 1 0 10
0 10 2 0 0 0 0 0 0 0 0 0 0 0 0 0 0 0 0 0 0 1 5 1 1 1 10
0 10 3 0 0 0 0 0 0 0 0 0 0 0 0 1 5 2 1 0 11 1 5 1 1 2 10
0 10 4 0 0 0 0 0 0 0 0 0 0 0 0 1 5 2 1 1 11 0 0 0 0 0 0
0 10 5 0 0 0 0 0 0 0 0 0 0 0 0 1 5 2 1 2 11 1 5 3 1 0 11
0 10 6 0 0 0 0 0 0 0 0 0 0 0 0 0 0 0 0 0 0 1 5 3 1 1 11
0 10 7 0 0 0 0 0 0 0 0 0 0 0 0 1 5 4 1 0 12 1 5 3 1 2 11
0 10 8 0 0 0 0 0 0 0 0 0 0 0 0 1 5 4 1 1 12 0 0 0 0 0 0
0 10 9 0 0 0 0 0 0 0 0 0 0 0 0 1 5 4 1 2 12 1 5 5 1 0 12
0 10 10 0 0 0 0 0 0 0 0 0 0 0 0 0 0 0 0 0 0 1 5 5 1 1 12
0 10 11 0 0 0 0 0 0 0 0 0 0 0 0 1 5 6 1 0 13 1 5 5 1 2 12
0 10 12 0 0 0 0 0 0 0 0 0 0 0 0 1 5 6 1 1 13 0 0 0 0 0 0
0 10 13 0 0 0 0 0 0 0 0 0 0 0 0 1 5 6 1 2 13 1 5 7 1 0 13
0 10 14 0 0 0 0 0 0 0 0 0 0 0 0 0 0 0 0 0 0 1 5 7 1 1 13
0 10 15 0 0 0 0 0 0 0 0 0 0 0 0 1 5 8 1 0 14 1 5 7 1 2 13
0 10 16 0 0 0 0 0 0 0 0 0 0 0 0 1 5 8 1 1 14 0 0 0 0 0 0
0 10 17 0 0 0 0 0 0 0 0 0 0 0 0 1 5 8 1 2 14 0 0 0 0 0 0
0 10 18 0 0 0 0 0 0 0 0 0 0 0 0 0 0 0 0 0 0 0 0 0 0 0 0
0 10 19 0 0 0 0 0 0 0 0 0 0 0 0 0 0 0 0 0 0 0 0 0 0 0 0
0 10 20 0 0 0 0 0 0 0 0 0 0 0 0 0 0 0 0 0 0 0 0 0 0 0 0
0 10 21 0 0 0 0 0 0 0 0 0 0 0 0 0 0 0 0 0 0 0 0 0 0 0 0
0 10 22 0 0 0 0 0 0 0 0 0 0 0 0 0 0 0 0 0 0 0 0 0 0 0 0
0 10 23 0 0 0 0 0 0 0 0 0 0 0 0 0 0 0 0 0 0 0 0 0 0 0 0
0 10 24 0 0 0 0 0 0 0 0 0 0 0 0 0 0 0 0 0 0 0 0 0 0 0 0
0 10 25 0 0 0 0 0 0 0 0 0 0 0 0 0 0 0 0 0 0 0 0 0 0 0 0
0 10 26 0 0 0 0 0 0 0 0 0 0 0 0 0 0 0 0 0 0 0 0 0 0 0 0
0 10 27 0 0 0 0 0 0 0 0 0 0 0 0 0 0 0 0 0 0 0 0 0 0 0 0
0 10 28 0 0 0 0 0 0 0 0 0 0 0 0 0 0 0 0 0 0 0 0 0 0 0 0
0 10 29 0 0 0 0 0 0 0 0 0 0 0 0 0 0 0 0 0 0 0 0 0 0 0 0
0 10 30 0 0 0 0 0 0 0 0 0 0 0 0 0 0 0 0 0 0 0 0 0 0 0 0
0 10 31 0 0 0 0 0 0 0 0 0 0 0 0 0 0 0 0 0 0 0 0 0 0 0 0
0 11 0 1 6 0 0 1 15 0 0 0 0 0 0 1 5 0 2 1 10 0 0 0 0 0 0
0 11 1 1 6 0 0 2 15 1 6 1 0 0 15 1 5 0 2 2 10 1 5 1 2 0 10
0 11 2 0 0 0 0 0 0 1 6 1 0 1 15 0 0 0 0 0 0 1 5 1 2 1 10
0 11 3 1 6 2 0 0 16 1 6 1 0 2 15 1 5 2 2 0 11 1 5 1 2 2 10
0 11 4 1 6 2 0 1 16 0 0 0 0 0 0 1 5 2 2 1 11 0 0 0 0 0 0
0 11 5 1 6 2 0 2 16 1 6 3 0 0 16 1 5 2 2 2 11 1 5 3 2 0 11
0 11 6 0 0 0 0 0 0 1 6 3 0 1 16 0 0 0 0 0 0 1 5 3 2 1 11
0 11 7 1 6 4 0 0 17 1 6 3 0 2 16 1 5 4 2 0 12 1 5 3 2 2 11
0 11 8 1 6 4 0 1 17 0 0 0 0 0 0 1 5 4 2 1 12 0 0 0 0 0 0
0 11 9 1 6 4 0 2 17 1 6 5 0 0 17 1 5 4 2 2 12 1 5 5 2 0 12
0 11 10 0 0 0 0 0 0 1 6 5 0 1 17 0 0 0 0 0 0 1 5 5 2 1 12
0 11 11 1 6 6 0 0 18 1 6 5 0 2 17 1 5 6 2 0 13 1 5 5 2 2 12
0 11 12 1 6 6 0 1 18 0 0 0 0 0 0 1 5 6 2 1 13 0 0 0 0 0 0
0 11 13 1 6 6 0 2 18 1 6 7 0 0 18 1 5 6 2 2 13 1 5 7 2 0 13
0 11 14 0 0 0 0 0 0 1 6 7 0 1 18 0 0 0 0 0 0 1 5 7 2 1 13
0 11 15 1 6 8 0 0 19 1 6 7 0 2 18 1 5 8 2 0 14 1 5 7 2 2 13
0 11 16 1 6 8 0 1 19 0 0 0 0 0 0 1 5 8 2 1 14 0 0 0 0 0 0
0 11 17 1 6 8 0 2 19 0 0 0 0 0 0 1 5 8 2 2 14 0 0 0 0 0 0
0 11 18 0 0 0 0 0 0 0 0 0 0 0 0 0 0 0 0 0 0 0 0 0 0 0 0
0 11 19 0 0 0 0 0 0 0 0 0 0 0 0 0 0 0 0 0 0 0 0 0 0 0 0
0 11 20 0 0 0 0 0 0 0 0 0 0 0 0 0 0 0 0 0 0 0 0 0 0 0 0
0 11 21 0 0 0 0 0 0 0 0 0 0 0 0 0 0 0 0 0 0 0 0 0 0 0 0
0 11 22 0 0 0 0 0 0 0 0 0 0 0 0 0 0 0 0 0 0 0 0 0 0 0 0
0 11 23 0 0 0 0 0 0 0 0 0 0 0 0 0 0 0 0 0 0 0 0 0 0 0 0
0 11 24 0 0 0 0 0 0 0 0 0 0 0 0 0 0 0 0 0 0 0 0 0 0 0 0
0 11 25 0 0 0 0 0 0 0 0 0 0 0 0 0 0 0 0 0 0 0 0 0 0 0 0
0 11 26 0 0 0 0 0 0 0 0 0 0 0 0 0 0 0 0 0 0 0 0 0 0 0 0
0 11 27 0 0 0 0 0 0 0 0 0 0 0 0 0 0 0 0 0 0 0 0 0 0 0 0
0 11 28 0 0 0 0 0 0 0 0 0 0 0 0 0 0 0 0 0 0 0 0 0 0 0 0
0 11 29 0 0 0 0 0 0 0 0 0 0 0 0 0 0 0 0 0 0 0 0 0 0 0 0
0 11 30 0 0 0 0 0 0 0 0 0 0 0 0 0 0 0 0 0 0 0 0 0 0 0 0
0 11 31 0 0 0 0 0 0 0 0 0 0 0 0 0 0 0 0 0 0 0 0 0 0 0 0
0 12 0 1 6 0 1 1 15 0 0 0 0 0 0 0 0 0 0 0 0 0 0 0 0 0 0
0 12 1 1 6 0 1 2 15 1 6 1 1 0 15 0 0 0 0 0 0 0 0 0 0 0 0
0 12 2 0 0 0 0 0 0 1 6 1 1 1 15 0 0 0 0 0 0 0 0 0 0 0 0
0 12 3 1 6 2 1 0 16 1 6 1 1 2 15 0 0 0 0 0 0 0 0 0 0 0 0
0 12 4 1 6 2 1 1 16 0 0 0 0 0 0 0 0 0 0 0 0 0 0 0 0 0 0
0 12 5 1 6 2 1 2 16 1 6 3 1 0 16 0 0 0 0 0 0 0 0 0 0 0 0
0 12 6 0 0 0 0 0 0 1 6 3 1 1 16 0 0 0 0 0 0 0 0 0 0 0 0
0 12 7 1 6 4 1 0 17 1 6 3 1 2 16 0 0 0 0 0 0 0 0 0 0 0 0
0 12 8 1 6 4 1 1 17 0 0 0 0 0 0 0 0 0 0 0 0 0 0 0 0 0 0
0 12 9 1 6 4 1 2 17 1 6 5 1 0 17 0 0 0 0 0 0 0 0 0 0 0 0
0 12 10 0 0 0 0 0 0 1 6 5 1 1 17 0 0 0 0 0 0 0 0 0 0 0 0
0 12 11 1 6 6 1 0 18 1 6 5 1 2 17 0 0 0 0 0 0 0 0 0 0 0 0
0 12 12 1 6 6 1 1 18 0 0 0 0 0 0 0 0 0 0 0 0 0 0 0 0 0 0
0 12 13 1 6 6 1 2 18 1 6 7 1 0 18 0 0 0 0 0 0 0 0 0 0 0 0
0 12 14 0 0 0 0 0 0 1 6 7 1 1 18 0 0 0 0 0 0 0 0 0 0 0 0
0 12 15 1 6 8 1 0 19 1 6 7 1 2 18 0 0 0 0 0 0 0 0 0 0 0 0
0 12 16 1 6 8 1 1 19 0 0 0 0 0 0 0 0 0 0 0 0 0 0 0 0 0 0
0 12 17 1 6 8 1 2 19 0 0 0 0 0 0 0 0 0 0 0 0 0 0 0 0 0 0
0 12 18 0 0 0 0 0 0 0 0 0 0 0 0 0 0 0 0 0 0 0 0 0 0 0 0
0 12 19 0 0 0 0 0 0 0 0 0 0 0 0 0 0 0 0 0 0 0 0 0 0 0 0
0 12 20 0 0 0 0 0 0 0 0 0 0 0 0 0 0 0 0 0 0 0 0 0 0 0 0
0 12 21 0 0 0 0 0 0 0 0 0 0 0 0 0 0 0 0 0 0 0 0 0 0 0 0
0 12 22 0 0 0 0 0 0 0 0 0 0 0 0 0 0 0 0 0 0 0 0 0 0 0 0
0 12 23 0 0 0 0 0 0 0 0 0 0 0 0 0 0 0 0 0 0 0 0 0 0 0 0
0 12 24 0 0 0 0 0 0 0 0 0 0 0 0 0 0 0 0 0 0 0 0 0 0 0 0
0 12 25 0 0 0 0 0 0 0 0 0 0 0 0 0 0 0 0 0 0 0 0 0 0 0 0
0 12 26 0 0 0 0 0 0 0 0 0 0 0 0 0 0 0 0 0 0 0 0 0 0 0 0
0 12 27 0 0 0 0 0 0 0 0 0 0 0 0 0 0 0 0 0 0 0 0 0 0 0 0
0 12 28 0 0 0 0 0 0 0 0 0 0 0 0 0 0 0 0 0 0 0 0 0 0 0 0
0 12 29 0 0 0 0 0 0 0 0 0 0 0 0 0 0 0 0 0 0 0 0 0 0 0 0
0 12 30 0 0 0 0 0 0 0 0 0 0 0 0 0 0 0 0 0 0 0 0 0 0 0 0
0 12 31 0 0 0 0 0 0 0 0 0 0 0 0 0 0 0 0 0 0 0 0 0 0 0 0
0 13 0 1 6 0 2 1 15 0 0 0 0 0 0 1 7 0 0 1 15 0 0 0 0 0 0
0 13 1 1 6 0 2 2 15 1 6 1 2 0 15 1 7 0 0 2 15 1 7 1 0 0 15
0 13 2 0 0 0 0 0 0 1 6 1 2 1 15 0 0 0 0 0 0 1 7 1 0 1 15
0 13 3 1 6 2 2 0 16 1 6 1 2 2 15 1 7 2 0 0 16 1 7 1 0 2 15
0 13 4 1 6 2 2 1 16 0 0 0 0 0 0 1 7 2 0 1 16 0 0 0 0 0 0
0 13 5 1 6 2 2 2 16 1 6 3 2 0 16 1 7 2 0 2 16 1 7 3 0 0 16
0 13 6 0 0 0 0 0 0 1 6 3 2 1 16 0 0 0 0 0 0 1 7 3 0 1 16
0 13 7 1 6 4 2 0 17 1 6 3 2 2 16 1 7 4 0 0 17 1 7 3 0 2 16
0 13 8 1 6 4 2 1 17 0 0 0 0 0 0 1 7 4 0 1 17 0 0 0 0 0 0
0 13 9 1 6 4 2 2 17 1 6 5 2 0 17 1 7 4 0 2 17 1 7 5 0 0 17
0 13 10 0 0 0 0 0 0 1 6 5 2 1 17 0 0 0 0 0 0 1 7 5 0 1 17
0 13 11 1 6 6 2 0 18 1 6 5 2 2 17 1 7 6 0 0 18 1 7 5 0 2 17
0 13 12 1 6 6 2 1 18 0 0 0 0 0 0 1 7 6 0 1 18 0 0 0 0 0 0
0 13 13 1 6 6 2 2 18 1 6 7 2 0 18 1 7 6 0 2 18 1 7 7 0 0 18
0 13 14 0 0 0 0 0 0 1 6 7 2 1 18 0 0 0 0 0 0 1 7 7 0 1 18
0 13 15 1 6 8 2 0 19 1 6 7 2 2 18 1 7 8 0 0 19 1 7 7 0 2 18
0 13 16 1 6 8 2 1 19 0 0 0 0 0 0 1 7 8 0 1 19 0 0 0 0 0 0
0 13 17 1 6 8 2 2 19 0 0 0 0 0 0 1 7 8 0 2 19 0 0 0 0 0 0
0 13 18 0 0 0 0 0 0 0 0 0 0 0 0 0 0 0 0 0 0 0 0 0 0 0 0
0 13 19 0 0 0 0 0 0 0 0 0 0 0 0 0 0 0 0 0 0 0 0 0 0 0 0
0 13 20 0 0 0 0 0 0 0 0 0 0 0 0 0 0 0 0 0 0 0 0 0 0 0 0
0 13 21 0 0 0 0 0 0 0 0 0 0 0 0 0 0 0 0 0 0 0 0 0 0 0 0
0 13 22 0 0 0 0 0 0 0 0 0 0 0 0 0 0 0 0 0 0 0 0 0 0 0 0
0 13 23 0 0 0 0 0 0 0 0 0 0 0 0 0 0 0 0 0 0 0 0 0 0 0 0
0 13 24 0 0 0 0 0 0 0 0 0 0 0 0 0 0 0 0 0 0 0 0 0 0 0 0
0 13 25 0 0 0 0 0 0 0 0 0 0 0 0 0 0 0 0 0 0 0 0 0 0 0 0
0 13 26 0 0 0 0 0 0 0 0 0 0 0 0 0 0 0 0 0 0 0 0 0 0 0 0
0 13 27 0 0 0 0 0 0 0 0 0 0 0 0 0 0 0 0 0 0 0 0 0 0 0 0
0 13 28 0 0 0 0 0 0 0 0 0 0 0 0 0 0 0 0 0 0 0 0 0 0 0 0
0 13 29 0 0 0 0 0 0 0 0 0 0 0 0 0 0 0 0 0 0 0 0 0 0 0 0
0 13 30 0 0 0 0 0 0 0 0 0 0 0 0 0 0 0 0 0 0 0 0 0 0 0 0
0 13 31 0 0 0 0 0 0 0 0 0 0 0 0 0 0 0 0 0 0 0 0 0 0 0 0
0 14 0 0 0 0 0 0 0 0 0 0 0 0 0 1 7 0 1 1 15 0 0 0 0 0 0
0 14 1 0 0 0 0 0 0 0 0 0 0 0 0 1 7 0 1 2 15 1 7 1 1 0 15
0 14 2 0 0 0 0 0 0 0 0 0 0 0 0 0 0 0 0 0 0 1 7 1 1 1 15
0 14 3 0 0 0 0 0 0 0 0 0 0 0 0 1 7 2 1 0 16 1 7 1 1 2 15
0 14 4 0 0 0 0 0 0 0 0 0 0 0 0 1 7 2 1 1 16 0 0 0 0 0 0
0 14 5 0 0 0 0 0 0 0 0 0 0 0 0 1 7 2 1 2 16 1 7 3 1 0 16
0 14 6 0 0 0 0 0 0 0 0 0 0 0 0 0 0 0 0 0 0 1 7 3 1 1 16
0 14 7 0 0 0 0 0 0 0 0 0 0 0 0 1 7 4 1 0 17 1 7 3 1 2 16
0 14 8 0 0 0 0 0 0 0 0 0 0 0 0 1 7 4 1 1 17 0 0 0 0 0 0
0 14 9 0 0 0 0 0 0 0 0 0 0 0 0 1 7 4 1 2 17 1 7 5 1 0 17
0 14 10 0 0 0 0 0 0 0 0 0 0 0 0 0 0 0 0 0 0 1 7 5 1 1 17
0 14 11 0 0 0 0 0 0 0 0 0 0 0 0 1 7 6 1 0 18 1 7 5 1 2 17
0 14 12 0 0 0 0 0 0 0 0 0 0 0 0 1 7 6 1 1 18 0 0 0 0 0 0
0 14 13 0 0 0 0 0 0 0 0 0 0 0 0 1 7 6 1 2 18 1 7 7 1 0 18
0 14 14 0 0 0 0 0 0 0 0 0 0 0 0 0 0 0 0 0 0 1 7 7 1 1 18
0 14 15 0 0 0 0 0 0 0 0 0 0 0 0 1 7 8 1 0 19 1 7 7 1 2 18
0 14 16 0 0 0 0 0 0 0 0 0 0 0 0 1 7 8 1 1 19 0 0 0 0 0 0
0 14 17 0 0 0 0 0 0 0 0 0 0 0 0 1 7 8 1 2 19 0 0 0 0 0 0
0 14 18 0 0 0 0 0 0 0 0 0 0 0 0 0 0 0 0 0 0 0 0 0 0 0 0
0 14 19 0 0 0 0 0 0 0 0 0 0 0 0 0 0 0 0 0 0 0 0 0 0 0 0
0 14 20 0 0 0 0 0 0 0 0 0 0 0 0 0 0 0 0 0 0 0 0 0 0 0 0
0 14 21 0 0 0 0 0 0 0 0 0 0 0 0 0 0 0 0 0 0 0 0 0 0 0 0
0 14 22 0 0 0 0 0 0 0 0 0 0 0 0 0 0 0 0 0 0 0 0 0 0 0 0
0 14 23 0 0 0 0 0 0 0 0 0 0 0 0 0 0 0 0 0 0 0 0 0 0 0 0
0 14 24 0 0 0 0 0 0 0 0 0 0 0 0 0 0 0 0 0 0 0 0 0 0 0 0
0 14 25 0 0 0 0 0 0 0 0 0 0 0 0 0 0 0 0 0 0 0 0 0 0 0 0
0 14 26 0 0 0 0 0 0 0 0 0 0 0 0 0 0 0 0 0 0 0 0 0 0 0 0
0 14 27 0 0 0 0 0 0 0 0 0 0 0 0 0 0 0 0 0 0 0 0 0 0 0 0
0 14 28 0 0 0 0 0 0 0 0 0 0 0 0 0 0 0 0 0 0 0 0 0 0 0 0
0 14 29 0 0 0 0 0 0 0 0 0 0 0 0 0 0 0 0 0 0 0 0 0 0 0 0
0 14 30 0 0 0 0 0 0 0 0 0 0 0 0 0 0 0 0 0 0 0 0 0 0 0 0
0 14 31 0 0 0 0 0 0 0 0 0 0 0 0 0 0 0 0 0 0 0 0 0 0 0 0
0 15 0 1 8 0 0 1 20 0 0 0 0 0 0 1 7 0 2 1 15 0 0 0 0 0 0
0 15 1 1 8 0 0 2 20 1 8 1 0 0 20 1 7 0 2 2 15 1 7 1 2 0 15
0 15 2 0 0 0 0 0 0 1 8 1 0 1 20 0 0 0 0 0 0 1 7 1 2 1 15
0 15 3 1 8 2 0 0 21 1 8 1 0 2 20 1 7 2 2 0 16 1 7 1 2 2 15
0 15 4 1 8 2 0 1 21 0 0 0 0 0 0 1 7 2 2 1 16 0 0 0 0 0 0
0 15 5 1 8 2 0 2 21 1 8 3 0 0 21 1 7 2 2 2 16 1 7 3 2 0 16
0 15 6 0 0 0 0 0 0 1 8 3 0 1 21 0 0 0 0 0 0 1 7 3 2 1 16
0 15 7 1 8 4 0 0 22 1 8 3 0 2 21 1 7 4 2 0 17 1 7 3 2 2 16
0 15 8 1 8 4 0 1 22 0 0 0 0 0 0 1 7 4 2 1 17 0 0 0 0 0 0
0 15 9 1 8 4 0 2 22 1 8 5 0 0 22 1 7 4 2 2 17 1 7 5 2 0 17
0 15 10 0 0 0 0 0 0 1 8 5 0 1 22 0 0 0 0 0 0 1 7 5 2 1 17
0 15 11 1 8 6 0 0 23 1 8 5 0 2 22 1 7 6 2 0 18 1 7 5 2 2 17
0 15 12 1 8 6 0 1 23 0 0 0 0 0 0 1 7 6 2 1 18 0 0 0 0 0 0
0 15 13 1 8 6 0 2 23 1 8 7 0 0 23 1 7 6 2 2 18 1 7 7 2 0 18
0 15 14 0 0 0 0 0 0 1 8 7 0 1 23 0 0 0 0 0 0 1 7 7 2 1 18
0 15 15 1 8 8 0 0 24 1 8 7 0 2 23 1 7 8 2 0 19 1 7 7 2 2 18
0 15 16 1 8 8 0 1 24 0 0 0 0 0 0 1 7 8 2 1 19 0 0 0 0 0 0
0 15 17 1 8 8 0 2 24 0 0 0 0 0 0 1 7 8 2 2 19 0 0 0 0 0 0
0 15 18 0 0 0 0 0 0 0 0 0 0 0 0 0 0 0 0 0 0 0 0 0 0 0 0
0 15 19 0 0 0 0 0 0 0 0 0 0 0 0 0 0 0 0 0 0 0 0 0 0 0 0
0 15 20 0 0 0 0 0 0 0 0 0 0 0 0 0 0 0 0 0 0 0 0 0 0 0 0
0 15 21 0 0 0 0 0 0 0 0 0 0 0 0 0 0 0 0 0 0 0 0 0 0 0 0
0 15 22 0 0 0 0 0 0 0 0 0 0 0 0 0 0 0 0 0 0 0 0 0 0 0 0
0 15 23 0 0 0 0 0 0 0 0 0 0 0 0 0 0 0 0 0 0 0 0 0 0 0 0
0 15 24 0 0 0 0 0 0 0 0 0 0 0 0 0 0 0 0 0 0 0 0 0 0 0 0
0 15 25 0 0 0 0 0 0 0 0 0 0 0 0 0 0 0 0 0 0 0 0 0 0 0 0
0 15 26 0 0 0 0 0 0 0 0 0 0 0 0 0 0 0 0 0 0 0 0 0 0 0 0
0 15 27 0 0 0 0 0 0 0 0 0 0 0 0 0 0 0 0 0 0 0 0 0 0 0 0
0 15 28 0 0 0 0 0 0 0 0 0 0 0 0 0 0 0 0 0 0 0 0 0 0 0 0
0 15 29 0 0 0 0 0 0 0 0 0 0 0 0 0 0 0 0 0 0 0 0 0 0 0 0
0 15 30 0 0 0 0 0 0 0 0 0 0 0 0 0 0 0 0 0 0 0 0 0 0 0 0
0 15 31 0 0 0 0 0 0 0 0 0 0 0 0 0 0 0 0 0 0 0 0 0 0 0 0
0 16 0 1 8 0 1 1 20 0 0 0 0 0 0 0 0 0 0 0 0 0 0 0 0 0 0
0 16 1 1 8 0 1 2 20 1 8 1 1 0 20 0 0 0 0 0 0 0 0 0 0 0 0
0 16 2 0 0 0 0 0 0 1 8 1 1 1 20 0 0 0 0 0 0 0 0 0 0 0 0
0 16 3 1 8 2 1 0 21 1 8 1 1 2 20 0 0 0 0 0 0 0 0 0 0 0 0
0 16 4 1 8 2 1 1 21 0 0 0 0 0 0 0 0 0 0 0 0 0 0 0 0 0 0
0 16 5 1 8 2 1 2 21 1 8 3 1 0 21 0 0 0 0 0 0 0 0 0 0 0 0
0 16 6 0 0 0 0 0 0 1 8 3 1 1 21 0 0 0 0 0 0 0 0 0 0 0 0
0 16 7 1 8 4 1 0 22 1 8 3 1 2 21 0 0 0 0 0 0 0 0 0 0 0 0
0 16 8 1 8 4 1 1 22 0 0 0 0 0 0 0 0 0 0 0 0 0 0 0 0 0 0
0 16 9 1 8 4 1 2 22 1 8 5 1 0 22 0 0 0 0 0 0 0 0 0 0 0 0
0 16 10 0 0 0 0 0 0 1 8 5 1 1 22 0 0 0 0 0 0 0 0 0 0 0 0
0 16 11 1 8 6 1 0 23 1 8 5 1 2 22 0 0 0 0 0 0 0 0 0 0 0 0
0 16 12 1 8 6 1 1 23 0 0 0 0 0 0 0 0 0 0 0 0 0 0 0 0 0 0
0 16 13 1 8 6 1 2 23 1 8 7 1 0 23 0 0 0 0 0 0 0 0 0 0 0 0
0 16 14 0 0 0 0 0 0 1 8 7 1 1 23 0 0 0 0 0 0 0 0 0 0 0 0
0 16 15 1 8 8 1 0 24 1 8 7 1 2 23 0 0 0 0 0 0 0 0 0 0 0 0
0 16 16 1 8 8 1 1 24 0 0 0 0 0 0 0 0 0 0 0 0 0 0 0 0 0 0
0 16 17 1 8 8 1 2 24 0 0 0 0 0 0 0 0 0 0 0 0 0 0 0 0 0 0
0 16 18 0 0 0 0 0 0 0 0 0 0 0 0 0 0 0 0 0 0 0 0 0 0 0 0
0 16 19 0 0 0 0 0 0 0 0 0 0 0 0 0 0 0 0 0 0 0 0 0 0 0 0
0 16 20 0 0 0 0 0 0 0 0 0 0 0 0 0 0 0 0 0 0 0 0 0 0 0 0
0 16 21 0 0 0 0 0 0 0 0 0 0 0 0 0 0 0 0 0 0 0 0 0 0 0 0
0 16 22 0 0 0 0 0 0 0 0 0 0 0 0 0 0 0 0 0 0 0 0 0 0 0 0
0 16 23 0 0 0 0 0 0 0 0 0 0 0 0 0 0 0 0 0 0 0 0 0 0 0 0
0 16 24 0 0 0 0 0 0 0 0 0 0 0 0 0 0 0 0 0 0 0 0 0 0 0 0
0 16 25 0 0 0 0 0 0 0 0 0 0 0 0 0 0 0 0 0 0 0 0 0 0 0 0
0 16 26 0 0 0 0 0 0 0 0 0 0 0 0 0 0 0 0 0 0 0 0 0 0 0 0
0 16 27 0 0 0 0 0 0 0 0 0 0 0 0 0 0 0 0 0 0 0 0 0 0 0 0
0 16 28 0 0 0 0 0 0 0 0 0 0 0 0 0 0 0 0 0 0 0 0 0 0 0 0
0 16 29 0 0 0 0 0 0 0 0 0 0 0 0 0 0 0 0 0 0 0 0 0 0 0 0
0 16 30 0 0 0 0 0 0 0 0 0 0 0 0 0 0 0 0 0 0 0 0 0 0 0 0
0 16 31 0 0 0 0 0 0 0 0 0 0 0 0 0 0 0 0 0 0 0 0 0 0 0 0
0 17 0 1 8 0 2 1 20 0 0 0 0 0 0 0 0 0 0 0 0 0 0 0 0 0 0
0 17 1 1 8 0 2 2 20 1 8 1 2 0 20 0 0 0 0 0 0 0 0 0 0 0 0
0 17 2 0 0 0 0 0 0 1 8 1 2 1 20 0 0 0 0 0 0 0 0 0 0 0 0
0 17 3 1 8 2 2 0 21 1 8 1 2 2 20 0 0 0 0 0 0 0 0 0 0 0 0
0 17 4 1 8 2 2 1 21 0 0 0 0 0 0 0 0 0 0 0 0 0 0 0 0 0 0
0 17 5 1 8 2 2 2 21 1 8 3 2 0 21 0 0 0 0 0 0 0 0 0 0 0 0
0 17 6 0 0 0 0 0 0 1 8 3 2 1 21 0 0 0 0 0 0 0 0 0 0 0 0
0 17 7 1 8 4 2 0 22 1 8 3 2 2 21 0 0 0 0 0 0 0 0 0 0 0 0
0 17 8 1 8 4 2 1 22 0 0 0 0 0 0 0 0 0 0 0 0 0 0 0 0 0 0
0 17 9 1 8 4 2 2 22 1 8 5 2 0 22 0 0 0 0 0 0 0 0 0 0 0 0
0 17 10 0 0 0 0 0 0 1 8 5 2 1 22 0 0 0 0 0 0 0 0 0 0 0 0
0 17 11 1 8 6 2 0 23 1 8 5 2 2 22 0 0 0 0 0 0 0 0 0 0 0 0
0 17 12 1 8 6 2 1 23 0 0 0 0 0 0 0 0 0 0 0 0 0 0 0 0 0 0
0 17 13 1 8 6 2 2 23 1 8 7 2 0 23 0 0 0 0 0 0 0 0 0 0 0 0
0 17 14 0 0 0 0 0 0 1 8 7 2 1 23 0 0 0 0 0 0 0 0 0 0 0 0
0 17 15 1 8 8 2 0 24 1 8 7 2 2 23 0 0 0 0 0 0 0 0 0 0 0 0
0 17 16 1 8 8 2 1 24 0 0 0 0 0 0 0 0 0 0 0 0 0 0 0 0 0 0
0 17 17 1 8 8 2 2 24 0 0 0 0 0 0 0 0 0 0 0 0 0 0 0 0 0 0
0 17 18 0 0 0 0 0 0 0 0 0 0 0 0 0 0 0 0 0 0 0 0 0 0 0 0
0 17 19 0 0 0 0 0 0 0 0 0 0 0 0 0 0 0 0 0 0 0 0 0 0 0 0
0 17 20 0 0 0 0 0 0 0 0 0 0 0 0 0 0 0 0 0 0 0 0 0 0 0 0
0 17 21 0 0 0 0 0 0 0 0 0 0 0 0 0 0 0 0 0 0 0 0 0 0 0 0
0 17 22 0 0 0 0 0 0 0 0 0 0 0 0 0 0 0 0 0 0 0 0 0 0 0 0
0 17 23 0 0 0 0 0 0 0 0 0 0 0 0 0 0 0 0 0 0 0 0 0 0 0 0
0 17 24 0 0 0 0 0 0 0 0 0 0 0 0 0 0 0 0 0 0 0 0 0 0 0 0
0 17 25 0 0 0 0 0 0 0 0 0 0 0 0 0 0 0 0 0 0 0 0 0 0 0 0
0 17 26 0 0 0 0 0 0 0 0 0 0 0 0 0 0 0 0 0 0 0 0 0 0 0 0
0 17 27 0 0 0 0 0 0 0 0 0 0 0 0 0 0 0 0 0 0 0 0 0 0 0 0
0 17 28 0 0 0 0 0 0 0 0 0 0 0 0 0 0 0 0 0 0 0 0 0 0 0 0
0 17 29 0 0 0 0 0 0 0 0 0 0 0 0 0 0 0 0 0 0 0 0 0 0 0 0
0 17 30 0 0 0 0 0 0 0 0 0 0 0 0 0 0 0 0 0 0 0 0 0 0 0 0
0 17 31 0 0 0 0 0 0 0 0 0 0 0 0 0 0 0 0 0 0 0 0 0 0 0 0
0 18 0 0 0 0 0 0 0 0 0 0 0 0 0 0 0 0 0 0 0 0 0 0 0 0 0
0 18 1 0 0 0 0 0 0 0 0 0 0 0 0 0 0 0 0 0 0 0 0 0 0 0 0
0 18 2 0 0 0 0 0 0 0 0 0 0 0 0 0 0 0 0 0 0 0 0 0 0 0 0
0 18 3 0 0 0 0 0 0 0 0 0 0 0 0 0 0 0 0 0 0 0 0 0 0 0 0
0 18 4 0 0 0 0 0 0 0 0 0 0 0 0 0 0 0 0 0 0 0 0 0 0 0 0
0 18 5 0 0 0 0 0 0 0 0 0 0 0 0 0 0 0 0 0 0 0 0 0 0 0 0
0 18 6 0 0 0 0 0 0 0 0 0 0 0 0 0 0 0 0 0 0 0 0 0 0 0 0
0 18 7 0 0 0 0 0 0 0 0 0 0 0 0 0 0 0 0 0 0 0 0 0 0 0 0
0 18 8 0 0 0 0 0 0 0 0 0 0 0 0 0 0 0 0 0 0 0 0 0 0 0 0
0 18 9 0 0 0 0 0 0 0 0 0 0 0 0 0 0 0 0 0 0 0 0 0 0 0 0
0 18 10 0 0 0 0 0 0 0 0 0 0 0 0 0 0 0 0 0 0 0 0 0 0 0 0
0 18 11 0 0 0 0 0 0 0 0 0 0 0 0 0 0 0 0 0 0 0 0 0 0 0 0
0 18 12 0 0 0 0 0 0 0 0 0 0 0 0 0 0 0 0 0 0 0 0 0 0 0 0
0 18 13 0 0 0 0 0 0 0 0 0 0 0 0 0 0 0 0 0 0 0 0 0 0 0 0
0 18 14 0 0 0 0 0 0 0 0 0 0 0 0 0 0 0 0 0 0 0 0 0 0 0 0
0 18 15 0 0 0 0 0 0 0 0 0 0 0 0 0 0 0 0 0 0 0 0 0 0 0 0
0 18 16 0 0 0 0 0 0 0 0 0 0 0 0 0 0 0 0 0 0 0 0 0 0 0 0
0 18 17 0 0 0 0 0 0 0 0 0 0 0 0 0 0 0 0 0 0 0 0 0 0 0 0
0 18 18 0 0 0 0 0 0 0 0 0 0 0 0 0 0 0 0 0 0 0 0 0 0 0 0
0 18 19 0 0 0 0 0 0 0 0 0 0 0 0 0 0 0 0 0 0 0 0 0 0 0 0
0 18 20 0 0 0 0 0 0 0 0 0 0 0 0 0 0 0 0 0 0 0 0 0 0 0 0
0 18 21 0 0 0 0 0 0 0 0 0 0 0 0 0 0 0 0 0 0 0 0 0 0 0 0
0 18 22 0 0 0 0 0 0 0 0 0 0 0 0 0 0 0 0 0 0 0 0 0 0 0 0
0 18 23 0 0 0 0 0 0 0 0 0 0 0 0 0 0 0 0 0 0 0 0 0 0 0 0
0 18 24 0 0 0 0 0 0 0 0 0 0 0 0 0 0 0 0 0 0 0 0 0 0 0 0
0 18 25 0 0 0 0 0 0 0 0 0 0 0 0 0 0 0 0 0 0 0 0 0 0 0 0
0 18 26 0 0 0 0 0 0 0 0 0 0 0 0 0 0 0 0 0 0 0 0 0 0 0 0
0 18 27 0 0 0 0 0 0 0 0 0 0 0 0 0 0 0 0 0 0 0 0 0 0 0 0
0 18 28 0 0 0 0 0 0 0 0 0 0 0 0 0 0 0 0 0 0 0 0 0 0 0 0
0 18 29 0 0 0 0 0 0 0 0 0 0 0 0 0 0 0 0 0 0 0 0 0 0 0 0
0 18 30 0 0 0 0 0 0 0 0 0 0 0 0 0 0 0 0 0 0 0 0 0 0 0 0
0 18 31 0 0 0 0 0 0 0 0 0 0 0 0 0 0 0 0 0 0 0 0 0 0 0 0
0 19 0 0 0 0 0 0 0 0 0 0 0 0 0 0 0 0 0 0 0 0 0 0 0 0 0
0 19 1 0 0 0 0 0 0 0 0 0 0 0 0 0 0 0 0 0 0 0 0 0 0 0 0
0 19 2 0 0 0 0 0 0 0 0 0 0 0 0 0 0 0 0 0 0 0 0 0 0 0 0
0 19 3 0 0 0 0 0 0 0 0 0 0 0 0 0 0 0 0 0 0 0 0 0 0 0 0
0 19 4 0 0 0 0 0 0 0 0 0 0 0 0 0 0 0 0 0 0 0 0 0 0 0 0
0 19 5 0 0 0 0 0 0 0 0 0 0 0 0 0 0 0 0 0 0 0 0 0 0 0 0
0 19 6 0 0 0 0 0 0 0 0 0 0 0 0 0 0 0 0 0 0 0 0 0 0 0 0
0 19 7 0 0 0 0 0 0 0 0 0 0 0 0 0 0 0 0 0 0 0 0 0 0 0 0
0 19 8 0 0 0 0 0 0 0 0 0 0 0 0 0 0 0 0 0 0 0 0 0 0 0 0
0 19 9 0 0 0 0 0 0 0 0 0 0 0 0 0 0 0 0 0 0 0 0 0 0 0 0
0 19 10 0 0 0 0 0 0 0 0 0 0 0 0 0 0 0 0 0 0 0 0 0 0 0 0
0 19 11 0 0 0 0 0 0 0 0 0 0 0 0 0 0 0 0 0 0 0 0 0 0 0 0
0 19 12 0 0 0 0 0 0 0 0 0 0 0 0 0 0 0 0 0 0 0 0 0 0 0 0
0 19 13 0 0 0 0 0 0 0 0 0 0 0 0 0 0 0 0 0 0 0 0 0 0 0 0
0 19 14 0 0 0 0 0 0 0 0 0 0 0 0 0 0 0 0 0 0 0 0 0 0 0 0
0 19 15 0 0 0 0 0 0 0 0 0 0 0 0 0 0 0 0 0 0 0 0 0 0 0 0
0 19 16 0 0 0 0 0 0 0 0 0 0 0 0 0 0 0 0 0 0 0 0 0 0 0 0
0 19 17 0 0 0 0 0 0 0 0 0 0 0 0 0 0 0 0 0 0 0 0 0 0 0 0
0 19 18 0 0 0 0 0 0 0 0 0 0 0 0 0 0 0 0 0 0 0 0 0 0 0 0
0 19 19 0 0 0 0 0 0 0 0 0 0 0 0 0 0 0 0 0 0 0 0 0 0 0 0
0 19 20 0 0 0 0 0 0 0 0 0 0 0 0 0 0 0 0 0 0 0 0 0 0 0 0
0 19 21 0 0 0 0 0 0 0 0 0 0 0 0 0 0 0 0 0 0 0 0 0 0 0 0
0 19 22 0 0 0 0 0 0 0 0 0 0 0 0 0 0 0 0 0 0 0 0 0 0 0 0
0 19 23 0 0 0 0 0 0 0 0 0 0 0 0 0 0 0 0 0 0 0 0 0 0 0 0
0 19 24 0 0 0 0 0 0 0 0 0 0 0 0 0 0 0 0 0 0 0 0 0 0 0 0
0 19 25 0 0 0 0 0 0 0 0 0 0 0 0 0 0 0 0 0 0 0 0 0 0 0 0
0 19 26 0 0 0 0 0 0 0 0 0 0 0 0 0 0 0 0 0 0 0 0 0 0 0 0
0 19 27 0 0 0 0 0 0 0 0 0 0 0 0 0 0 0 0 0 0 0 0 0 0 0 0
0 19 28 0 0 0 0 0 0 0 0 0 0 0 0 0 0 0 0 0 0 0 0 0 0 0 0
0 19 29 0 0 0 0 0 0 0 0 0 0 0 0 0 0 0 0 0 0 0 0 0 0 0 0
0 19 30 0 0 0 0 0 0 0 0 0 0 0 0 0 0 0 0 0 0 0 0 0 0 0 0
0 19 31 0 0 0 0 0 0 0 0 0 0 0 0 0 0 0 0 0 0 0 0 0 0 0 0
0 20 0 0 0 0 0 0 0 0 0 0 0 0 0 0 0 0 0 0 0 0 0 0 0 0 0
0 20 1 0 0 0 0 0 0 0 0 0 0 0 0 0 0 0 0 0 0 0 0 0 0 0 0
0 20 2 0 0 0 0 0 0 0 0 0 0 0 0 0 0 0 0 0 0 0 0 0 0 0 0
0 20 3 0 0 0 0 0 0 0 0 0 0 0 0 0 0 0 0 0 0 0 0 0 0 0 0
0 20 4 0 0 0 0 0 0 0 0 0 0 0 0 0 0 0 0 0 0 0 0 0 0 0 0
0 20 5 0 0 0 0 0 0 0 0 0 0 0 0 0 0 0 0 0 0 0 0 0 0 0 0
0 20 6 0 0 0 0 0 0 0 0 0 0 0 0 0 0 0 0 0 0 0 0 0 0 0 0
0 20 7 0 0 0 0 0 0 0 0 0 0 0 0 0 0 0 0 0 0 0 0 0 0 0 0
0 20 8 0 0 0 0 0 0 0 0 0 0 0 0 0 0 0 0 0 0 0 0 0 0 0 0
0 20 9 0 0 0 0 0 0 0 0 0 0 0 0 0 0 0 0 0 0 0 0 0 0 0 0
0 20 10 0 0 0 0 0 0 0 0 0 0 0 0 0 0 0 0 0 0 0 0 0 0 0 0
0 20 11 0 0 0 0 0 0 0 0 0 0 0 0 0 0 0 0 0 0 0 0 0 0 0 0
0 20 12 0 0 0 0 0 0 0 0 0 0 0 0 0 0 0 0 0 0 0 0 0 0 0 0
0 20 13 0 0 0 0 0 0 0 0 0 0 0 0 0 0 0 0 0 0 0 0 0 0 0 0
0 20 14 0 0 0 0 0 0 0 0 0 0 0 0 0 0 0 0 0 0 0 0 0 0 0 0
0 20 15 0 0 0 0 0 0 0 0 0 0 0 0 0 0 0 0 0 0 0 0 0 0 0 0
0 20 16 0 0 0 0 0 0 0 0 0 0 0 0 0 0 0 0 0 0 0 0 0 0 0 0
0 20 17 0 0 0 0 0 0 0 0 0 0 0 0 0 0 0 0 0 0 0 0 0 0 0 0
0 20 18 0 0 0 0 0 0 0 0 0 0 0 0 0 0 0 0 0 0 0 0 0 0 0 0
0 20 19 0 0 0 0 0 0 0 0 0 0 0 0 0 0 0 0 0 0 0 0 0 0 0 0
0 20 20 0 0 0 0 0 0 0 0 0 0 0 0 0 0 0 0 0 0 0 0 0 0 0 0
0 20 21 0 0 0 0 0 0 0 0 0 0 0 0 0 0 0 0 0 0 0 0 0 0 0 0
0 20 22 0 0 0 0 0 0 0 0 0 0 0 0 0 0 0 0 0 0 0 0 0 0 0 0
0 20 23 0 0 0 0 0 0 0 0 0 0 0 0 0 0 0 0 0 0 0 0 0 0 0 0
0 20 24 0 0 0 0 0 0 0 0 0 0 0 0 0 0 0 0 0 0 0 0 0 0 0 0
0 20 25 0 0 0 0 0 0 0 0 0 0 0 0 0 0 0 0 0 0 0 0 0 0 0 0
0 20 26 0 0 0 0 0 0 0 0 0 0 0 0 0 0 0 0 0 0 0 0 0 0 0 0
0 20 27 0 0 0 0 0 0 0 0 0 0 0 0 0 0 0 0 0 0 0 0 0 0 0 0
0 20 28 0 0 0 0 0 0 0 0 0 0 0 0 0 0 0 0 0 0 0 0 0 0 0 0
0 20 29 0 0 0 0 0 0 0 0 0 0 0 0 0 0 0 0 0 0 0 0 0 0 0 0
0 20 30 0 0 0 0 0 0 0 0 0 0 0 0 0 0 0 0 0 0 0 0 0 0 0 0
0 20 31 0 0 0 0 0 0 0 0 0 0 0 0 0 0 0 0 0 0 0 0 0 0 0 0
0 21 0 0 0 0 0 0 0 0 0 0 0 0 0 0 0 0 0 0 0 0 0 0 0 0 0
0 21 1 0 0 0 0 0 0 0 0 0 0 0 0 0 0 0 0 0 0 0 0 0 0 0 0
0 21 2 0 0 0 0 0 0 0 0 0 0 0 0 0 0 0 0 0 0 0 0 0 0 0 0
0 21 3 0 0 0 0 0 0 0 0 0 0 0 0 0 0 0 0 0 0 0 0 0 0 0 0
0 21 4 0 0 0 0 0 0 0 0 0 0 0 0 0 0 0 0 0 0 0 0 0 0 0 0
0 21 5 0 0 0 0 0 0 0 0 0 0 0 0 0 0 0 0 0 0 0 0 0 0 0 0
0 21 6 0 0 0 0 0 0 0 0 0 0 0 0 0 0 0 0 0 0 0 0 0 0 0 0
0 21 7 0 0 0 0 0 0 0 0 0 0 0 0 0 0 0 0 0 0 0 0 0 0 0 0
0 21 8 0 0 0 0 0 0 0 0 0 0 0 0 0 0 0 0 0 0 0 0 0 0 0 0
0 21 9 0 0 0 0 0 0 0 0 0 0 0 0 0 0 0 0 0 0 0 0 0 0 0 0
0 21 10 0 0 0 0 0 0 0 0 0 0 0 0 0 0 0 0 0 0 0 0 0 0 0 0
0 21 11 0 0 0 0 0 0 0 0 0 0 0 0 0 0 0 0 0 0 0 0 0 0 0 0
0 21 12 0 0 0 0 0 0 0 0 0 0 0 0 0 0 0 0 0 0 0 0 0 0 0 0
0 21 13 0 0 0 0 0 0 0 0 0 0 0 0 0 0 0 0 0 0 0 0 0 0 0 0
0 21 14 0 0 0 0 0 0 0 0 0 0 0 0 0 0 0 0 0 0 0 0 0 0 0 0
0 21 15 0 0 0 0 0 0 0 0 0 0 0 0 0 0 0 0 0 0 0 0 0 0 0 0
0 21 16 0 0 0 0 0 0 0 0 0 0 0 0 0 0 0 0 0 0 0 0 0 0 0 0
0 21 17 0 0 0 0 0 0 0 0 0 0 0 0 0 0 0 0 0 0 0 0 0 0 0 0
0 21 18 0 0 0 0 0 0 0 0 0 0 0 0 0 0 0 0 0 0 0 0 0 0 0 0
0 21 19 0 0 0 0 0 0 0 0 0 0 0 0 0 0 0 0 0 0 0 0 0 0 0 0
0 21 20 0 0 0 0 0 0 0 0 0 0 0 0 0 0 0 0 0 0 0 0 0 0 0 0
0 21 21 0 0 0 0 0 0 0 0 0 0 0 0 0 0 0 0 0 0 0 0 0 0 0 0
0 21 22 0 0 0 0 0 0 0 0 0 0 0 0 0 0 0 0 0 0 0 0 0 0 0 0
0 21 23 0 0 0 0 0 0 0 0 0 0 0 0 0 0 0 0 0 0 0 0 0 0 0 0
0 21 24 0 0 0 0 0 0 0 0 0 0 0 0 0 0 0 0 0 0 0 0 0 0 0 0
0 21 25 0 0 0 0 0 0 0 0 0 0 0 0 0 0 0 0 0 0 0 0 0 0 0 0
0 21 26 0 0 0 0 0 0 0 0 0 0 0 0 0 0 0 0 0 0 0 0 0 0 0 0
0 21 27 0 0 0 0 0 0 0 0 0 0 0 0 0 0 0 0 0 0 0 0 0 0 0 0
0 21 28 0 0 0 0 0 0 0 0 0 0 0 0 0 0 0 0 0 0 0 0 0 0 0 0
0 21 29 0 0 0 0 0 0 0 0 0 0 0 0 0 0 0 0 0 0 0 0 0 0 0 0
0 21 30 0 0 0 0 0 0 0 0 0 0 0 0 0 0 0 0 0 0 0 0 0 0 0 0
0 21 31 0 0 0 0 0 0 0 0 0 0 0 0 0 0 0 0 0 0 0 0 0 0 0 0
0 22 0 0 0 0 0 0 0 0 0 0 0 0 0 0 0 0 0 0 0 0 0 0 0 0 0
0 22 1 0 0 0 0 0 0 0 0 0 0 0 0 0 0 0 0 0 0 0 0 0 0 0 0
0 22 2 0 0 0 0 0 0 0 0 0 0 0 0 0 0 0 0 0 0 0 0 0 0 0 0
0 22 3 0 0 0 0 0 0 0 0 0 0 0 0 0 0 0 0 0 0 0 0 0 0 0 0
0 22 4 0 0 0 0 0 0 0 0 0 0 0 0 0 0 0 0 0 0 0 0 0 0 0 0
0 22 5 0 0 0 0 0 0 0 0 0 0 0 0 0 0 0 0 0 0 0 0 0 0 0 0
0 22 6 0 0 0 0 0 0 0 0 0 0 0 0 0 0 0 0 0 0 0 0 0 0 0 0
0 22 7 0 0 0 0 0 0 0 0 0 0 0 0 0 0 0 0 0 0 0 0 0 0 0 0
0 22 8 0 0 0 0 0 0 0 0 0 0 0 0 0 0 0 0 0 0 0 0 0 0 0 0
0 22 9 0 0 0 0 0 0 0 0 0 0 0 0 0 0 0 0 0 0 0 0 0 0 0 0
0 22 10 0 0 0 0 0 0 0 0 0 0 0 0 0 0 0 0 0 0 0 0 0 0 0 0
0 22 11 0 0 0 0 0 0 0 0 0 0 0 0 0 0 0 0 0 0 0 0 0 0 0 0
0 22 12 0 0 0 0 0 0 0 0 0 0 0 0 0 0 0 0 0 0 0 0 0 0 0 0
0 22 13 0 0 0 0 0 0 0 0 0 0 0 0 0 0 0 0 0 0 0 0 0 0 0 0
0 22 14 0 0 0 0 0 0 0 0 0 0 0 0 0 0 0 0 0 0 0 0 0 0 0 0
0 22 15 0 0 0 0 0 0 0 0 0 0 0 0 0 0 0 0 0 0 0 0 0 0 0 0
0 22 16 0 0 0 0 0 0 0 0 0 0 0 0 0 0 0 0 0 0 0 0 0 0 0 0
0 22 17 0 0 0 0 0 0 0 0 0 0 0 0 0 0 0 0 0 0 0 0 0 0 0 0
0 22 18 0 0 0 0 0 0 0 0 0 0 0 0 0 0 0 0 0 0 0 0 0 0 0 0
0 22 19 0 0 0 0 0 0 0 0 0 0 0 0 0 0 0 0 0 0 0 0 0 0 0 0
0 22 20 0 0 0 0 0 0 0 0 0 0 0 0 0 0 0 0 0 0 0 0 0 0 0 0
0 22 21 0 0 0 0 0 0 0 0 0 0 0 0 0 0 0 0 0 0 0 0 0 0 0 0
0 22 22 0 0 0 0 0 0 0 0 0 0 0 0 0 0 0 0 0 0 0 0 0 0 0 0
0 22 23 0 0 0 0 0 0 0 0 0 0 0 0 0 0 0 0 0 0 0 0 0 0 0 0
0 22 24 0 0 0 0 0 0 0 0 0 0 0 0 0 0 0 0 0 0 0 0 0 0 0 0
0 22 25 0 0 0 0 0 0 0 0 0 0 0 0 0 0 0 0 0 0 0 0 0 0 0 0
0 22 26 0 0 0 0 0 0 0 0 0 0 0 0 0 0 0 0 0 0 0 0 0 0 0 0
0 22 27 0 0 0 0 0 0 0 0 0 0 0 0 0 0 0 0 0 0 0 0 0 0 0 0
0 22 28 0 0 0 0 0 0 0 0 0 0 0 0 0 0 0 0 0 0 0 0 0 0 0 0
0 22 29 0 0 0 0 0 0 0 0 0 0 0 0 0 0 0 0 0 0 0 0 0 0 0 0
0 22 30 0 0 0 0 0 0 0 0 0 0 0 0 0 0 0 0 0 0 0 0 0 0 0 0
0 22 31 0 0 0 0 0 0 0 0 0 0 0 0 0 0 0 0 0 0 0 0 0 0 0 0
0 23 0 0 0 0 0 0 0 0 0 0 0 0 0 0 0 0 0 0 0 0 0 0 0 0 0
0 23 1 0 0 0 0 0 0 0 0 0 0 0 0 0 0 0 0 0 0 0 0 0 0 0 0
0 23 2 0 0 0 0 0 0 0 0 0 0 0 0 0 0 0 0 0 0 0 0 0 0 0 0
0 23 3 0 0 0 0 0 0 0 0 0 0 0 0 0 0 0 0 0 0 0 0 0 0 0 0
0 23 4 0 0 0 0 0 0 0 0 0 0 0 0 0 0 0 0 0 0 0 0 0 0 0 0
0 23 5 0 0 0 0 0 0 0 0 0 0 0 0 0 0 0 0 0 0 0 0 0 0 0 0
0 23 6 0 0 0 0 0 0 0 0 0 0 0 0 0 0 0 0 0 0 0 0 0 0 0 0
0 23 7 0 0 0 0 0 0 0 0 0 0 0 0 0 0 0 0 0 0 0 0 0 0 0 0
0 23 8 0 0 0 0 0 0 0 0 0 0 0 0 0 0 0 0 0 0 0 0 0 0 0 0
0 23 9 0 0 0 0 0 0 0 0 0 0 0 0 0 0 0 0 0 0 0 0 0 0 0 0
0 23 10 0 0 0 0 0 0 0 0 0 0 0 0 0 0 0 0 0 0 0 0 0 0 0 0
0 23 11 0 0 0 0 0 0 0 0 0 0 0 0 0 0 0 0 0 0 0 0 0 0 0 0
0 23 12 0 0 0 0 0 0 0 0 0 0 0 0 0 0 0 0 0 0 0 0 0 0 0 0
0 23 13 0 0 0 0 0 0 0 0 0 0 0 0 0 0 0 0 0 0 0 0 0 0 0 0
0 23 14 0 0 0 0 0 0 0 0 0 0 0 0 0 0 0 0 0 0 0 0 0 0 0 0
0 23 15 0 0 0 0 0 0 0 0 0 0 0 0 0 0 0 0 0 0 0 0 0 0 0 0
0 23 16 0 0 0 0 0 0 0 0 0 0 0 0 0 0 0 0 0 0 0 0 0 0 0 0
0 23 17 0 0 0 0 0 0 0 0 0 0 0 0 0 0 0 0 0 0 0 0 0 0 0 0
0 23 18 0 0 0 0 0 0 0 0 0 0 0 0 0 0 0 0 0 0 0 0 0 0 0 0
0 23 19 0 0 0 0 0 0 0 0 0 0 0 0 0 0 0 0 0 0 0 0 0 0 0 0
0 23 20 0 0 0 0 0 0 0 0 0 0 0 0 0 0 0 0 0 0 0 0 0 0 0 0
0 23 21 0 0 0 0 0 0 0 0 0 0 0 0 0 0 0 0 0 0 0 0 0 0 0 0
0 23 22 0 0 0 0 0 0 0 0 0 0 0 0 0 0 0 0 0 0 0 0 0 0 0 0
0 23 23 0 0 0 0 0 0 0 0 0 0 0 0 0 0 0 0 0 0 0 0 0 0 0 0
0 23 24 0 0 0 0 0 0 0 0 0 0 0 0 0 0 0 0 0 0 0 0 0 0 0 0
0 23 25 0 0 0 0 0 0 0 0 0 0 0 0 0 0 0 0 0 0 0 0 0 0 0 0
0 23 26 0 0 0 0 0 0 0 0 0 0 0 0 0 0 0 0 0 0 0 0 0 0 0 0
0 23 27 0 0 0 0 0 0 0 0 0 0 0 0 0 0 0 0 0 0 0 0 0 0 0 0
0 23 28 0 0 0 0 0 0 0 0 0 0 0 0 0 0 0 0 0 0 0 0 0 0 0 0
0 23 29 0 0 0 0 0 0 0 0 0 0 0 0 0 0 0 0 0 0 0 0 0 0 0 0
0 23 30 0 0 0 0 0 0 0 0 0 0 0 0 0 0 0 0 0 0 0 0 0 0 0 0
0 23 31 0 0 0 0 0 0 0 0 0 0 0 0 0 0 0 0 0 0 0 0 0 0 0 0
0 24 0 0 0 0 0 0 0 0 0 0 0 0 0 0 0 0 0 0 0 0 0 0 0 0 0
0 24 1 0 0 0 0 0 0 0 0 0 0 0 0 0 0 0 0 0 0 0 0 0 0 0 0
0 24 2 0 0 0 0 0 0 0 0 0 0 0 0 0 0 0 0 0 0 0 0 0 0 0 0
0 24 3 0 0 0 0 0 0 0 0 0 0 0 0 0 0 0 0 0 0 0 0 0 0 0 0
0 24 4 0 0 0 0 0 0 0 0 0 0 0 0 0 0 0 0 0 0 0 0 0 0 0 0
0 24 5 0 0 0 0 0 0 0 0 0 0 0 0 0 0 0 0 0 0 0 0 0 0 0 0
0 24 6 0 0 0 0 0 0 0 0 0 0 0 0 0 0 0 0 0 0 0 0 0 0 0 0
0 24 7 0 0 0 0 0 0 0 0 0 0 0 0 0 0 0 0 0 0 0 0 0 0 0 0
0 24 8 0 0 0 0 0 0 0 0 0 0 0 0 0 0 0 0 0 0 0 0 0 0 0 0
0 24 9 0 0 0 0 0 0 0 0 0 0 0 0 0 0 0 0 0 0 0 0 0 0 0 0
0 24 10 0 0 0 0 0 0 0 0 0 0 0 0 0 0 0 0 0 0 0 0 0 0 0 0
0 24 11 0 0 0 0 0 0 0 0 0 0 0 0 0 0 0 0 0 0 0 0 0 0 0 0
0 24 12 0 0 0 0 0 0 0 0 0 0 0 0 0 0 0 0 0 0 0 0 0 0 0 0
0 24 13 0 0 0 0 0 0 0 0 0 0 0 0 0 0 0 0 0 0 0 0 0 0 0 0
0 24 14 0 0 0 0 0 0 0 0 0 0 0 0 0 0 0 0 0 0 0 0 0 0 0 0
0 24 15 0 0 0 0 0 0 0 0 0 0 0 0 0 0 0 0 0 0 0 0 0 0 0 0
0 24 16 0 0 0 0 0 0 0 0 0 0 0 0 0 0 0 0 0 0 0 0 0 0 0 0
0 24 17 0 0 0 0 0 0 0 0 0 0 0 0 0 0 0 0 0 0 0 0 0 0 0 0
0 24 18 0 0 0 0 0 0 0 0 0 0 0 0 0 0 0 0 0 0 0 0 0 0 0 0
0 24 19 0 0 0 0 0 0 0 0 0 0 0 0 0 0 0 0 0 0 0 0 0 0 0 0
0 24 20 0 0 0 0 0 0 0 0 0 0 0 0 0 0 0 0 0 0 0 0 0 0 0 0
0 24 21 0 0 0 0 0 0 0 0 0 0 0 0 0 0 0 0 0 0 0 0 0 0 0 0
0 24 22 0 0 0 0 0 0 0 0 0 0 0 0 0 0 0 0 0 0 0 0 0 0 0 0
0 24 23 0 0 0 0 0 0 0 0 0 0 0 0 0 0 0 0 0 0 0 0 0 0 0 0
0 24 24 0 0 0 0 0 0 0 0 0 0 0 0 0 0 0 0 0 0 0 0 0 0 0 0
0 24 25 0 0 0 0 0 0 0 0 0 0 0 0 0 0 0 0 0 0 0 0 0 0 0 0
0 24 26 0 0 0 0 0 0 0 0 0 0 0 0 0 0 0 0 0 0 0 0 0 0 0 0
0 24 27 0 0 0 0 0 0 0 0 0 0 0 0 0 0 0 0 0 0 0 0 0 0 0 0
0 24 28 0 0 0 0 0 0 0 0 0 0 0 0 0 0 0 0 0 0 0 0 0 0 0 0
0 24 29 0 0 0 0 0 0 0 0 0 0 0 0 0 0 0 0 0 0 0 0 0 0 0 0
0 24 30 0 0 0 0 0 0 0 0 0 0 0 0 0 0 0 0 0 0 0 0 0 0 0 0
0 24 31 0 0 0 0 0 0 0 0 0 0 0 0 0 0 0 0 0 0 0 0 0 0 0 0
0 25 0 0 0 0 0 0 0 0 0 0 0 0 0 0 0 0 0 0 0 0 0 0 0 0 0
0 25 1 0 0 0 0 0 0 0 0 0 0 0 0 0 0 0 0 0 0 0 0 0 0 0 0
0 25 2 0 0 0 0 0 0 0 0 0 0 0 0 0 0 0 0 0 0 0 0 0 0 0 0
0 25 3 0 0 0 0 0 0 0 0 0 0 0 0 0 0 0 0 0 0 0 0 0 0 0 0
0 25 4 0 0 0 0 0 0 0 0 0 0 0 0 0 0 0 0 0 0 0 0 0 0 0 0
0 25 5 0 0 0 0 0 0 0 0 0 0 0 0 0 0 0 0 0 0 0 0 0 0 0 0
0 25 6 0 0 0 0 0 0 0 0 0 0 0 0 0 0 0 0 0 0 0 0 0 0 0 0
0 25 7 0 0 0 0 0 0 0 0 0 0 0 0 0 0 0 0 0 0 0 0 0 0 0 0
0 25 8 0 0 0 0 0 0 0 0 0 0 0 0 0 0 0 0 0 0 0 0 0 0 0 0
0 25 9 0 0 0 0 0 0 0 0 0 0 0 0 0 0 0 0 0 0 0 0 0 0 0 0
0 25 10 0 0 0 0 0 0 0 0 0 0 0 0 0 0 0 0 0 0 0 0 0 0 0 0
0 25 11 0 0 0 0 0 0 0 0 0 0 0 0 0 0 0 0 0 0 0 0 0 0 0 0
0 25 12 0 0 0 0 0 0 0 0 0 0 0 0 0 0 0 0 0 0 0 0 0 0 0 0
0 25 13 0 0 0 0 0 0 0 0 0 0 0 0 0 0 0 0 0 0 0 0 0 0 0 0
0 25 14 0 0 0 0 0 0 0 0 0 0 0 0 0 0 0 0 0 0 0 0 0 0 0 0
0 25 15 0 0 0 0 0 0 0 0 0 0 0 0 0 0 0 0 0 0 0 0 0 0 0 0
0 25 16 0 0 0 0 0 0 0 0 0 0 0 0 0 0 0 0 0 0 0 0 0 0 0 0
0 25 17 0 0 0 0 0 0 0 0 0 0 0 0 0 0 0 0 0 0 0 0 0 0 0 0
0 25 18 0 0 0 0 0 0 0 0 0 0 0 0 0 0 0 0 0 0 0 0 0 0 0 0
0 25 19 0 0 0 0 0 0 0 0 0 0 0 0 0 0 0 0 0 0 0 0 0 0 0 0
0 25 20 0 0 0 0 0 0 0 0 0 0 0 0 0 0 0 0 0 0 0 0 0 0 0 0
0 25 21 0 0 0 0 0 0 0 0 0 0 0 0 0 0 0 0 0 0 0 0 0 0 0 0
0 25 22 0 0 0 0 0 0 0 0 0 0 0 0 0 0 0 0 0 0 0 0 0 0 0 0
0 25 23 0 0 0 0 0 0 0 0 0 0 0 0 0 0 0 0 0 0 0 0 0 0 0 0
0 25 24 0 0 0 0 0 0 0 0 0 0 0 0 0 0 0 0 0 0 0 0 0 0 0 0
0 25 25 0 0 0 0 0 0 0 0 0 0 0 0 0 0 0 0 0 0 0 0 0 0 0 0
0 25 26 0 0 0 0 0 0 0 0 0 0 0 0 0 0 0 0 0 0 0 0 0 0 0 0
0 25 27 0 0 0 0 0 0 0 0 0 0 0 0 0 0 0 0 0 0 0 0 0 0 0 0
0 25 28 0 0 0 0 0 0 0 0 0 0 0 0 0 0 0 0 0 0 0 0 0 0 0 0
0 25 29 0 0 0 0 0 0 0 0 0 0 0 0 0 0 0 0 0 0 0 0 0 0 0 0
0 25 30 0 0 0 0 0 0 0 0 0 0 0 0 0 0 0 0 0 0 0 0 0 0 0 0
0 25 31 0 0 0 0 0 0 0 0 0 0 0 0 0 0 0 0 0 0 0 0 0 0 0 0
0 26 0 0 0 0 0 0 0 0 0 0 0 0 0 0 0 0 0 0 0 0 0 0 0 0 0
0 26 1 0 0 0 0 0 0 0 0 0 0 0 0 0 0 0 0 0 0 0 0 0 0 0 0
0 26 2 0 0 0 0 0 0 0 0 0 0 0 0 0 0 0 0 0 0 0 0 0 0 0 0
0 26 3 0 0 0 0 0 0 0 0 0 0 0 0 0 0 0 0 0 0 0 0 0 0 0 0
0 26 4 0 0 0 0 0 0 0 0 0 0 0 0 0 0 0 0 0 0 0 0 0 0 0 0
0 26 5 0 0 0 0 0 0 0 0 0 0 0 0 0 0 0 0 0 0 0 0 0 0 0 0
0 26 6 0 0 0 0 0 0 0 0 0 0 0 0 0 0 0 0 0 0 0 0 0 0 0 0
0 26 7 0 0 0 0 0 0 0 0 0 0 0 0 0 0 0 0 0 0 0 0 0 0 0 0
0 26 8 0 0 0 0 0 0 0 0 0 0 0 0 0 0 0 0 0 0 0 0 0 0 0 0
0 26 9 0 0 0 0 0 0 0 0 0 0 0 0 0 0 0 0 0 0 0 0 0 0 0 0
0 26 10 0 0 0 0 0 0 0 0 0 0 0 0 0 0 0 0 0 0 0 0 0 0 0 0
0 26 11 0 0 0 0 0 0 0 0 0 0 0 0 0 0 0 0 0 0 0 0 0 0 0 0
0 26 12 0 0 0 0 0 0 0 0 0 0 0 0 0 0 0 0 0 0 0 0 0 0 0 0
0 26 13 0 0 0 0 0 0 0 0 0 0 0 0 0 0 0 0 0 0 0 0 0 0 0 0
0 26 14 0 0 0 0 0 0 0 0 0 0 0 0 0 0 0 0 0 0 0 0 0 0 0 0
0 26 15 0 0 0 0 0 0 0 0 0 0 0 0 0 0 0 0 0 0 0 0 0 0 0 0
0 26 16 0 0 0 0 0 0 0 0 0 0 0 0 0 0 0 0 0 0 0 0 0 0 0 0
0 26 17 0 0 0 0 0 0 0 0 0 0 0 0 0 0 0 0 0 0 0 0 0 0 0 0
0 26 18 0 0 0 0 0 0 0 0 0 0 0 0 0 0 0 0 0 0 0 0 0 0 0 0
0 26 19 0 0 0 0 0 0 0 0 0 0 0 0 0 0 0 0 0 0 0 0 0 0 0 0
0 26 20 0 0 0 0 0 0 0 0 0 0 0 0 0 0 0 0 0 0 0 0 0 0 0 0
0 26 21 0 0 0 0 0 0 0 0 0 0 0 0 0 0 0 0 0 0 0 0 0 0 0 0
0 26 22 0 0 0 0 0 0 0 0 0 0 0 0 0 0 0 0 0 0 0 0 0 0 0 0
0 26 23 0 0 0 0 0 0 0 0 0 0 0 0 0 0 0 0 0 0 0 0 0 0 0 0
0 26 24 0 0 0 0 0 0 0 0 0 0 0 0 0 0 0 0 0 0 0 0 0 0 0 0
0 26 25 0 0 0 0 0 0 0 0 0 0 0 0 0 0 0 0 0 0 0 0 0 0 0 0
0 26 26 0 0 0 0 0 0 0 0 0 0 0 0 0 0 0 0 0 0 0 0 0 0 0 0
0 26 27 0 0 0 0 0 0 0 0 0 0 0 0 0 0 0 0 0 0 0 0 0 0 0 0
0 26 28 0 0 0 0 0 0 0 0 0 0 0 0 0 0 0 0 0 0 0 0 0 0 0 0
0 26 29 0 0 0 0 0 0 0 0 0 0 0 0 0 0 0 0 0 0 0 0 0 0 0 0
0 26 30 0 0 0 0 0 0 0 0 0 0 0 0 0 0 0 0 0 0 0 0 0 0 0 0
0 26 31 0 0 0 0 0 0 0 0 0 0 0 0 0 0 0 0 0 0 0 0 0 0 0 0
0 27 0 0 0 0 0 0 0 0 0 0 0 0 0 0 0 0 0 0 0 0 0 0 0 0 0
0 27 1 0 0 0 0 0 0 0 0 0 0 0 0 0 0 0 0 0 0 0 0 0 0 0 0
0 27 2 0 0 0 0 0 0 0 0 0 0 0 0 0 0 0 0 0 0 0 0 0 0 0 0
0 27 3 0 0 0 0 0 0 0 0 0 0 0 0 0 0 0 0 0 0 0 0 0 0 0 0
0 27 4 0 0 0 0 0 0 0 0 0 0 0 0 0 0 0 0 0 0 0 0 0 0 0 0
0 27 5 0 0 0 0 0 0 0 0 0 0 0 0 0 0 0 0 0 0 0 0 0 0 0 0
0 27 6 0 0 0 0 0 0 0 0 0 0 0 0 0 0 0 0 0 0 0 0 0 0 0 0
0 27 7 0 0 0 0 0 0 0 0 0 0 0 0 0 0 0 0 0 0 0 0 0 0 0 0
0 27 8 0 0 0 0 0 0 0 0 0 0 0 0 0 0 0 0 0 0 0 0 0 0 0 0
0 27 9 0 0 0 0 0 0 0 0 0 0 0 0 0 0 0 0 0 0 0 0 0 0 0 0
0 27 10 0 0 0 0 0 0 0 0 0 0 0 0 0 0 0 0 0 0 0 0 0 0 0 0
0 27 11 0 0 0 0 0 0 0 0 0 0 0 0 0 0 0 0 0 0 0 0 0 0 0 0
0 27 12 0 0 0 0 0 0 0 0 0 0 0 0 0 0 0 0 0 0 0 0 0 0 0 0
0 27 13 0 0 0 0 0 0 0 0 0 0 0 0 0 0 0 0 0 0 0 0 0 0 0 0
0 27 14 0 0 0 0 0 0 0 0 0 0 0 0 0 0 0 0 0 0 0 0 0 0 0 0
0 27 15 0 0 0 0 0 0 0 0 0 0 0 0 0 0 0 0 0 0 0 0 0 0 0 0
0 27 16 0 0 0 0 0 0 0 0 0 0 0 0 0 0 0 0 0 0 0 0 0 0 0 0
0 27 17 0 0 0 0 0 0 0 0 0 0 0 0 0 0 0 0 0 0 0 0 0 0 0 0
0 27 18 0 0 0 0 0 0 0 0 0 0 0 0 0 0 0 0 0 0 0 0 0 0 0 0
0 27 19 0 0 0 0 0 0 0 0 0 0 0 0 0 0 0 0 0 0 0 0 0 0 0 0
0 27 20 0 0 0 0 0 0 0 0 0 0 0 0 0 0 0 0 0 0 0 0 0 0 0 0
0 27 21 0 0 0 0 0 0 0 0 0 0 0 0 0 0 0 0 0 0 0 0 0 0 0 0
0 27 22 0 0 0 0 0 0 0 0 0 0 0 0 0 0 0 0 0 0 0 0 0 0 0 0
0 27 23 0 0 0 0 0 0 0 0 0 0 0 0 0 0 0 0 0 0 0 0 0 0 0 0
0 27 24 0 0 0 0 0 0 0 0 0 0 0 0 0 0 0 0 0 0 0 0 0 0 0 0
0 27 25 0 0 0 0 0 0 0 0 0 0 0 0 0 0 0 0 0 0 0 0 0 0 0 0
0 27 26 0 0 0 0 0 0 0 0 0 0 0 0 0 0 0 0 0 0 0 0 0 0 0 0
0 27 27 0 0 0 0 0 0 0 0 0 0 0 0 0 0 0 0 0 0 0 0 0 0 0 0
0 27 28 0 0 0 0 0 0 0 0 0 0 0 0 0 0 0 0 0 0 0 0 0 0 0 0
0 27 29 0 0 0 0 0 0 0 0 0 0 0 0 0 0 0 0 0 0 0 0 0 0 0 0
0 27 30 0 0 0 0 0 0 0 0 0 0 0 0 0 0 0 0 0 0 0 0 0 0 0 0
0 27 31 0 0 0 0 0 0 0 0 0 0 0 0 0 0 0 0 0 0 0 0 0 0 0 0
0 28 0 0 0 0 0 0 0 0 0 0 0 0 0 0 0 0 0 0 0 0 0 0 0 0 0
0 28 1 0 0 0 0 0 0 0 0 0 0 0 0 0 0 0 0 0 0 0 0 0 0 0 0
0 28 2 0 0 0 0 0 0 0 0 0 0 0 0 0 0 0 0 0 0 0 0 0 0 0 0
0 28 3 0 0 0 0 0 0 0 0 0 0 0 0 0 0 0 0 0 0 0 0 0 0 0 0
0 28 4 0 0 0 0 0 0 0 0 0 0 0 0 0 0 0 0 0 0 0 0 0 0 0 0
0 28 5 0 0 0 0 0 0 0 0 0 0 0 0 0 0 0 0 0 0 0 0 0 0 0 0
0 28 6 0 0 0 0 0 0 0 0 0 0 0 0 0 0 0 0 0 0 0 0 0 0 0 0
0 28 7 0 0 0 0 0 0 0 0 0 0 0 0 0 0 0 0 0 0 0 0 0 0 0 0
0 28 8 0 0 0 0 0 0 0 0 0 0 0 0 0 0 0 0 0 0 0 0 0 0 0 0
0 28 9 0 0 0 0 0 0 0 0 0 0 0 0 0 0 0 0 0 0 0 0 0 0 0 0
0 28 10 0 0 0 0 0 0 0 0 0 0 0 0 0 0 0 0 0 0 0 0 0 0 0 0
0 28 11 0 0 0 0 0 0 0 0 0 0 0 0 0 0 0 0 0 0 0 0 0 0 0 0
0 28 12 0 0 0 0 0 0 0 0 0 0 0 0 0 0 0 0 0 0 0 0 0 0 0 0
0 28 13 0 0 0 0 0 0 0 0 0 0 0 0 0 0 0 0 0 0 0 0 0 0 0 0
0 28 14 0 0 0 0 0 0 0 0 0 0 0 0 0 0 0 0 0 0 0 0 0 0 0 0
0 28 15 0 0 0 0 0 0 0 0 0 0 0 0 0 0 0 0 0 0 0 0 0 0 0 0
0 28 16 0 0 0 0 0 0 0 0 0 0 0 0 0 0 0 0 0 0 0 0 0 0 0 0
0 28 17 0 0 0 0 0 0 0 0 0 0 0 0 0 0 0 0 0 0 0 0 0 0 0 0
0 28 18 0 0 0 0 0 0 0 0 0 0 0 0 0 0 0 0 0 0 0 0 0 0 0 0
0 28 19 0 0 0 0 0 0 0 0 0 0 0 0 0 0 0 0 0 0 0 0 0 0 0 0
0 28 20 0 0 0 0 0 0 0 0 0 0 0 0 0 0 0 0 0 0 0 0 0 0 0 0
0 28 21 0 0 0 0 0 0 0 0 0 0 0 0 0 0 0 0 0 0 0 0 0 0 0 0
0 28 22 0 0 0 0 0 0 0 0 0 0 0 0 0 0 0 0 0 0 0 0 0 0 0 0
0 28 23 0 0 0 0 0 0 0 0 0 0 0 0 0 0 0 0 0 0 0 0 0 0 0 0
0 28 24 0 0 0 0 0 0 0 0 0 0 0 0 0 0 0 0 0 0 0 0 0 0 0 0
0 28 25 0 0 0 0 0 0 0 0 0 0 0 0 0 0 0 0 0 0 0 0 0 0 0 0
0 28 26 0 0 0 0 0 0 0 0 0 0 0 0 0 0 0 0 0 0 0 0 0 0 0 0
0 28 27 0 0 0 0 0 0 0 0 0 0 0 0 0 0 0 0 0 0 0 0 0 0 0 0
0 28 28 0 0 0 0 0 0 0 0 0 0 0 0 0 0 0 0 0 0 0 0 0 0 0 0
0 28 29 0 0 0 0 0 0 0 0 0 0 0 0 0 0 0 0 0 0 0 0 0 0 0 0
0 28 30 0 0 0 0 0 0 0 0 0 0 0 0 0 0 0 0 0 0 0 0 0 0 0 0
0 28 31 0 0 0 0 0 0 0 0 0 0 0 0 0 0 0 0 0 0 0 0 0 0 0 0
0 29 0 0 0 0 0 0 0 0 0 0 0 0 0 0 0 0 0 0 0 0 0 0 0 0 0
0 29 1 0 0 0 0 0 0 0 0 0 0 0 0 0 0 0 0 0 0 0 0 0 0 0 0
0 29 2 0 0 0 0 0 0 0 0 0 0 0 0 0 0 0 0 0 0 0 0 0 0 0 0
0 29 3 0 0 0 0 0 0 0 0 0 0 0 0 0 0 0 0 0 0 0 0 0 0 0 0
0 29 4 0 0 0 0 0 0 0 0 0 0 0 0 0 0 0 0 0 0 0 0 0 0 0 0
0 29 5 0 0 0 0 0 0 0 0 0 0 0 0 0 0 0 0 0 0 0 0 0 0 0 0
0 29 6 0 0 0 0 0 0 0 0 0 0 0 0 0 0 0 0 0 0 0 0 0 0 0 0
0 29 7 0 0 0 0 0 0 0 0 0 0 0 0 0 0 0 0 0 0 0 0 0 0 0 0
0 29 8 0 0 0 0 0 0 0 0 0 0 0 0 0 0 0 0 0 0 0 0 0 0 0 0
0 29 9 0 0 0 0 0 0 0 0 0 0 0 0 0 0 0 0 0 0 0 0 0 0 0 0
0 29 10 0 0 0 0 0 0 0 0 0 0 0 0 0 0 0 0 0 0 0 0 0 0 0 0
0 29 11 0 0 0 0 0 0 0 0 0 0 0 0 0 0 0 0 0 0 0 0 0 0 0 0
0 29 12 0 0 0 0 0 0 0 0 0 0 0 0 0 0 0 0 0 0 0 0 0 0 0 0
0 29 13 0 0 0 0 0 0 0 0 0 0 0 0 0 0 0 0 0 0 0 0 0 0 0 0
0 29 14 0 0 0 0 0 0 0 0 0 0 0 0 0 0 0 0 0 0 0 0 0 0 0 0
0 29 15 0 0 0 0 0 0 0 0 0 0 0 0 0 0 0 0 0 0 0 0 0 0 0 0
0 29 16 0 0 0 0 0 0 0 0 0 0 0 0 0 0 0 0 0 0 0 0 0 0 0 0
0 29 17 0 0 0 0 0 0 0 0 0 0 0 0 0 0 0 0 0 0 0 0 0 0 0 0
0 29 18 0 0 0 0 0 0 0 0 0 0 0 0 0 0 0 0 0 0 0 0 0 0 0 0
0 29 19 0 0 0 0 0 0 0 0 0 0 0 0 0 0 0 0 0 0 0 0 0 0 0 0
0 29 20 0 0 0 0 0 0 0 0 0 0 0 0 0 0 0 0 0 0 0 0 0 0 0 0
0 29 21 0 0 0 0 0 0 0 0 0 0 0 0 0 0 0 0 0 0 0 0 0 0 0 0
0 29 22 0 0 0 0 0 0 0 0 0 0 0 0 0 0 0 0 0 0 0 0 0 0 0 0
0 29 23 0 0 0 0 0 0 0 0 0 0 0 0 0 0 0 0 0 0 0 0 0 0 0 0
0 29 24 0 0 0 0 0 0 0 0 0 0 0 0 0 0 0 0 0 0 0 0 0 0 0 0
0 29 25 0 0 0 0 0 0 0 0 0 0 0 0 0 0 0 0 0 0 0 0 0 0 0 0
0 29 26 0 0 0 0 0 0 0 0 0 0 0 0 0 0 0 0 0 0 0 0 0 0 0 0
0 29 27 0 0 0 0 0 0 0 0 0 0 0 0 0 0 0 0 0 0 0 0 0 0 0 0
0 29 28 0 0 0 0 0 0 0 0 0 0 0 0 0 0 0 0 0 0 0 0 0 0 0 0
0 29 29 0 0 0 0 0 0 0 0 0 0 0 0 0 0 0 0 0 0 0 0 0 0 0 0
0 29 30 0 0 0 0 0 0 0 0 0 0 0 0 0 0 0 0 0 0 0 0 0 0 0 0
0 29 31 0 0 0 0 0 0 0 0 0 0 0 0 0 0 0 0 0 0 0 0 0 0 0 0
0 30 0 0 0 0 0 0 0 0 0 0 0 0 0 0 0 0 0 0 0 0 0 0 0 0 0
0 30 1 0 0 0 0 0 0 0 0 0 0 0 0 0 0 0 0 0 0 0 0 0 0 0 0
0 30 2 0 0 0 0 0 0 0 0 0 0 0 0 0 0 0 0 0 0 0 0 0 0 0 0
0 30 3 0 0 0 0 0 0 0 0 0 0 0 0 0 0 0 0 0 0 0 0 0 0 0 0
0 30 4 0 0 0 0 0 0 0 0 0 0 0 0 0 0 0 0 0 0 0 0 0 0 0 0
0 30 5 0 0 0 0 0 0 0 0 0 0 0 0 0 0 0 0 0 0 0 0 0 0 0 0
0 30 6 0 0 0 0 0 0 0 0 0 0 0 0 0 0 0 0 0 0 0 0 0 0 0 0
0 30 7 0 0 0 0 0 0 0 0 0 0 0 0 0 0 0 0 0 0 0 0 0 0 0 0
0 30 8 0 0 0 0 0 0 0 0 0 0 0 0 0 0 0 0 0 0 0 0 0 0 0 0
0 30 9 0 0 0 0 0 0 0 0 0 0 0 0 0 0 0 0 0 0 0 0 0 0 0 0
0 30 10 0 0 0 0 0 0 0 0 0 0 0 0 0 0 0 0 0 0 0 0 0 0 0 0
0 30 11 0 0 0 0 0 0 0 0 0 0 0 0 0 0 0 0 0 0 0 0 0 0 0 0
0 30 12 0 0 0 0 0 0 0 0 0 0 0 0 0 0 0 0 0 0 0 0 0 0 0 0
0 30 13 0 0 0 0 0 0 0 0 0 0 0 0 0 0 0 0 0 0 0 0 0 0 0 0
0 30 14 0 0 0 0 0 0 0 0 0 0 0 0 0 0 0 0 0 0 0 0 0 0 0 0
0 30 15 0 0 0 0 0 0 0 0 0 0 0 0 0 0 0 0 0 0 0 0 0 0 0 0
0 30 16 0 0 0 0 0 0 0 0 0 0 0 0 0 0 0 0 0 0 0 0 0 0 0 0
0 30 17 0 0 0 0 0 0 0 0 0 0 0 0 0 0 0 0 0 0 0 0 0 0 0 0
0 30 18 0 0 0 0 0 0 0 0 0 0 0 0 0 0 0 0 0 0 0 0 0 0 0 0
0 30 19 0 0 0 0 0 0 0 0 0 0 0 0 0 0 0 0 0 0 0 0 0 0 0 0
0 30 20 0 0 0 0 0 0 0 0 0 0 0 0 0 0 0 0 0 0 0 0 0 0 0 0
0 30 21 0 0 0 0 0 0 0 0 0 0 0 0 0 0 0 0 0 0 0 0 0 0 0 0
0 30 22 0 0 0 0 0 0 0 0 0 0 0 0 0 0 0 0 0 0 0 0 0 0 0 0
0 30 23 0 0 0 0 0 0 0 0 0 0 0 0 0 0 0 0 0 0 0 0 0 0 0 0
0 30 24 0 0 0 0 0 0 0 0 0 0 0 0 0 0 0 0 0 0 0 0 0 0 0 0
0 30 25 0 0 0 0 0 0 0 0 0 0 0 0 0 0 0 0 0 0 0 0 0 0 0 0
0 30 26 0 0 0 0 0 0 0 0 0 0 0 0 0 0 0 0 0 0 0 0 0 0 0 0
0 30 27 0 0 0 0 0 0 0 0 0 0 0 0 0 0 0 0 0 0 0 0 0 0 0 0
0 30 28 0 0 0 0 0 0 0 0 0 0 0 0 0 0 0 0 0 0 0 0 0 0 0 0
0 30 29 0 0 0 0 0 0 0 0 0 0 0 0 0 0 0 0 0 0 0 0 0 0 0 0
0 30 30 0 0 0 0 0 0 0 0 0 0 0 0 0 0 0 0 0 0 0 0 0 0 0 0
0 30 31 0 0 0 0 0 0 0 0 0 0 0 0 0 0 0 0 0 0 0 0 0 0 0 0
0 31 0 0 0 0 0 0 0 0 0 0 0 0 0 0 0 0 0 0 0 0 0 0 0 0 0
0 31 1 0 0 0 0 0 0 0 0 0 0 0 0 0 0 0 0 0 0 0 0 0 0 0 0
0 31 2 0 0 0 0 0 0 0 0 0 0 0 0 0 0 0 0 0 0 0 0 0 0 0 0
0 31 3 0 0 0 0 0 0 0 0 0 0 0 0 0 0 0 0 0 0 0 0 0 0 0 0
0 31 4 0 0 0 0 0 0 0 0 0 0 0 0 0 0 0 0 0 0 0 0 0 0 0 0
0 31 5 0 0 0 0 0 0 0 0 0 0 0 0 0 0 0 0 0 0 0 0 0 0 0 0
0 31 6 0 0 0 0 0 0 0 0 0 0 0 0 0 0 0 0 0 0 0 0 0 0 0 0
0 31 7 0 0 0 0 0 0 0 0 0 0 0 0 0 0 0 0 0 0 0 0 0 0 0 0
0 31 8 0 0 0 0 0 0 0 0 0 0 0 0 0 0 0 0 0 0 0 0 0 0 0 0
0 31 9 0 0 0 0 0 0 0 0 0 0 0 0 0 0 0 0 0 0 0 0 0 0 0 0
0 31 10 0 0 0 0 0 0 0 0 0 0 0 0 0 0 0 0 0 0 0 0 0 0 0 0
0 31 11 0 0 0 0 0 0 0 0 0 0 0 0 0 0 0 0 0 0 0 0 0 0 0 0
0 31 12 0 0 0 0 0 0 0 0 0 0 0 0 0 0 0 0 0 0 0 0 0 0 0 0
0 31 13 0 0 0 0 0 0 0 0 0 0 0 0 0 0 0 0 0 0 0 0 0 0 0 0
0 31 14 0 0 0 0 0 0 0 0 0 0 0 0 0 0 0 0 0 0 0 0 0 0 0 0
0 31 15 0 0 0 0 0 0 0 0 0 0 0 0 0 0 0 0 0 0 0 0 0 0 0 0
0 31 16 0 0 0 0 0 0 0 0 0 0 0 0 0 0 0 0 0 0 0 0 0 0 0 0
0 31 17 0 0 0 0 0 0 0 0 0 0 0 0 0 0 0 0 0 0 0 0 0 0 0 0
0 31 18 0 0 0 0 0 0 0 0 0 0 0 0 0 0 0 0 0 0 0 0 0 0 0 0
0 31 19 0 0 0 0 0 0 0 0 0 0 0 0 0 0 0 0 0 0 0 0 0 0 0 0
0 31 20 0 0 0 0 0 0 0 0 0 0 0 0 0 0 0 0 0 0 0 0 0 0 0 0
0 31 21 0 0 0 0 0 0 0 0 0 0 0 0 0 0 0 0 0 0 0 0 0 0 0 0
0 31 22 0 0 0 0 0 0 0 0 0 0 0 0 0 0 0 0 0 0 0 0 0 0 0 0
0 31 23 0 0 0 0 0 0 0 0 0 0 0 0 0 0 0 0 0 0 0 0 0 0 0 0
0 31 24 0 0 0 0 0 0 0 0 0 0 0 0 0 0 0 0 0 0 0 0 0 0 0 0
0 31 25 0 0 0 0 0 0 0 0 0 0 0 0 0 0 0 0 0 0 0 0 0 0 0 0
0 31 26 0 0 0 0 0 0 0 0 0 0 0 0 0 0 0 0 0 0 0 0 0 0 0 0
0 31 27 0 0 0 0 0 0 0 0 0 0 0 0 0 0 0 0 0 0 0 0 0 0 0 0
0 31 28 0 0 0 0 0 0 0 0 0 0 0 0 0 0 0 0 0 0 0 0 0 0 0 0
0 31 29 0 0 0 0 0 0 0 0 0 0 0 0 0 0 0 0 0 0 0 0 0 0 0 0
0 31 30 0 0 0 0 0 0 0 0 0 0 0 0 0 0 0 0 0 0 0 0 0 0 0 0
0 31 31 0 0 0 0 0 0 0 0 0 0 0 0 0 0 0 0 0 0 0 0 0 0 0 0
1 0 0 1 0 0 1 1 25 0 0 0 0 0 0 0 0 0 0 0 0 0 0 0 0 0 0
1 0 1 1 0 0 1 2 25 1 0 1 1 0 25 0 0 0 0 0 0 0 0 0 0 0 0
1 0 2 0 0 0 0 0 0 1 0 1 1 1 25 0 0 0 0 0 0 0 0 0 0 0 0
1 0 3 1 0 2 1 0 26 1 0 1 1 2 25 0 0 0 0 0 0 0 0 0 0 0 0
1 0 4 1 0 2 1 1 26 0 0 0 0 0 0 0 0 0 0 0 0 0 0 0 0 0 0
1 0 5 1 0 2 1 2 26 1 0 3 1 0 26 0 0 0 0 0 0 0 0 0 0 0 0
1 0 6 0 0 0 0 0 0 1 0 3 1 1 26 0 0 0 0 0 0 0 0 0 0 0 0
1 0 7 1 0 4 1 0 27 1 0 3 1 2 26 0 0 0 0 0 0 0 0 0 0 0 0
1 0 8 1 0 4 1 1 27 0 0 0 0 0 0 0 0 0 0 0 0 0 0 0 0 0 0
1 0 9 1 0 4 1 2 27 1 0 5 1 0 27 0 0 0 0 0 0 0 0 0 0 0 0
1 0 10 0 0 0 0 0 0 1 0 5 1 1 27 0 0 0 0 0 0 0 0 0 0 0 0
1 0 11 1 0 6 1 0 28 1 0 5 1 2 27 0 0 0 0 0 0 0 0 0 0 0 0
1 0 12 1 0 6 1 1 28 0 0 0 0 0 0 0 0 0 0 0 0 0 0 0 0 0 0
1 0 13 1 0 6 1 2 28 1 0 7 1 0 28 0 0 0 0 0 0 0 0 0 0 0 0
1 0 14 0 0 0 0 0 0 1 0 7 1 1 28 0 0 0 0 0 0 0 0 0 0 0 0
1 0 15 1 0 8 1 0 29 1 0 7 1 2 28 0 0 0 0 0 0 0 0 0 0 0 0
1 0 16 1 0 8 1 1 29 0 0 0 0 0 0 0 0 0 0 0 0 0 0 0 0 0 0
1 0 17 1 0 8 1 2 29 0 0 0 0 0 0 0 0 0 0 0 0 0 0 0 0 0 0
1 0 18 0 0 0 0 0 0 0 0 0 0 0 0 0 0 0 0 0 0 0 0 0 0 0 0
1 0 19 0 0 0 0 0 0 0 0 0 0 0 0 0 0 0 0 0 0 0 0 0 0 0 0
1 0 20 0 0 0 0 0 0 0 0 0 0 0 0 0 0 0 0 0 0 0 0 0 0 0 0
1 0 21 0 0 0 0 0 0 0 0 0 0 0 0 0 0 0 0 0 0 0 0 0 0 0 0
1 0 22 0 0 0 0 0 0 0 0 0 0 0 0 0 0 0 0 0 0 0 0 0 0 0 0
1 0 23 0 0 0 0 0 0 0 0 0 0 0 0 0 0 0 0 0 0 0 0 0 0 0 0
1 0 24 0 0 0 0 0 0 0 0 0 0 0 0 0 0 0 0 0 0 0 0 0 0 0 0
1 0 25 0 0 0 0 0 0 0 0 0 0 0 0 0 0 0 0 0 0 0 0 0 0 0 0
1 0 26 0 0 0 0 0 0 0 0 0 0 0 0 0 0 0 0 0 0 0 0 0 0 0 0
1 0 27 0 0 0 0 0 0 0 0 0 0 0 0 0 0 0 0 0 0 0 0 0 0 0 0
1 0 28 0 0 0 0 0 0 0 0 0 0 0 0 0 0 0 0 0 0 0 0 0 0 0 0
1 0 29 0 0 0 0 0 0 0 0 0 0 0 0 0 0 0 0 0 0 0 0 0 0 0 0
1 0 30 0 0 0 0 0 0 0 0 0 0 0 0 0 0 0 0 0 0 0 0 0 0 0 0
1 0 31 0 0 0 0 0 0 0 0 0 0 0 0 0 0 0 0 0 0 0 0 0 0 0 0
1 1 0 1 0 0 2 1 25 0 0 0 0 0 0 1 1 0 0 1 25 0 0 0 0 0 0
1 1 1 1 0 0 2 2 25 1 0 1 2 0 25 1 1 0 0 2 25 1 1 1 0 0 25
1 1 2 0 0 0 0 0 0 1 0 1 2 1 25 0 0 0 0 0 0 1 1 1 0 1 25
1 1 3 1 0 2 2 0 26 1 0 1 2 2 25 1 1 2 0 0 26 1 1 1 0 2 25
1 1 4 1 0 2 2 1 26 0 0 0 0 0 0 1 1 2 0 1 26 0 0 0 0 0 0
1 1 5 1 0 2 2 2 26 1 0 3 2 0 26 1 1 2 0 2 26 1 1 3 0 0 26
1 1 6 0 0 0 0 0 0 1 0 3 2 1 26 0 0 0 0 0 0 1 1 3 0 1 26
1 1 7 1 0 4 2 0 27 1 0 3 2 2 26 1 1 4 0 0 27 1 1 3 0 2 26
1 1 8 1 0 4 2 1 27 0 0 0 0 0 0 1 1 4 0 1 27 0 0 0 0 0 0
1 1 9 1 0 4 2 2 27 1 0 5 2 0 27 1 1 4 0 2 27 1 1 5 0 0 27
1 1 10 0 0 0 0 0 0 1 0 5 2 1 27 0 0 0 0 0 0 1 1 5 0 1 27
1 1 11 1 0 6 2 0 28 1 0 5 2 2 27 1 1 6 0 0 28 1 1 5 0 2 27
1 1 12 1 0 6 2 1 28 0 0 0 0 0 0 1 1 6 0 1 28 0 0 0 0 0 0
1 1 13 1 0 6 2 2 28 1 0 7 2 0 28 1 1 6 0 2 28 1 1 7 0 0 28
1 1 14 0 0 0 0 0 0 1 0 7 2 1 28 0 0 0 0 0 0 1 1 7 0 1 28
1 1 15 1 0 8 2 0 29 1 0 7 2 2 28 1 1 8 0 0 29 1 1 7 0 2 28
1 1 16 1 0 8 2 1 29 0 0 0 0 0 0 1 1 8 0 1 29 0 0 0 0 0 0
1 1 17 1 0 8 2 2 29 0 0 0 0 0 0 1 1 8 0 2 29 0 0 0 0 0 0
1 1 18 0 0 0 0 0 0 0 0 0 0 0 0 0 0 0 0 0 0 0 0 0 0 0 0
1 1 19 0 0 0 0 0 0 0 0 0 0 0 0 0 0 0 0 0 0 0 0 0 0 0 0
1 1 20 0 0 0 0 0 0 0 0 0 0 0 0 0 0 0 0 0 0 0 0 0 0 0 0
1 1 21 0 0 0 0 0 0 0 0 0 0 0 0 0 0 0 0 0 0 0 0 0 0 0 0
1 1 22 0 0 0 0 0 0 0 0 0 0 0 0 0 0 0 0 0 0 0 0 0 0 0 0
1 1 23 0 0 0 0 0 0 0 0 0 0 0 0 0 0 0 0 0 0 0 0 0 0 0 0
1 1 24 0 0 0 0 0 0 0 0 0 0 0 0 0 0 0 0 0 0 0 0 0 0 0 0
1 1 25 0 0 0 0 0 0 0 0 0 0 0 0 0 0 0 0 0 0 0 0 0 0 0 0
1 1 26 0 0 0 0 0 0 0 0 0 0 0 0 0 0 0 0 0 0 0 0 0 0 0 0
1 1 27 0 0 0 0 0 0 0 0 0 0 0 0 0 0 0 0 0 0 0 0 0 0 0 0
1 1 28 0 0 0 0 0 0 0 0 0 0 0 0 0 0 0 0 0 0 0 0 0 0 0 0
1 1 29 0 0 0 0 0 0 0 0 0 0 0 0 0 0 0 0 0 0 0 0 0 0 0 0
1 1 30 0 0 0 0 0 0 0 0 0 0 0 0 0 0 0 0 0 0 0 0 0 0 0 0
1 1 31 0 0 0 0 0 0 0 0 0 0 0 0 0 0 0 0 0 0 0 0 0 0 0 0
1 2 0 0 0 0 0 0 0 0 0 0 0 0 0 1 1 0 1 1 25 0 0 0 0 0 0
1 2 1 0 0 0 0 0 0 0 0 0 0 0 0 1 1 0 1 2 25 1 1 1 1 0 25
1 2 2 0 0 0 0 0 0 0 0 0 0 0 0 0 0 0 0 0 0 1 1 1 1 1 25
1 2 3 0 0 0 0 0 0 0 0 0 0 0 0 1 1 2 1 0 26 1 1 1 1 2 25
1 2 4 0 0 0 0 0 0 0 0 0 0 0 0 1 1 2 1 1 26 0 0 0 0 0 0
1 2 5 0 0 0 0 0 0 0 0 0 0 0 0 1 1 2 1 2 26 1 1 3 1 0 26
1 2 6 0 0 0 0 0 0 0 0 0 0 0 0 0 0 0 0 0 0 1 1 3 1 1 26
1 2 7 0 0 0 0 0 0 0 0 0 0 0 0 1 1 4 1 0 27 1 1 3 1 2 26
1 2 8 0 0 0 0 0 0 0 0 0 0 0 0 1 1 4 1 1 27 0 0 0 0 0 0
1 2 9 0 0 0 0 0 0 0 0 0 0 0 0 1 1 4 1 2 27 1 1 5 1 0 27
1 2 10 0 0 0 0 0 0 0 0 0 0 0 0 0 0 0 0 0 0 1 1 5 1 1 27
1 2 11 0 0 0 0 0 0 0 0 0 0 0 0 1 1 6 1 0 28 1 1 5 1 2 27
1 2 12 0 0 0 0 0 0 0 0 0 0 0 0 1 1 6 1 1 28 0 0 0 0 0 0
1 2 13 0 0 0 0 0 0 0 0 0 0 0 0 1 1 6 1 2 28 1 1 7 1 0 28
1 2 14 0 0 0 0 0 0 0 0 0 0 0 0 0 0 0 0 0 0 1 1 7 1 1 28
1 2 15 0 0 0 0 0 0 0 0 0 0 0 0 1 1 8 1 0 29 1 1 7 1 2 28
1 2 16 0 0 0 0 0 0 0 0 0 0 0 0 1 1 8 1 1 29 0 0 0 0 0 0
1 2 17 0 0 0 0 0 0 0 0 0 0 0 0 1 1 8 1 2 29 0 0 0 0 0 0
1 2 18 0 0 0 0 0 0 0 0 0 0 0 0 0 0 0 0 0 0 0 0 0 0 0 0
1 2 19 0 0 0 0 0 0 0 0 0 0 0 0 0 0 0 0 0 0 0 0 0 0 0 0
1 2 20 0 0 0 0 0 0 0 0 0 0 0 0 0 0 0 0 0 0 0 0 0 0 0 0
1 2 21 0 0 0 0 0 0 0 0 0 0 0 0 0 0 0 0 0 0 0 0 0 0 0 0
1 2 22 0 0 0 0 0 0 0 0 0 0 0 0 0 0 0 0 0 0 0 0 0 0 0 0
1 2 23 0 0 0 0 0 0 0 0 0 0 0 0 0 0 0 0 0 0 0 0 0 0 0 0
1 2 24 0 0 0 0 0 0 0 0 0 0 0 0 0 0 0 0 0 0 0 0 0 0 0 0
1 2 25 0 0 0 0 0 0 0 0 0 0 0 0 0 0 0 0 0 0 0 0 0 0 0 0
1 2 26 0 0 0 0 0 0 0 0 0 0 0 0 0 0 0 0 0 0 0 0 0 0 0 0
1 2 27 0 0 0 0 0 0 0 0 0 0 0 0 0 0 0 0 0 0 0 0 0 0 0 0
1 2 28 0 0 0 0 0 0 0 0 0 0 0 0 0 0 0 0 0 0 0 0 0 0 0 0
1 2 29 0 0 0 0 0 0 0 0 0 0 0 0 0 0 0 0 0 0 0 0 0 0 0 0
1 2 30 0 0 0 0 0 0 0 0 0 0 0 0 0 0 0 0 0 0 0 0 0 0 0 0
1 2 31 0 0 0 0 0 0 0 0 0 0 0 0 0 0 0 0 0 0 0 0 0 0 0 0
1 3 0 1 2 0 0 1 30 0 0 0 0 0 0 1 1 0 2 1 25 0 0 0 0 0 0
1 3 1 1 2 0 0 2 30 1 2 1 0 0 30 1 1 0 2 2 25 1 1 1 2 0 25
1 3 2 0 0 0 0 0 0 1 2 1 0 1 30 0 0 0 0 0 0 1 1 1 2 1 25
1 3 3 1 2 2 0 0 31 1 2 1 0 2 30 1 1 2 2 0 26 1 1 1 2 2 25
1 3 4 1 2 2 0 1 31 0 0 0 0 0 0 1 1 2 2 1 26 0 0 0 0 0 0
1 3 5 1 2 2 0 2 31 1 2 3 0 0 31 1 1 2 2 2 26 1 1 3 2 0 26
1 3 6 0 0 0 0 0 0 1 2 3 0 1 31 0 0 0 0 0 0 1 1 3 2 1 26
1 3 7 1 2 4 0 0 32 1 2 3 0 2 31 1 1 4 2 0 27 1 1 3 2 2 26
1 3 8 1 2 4 0 1 32 0 0 0 0 0 0 1 1 4 2 1 27 0 0 0 0 0 0
1 3 9 1 2 4 0 2 32 1 2 5 0 0 32 1 1 4 2 2 27 1 1 5 2 0 27
1 3 10 0 0 0 0 0 0 1 2 5 0 1 32 0 0 0 0 0 0 1 1 5 2 1 27
1 3 11 1 2 6 0 0 33 1 2 5 0 2 32 1 1 6 2 0 28 1 1 5 2 2 27
1 3 12 1 2 6 0 1 33 0 0 0 0 0 0 1 1 6 2 1 28 0 0 0 0 0 0
1 3 13 1 2 6 0 2 33 1 2 7 0 0 33 1 1 6 2 2 28 1 1 7 2 0 28
1 3 14 0 0 0 0 0 0 1 2 7 0 1 33 0 0 0 0 0 0 1 1 7 2 1 28
1 3 15 1 2 8 0 0 34 1 2 7 0 2 33 1 1 8 2 0 29 1 1 7 2 2 28
1 3 16 1 2 8 0 1 34 0 0 0 0 0 0 1 1 8 2 1 29 0 0 0 0 0 0
1 3 17 1 2 8 0 2 34 0 0 0 0 0 0 1 1 8 2 2 29 0 0 0 0 0 0
1 3 18 0 0 0 0 0 0 0 0 0 0 0 0 0 0 0 0 0 0 0 0 0 0 0 0
1 3 19 0 0 0 0 0 0 0 0 0 0 0 0 0 0 0 0 0 0 0 0 0 0 0 0
1 3 20 0 0 0 0 0 0 0 0 0 0 0 0 0 0 0 0 0 0 0 0 0 0 0 0
1 3 21 0 0 0 0 0 0 0 0 0 0 0 0 0 0 0 0 0 0 0 0 0 0 0 0
1 3 22 0 0 0 0 0 0 0 0 0 0 0 0 0 0 0 0 0 0 0 0 0 0 0 0
1 3 23 0 0 0 0 0 0 0 0 0 0 0 0 0 0 0 0 0 0 0 0 0 0 0 0
1 3 24 0 0 0 0 0 0 0 0 0 0 0 0 0 0 0 0 0 0 0 0 0 0 0 0
1 3 25 0 0 0 0 0 0 0 0 0 0 0 0 0 0 0 0 0 0 0 0 0 0 0 0
1 3 26 0 0 0 0 0 0 0 0 0 0 0 0 0 0 0 0 0 0 0 0 0 0 0 0
1 3 27 0 0 0 0 0 0 0 0 0 0 0 0 0 0 0 0 0 0 0 0 0 0 0 0
1 3 28 0 0 0 0 0 0 0 0 0 0 0 0 0 0 0 0 0 0 0 0 0 0 0 0
1 3 29 0 0 0 0 0 0 0 0 0 0 0 0 0 0 0 0 0 0 0 0 0 0 0 0
1 3 30 0 0 0 0 0 0 0 0 0 0 0 0 0 0 0 0 0 0 0 0 0 0 0 0
1 3 31 0 0 0 0 0 0 0 0 0 0 0 0 0 0 0 0 0 0 0 0 0 0 0 0
1 4 0 1 2 0 1 1 30 0 0 0 0 0 0 0 0 0 0 0 0 0 0 0 0 0 0
1 4 1 1 2 0 1 2 30 1 2 1 1 0 30 0 0 0 0 0 0 0 0 0 0 0 0
1 4 2 0 0 0 0 0 0 1 2 1 1 1 30 0 0 0 0 0 0 0 0 0 0 0 0
1 4 3 1 2 2 1 0 31 1 2 1 1 2 30 0 0 0 0 0 0 0 0 0 0 0 0
1 4 4 1 2 2 1 1 31 0 0 0 0 0 0 0 0 0 0 0 0 0 0 0 0 0 0
1 4 5 1 2 2 1 2 31 1 2 3 1 0 31 0 0 0 0 0 0 0 0 0 0 0 0
1 4 6 0 0 0 0 0 0 1 2 3 1 1 31 0 0 0 0 0 0 0 0 0 0 0 0
1 4 7 1 2 4 1 0 32 1 2 3 1 2 31 0 0 0 0 0 0 0 0 0 0 0 0
1 4 8 1 2 4 1 1 32 0 0 0 0 0 0 0 0 0 0 0 0 0 0 0 0 0 0
1 4 9 1 2 4 1 2 32 1 2 5 1 0 32 0 0 0 0 0 0 0 0 0 0 0 0
1 4 10 0 0 0 0 0 0 1 2 5 1 1 32 0 0 0 0 0 0 0 0 0 0 0 0
1 4 11 1 2 6 1 0 33 1 2 5 1 2 32 0 0 0 0 0 0 0 0 0 0 0 0
1 4 12 1 2 6 1 1 33 0 0 0 0 0 0 0 0 0 0 0 0 0 0 0 0 0 0
1 4 13 1 2 6 1 2 33 1 2 7 1 0 33 0 0 0 0 0 0 0 0 0 0 0 0
1 4 14 0 0 0 0 0 0 1 2 7 1 1 33 0 0 0 0 0 0 0 0 0 0 0 0
1 4 15 1 2 8 1 0 34 1 2 7 1 2 33 0 0 0 0 0 0 0 0 0 0 0 0
1 4 16 1 2 8 1 1 34 0 0 0 0 0 0 0 0 0 0 0 0 0 0 0 0 0 0
1 4 17 1 2 8 1 2 34 0 0 0 0 0 0 0 0 0 0 0 0 0 0 0 0 0 0
1 4 18 0 0 0 0 0 0 0 0 0 0 0 0 0 0 0 0 0 0 0 0 0 0 0 0
1 4 19 0 0 0 0 0 0 0 0 0 0 0 0 0 0 0 0 0 0 0 0 0 0 0 0
1 4 20 0 0 0 0 0 0 0 0 0 0 0 0 0 0 0 0 0 0 0 0 0 0 0 0
1 4 21 0 0 0 0 0 0 0 0 0 0 0 0 0 0 0 0 0 0 0 0 0 0 0 0
1 4 22 0 0 0 0 0 0 0 0 0 0 0 0 0 0 0 0 0 0 0 0 0 0 0 0
1 4 23 0 0 0 0 0 0 0 0 0 0 0 0 0 0 0 0 0 0 0 0 0 0 0 0
1 4 24 0 0 0 0 0 0 0 0 0 0 0 0 0 0 0 0 0 0 0 0 0 0 0 0
1 4 25 0 0 0 0 0 0 0 0 0 0 0 0 0 0 0 0 0 0 0 0 0 0 0 0
1 4 26 0 0 0 0 0 0 0 0 0 0 0 0 0 0 0 0 0 0 0 0 0 0 0 0
1 4 27 0 0 0 0 0 0 0 0 0 0 0 0 0 0 0 0 0 0 0 0 0 0 0 0
1 4 28 0 0 0 0 0 0 0 0 0 0 0 0 0 0 0 0 0 0 0 0 0 0 0 0
1 4 29 0 0 0 0 0 0 0 0 0 0 0 0 0 0 0 0 0 0 0 0 0 0 0 0
1 4 30 0 0 0 0 0 0 0 0 0 0 0 0 0 0 0 0 0 0 0 0 0 0 0 0
1 4 31 0 0 0 0 0 0 0 0 0 0 0 0 0 0 0 0 0 0 0 0 0 0 0 0
1 5 0 1 2 0 2 1 30 0 0 0 0 0 0 1 3 0 0 1 30 0 0 0 0 0 0
1 5 1 1 2 0 2 2 30 1 2 1 2 0 30 1 3 0 0 2 30 1 3 1 0 0 30
1 5 2 0 0 0 0 0 0 1 2 1 2 1 30 0 0 0 0 0 0 1 3 1 0 1 30
1 5 3 1 2 2 2 0 31 1 2 1 2 2 30 1 3 2 0 0 31 1 3 1 0 2 30
1 5 4 1 2 2 2 1 31 0 0 0 0 0 0 1 3 2 0 1 31 0 0 0 0 0 0
1 5 5 1 2 2 2 2 31 1 2 3 2 0 31 1 3 2 0 2 31 1 3 3 0 0 31
1 5 6 0 0 0 0 0 0 1 2 3 2 1 31 0 0 0 0 0 0 1 3 3 0 1 31
1 5 7 1 2 4 2 0 32 1 2 3 2 2 31 1 3 4 0 0 32 1 3 3 0 2 31
1 5 8 1 2 4 2 1 32 0 0 0 0 0 0 1 3 4 0 1 32 0 0 0 0 0 0
1 5 9 1 2 4 2 2 32 1 2 5 2 0 32 1 3 4 0 2 32 1 3 5 0 0 32
1 5 10 0 0 0 0 0 0 1 2 5 2 1 32 0 0 0 0 0 0 1 3 5 0 1 32
1 5 11 1 2 6 2 0 33 1 2 5 2 2 32 1 3 6 0 0 33 1 3 5 0 2 32
1 5 12 1 2 6 2 1 33 0 0 0 0 0 0 1 3 6 0 1 33 0 0 0 0 0 0
1 5 13 1 2 6 2 2 33 1 2 7 2 0 33 1 3 6 0 2 33 1 3 7 0 0 33
1 5 14 0 0 0 0 0 0 1 2 7 2 1 33 0 0 0 0 0 0 1 3 7 0 1 33
1 5 15 1 2 8 2 0 34 1 2 7 2 2 33 1 3 8 0 0 34 1 3 7 0 2 33
1 5 16 1 2 8 2 1 34 0 0 0 0 0 0 1 3 8 0 1 34 0 0 0 0 0 0
1 5 17 1 2 8 2 2 34 0 0 0 0 0 0 1 3 8 0 2 34 0 0 0 0 0 0
1 5 18 0 0 0 0 0 0 0 0 0 0 0 0 0 0 0 0 0 0 0 0 0 0 0 0
1 5 19 0 0 0 0 0 0 0 0 0 0 0 0 0 0 0 0 0 0 0 0 0 0 0 0
1 5 20 0 0 0 0 0 0 0 0 0 0 0 0 0 0 0 0 0 0 0 0 0 0 0 0
1 5 21 0 0 0 0 0 0 0 0 0 0 0 0 0 0 0 0 0 0 0 0 0 0 0 0
1 5 22 0 0 0 0 0 0 0 0 0 0 0 0 0 0 0 0 0 0 0 0 0 0 0 0
1 5 23 0 0 0 0 0 0 0 0 0 0 0 0 0 0 0 0 0 0 0 0 0 0 0 0
1 5 24 0 0 0 0 0 0 0 0 0 0 0 0 0 0 0 0 0 0 0 0 0 0 0 0
1 5 25 0 0 0 0 0 0 0 0 0 0 0 0 0 0 0 0 0 0 0 0 0 0 0 0
1 5 26 0 0 0 0 0 0 0 0 0 0 0 0 0 0 0 0 0 0 0 0 0 0 0 0
1 5 27 0 0 0 0 0 0 0 0 0 0 0 0 0 0 0 0 0 0 0 0 0 0 0 0
1 5 28 0 0 0 0 0 0 0 0 0 0 0 0 0 0 0 0 0 0 0 0 0 0 0 0
1 5 29 0 0 0 0 0 0 0 0 0 0 0 0 0 0 0 0 0 0 0 0 0 0 0 0
1 5 30 0 0 0 0 0 0 0 0 0 0 0 0 0 0 0 0 0 0 0 0 0 0 0 0
1 5 31 0 0 0 0 0 0 0 0 0 0 0 0 0 0 0 0 0 0 0 0 0 0 0 0
1 6 0 0 0 0 0 0 0 0 0 0 0 0 0 1 3 0 1 1 30 0 0 0 0 0 0
1 6 1 0 0 0 0 0 0 0 0 0 0 0 0 1 3 0 1 2 30 1 3 1 1 0 30
1 6 2 0 0 0 0 0 0 0 0 0 0 0 0 0 0 0 0 0 0 1 3 1 1 1 30
1 6 3 0 0 0 0 0 0 0 0 0 0 0 0 1 3 2 1 0 31 1 3 1 1 2 30
1 6 4 0 0 0 0 0 0 0 0 0 0 0 0 1 3 2 1 1 31 0 0 0 0 0 0
1 6 5 0 0 0 0 0 0 0 0 0 0 0 0 1 3 2 1 2 31 1 3 3 1 0 31
1 6 6 0 0 0 0 0 0 0 0 0 0 0 0 0 0 0 0 0 0 1 3 3 1 1 31
1 6 7 0 0 0 0 0 0 0 0 0 0 0 0 1 3 4 1 0 32 1 3 3 1 2 31
1 6 8 0 0 0 0 0 0 0 0 0 0 0 0 1 3 4 1 1 32 0 0 0 0 0 0
1 6 9 0 0 0 0 0 0 0 0 0 0 0 0 1 3 4 1 2 32 1 3 5 1 0 32
1 6 10 0 0 0 0 0 0 0 0 0 0 0 0 0 0 0 0 0 0 1 3 5 1 1 32
1 6 11 0 0 0 0 0 0 0 0 0 0 0 0 1 3 6 1 0 33 1 3 5 1 2 32
1 6 12 0 0 0 0 0 0 0 0 0 0 0 0 1 3 6 1 1 33 0 0 0 0 0 0
1 6 13 0 0 0 0 0 0 0 0 0 0 0 0 1 3 6 1 2 33 1 3 7 1 0 33
1 6 14 0 0 0 0 0 0 0 0 0 0 0 0 0 0 0 0 0 0 1 3 7 1 1 33
1 6 15 0 0 0 0 0 0 0 0 0 0 0 0 1 3 8 1 0 34 1 3 7 1 2 33
1 6 16 0 0 0 0 0 0 0 0 0 0 0 0 1 3 8 1 1 34 0 0 0 0 0 0
1 6 17 0 0 0 0 0 0 0 0 0 0 0 0 1 3 8 1 2 34 0 0 0 0 0 0
1 6 18 0 0 0 0 0 0 0 0 0 0 0 0 0 0 0 0 0 0 0 0 0 0 0 0
1 6 19 0 0 0 0 0 0 0 0 0 0 0 0 0 0 0 0 0 0 0 0 0 0 0 0
1 6 20 0 0 0 0 0 0 0 0 0 0 0 0 0 0 0 0 0 0 0 0 0 0 0 0
1 6 21 0 0 0 0 0 0 0 0 0 0 0 0 0 0 0 0 0 0 0 0 0 0 0 0
1 6 22 0 0 0 0 0 0 0 0 0 0 0 0 0 0 0 0 0 0 0 0 0 0 0 0
1 6 23 0 0 0 0 0 0 0 0 0 0 0 0 0 0 0 0 0 0 0 0 0 0 0 0
1 6 24 0 0 0 0 0 0 0 0 0 0 0 0 0 0 0 0 0 0 0 0 0 0 0 0
1 6 25 0 0 0 0 0 0 0 0 0 0 0 0 0 0 0 0 0 0 0 0 0 0 0 0
1 6 26 0 0 0 0 0 0 0 0 0 0 0 0 0 0 0 0 0 0 0 0 0 0 0 0
1 6 27 0 0 0 0 0 0 0 0 0 0 0 0 0 0 0 0 0 0 0 0 0 0 0 0
1 6 28 0 0 0 0 0 0 0 0 0 0 0 0 0 0 0 0 0 0 0 0 0 0 0 0
1 6 29 0 0 0 0 0 0 0 0 0 0 0 0 0 0 0 0 0 0 0 0 0 0 0 0
1 6 30 0 0 0 0 0 0 0 0 0 0 0 0 0 0 0 0 0 0 0 0 0 0 0 0
1 6 31 0 0 0 0 0 0 0 0 0 0 0 0 0 0 0 0 0 0 0 0 0 0 0 0
1 7 0 1 4 0 0 1 35 0 0 0 0 0 0 1 3 0 2 1 30 0 0 0 0 0 0
1 7 1 1 4 0 0 2 35 1 4 1 0 0 35 1 3 0 2 2 30 1 3 1 2 0 30
1 7 2 0 0 0 0 0 0 1 4 1 0 1 35 0 0 0 0 0 0 1 3 1 2 1 30
1 7 3 1 4 2 0 0 36 1 4 1 0 2 35 1 3 2 2 0 31 1 3 1 2 2 30
1 7 4 1 4 2 0 1 36 0 0 0 0 0 0 1 3 2 2 1 31 0 0 0 0 0 0
1 7 5 1 4 2 0 2 36 1 4 3 0 0 36 1 3 2 2 2 31 1 3 3 2 0 31
1 7 6 0 0 0 0 0 0 1 4 3 0 1 36 0 0 0 0 0 0 1 3 3 2 1 31
1 7 7 1 4 4 0 0 37 1 4 3 0 2 36 1 3 4 2 0 32 1 3 3 2 2 31
1 7 8 1 4 4 0 1 37 0 0 0 0 0 0 1 3 4 2 1 32 0 0 0 0 0 0
1 7 9 1 4 4 0 2 37 1 4 5 0 0 37 1 3 4 2 2 32 1 3 5 2 0 32
1 7 10 0 0 0 0 0 0 1 4 5 0 1 37 0 0 0 0 0 0 1 3 5 2 1 32
1 7 11 1 4 6 0 0 38 1 4 5 0 2 37 1 3 6 2 0 33 1 3 5 2 2 32
1 7 12 1 4 6 0 1 38 0 0 0 0 0 0 1 3 6 2 1 33 0 0 0 0 0 0
1 7 13 1 4 6 0 2 38 1 4 7 0 0 38 1 3 6 2 2 33 1 3 7 2 0 33
1 7 14 0 0 0 0 0 0 1 4 7 0 1 38 0 0 0 0 0 0 1 3 7 2 1 33
1 7 15 1 4 8 0 0 39 1 4 7 0 2 38 1 3 8 2 0 34 1 3 7 2 2 33
1 7 16 1 4 8 0 1 39 0 0 0 0 0 0 1 3 8 2 1 34 0 0 0 0 0 0
1 7 17 1 4 8 0 2 39 0 0 0 0 0 0 1 3 8 2 2 34 0 0 0 0 0 0
1 7 18 0 0 0 0 0 0 0 0 0 0 0 0 0 0 0 0 0 0 0 0 0 0 0 0
1 7 19 0 0 0 0 0 0 0 0 0 0 0 0 0 0 0 0 0 0 0 0 0 0 0 0
1 7 20 0 0 0 0 0 0 0 0 0 0 0 0 0 0 0 0 0 0 0 0 0 0 0 0
1 7 21 0 0 0 0 0 0 0 0 0 0 0 0 0 0 0 0 0 0 0 0 0 0 0 0
1 7 22 0 0 0 0 0 0 0 0 0 0 0 0 0 0 0 0 0 0 0 0 0 0 0 0
1 7 23 0 0 0 0 0 0 0 0 0 0 0 0 0 0 0 0 0 0 0 0 0 0 0 0
1 7 24 0 0 0 0 0 0 0 0 0 0 0 0 0 0 0 0 0 0 0 0 0 0 0 0
1 7 25 0 0 0 0 0 0 0 0 0 0 0 0 0 0 0 0 0 0 0 0 0 0 0 0
1 7 26 0 0 0 0 0 0 0 0 0 0 0 0 0 0 0 0 0 0 0 0 0 0 0 0
1 7 27 0 0 0 0 0 0 0 0 0 0 0 0 0 0 0 0 0 0 0 0 0 0 0 0
1 7 28 0 0 0 0 0 0 0 0 0 0 0 0 0 0 0 0 0 0 0 0 0 0 0 0
1 7 29 0 0 0 0 0 0 0 0 0 0 0 0 0 0 0 0 0 0 0 0 0 0 0 0
1 7 30 0 0 0 0 0 0 0 0 0 0 0 0 0 0 0 0 0 0 0 0 0 0 0 0
1 7 31 0 0 0 0 0 0 0 0 0 0 0 0 0 0 0 0 0 0 0 0 0 0 0 0
1 8 0 1 4 0 1 1 35 0 0 0 0 0 0 0 0 0 0 0 0 0 0 0 0 0 0
1 8 1 1 4 0 1 2 35 1 4 1 1 0 35 0 0 0 0 0 0 0 0 0 0 0 0
1 8 2 0 0 0 0 0 0 1 4 1 1 1 35 0 0 0 0 0 0 0 0 0 0 0 0
1 8 3 1 4 2 1 0 36 1 4 1 1 2 35 0 0 0 0 0 0 0 0 0 0 0 0
1 8 4 1 4 2 1 1 36 0 0 0 0 0 0 0 0 0 0 0 0 0 0 0 0 0 0
1 8 5 1 4 2 1 2 36 1 4 3 1 0 36 0 0 0 0 0 0 0 0 0 0 0 0
1 8 6 0 0 0 0 0 0 1 4 3 1 1 36 0 0 0 0 0 0 0 0 0 0 0 0
1 8 7 1 4 4 1 0 37 1 4 3 1 2 36 0 0 0 0 0 0 0 0 0 0 0 0
1 8 8 1 4 4 1 1 37 0 0 0 0 0 0 0 0 0 0 0 0 0 0 0 0 0 0
1 8 9 1 4 4 1 2 37 1 4 5 1 0 37 0 0 0 0 0 0 0 0 0 0 0 0
1 8 10 0 0 0 0 0 0 1 4 5 1 1 37 0 0 0 0 0 0 0 0 0 0 0 0
1 8 11 1 4 6 1 0 38 1 4 5 1 2 37 0 0 0 0 0 0 0 0 0 0 0 0
1 8 12 1 4 6 1 1 38 0 0 0 0 0 0 0 0 0 0 0 0 0 0 0 0 0 0
1 8 13 1 4 6 1 2 38 1 4 7 1 0 38 0 0 0 0 0 0 0 0 0 0 0 0
1 8 14 0 0 0 0 0 0 1 4 7 1 1 38 0 0 0 0 0 0 0 0 0 0 0 0
1 8 15 1 4 8 1 0 39 1 4 7 1 2 38 0 0 0 0 0 0 0 0 0 0 0 0
1 8 16 1 4 8 1 1 39 0 0 0 0 0 0 0 0 0 0 0 0 0 0 0 0 0 0
1 8 17 1 4 8 1 2 39 0 0 0 0 0 0 0 0 0 0 0 0 0 0 0 0 0 0
1 8 18 0 0 0 0 0 0 0 0 0 0 0 0 0 0 0 0 0 0 0 0 0 0 0 0
1 8 19 0 0 0 0 0 0 0 0 0 0 0 0 0 0 0 0 0 0 0 0 0 0 0 0
1 8 20 0 0 0 0 0 0 0 0 0 0 0 0 0 0 0 0 0 0 0 0 0 0 0 0
1 8 21 0 0 0 0 0 0 0 0 0 0 0 0 0 0 0 0 0 0 0 0 0 0 0 0
1 8 22 0 0 0 0 0 0 0 0 0 0 0 0 0 0 0 0 0 0 0 0 0 0 0 0
1 8 23 0 0 0 0 0 0 0 0 0 0 0 0 0 0 0 0 0 0 0 0 0 0 0 0
1 8 24 0 0 0 0 0 0 0 0 0 0 0 0 0 0 0 0 0 0 0 0 0 0 0 0
1 8 25 0 0 0 0 0 0 0 0 0 0 0 0 0 0 0 0 0 0 0 0 0 0 0 0
1 8 26 0 0 0 0 0 0 0 0 0 0 0 0 0 0 0 0 0 0 0 0 0 0 0 0
1 8 27 0 0 0 0 0 0 0 0 0 0 0 0 0 0 0 0 0 0 0 0 0 0 0 0
1 8 28 0 0 0 0 0 0 0 0 0 0 0 0 0 0 0 0 0 0 0 0 0 0 0 0
1 8 29 0 0 0 0 0 0 0 0 0 0 0 0 0 0 0 0 0 0 0 0 0 0 0 0
1 8 30 0 0 0 0 0 0 0 0 0 0 0 0 0 0 0 0 0 0 0 0 0 0 0 0
1 8 31 0 0 0 0 0 0 0 0 0 0 0 0 0 0 0 0 0 0 0 0 0 0 0 0
1 9 0 1 4 0 2 1 35 0 0 0 0 0 0 1 5 0 0 1 35 0 0 0 0 0 0
1 9 1 1 4 0 2 2 35 1 4 1 2 0 35 1 5 0 0 2 35 1 5 1 0 0 35
1 9 2 0 0 0 0 0 0 1 4 1 2 1 35 0 0 0 0 0 0 1 5 1 0 1 35
1 9 3 1 4 2 2 0 36 1 4 1 2 2 35 1 5 2 0 0 36 1 5 1 0 2 35
1 9 4 1 4 2 2 1 36 0 0 0 0 0 0 1 5 2 0 1 36 0 0 0 0 0 0
1 9 5 1 4 2 2 2 36 1 4 3 2 0 36 1 5 2 0 2 36 1 5 3 0 0 36
1 9 6 0 0 0 0 0 0 1 4 3 2 1 36 0 0 0 0 0 0 1 5 3 0 1 36
1 9 7 1 4 4 2 0 37 1 4 3 2 2 36 1 5 4 0 0 37 1 5 3 0 2 36
1 9 8 1 4 4 2 1 37 0 0 0 0 0 0 1 5 4 0 1 37 0 0 0 0 0 0
1 9 9 1 4 4 2 2 37 1 4 5 2 0 37 1 5 4 0 2 37 1 5 5 0 0 37
1 9 10 0 0 0 0 0 0 1 4 5 2 1 37 0 0 0 0 0 0 1 5 5 0 1 37
1 9 11 1 4 6 2 0 38 1 4 5 2 2 37 1 5 6 0 0 38 1 5 5 0 2 37
1 9 12 1 4 6 2 1 38 0 0 0 0 0 0 1 5 6 0 1 38 0 0 0 0 0 0
1 9 13 1 4 6 2 2 38 1 4 7 2 0 38 1 5 6 0 2 38 1 5 7 0 0 38
1 9 14 0 0 0 0 0 0 1 4 7 2 1 38 0 0 0 0 0 0 1 5 7 0 1 38
1 9 15 1 4 8 2 0 39 1 4 7 2 2 38 1 5 8 0 0 39 1 5 7 0 2 38
1 9 16 1 4 8 2 1 39 0 0 0 0 0 0 1 5 8 0 1 39 0 0 0 0 0 0
1 9 17 1 4 8 2 2 39 0 0 0 0 0 0 1 5 8 0 2 39 0 0 0 0 0 0
1 9 18 0 0 0 0 0 0 0 0 0 0 0 0 0 0 0 0 0 0 0 0 0 0 0 0
1 9 19 0 0 0 0 0 0 0 0 0 0 0 0 0 0 0 0 0 0 0 0 0 0 0 0
1 9 20 0 0 0 0 0 0 0 0 0 0 0 0 0 0 0 0 0 0 0 0 0 0 0 0
1 9 21 0 0 0 0 0 0 0 0 0 0 0 0 0 0 0 0 0 0 0 0 0 0 0 0
1 9 22 0 0 0 0 0 0 0 0 0 0 0 0 0 0 0 0 0 0 0 0 0 0 0 0
1 9 23 0 0 0 0 0 0 0 0 0 0 0 0 0 0 0 0 0 0 0 0 0 0 0 0
1 9 24 0 0 0 0 0 0 0 0 0 0 0 0 0 0 0 0 0 0 0 0 0 0 0 0
1 9 25 0 0 0 0 0 0 0 0 0 0 0 0 0 0 0 0 0 0 0 0 0 0 0 0
1 9 26 0 0 0 0 0 0 0 0 0 0 0 0 0 0 0 0 0 0 0 0 0 0 0 0
1 9 27 0 0 0 0 0 0 0 0 0 0 0 0 0 0 0 0 0 0 0 0 0 0 0 0
1 9 28 0 0 0 0 0 0 0 0 0 0 0 0 0 0 0 0 0 0 0 0 0 0 0 0
1 9 29 0 0 0 0 0 0 0 0 0 0 0 0 0 0 0 0 0 0 0 0 0 0 0 0
1 9 30 0 0 0 0 0 0 0 0 0 0 0 0 0 0 0 0 0 0 0 0 0 0 0 0
1 9 31 0 0 0 0 0 0 0 0 0 0 0 0 0 0 0 0 0 0 0 0 0 0 0 0
1 10 0 0 0 0 0 0 0 0 0 0 0 0 0 1 5 0 1 1 35 0 0 0 0 0 0
1 10 1 0 0 0 0 0 0 0 0 0 0 0 0 1 5 0 1 2 35 1 5 1 1 0 35
1 10 2 0 0 0 0 0 0 0 0 0 0 0 0 0 0 0 0 0 0 1 5 1 1 1 35
1 10 3 0 0 0 0 0 0 0 0 0 0 0 0 1 5 2 1 0 36 1 5 1 1 2 35
1 10 4 0 0 0 0 0 0 0 0 0 0 0 0 1 5 2 1 1 36 0 0 0 0 0 0
1 10 5 0 0 0 0 0 0 0 0 0 0 0 0 1 5 2 1 2 36 1 5 3 1 0 36
1 10 6 0 0 0 0 0 0 0 0 0 0 0 0 0 0 0 0 0 0 1 5 3 1 1 36
1 10 7 0 0 0 0 0 0 0 0 0 0 0 0 1 5 4 1 0 37 1 5 3 1 2 36
1 10 8 0 0 0 0 0 0 0 0 0 0 0 0 1 5 4 1 1 37 0 0 0 0 0 0
1 10 9 0 0 0 0 0 0 0 0 0 0 0 0 1 5 4 1 2 37 1 5 5 1 0 37
1 10 10 0 0 0 0 0 0 0 0 0 0 0 0 0 0 0 0 0 0 1 5 5 1 1 37
1 10 11 0 0 0 0 0 0 0 0 0 0 0 0 1 5 6 1 0 38 1 5 5 1 2 37
1 10 12 0 0 0 0 0 0 0 0 0 0 0 0 1 5 6 1 1 38 0 0 0 0 0 0
1 10 13 0 0 0 0 0 0 0 0 0 0 0 0 1 5 6 1 2 38 1 5 7 1 0 38
1 10 14 0 0 0 0 0 0 0 0 0 0 0 0 0 0 0 0 0 0 1 5 7 1 1 38
1 10 15 0 0 0 0 0 0 0 0 0 0 0 0 1 5 8 1 0 39 1 5 7 1 2 38
1 10 16 0 0 0 0 0 0 0 0 0 0 0 0 1 5 8 1 1 39 0 0 0 0 0 0
1 10 17 0 0 0 0 0 0 0 0 0 0 0 0 1 5 8 1 2 39 0 0 0 0 0 0
1 10 18 0 0 0 0 0 0 0 0 0 0 0 0 0 0 0 0 0 0 0 0 0 0 0 0
1 10 19 0 0 0 0 0 0 0 0 0 0 0 0 0 0 0 0 0 0 0 0 0 0 0 0
1 10 20 0 0 0 0 0 0 0 0 0 0 0 0 0 0 0 0 0 0 0 0 0 0 0 0
1 10 21 0 0 0 0 0 0 0 0 0 0 0 0 0 0 0 0 0 0 0 0 0 0 0 0
1 10 22 0 0 0 0 0 0 0 0 0 0 0 0 0 0 0 0 0 0 0 0 0 0 0 0
1 10 23 0 0 0 0 0 0 0 0 0 0 0 0 0 0 0 0 0 0 0 0 0 0 0 0
1 10 24 0 0 0 0 0 0 0 0 0 0 0 0 0 0 0 0 0 0 0 0 0 0 0 0
1 10 25 0 0 0 0 0 0 0 0 0 0 0 0 0 0 0 0 0 0 0 0 0 0 0 0
1 10 26 0 0 0 0 0 0 0 0 0 0 0 0 0 0 0 0 0 0 0 0 0 0 0 0
1 10 27 0 0 0 0 0 0 0 0 0 0 0 0 0 0 0 0 0 0 0 0 0 0 0 0
1 10 28 0 0 0 0 0 0 0 0 0 0 0 0 0 0 0 0 0 0 0 0 0 0 0 0
1 10 29 0 0 0 0 0 0 0 0 0 0 0 0 0 0 0 0 0 0 0 0 0 0 0 0
1 10 30 0 0 0 0 0 0 0 0 0 0 0 0 0 0 0 0 0 0 0 0 0 0 0 0
1 10 31 0 0 0 0 0 0 0 0 0 0 0 0 0 0 0 0 0 0 0 0 0 0 0 0
1 11 0 1 6 0 0 1 40 0 0 0 0 0 0 1 5 0 2 1 35 0 0 0 0 0 0
1 11 1 1 6 0 0 2 40 1 6 1 0 0 40 1 5 0 2 2 35 1 5 1 2 0 35
1 11 2 0 0 0 0 0 0 1 6 1 0 1 40 0 0 0 0 0 0 1 5 1 2 1 35
1 11 3 1 6 2 0 0 41 1 6 1 0 2 40 1 5 2 2 0 36 1 5 1 2 2 35
1 11 4 1 6 2 0 1 41 0 0 0 0 0 0 1 5 2 2 1 36 0 0 0 0 0 0
1 11 5 1 6 2 0 2 41 1 6 3 0 0 41 1 5 2 2 2 36 1 5 3 2 0 36
1 11 6 0 0 0 0 0 0 1 6 3 0 1 41 0 0 0 0 0 0 1 5 3 2 1 36
1 11 7 1 6 4 0 0 42 1 6 3 0 2 41 1 5 4 2 0 37 1 5 3 2 2 36
1 11 8 1 6 4 0 1 42 0 0 0 0 0 0 1 5 4 2 1 37 0 0 0 0 0 0
1 11 9 1 6 4 0 2 42 1 6 5 0 0 42 1 5 4 2 2 37 1 5 5 2 0 37
1 11 10 0 0 0 0 0 0 1 6 5 0 1 42 0 0 0 0 0 0 1 5 5 2 1 37
1 11 11 1 6 6 0 0 43 1 6 5 0 2 42 1 5 6 2 0 38 1 5 5 2 2 37
1 11 12 1 6 6 0 1 43 0 0 0 0 0 0 1 5 6 2 1 38 0 0 0 0 0 0
1 11 13 1 6 6 0 2 43 1 6 7 0 0 43 1 5 6 2 2 38 1 5 7 2 0 38
1 11 14 0 0 0 0 0 0 1 6 7 0 1 43 0 0 0 0 0 0 1 5 7 2 1 38
1 11 15 1 6 8 0 0 44 1 6 7 0 2 43 1 5 8 2 0 39 1 5 7 2 2 38
1 11 16 1 6 8 0 1 44 0 0 0 0 0 0 1 5 8 2 1 39 0 0 0 0 0 0
1 11 17 1 6 8 0 2 44 0 0 0 0 0 0 1 5 8 2 2 39 0 0 0 0 0 0
1 11 18 0 0 0 0 0 0 0 0 0 0 0 0 0 0 0 0 0 0 0 0 0 0 0 0
1 11 19 0 0 0 0 0 0 0 0 0 0 0 0 0 0 0 0 0 0 0 0 0 0 0 0
1 11 20 0 0 0 0 0 0 0 0 0 0 0 0 0 0 0 0 0 0 0 0 0 0 0 0
1 11 21 0 0 0 0 0 0 0 0 0 0 0 0 0 0 0 0 0 0 0 0 0 0 0 0
1 11 22 0 0 0 0 0 0 0 0 0 0 0 0 0 0 0 0 0 0 0 0 0 0 0 0
1 11 23 0 0 0 0 0 0 0 0 0 0 0 0 0 0 0 0 0 0 0 0 0 0 0 0
1 11 24 0 0 0 0 0 0 0 0 0 0 0 0 0 0 0 0 0 0 0 0 0 0 0 0
1 11 25 0 0 0 0 0 0 0 0 0 0 0 0 0 0 0 0 0 0 0 0 0 0 0 0
1 11 26 0 0 0 0 0 0 0 0 0 0 0 0 0 0 0 0 0 0 0 0 0 0 0 0
1 11 27 0 0 0 0 0 0 0 0 0 0 0 0 0 0 0 0 0 0 0 0 0 0 0 0
1 11 28 0 0 0 0 0 0 0 0 0 0 0 0 0 0 0 0 0 0 0 0 0 0 0 0
1 11 29 0 0 0 0 0 0 0 0 0 0 0 0 0 0 0 0 0 0 0 0 0 0 0 0
1 11 30 0 0 0 0 0 0 0 0 0 0 0 0 0 0 0 0 0 0 0 0 0 0 0 0
1 11 31 0 0 0 0 0 0 0 0 0 0 0 0 0 0 0 0 0 0 0 0 0 0 0 0
1 12 0 1 6 0 1 1 40 0 0 0 0 0 0 0 0 0 0 0 0 0 0 0 0 0 0
1 12 1 1 6 0 1 2 40 1 6 1 1 0 40 0 0 0 0 0 0 0 0 0 0 0 0
1 12 2 0 0 0 0 0 0 1 6 1 1 1 40 0 0 0 0 0 0 0 0 0 0 0 0
1 12 3 1 6 2 1 0 41 1 6 1 1 2 40 0 0 0 0 0 0 0 0 0 0 0 0
1 12 4 1 6 2 1 1 41 0 0 0 0 0 0 0 0 0 0 0 0 0 0 0 0 0 0
1 12 5 1 6 2 1 2 41 1 6 3 1 0 41 0 0 0 0 0 0 0 0 0 0 0 0
1 12 6 0 0 0 0 0 0 1 6 3 1 1 41 0 0 0 0 0 0 0 0 0 0 0 0
1 12 7 1 6 4 1 0 42 1 6 3 1 2 41 0 0 0 0 0 0 0 0 0 0 0 0
1 12 8 1 6 4 1 1 42 0 0 0 0 0 0 0 0 0 0 0 0 0 0 0 0 0 0
1 12 9 1 6 4 1 2 42 1 6 5 1 0 42 0 0 0 0 0 0 0 0 0 0 0 0
1 12 10 0 0 0 0 0 0 1 6 5 1 1 42 0 0 0 0 0 0 0 0 0 0 0 0
1 12 11 1 6 6 1 0 43 1 6 5 1 2 42 0 0 0 0 0 0 0 0 0 0 0 0
1 12 12 1 6 6 1 1 43 0 0 0 0 0 0 0 0 0 0 0 0 0 0 0 0 0 0
1 12 13 1 6 6 1 2 43 1 6 7 1 0 43 0 0 0 0 0 0 0 0 0 0 0 0
1 12 14 0 0 0 0 0 0 1 6 7 1 1 43 0 0 0 0 0 0 0 0 0 0 0 0
1 12 15 1 6 8 1 0 44 1 6 7 1 2 43 0 0 0 0 0 0 0 0 0 0 0 0
1 12 16 1 6 8 1 1 44 0 0 0 0 0 0 0 0 0 0 0 0 0 0 0 0 0 0
1 12 17 1 6 8 1 2 44 0 0 0 0 0 0 0 0 0 0 0 0 0 0 0 0 0 0
1 12 18 0 0 0 0 0 0 0 0 0 0 0 0 0 0 0 0 0 0 0 0 0 0 0 0
1 12 19 0 0 0 0 0 0 0 0 0 0 0 0 0 0 0 0 0 0 0 0 0 0 0 0
1 12 20 0 0 0 0 0 0 0 0 0 0 0 0 0 0 0 0 0 0 0 0 0 0 0 0
1 12 21 0 0 0 0 0 0 0 0 0 0 0 0 0 0 0 0 0 0 0 0 0 0 0 0
1 12 22 0 0 0 0 0 0 0 0 0 0 0 0 0 0 0 0 0 0 0 0 0 0 0 0
1 12 23 0 0 0 0 0 0 0 0 0 0 0 0 0 0 0 0 0 0 0 0 0 0 0 0
1 12 24 0 0 0 0 0 0 0 0 0 0 0 0 0 0 0 0 0 0 0 0 0 0 0 0
1 12 25 0 0 0 0 0 0 0 0 0 0 0 0 0 0 0 0 0 0 0 0 0 0 0 0
1 12 26 0 0 0 0 0 0 0 0 0 0 0 0 0 0 0 0 0 0 0 0 0 0 0 0
1 12 27 0 0 0 0 0 0 0 0 0 0 0 0 0 0 0 0 0 0 0 0 0 0 0 0
1 12 28 0 0 0 0 0 0 0 0 0 0 0 0 0 0 0 0 0 0 0 0 0 0 0 0
1 12 29 0 0 0 0 0 0 0 0 0 0 0 0 0 0 0 0 0 0 0 0 0 0 0 0
1 12 30 0 0 0 0 0 0 0 0 0 0 0 0 0 0 0 0 0 0 0 0 0 0 0 0
1 12 31 0 0 0 0 0 0 0 0 0 0 0 0 0 0 0 0 0 0 0 0 0 0 0 0
1 13 0 1 6 0 2 1 40 0 0 0 0 0 0 1 7 0 0 1 40 0 0 0 0 0 0
1 13 1 1 6 0 2 2 40 1 6 1 2 0 40 1 7 0 0 2 40 1 7 1 0 0 40
1 13 2 0 0 0 0 0 0 1 6 1 2 1 40 0 0 0 0 0 0 1 7 1 0 1 40
1 13 3 1 6 2 2 0 41 1 6 1 2 2 40 1 7 2 0 0 41 1 7 1 0 2 40
1 13 4 1 6 2 2 1 41 0 0 0 0 0 0 1 7 2 0 1 41 0 0 0 0 0 0
1 13 5 1 6 2 2 2 41 1 6 3 2 0 41 1 7 2 0 2 41 1 7 3 0 0 41
1 13 6 0 0 0 0 0 0 1 6 3 2 1 41 0 0 0 0 0 0 1 7 3 0 1 41
1 13 7 1 6 4 2 0 42 1 6 3 2 2 41 1 7 4 0 0 42 1 7 3 0 2 41
1 13 8 1 6 4 2 1 42 0 0 0 0 0 0 1 7 4 0 1 42 0 0 0 0 0 0
1 13 9 1 6 4 2 2 42 1 6 5 2 0 42 1 7 4 0 2 42 1 7 5 0 0 42
1 13 10 0 0 0 0 0 0 1 6 5 2 1 42 0 0 0 0 0 0 1 7 5 0 1 42
1 13 11 1 6 6 2 0 43 1 6 5 2 2 42 1 7 6 0 0 43 1 7 5 0 2 42
1 13 12 1 6 6 2 1 43 0 0 0 0 0 0 1 7 6 0 1 43 0 0 0 0 0 0
1 13 13 1 6 6 2 2 43 1 6 7 2 0 43 1 7 6 0 2 43 1 7 7 0 0 43
1 13 14 0 0 0 0 0 0 1 6 7 2 1 43 0 0 0 0 0 0 1 7 7 0 1 43
1 13 15 1 6 8 2 0 44 1 6 7 2 2 43 1 7 8 0 0 44 1 7 7 0 2 43
1 13 16 1 6 8 2 1 44 0 0 0 0 0 0 1 7 8 0 1 44 0 0 0 0 0 0
1 13 17 1 6 8 2 2 44 0 0 0 0 0 0 1 7 8 0 2 44 0 0 0 0 0 0
1 13 18 0 0 0 0 0 0 0 0 0 0 0 0 0 0 0 0 0 0 0 0 0 0 0 0
1 13 19 0 0 0 0 0 0 0 0 0 0 0 0 0 0 0 0 0 0 0 0 0 0 0 0
1 13 20 0 0 0 0 0 0 0 0 0 0 0 0 0 0 0 0 0 0 0 0 0 0 0 0
1 13 21 0 0 0 0 0 0 0 0 0 0 0 0 0 0 0 0 0 0 0 0 0 0 0 0
1 13 22 0 0 0 0 0 0 0 0 0 0 0 0 0 0 0 0 0 0 0 0 0 0 0 0
1 13 23 0 0 0 0 0 0 0 0 0 0 0 0 0 0 0 0 0 0 0 0 0 0 0 0
1 13 24 0 0 0 0 0 0 0 0 0 0 0 0 0 0 0 0 0 0 0 0 0 0 0 0
1 13 25 0 0 0 0 0 0 0 0 0 0 0 0 0 0 0 0 0 0 0 0 0 0 0 0
1 13 26 0 0 0 0 0 0 0 0 0 0 0 0 0 0 0 0 0 0 0 0 0 0 0 0
1 13 27 0 0 0 0 0 0 0 0 0 0 0 0 0 0 0 0 0 0 0 0 0 0 0 0
1 13 28 0 0 0 0 0 0 0 0 0 0 0 0 0 0 0 0 0 0 0 0 0 0 0 0
1 13 29 0 0 0 0 0 0 0 0 0 0 0 0 0 0 0 0 0 0 0 0 0 0 0 0
1 13 30 0 0 0 0 0 0 0 0 0 0 0 0 0 0 0 0 0 0 0 0 0 0 0 0
1 13 31 0 0 0 0 0 0 0 0 0 0 0 0 0 0 0 0 0 0 0 0 0 0 0 0
1 14 0 0 0 0 0 0 0 0 0 0 0 0 0 1 7 0 1 1 40 0 0 0 0 0 0
1 14 1 0 0 0 0 0 0 0 0 0 0 0 0 1 7 0 1 2 40 1 7 1 1 0 40
1 14 2 0 0 0 0 0 0 0 0 0 0 0 0 0 0 0 0 0 0 1 7 1 1 1 40
1 14 3 0 0 0 0 0 0 0 0 0 0 0 0 1 7 2 1 0 41 1 7 1 1 2 40
1 14 4 0 0 0 0 0 0 0 0 0 0 0 0 1 7 2 1 1 41 0 0 0 0 0 0
1 14 5 0 0 0 0 0 0 0 0 0 0 0 0 1 7 2 1 2 41 1 7 3 1 0 41
1 14 6 0 0 0 0 0 0 0 0 0 0 0 0 0 0 0 0 0 0 1 7 3 1 1 41
1 14 7 0 0 0 0 0 0 0 0 0 0 0 0 1 7 4 1 0 42 1 7 3 1 2 41
1 14 8 0 0 0 0 0 0 0 0 0 0 0 0 1 7 4 1 1 42 0 0 0 0 0 0
1 14 9 0 0 0 0 0 0 0 0 0 0 0 0 1 7 4 1 2 42 1 7 5 1 0 42
1 14 10 0 0 0 0 0 0 0 0 0 0 0 0 0 0 0 0 0 0 1 7 5 1 1 42
1 14 11 0 0 0 0 0 0 0 0 0 0 0 0 1 7 6 1 0 43 1 7 5 1 2 42
1 14 12 0 0 0 0 0 0 0 0 0 0 0 0 1 7 6 1 1 43 0 0 0 0 0 0
1 14 13 0 0 0 0 0 0 0 0 0 0 0 0 1 7 6 1 2 43 1 7 7 1 0 43
1 14 14 0 0 0 0 0 0 0 0 0 0 0 0 0 0 0 0 0 0 1 7 7 1 1 43
1 14 15 0 0 0 0 0 0 0 0 0 0 0 0 1 7 8 1 0 44 1 7 7 1 2 43
1 14 16 0 0 0 0 0 0 0 0 0 0 0 0 1 7 8 1 1 44 0 0 0 0 0 0
1 14 17 0 0 0 0 0 0 0 0 0 0 0 0 1 7 8 1 2 44 0 0 0 0 0 0
1 14 18 0 0 0 0 0 0 0 0 0 0 0 0 0 0 0 0 0 0 0 0 0 0 0 0
1 14 19 0 0 0 0 0 0 0 0 0 0 0 0 0 0 0 0 0 0 0 0 0 0 0 0
1 14 20 0 0 0 0 0 0 0 0 0 0 0 0 0 0 0 0 0 0 0 0 0 0 0 0
1 14 21 0 0 0 0 0 0 0 0 0 0 0 0 0 0 0 0 0 0 0 0 0 0 0 0
1 14 22 0 0 0 0 0 0 0 0 0 0 0 0 0 0 0 0 0 0 0 0 0 0 0 0
1 14 23 0 0 0 0 0 0 0 0 0 0 0 0 0 0 0 0 0 0 0 0 0 0 0 0
1 14 24 0 0 0 0 0 0 0 0 0 0 0 0 0 0 0 0 0 0 0 0 0 0 0 0
1 14 25 0 0 0 0 0 0 0 0 0 0 0 0 0 0 0 0 0 0 0 0 0 0 0 0
1 14 26 0 0 0 0 0 0 0 0 0 0 0 0 0 0 0 0 0 0 0 0 0 0 0 0
1 14 27 0 0 0 0 0 0 0 0 0 0 0 0 0 0 0 0 0 0 0 0 0 0 0 0
1 14 28 0 0 0 0 0 0 0 0 0 0 0 0 0 0 0 0 0 0 0 0 0 0 0 0
1 14 29 0 0 0 0 0 0 0 0 0 0 0 0 0 0 0 0 0 0 0 0 0 0 0 0
1 14 30 0 0 0 0 0 0 0 0 0 0 0 0 0 0 0 0 0 0 0 0 0 0 0 0
1 14 31 0 0 0 0 0 0 0 0 0 0 0 0 0 0 0 0 0 0 0 0 0 0 0 0
1 15 0 1 8 0 0 1 45 0 0 0 0 0 0 1 7 0 2 1 40 0 0 0 0 0 0
1 15 1 1 8 0 0 2 45 1 8 1 0 0 45 1 7 0 2 2 40 1 7 1 2 0 40
1 15 2 0 0 0 0 0 0 1 8 1 0 1 45 0 0 0 0 0 0 1 7 1 2 1 40
1 15 3 1 8 2 0 0 46 1 8 1 0 2 45 1 7 2 2 0 41 1 7 1 2 2 40
1 15 4 1 8 2 0 1 46 0 0 0 0 0 0 1 7 2 2 1 41 0 0 0 0 0 0
1 15 5 1 8 2 0 2 46 1 8 3 0 0 46 1 7 2 2 2 41 1 7 3 2 0 41
1 15 6 0 0 0 0 0 0 1 8 3 0 1 46 0 0 0 0 0 0 1 7 3 2 1 41
1 15 7 1 8 4 0 0 47 1 8 3 0 2 46 1 7 4 2 0 42 1 7 3 2 2 41
1 15 8 1 8 4 0 1 47 0 0 0 0 0 0 1 7 4 2 1 42 0 0 0 0 0 0
1 15 9 1 8 4 0 2 47 1 8 5 0 0 47 1 7 4 2 2 42 1 7 5 2 0 42
1 15 10 0 0 0 0 0 0 1 8 5 0 1 47 0 0 0 0 0 0 1 7 5 2 1 42
1 15 11 1 8 6 0 0 48 1 8 5 0 2 47 1 7 6 2 0 43 1 7 5 2 2 42
1 15 12 1 8 6 0 1 48 0 0 0 0 0 0 1 7 6 2 1 43 0 0 0 0 0 0
1 15 13 1 8 6 0 2 48 1 8 7 0 0 48 1 7 6 2 2 43 1 7 7 2 0 43
1 15 14 0 0 0 0 0 0 1 8 7 0 1 48 0 0 0 0 0 0 1 7 7 2 1 43
1 15 15 1 8 8 0 0 49 1 8 7 0 2 48 1 7 8 2 0 44 1 7 7 2 2 43
1 15 16 1 8 8 0 1 49 0 0 0 0 0 0 1 7 8 2 1 44 0 0 0 0 0 0
1 15 17 1 8 8 0 2 49 0 0 0 0 0 0 1 7 8 2 2 44 0 0 0 0 0 0
1 15 18 0 0 0 0 0 0 0 0 0 0 0 0 0 0 0 0 0 0 0 0 0 0 0 0
1 15 19 0 0 0 0 0 0 0 0 0 0 0 0 0 0 0 0 0 0 0 0 0 0 0 0
1 15 20 0 0 0 0 0 0 0 0 0 0 0 0 0 0 0 0 0 0 0 0 0 0 0 0
1 15 21 0 0 0 0 0 0 0 0 0 0 0 0 0 0 0 0 0 0 0 0 0 0 0 0
1 15 22 0 0 0 0 0 0 0 0 0 0 0 0 0 0 0 0 0 0 0 0 0 0 0 0
1 15 23 0 0 0 0 0 0 0 0 0 0 0 0 0 0 0 0 0 0 0 0 0 0 0 0
1 15 24 0 0 0 0 0 0 0 0 0 0 0 0 0 0 0 0 0 0 0 0 0 0 0 0
1 15 25 0 0 0 0 0 0 0 0 0 0 0 0 0 0 0 0 0 0 0 0 0 0 0 0
1 15 26 0 0 0 0 0 0 0 0 0 0 0 0 0 0 0 0 0 0 0 0 0 0 0 0
1 15 27 0 0 0 0 0 0 0 0 0 0 0 0 0 0 0 0 0 0 0 0 0 0 0 0
1 15 28 0 0 0 0 0 0 0 0 0 0 0 0 0 0 0 0 0 0 0 0 0 0 0 0
1 15 29 0 0 0 0 0 0 0 0 0 0 0 0 0 0 0 0 0 0 0 0 0 0 0 0
1 15 30 0 0 0 0 0 0 0 0 0 0 0 0 0 0 0 0 0 0 0 0 0 0 0 0
1 15 31 0 0 0 0 0 0 0 0 0 0 0 0 0 0 0 0 0 0 0 0 0 0 0 0
1 16 0 1 8 0 1 1 45 0 0 0 0 0 0 0 0 0 0 0 0 0 0 0 0 0 0
1 16 1 1 8 0 1 2 45 1 8 1 1 0 45 0 0 0 0 0 0 0 0 0 0 0 0
1 16 2 0 0 0 0 0 0 1 8 1 1 1 45 0 0 0 0 0 0 0 0 0 0 0 0
1 16 3 1 8 2 1 0 46 1 8 1 1 2 45 0 0 0 0 0 0 0 0 0 0 0 0
1 16 4 1 8 2 1 1 46 0 0 0 0 0 0 0 0 0 0 0 0 0 0 0 0 0 0
1 16 5 1 8 2 1 2 46 1 8 3 1 0 46 0 0 0 0 0 0 0 0 0 0 0 0
1 16 6 0 0 0 0 0 0 1 8 3 1 1 46 0 0 0 0 0 0 0 0 0 0 0 0
1 16 7 1 8 4 1 0 47 1 8 3 1 2 46 0 0 0 0 0 0 0 0 0 0 0 0
1 16 8 1 8 4 1 1 47 0 0 0 0 0 0 0 0 0 0 0 0 0 0 0 0 0 0
1 16 9 1 8 4 1 2 47 1 8 5 1 0 47 0 0 0 0 0 0 0 0 0 0 0 0
1 16 10 0 0 0 0 0 0 1 8 5 1 1 47 0 0 0 0 0 0 0 0 0 0 0 0
1 16 11 1 8 6 1 0 48 1 8 5 1 2 47 0 0 0 0 0 0 0 0 0 0 0 0
1 16 12 1 8 6 1 1 48 0 0 0 0 0 0 0 0 0 0 0 0 0 0 0 0 0 0
1 16 13 1 8 6 1 2 48 1 8 7 1 0 48 0 0 0 0 0 0 0 0 0 0 0 0
1 16 14 0 0 0 0 0 0 1 8 7 1 1 48 0 0 0 0 0 0 0 0 0 0 0 0
1 16 15 1 8 8 1 0 49 1 8 7 1 2 48 0 0 0 0 0 0 0 0 0 0 0 0
1 16 16 1 8 8 1 1 49 0 0 0 0 0 0 0 0 0 0 0 0 0 0 0 0 0 0
1 16 17 1 8 8 1 2 49 0 0 0 0 0 0 0 0 0 0 0 0 0 0 0 0 0 0
1 16 18 0 0 0 0 0 0 0 0 0 0 0 0 0 0 0 0 0 0 0 0 0 0 0 0
1 16 19 0 0 0 0 0 0 0 0 0 0 0 0 0 0 0 0 0 0 0 0 0 0 0 0
1 16 20 0 0 0 0 0 0 0 0 0 0 0 0 0 0 0 0 0 0 0 0 0 0 0 0
1 16 21 0 0 0 0 0 0 0 0 0 0 0 0 0 0 0 0 0 0 0 0 0 0 0 0
1 16 22 0 0 0 0 0 0 0 0 0 0 0 0 0 0 0 0 0 0 0 0 0 0 0 0
1 16 23 0 0 0 0 0 0 0 0 0 0 0 0 0 0 0 0 0 0 0 0 0 0 0 0
1 16 24 0 0 0 0 0 0 0 0 0 0 0 0 0 0 0 0 0 0 0 0 0 0 0 0
1 16 25 0 0 0 0 0 0 0 0 0 0 0 0 0 0 0 0 0 0 0 0 0 0 0 0
1 16 26 0 0 0 0 0 0 0 0 0 0 0 0 0 0 0 0 0 0 0 0 0 0 0 0
1 16 27 0 0 0 0 0 0 0 0 0 0 0 0 0 0 0 0 0 0 0 0 0 0 0 0
1 16 28 0 0 0 0 0 0 0 0 0 0 0 0 0 0 0 0 0 0 0 0 0 0 0 0
1 16 29 0 0 0 0 0 0 0 0 0 0 0 0 0 0 0 0 0 0 0 0 0 0 0 0
1 16 30 0 0 0 0 0 0 0 0 0 0 0 0 0 0 0 0 0 0 0 0 0 0 0 0
1 16 31 0 0 0 0 0 0 0 0 0 0 0 0 0 0 0 0 0 0 0 0 0 0 0 0
1 17 0 1 8 0 2 1 45 0 0 0 0 0 0 0 0 0 0 0 0 0 0 0 0 0 0
1 17 1 1 8 0 2 2 45 1 8 1 2 0 45 0 0 0 0 0 0 0 0 0 0 0 0
1 17 2 0 0 0 0 0 0 1 8 1 2 1 45 0 0 0 0 0 0 0 0 0 0 0 0
1 17 3 1 8 2 2 0 46 1 8 1 2 2 45 0 0 0 0 0 0 0 0 0 0 0 0
1 17 4 1 8 2 2 1 46 0 0 0 0 0 0 0 0 0 0 0 0 0 0 0 0 0 0
1 17 5 1 8 2 2 2 46 1 8 3 2 0 46 0 0 0 0 0 0 0 0 0 0 0 0
1 17 6 0 0 0 0 0 0 1 8 3 2 1 46 0 0 0 0 0 0 0 0 0 0 0 0
1 17 7 1 8 4 2 0 47 1 8 3 2 2 46 0 0 0 0 0 0 0 0 0 0 0 0
1 17 8 1 8 4 2 1 47 0 0 0 0 0 0 0 0 0 0 0 0 0 0 0 0 0 0
1 17 9 1 8 4 2 2 47 1 8 5 2 0 47 0 0 0 0 0 0 0 0 0 0 0 0
1 17 10 0 0 0 0 0 0 1 8 5 2 1 47 0 0 0 0 0 0 0 0 0 0 0 0
1 17 11 1 8 6 2 0 48 1 8 5 2 2 47 0 0 0 0 0 0 0 0 0 0 0 0
1 17 12 1 8 6 2 1 48 0 0 0 0 0 0 0 0 0 0 0 0 0 0 0 0 0 0
1 17 13 1 8 6 2 2 48 1 8 7 2 0 48 0 0 0 0 0 0 0 0 0 0 0 0
1 17 14 0 0 0 0 0 0 1 8 7 2 1 48 0 0 0 0 0 0 0 0 0 0 0 0
1 17 15 1 8 8 2 0 49 1 8 7 2 2 48 0 0 0 0 0 0 0 0 0 0 0 0
1 17 16 1 8 8 2 1 49 0 0 0 0 0 0 0 0 0 0 0 0 0 0 0 0 0 0
1 17 17 1 8 8 2 2 49 0 0 0 0 0 0 0 0 0 0 0 0 0 0 0 0 0 0
1 17 18 0 0 0 0 0 0 0 0 0 0 0 0 0 0 0 0 0 0 0 0 0 0 0 0
1 17 19 0 0 0 0 0 0 0 0 0 0 0 0 0 0 0 0 0 0 0 0 0 0 0 0
1 17 20 0 0 0 0 0 0 0 0 0 0 0 0 0 0 0 0 0 0 0 0 0 0 0 0
1 17 21 0 0 0 0 0 0 0 0 0 0 0 0 0 0 0 0 0 0 0 0 0 0 0 0
1 17 22 0 0 0 0 0 0 0 0 0 0 0 0 0 0 0 0 0 0 0 0 0 0 0 0
1 17 23 0 0 0 0 0 0 0 0 0 0 0 0 0 0 0 0 0 0 0 0 0 0 0 0
1 17 24 0 0 0 0 0 0 0 0 0 0 0 0 0 0 0 0 0 0 0 0 0 0 0 0
1 17 25 0 0 0 0 0 0 0 0 0 0 0 0 0 0 0 0 0 0 0 0 0 0 0 0
1 17 26 0 0 0 0 0 0 0 0 0 0 0 0 0 0 0 0 0 0 0 0 0 0 0 0
1 17 27 0 0 0 0 0 0 0 0 0 0 0 0 0 0 0 0 0 0 0 0 0 0 0 0
1 17 28 0 0 0 0 0 0 0 0 0 0 0 0 0 0 0 0 0 0 0 0 0 0 0 0
1 17 29 0 0 0 0 0 0 0 0 0 0 0 0 0 0 0 0 0 0 0 0 0 0 0 0
1 17 30 0 0 0 0 0 0 0 0 0 0 0 0 0 0 0 0 0 0 0 0 0 0 0 0
1 17 31 0 0 0 0 0 0 0 0 0 0 0 0 0 0 0 0 0 0 0 0 0 0 0 0
1 18 0 0 0 0 0 0 0 0 0 0 0 0 0 0 0 0 0 0 0 0 0 0 0 0 0
1 18 1 0 0 0 0 0 0 0 0 0 0 0 0 0 0 0 0 0 0 0 0 0 0 0 0
1 18 2 0 0 0 0 0 0 0 0 0 0 0 0 0 0 0 0 0 0 0 0 0 0 0 0
1 18 3 0 0 0 0 0 0 0 0 0 0 0 0 0 0 0 0 0 0 0 0 0 0 0 0
1 18 4 0 0 0 0 0 0 0 0 0 0 0 0 0 0 0 0 0 0 0 0 0 0 0 0
1 18 5 0 0 0 0 0 0 0 0 0 0 0 0 0 0 0 0 0 0 0 0 0 0 0 0
1 18 6 0 0 0 0 0 0 0 0 0 0 0 0 0 0 0 0 0 0 0 0 0 0 0 0
1 18 7 0 0 0 0 0 0 0 0 0 0 0 0 0 0 0 0 0 0 0 0 0 0 0 0
1 18 8 0 0 0 0 0 0 0 0 0 0 0 0 0 0 0 0 0 0 0 0 0 0 0 0
1 18 9 0 0 0 0 0 0 0 0 0 0 0 0 0 0 0 0 0 0 0 0 0 0 0 0
1 18 10 0 0 0 0 0 0 0 0 0 0 0 0 0 0 0 0 0 0 0 0 0 0 0 0
1 18 11 0 0 0 0 0 0 0 0 0 0 0 0 0 0 0 0 0 0 0 0 0 0 0 0
1 18 12 0 0 0 0 0 0 0 0 0 0 0 0 0 0 0 0 0 0 0 0 0 0 0 0
1 18 13 0 0 0 0 0 0 0 0 0 0 0 0 0 0 0 0 0 0 0 0 0 0 0 0
1 18 14 0 0 0 0 0 0 0 0 0 0 0 0 0 0 0 0 0 0 0 0 0 0 0 0
1 18 15 0 0 0 0 0 0 0 0 0 0 0 0 0 0 0 0 0 0 0 0 0 0 0 0
1 18 16 0 0 0 0 0 0 0 0 0 0 0 0 0 0 0 0 0 0 0 0 0 0 0 0
1 18 17 0 0 0 0 0 0 0 0 0 0 0 0 0 0 0 0 0 0 0 0 0 0 0 0
1 18 18 0 0 0 0 0 0 0 0 0 0 0 0 0 0 0 0 0 0 0 0 0 0 0 0
1 18 19 0 0 0 0 0 0 0 0 0 0 0 0 0 0 0 0 0 0 0 0 0 0 0 0
1 18 20 0 0 0 0 0 0 0 0 0 0 0 0 0 0 0 0 0 0 0 0 0 0 0 0
1 18 21 0 0 0 0 0 0 0 0 0 0 0 0 0 0 0 0 0 0 0 0 0 0 0 0
1 18 22 0 0 0 0 0 0 0 0 0 0 0 0 0 0 0 0 0 0 0 0 0 0 0 0
1 18 23 0 0 0 0 0 0 0 0 0 0 0 0 0 0 0 0 0 0 0 0 0 0 0 0
1 18 24 0 0 0 0 0 0 0 0 0 0 0 0 0 0 0 0 0 0 0 0 0 0 0 0
1 18 25 0 0 0 0 0 0 0 0 0 0 0 0 0 0 0 0 0 0 0 0 0 0 0 0
1 18 26 0 0 0 0 0 0 0 0 0 0 0 0 0 0 0 0 0 0 0 0 0 0 0 0
1 18 27 0 0 0 0 0 0 0 0 0 0 0 0 0 0 0 0 0 0 0 0 0 0 0 0
1 18 28 0 0 0 0 0 0 0 0 0 0 0 0 0 0 0 0 0 0 0 0 0 0 0 0
1 18 29 0 0 0 0 0 0 0 0 0 0 0 0 0 0 0 0 0 0 0 0 0 0 0 0
1 18 30 0 0 0 0 0 0 0 0 0 0 0 0 0 0 0 0 0 0 0 0 0 0 0 0
1 18 31 0 0 0 0 0 0 0 0 0 0 0 0 0 0 0 0 0 0 0 0 0 0 0 0
1 19 0 0 0 0 0 0 0 0 0 0 0 0 0 0 0 0 0 0 0 0 0 0 0 0 0
1 19 1 0 0 0 0 0 0 0 0 0 0 0 0 0 0 0 0 0 0 0 0 0 0 0 0
1 19 2 0 0 0 0 0 0 0 0 0 0 0 0 0 0 0 0 0 0 0 0 0 0 0 0
1 19 3 0 0 0 0 0 0 0 0 0 0 0 0 0 0 0 0 0 0 0 0 0 0 0 0
1 19 4 0 0 0 0 0 0 0 0 0 0 0 0 0 0 0 0 0 0 0 0 0 0 0 0
1 19 5 0 0 0 0 0 0 0 0 0 0 0 0 0 0 0 0 0 0 0 0 0 0 0 0
1 19 6 0 0 0 0 0 0 0 0 0 0 0 0 0 0 0 0 0 0 0 0 0 0 0 0
1 19 7 0 0 0 0 0 0 0 0 0 0 0 0 0 0 0 0 0 0 0 0 0 0 0 0
1 19 8 0 0 0 0 0 0 0 0 0 0 0 0 0 0 0 0 0 0 0 0 0 0 0 0
1 19 9 0 0 0 0 0 0 0 0 0 0 0 0 0 0 0 0 0 0 0 0 0 0 0 0
1 19 10 0 0 0 0 0 0 0 0 0 0 0 0 0 0 0 0 0 0 0 0 0 0 0 0
1 19 11 0 0 0 0 0 0 0 0 0 0 0 0 0 0 0 0 0 0 0 0 0 0 0 0
1 19 12 0 0 0 0 0 0 0 0 0 0 0 0 0 0 0 0 0 0 0 0 0 0 0 0
1 19 13 0 0 0 0 0 0 0 0 0 0 0 0 0 0 0 0 0 0 0 0 0 0 0 0
1 19 14 0 0 0 0 0 0 0 0 0 0 0 0 0 0 0 0 0 0 0 0 0 0 0 0
1 19 15 0 0 0 0 0 0 0 0 0 0 0 0 0 0 0 0 0 0 0 0 0 0 0 0
1 19 16 0 0 0 0 0 0 0 0 0 0 0 0 0 0 0 0 0 0 0 0 0 0 0 0
1 19 17 0 0 0 0 0 0 0 0 0 0 0 0 0 0 0 0 0 0 0 0 0 0 0 0
1 19 18 0 0 0 0 0 0 0 0 0 0 0 0 0 0 0 0 0 0 0 0 0 0 0 0
1 19 19 0 0 0 0 0 0 0 0 0 0 0 0 0 0 0 0 0 0 0 0 0 0 0 0
1 19 20 0 0 0 0 0 0 0 0 0 0 0 0 0 0 0 0 0 0 0 0 0 0 0 0
1 19 21 0 0 0 0 0 0 0 0 0 0 0 0 0 0 0 0 0 0 0 0 0 0 0 0
1 19 22 0 0 0 0 0 0 0 0 0 0 0 0 0 0 0 0 0 0 0 0 0 0 0 0
1 19 23 0 0 0 0 0 0 0 0 0 0 0 0 0 0 0 0 0 0 0 0 0 0 0 0
1 19 24 0 0 0 0 0 0 0 0 0 0 0 0 0 0 0 0 0 0 0 0 0 0 0 0
1 19 25 0 0 0 0 0 0 0 0 0 0 0 0 0 0 0 0 0 0 0 0 0 0 0 0
1 19 26 0 0 0 0 0 0 0 0 0 0 0 0 0 0 0 0 0 0 0 0 0 0 0 0
1 19 27 0 0 0 0 0 0 0 0 0 0 0 0 0 0 0 0 0 0 0 0 0 0 0 0
1 19 28 0 0 0 0 0 0 0 0 0 0 0 0 0 0 0 0 0 0 0 0 0 0 0 0
1 19 29 0 0 0 0 0 0 0 0 0 0 0 0 0 0 0 0 0 0 0 0 0 0 0 0
1 19 30 0 0 0 0 0 0 0 0 0 0 0 0 0 0 0 0 0 0 0 0 0 0 0 0
1 19 31 0 0 0 0 0 0 0 0 0 0 0 0 0 0 0 0 0 0 0 0 0 0 0 0
1 20 0 0 0 0 0 0 0 0 0 0 0 0 0 0 0 0 0 0 0 0 0 0 0 0 0
1 20 1 0 0 0 0 0 0 0 0 0 0 0 0 0 0 0 0 0 0 0 0 0 0 0 0
1 20 2 0 0 0 0 0 0 0 0 0 0 0 0 0 0 0 0 0 0 0 0 0 0 0 0
1 20 3 0 0 0 0 0 0 0 0 0 0 0 0 0 0 0 0 0 0 0 0 0 0 0 0
1 20 4 0 0 0 0 0 0 0 0 0 0 0 0 0 0 0 0 0 0 0 0 0 0 0 0
1 20 5 0 0 0 0 0 0 0 0 0 0 0 0 0 0 0 0 0 0 0 0 0 0 0 0
1 20 6 0 0 0 0 0 0 0 0 0 0 0 0 0 0 0 0 0 0 0 0 0 0 0 0
1 20 7 0 0 0 0 0 0 0 0 0 0 0 0 0 0 0 0 0 0 0 0 0 0 0 0
1 20 8 0 0 0 0 0 0 0 0 0 0 0 0 0 0 0 0 0 0 0 0 0 0 0 0
1 20 9 0 0 0 0 0 0 0 0 0 0 0 0 0 0 0 0 0 0 0 0 0 0 0 0
1 20 10 0 0 0 0 0 0 0 0 0 0 0 0 0 0 0 0 0 0 0 0 0 0 0 0
1 20 11 0 0 0 0 0 0 0 0 0 0 0 0 0 0 0 0 0 0 0 0 0 0 0 0
1 20 12 0 0 0 0 0 0 0 0 0 0 0 0 0 0 0 0 0 0 0 0 0 0 0 0
1 20 13 0 0 0 0 0 0 0 0 0 0 0 0 0 0 0 0 0 0 0 0 0 0 0 0
1 20 14 0 0 0 0 0 0 0 0 0 0 0 0 0 0 0 0 0 0 0 0 0 0 0 0
1 20 15 0 0 0 0 0 0 0 0 0 0 0 0 0 0 0 0 0 0 0 0 0 0 0 0
1 20 16 0 0 0 0 0 0 0 0 0 0 0 0 0 0 0 0 0 0 0 0 0 0 0 0
1 20 17 0 0 0 0 0 0 0 0 0 0 0 0 0 0 0 0 0 0 0 0 0 0 0 0
1 20 18 0 0 0 0 0 0 0 0 0 0 0 0 0 0 0 0 0 0 0 0 0 0 0 0
1 20 19 0 0 0 0 0 0 0 0 0 0 0 0 0 0 0 0 0 0 0 0 0 0 0 0
1 20 20 0 0 0 0 0 0 0 0 0 0 0 0 0 0 0 0 0 0 0 0 0 0 0 0
1 20 21 0 0 0 0 0 0 0 0 0 0 0 0 0 0 0 0 0 0 0 0 0 0 0 0
1 20 22 0 0 0 0 0 0 0 0 0 0 0 0 0 0 0 0 0 0 0 0 0 0 0 0
1 20 23 0 0 0 0 0 0 0 0 0 0 0 0 0 0 0 0 0 0 0 0 0 0 0 0
1 20 24 0 0 0 0 0 0 0 0 0 0 0 0 0 0 0 0 0 0 0 0 0 0 0 0
1 20 25 0 0 0 0 0 0 0 0 0 0 0 0 0 0 0 0 0 0 0 0 0 0 0 0
1 20 26 0 0 0 0 0 0 0 0 0 0 0 0 0 0 0 0 0 0 0 0 0 0 0 0
1 20 27 0 0 0 0 0 0 0 0 0 0 0 0 0 0 0 0 0 0 0 0 0 0 0 0
1 20 28 0 0 0 0 0 0 0 0 0 0 0 0 0 0 0 0 0 0 0 0 0 0 0 0
1 20 29 0 0 0 0 0 0 0 0 0 0 0 0 0 0 0 0 0 0 0 0 0 0 0 0
1 20 30 0 0 0 0 0 0 0 0 0 0 0 0 0 0 0 0 0 0 0 0 0 0 0 0
1 20 31 0 0 0 0 0 0 0 0 0 0 0 0 0 0 0 0 0 0 0 0 0 0 0 0
1 21 0 0 0 0 0 0 0 0 0 0 0 0 0 0 0 0 0 0 0 0 0 0 0 0 0
1 21 1 0 0 0 0 0 0 0 0 0 0 0 0 0 0 0 0 0 0 0 0 0 0 0 0
1 21 2 0 0 0 0 0 0 0 0 0 0 0 0 0 0 0 0 0 0 0 0 0 0 0 0
1 21 3 0 0 0 0 0 0 0 0 0 0 0 0 0 0 0 0 0 0 0 0 0 0 0 0
1 21 4 0 0 0 0 0 0 0 0 0 0 0 0 0 0 0 0 0 0 0 0 0 0 0 0
1 21 5 0 0 0 0 0 0 0 0 0 0 0 0 0 0 0 0 0 0 0 0 0 0 0 0
1 21 6 0 0 0 0 0 0 0 0 0 0 0 0 0 0 0 0 0 0 0 0 0 0 0 0
1 21 7 0 0 0 0 0 0 0 0 0 0 0 0 0 0 0 0 0 0 0 0 0 0 0 0
1 21 8 0 0 0 0 0 0 0 0 0 0 0 0 0 0 0 0 0 0 0 0 0 0 0 0
1 21 9 0 0 0 0 0 0 0 0 0 0 0 0 0 0 0 0 0 0 0 0 0 0 0 0
1 21 10 0 0 0 0 0 0 0 0 0 0 0 0 0 0 0 0 0 0 0 0 0 0 0 0
1 21 11 0 0 0 0 0 0 0 0 0 0 0 0 0 0 0 0 0 0 0 0 0 0 0 0
1 21 12 0 0 0 0 0 0 0 0 0 0 0 0 0 0 0 0 0 0 0 0 0 0 0 0
1 21 13 0 0 0 0 0 0 0 0 0 0 0 0 0 0 0 0 0 0 0 0 0 0 0 0
1 21 14 0 0 0 0 0 0 0 0 0 0 0 0 0 0 0 0 0 0 0 0 0 0 0 0
1 21 15 0 0 0 0 0 0 0 0 0 0 0 0 0 0 0 0 0 0 0 0 0 0 0 0
1 21 16 0 0 0 0 0 0 0 0 0 0 0 0 0 0 0 0 0 0 0 0 0 0 0 0
1 21 17 0 0 0 0 0 0 0 0 0 0 0 0 0 0 0 0 0 0 0 0 0 0 0 0
1 21 18 0 0 0 0 0 0 0 0 0 0 0 0 0 0 0 0 0 0 0 0 0 0 0 0
1 21 19 0 0 0 0 0 0 0 0 0 0 0 0 0 0 0 0 0 0 0 0 0 0 0 0
1 21 20 0 0 0 0 0 0 0 0 0 0 0 0 0 0 0 0 0 0 0 0 0 0 0 0
1 21 21 0 0 0 0 0 0 0 0 0 0 0 0 0 0 0 0 0 0 0 0 0 0 0 0
1 21 22 0 0 0 0 0 0 0 0 0 0 0 0 0 0 0 0 0 0 0 0 0 0 0 0
1 21 23 0 0 0 0 0 0 0 0 0 0 0 0 0 0 0 0 0 0 0 0 0 0 0 0
1 21 24 0 0 0 0 0 0 0 0 0 0 0 0 0 0 0 0 0 0 0 0 0 0 0 0
1 21 25 0 0 0 0 0 0 0 0 0 0 0 0 0 0 0 0 0 0 0 0 0 0 0 0
1 21 26 0 0 0 0 0 0 0 0 0 0 0 0 0 0 0 0 0 0 0 0 0 0 0 0
1 21 27 0 0 0 0 0 0 0 0 0 0 0 0 0 0 0 0 0 0 0 0 0 0 0 0
1 21 28 0 0 0 0 0 0 0 0 0 0 0 0 0 0 0 0 0 0 0 0 0 0 0 0
1 21 29 0 0 0 0 0 0 0 0 0 0 0 0 0 0 0 0 0 0 0 0 0 0 0 0
1 21 30 0 0 0 0 0 0 0 0 0 0 0 0 0 0 0 0 0 0 0 0 0 0 0 0
1 21 31 0 0 0 0 0 0 0 0 0 0 0 0 0 0 0 0 0 0 0 0 0 0 0 0
1 22 0 0 0 0 0 0 0 0 0 0 0 0 0 0 0 0 0 0 0 0 0 0 0 0 0
1 22 1 0 0 0 0 0 0 0 0 0 0 0 0 0 0 0 0 0 0 0 0 0 0 0 0
1 22 2 0 0 0 0 0 0 0 0 0 0 0 0 0 0 0 0 0 0 0 0 0 0 0 0
1 22 3 0 0 0 0 0 0 0 0 0 0 0 0 0 0 0 0 0 0 0 0 0 0 0 0
1 22 4 0 0 0 0 0 0 0 0 0 0 0 0 0 0 0 0 0 0 0 0 0 0 0 0
1 22 5 0 0 0 0 0 0 0 0 0 0 0 0 0 0 0 0 0 0 0 0 0 0 0 0
1 22 6 0 0 0 0 0 0 0 0 0 0 0 0 0 0 0 0 0 0 0 0 0 0 0 0
1 22 7 0 0 0 0 0 0 0 0 0 0 0 0 0 0 0 0 0 0 0 0 0 0 0 0
1 22 8 0 0 0 0 0 0 0 0 0 0 0 0 0 0 0 0 0 0 0 0 0 0 0 0
1 22 9 0 0 0 0 0 0 0 0 0 0 0 0 0 0 0 0 0 0 0 0 0 0 0 0
1 22 10 0 0 0 0 0 0 0 0 0 0 0 0 0 0 0 0 0 0 0 0 0 0 0 0
1 22 11 0 0 0 0 0 0 0 0 0 0 0 0 0 0 0 0 0 0 0 0 0 0 0 0
1 22 12 0 0 0 0 0 0 0 0 0 0 0 0 0 0 0 0 0 0 0 0 0 0 0 0
1 22 13 0 0 0 0 0 0 0 0 0 0 0 0 0 0 0 0 0 0 0 0 0 0 0 0
1 22 14 0 0 0 0 0 0 0 0 0 0 0 0 0 0 0 0 0 0 0 0 0 0 0 0
1 22 15 0 0 0 0 0 0 0 0 0 0 0 0 0 0 0 0 0 0 0 0 0 0 0 0
1 22 16 0 0 0 0 0 0 0 0 0 0 0 0 0 0 0 0 0 0 0 0 0 0 0 0
1 22 17 0 0 0 0 0 0 0 0 0 0 0 0 0 0 0 0 0 0 0 0 0 0 0 0
1 22 18 0 0 0 0 0 0 0 0 0 0 0 0 0 0 0 0 0 0 0 0 0 0 0 0
1 22 19 0 0 0 0 0 0 0 0 0 0 0 0 0 0 0 0 0 0 0 0 0 0 0 0
1 22 20 0 0 0 0 0 0 0 0 0 0 0 0 0 0 0 0 0 0 0 0 0 0 0 0
1 22 21 0 0 0 0 0 0 0 0 0 0 0 0 0 0 0 0 0 0 0 0 0 0 0 0
1 22 22 0 0 0 0 0 0 0 0 0 0 0 0 0 0 0 0 0 0 0 0 0 0 0 0
1 22 23 0 0 0 0 0 0 0 0 0 0 0 0 0 0 0 0 0 0 0 0 0 0 0 0
1 22 24 0 0 0 0 0 0 0 0 0 0 0 0 0 0 0 0 0 0 0 0 0 0 0 0
1 22 25 0 0 0 0 0 0 0 0 0 0 0 0 0 0 0 0 0 0 0 0 0 0 0 0
1 22 26 0 0 0 0 0 0 0 0 0 0 0 0 0 0 0 0 0 0 0 0 0 0 0 0
1 22 27 0 0 0 0 0 0 0 0 0 0 0 0 0 0 0 0 0 0 0 0 0 0 0 0
1 22 28 0 0 0 0 0 0 0 0 0 0 0 0 0 0 0 0 0 0 0 0 0 0 0 0
1 22 29 0 0 0 0 0 0 0 0 0 0 0 0 0 0 0 0 0 0 0 0 0 0 0 0
1 22 30 0 0 0 0 0 0 0 0 0 0 0 0 0 0 0 0 0 0 0 0 0 0 0 0
1 22 31 0 0 0 0 0 0 0 0 0 0 0 0 0 0 0 0 0 0 0 0 0 0 0 0
1 23 0 0 0 0 0 0 0 0 0 0 0 0 0 0 0 0 0 0 0 0 0 0 0 0 0
1 23 1 0 0 0 0 0 0 0 0 0 0 0 0 0 0 0 0 0 0 0 0 0 0 0 0
1 23 2 0 0 0 0 0 0 0 0 0 0 0 0 0 0 0 0 0 0 0 0 0 0 0 0
1 23 3 0 0 0 0 0 0 0 0 0 0 0 0 0 0 0 0 0 0 0 0 0 0 0 0
1 23 4 0 0 0 0 0 0 0 0 0 0 0 0 0 0 0 0 0 0 0 0 0 0 0 0
1 23 5 0 0 0 0 0 0 0 0 0 0 0 0 0 0 0 0 0 0 0 0 0 0 0 0
1 23 6 0 0 0 0 0 0 0 0 0 0 0 0 0 0 0 0 0 0 0 0 0 0 0 0
1 23 7 0 0 0 0 0 0 0 0 0 0 0 0 0 0 0 0 0 0 0 0 0 0 0 0
1 23 8 0 0 0 0 0 0 0 0 0 0 0 0 0 0 0 0 0 0 0 0 0 0 0 0
1 23 9 0 0 0 0 0 0 0 0 0 0 0 0 0 0 0 0 0 0 0 0 0 0 0 0
1 23 10 0 0 0 0 0 0 0 0 0 0 0 0 0 0 0 0 0 0 0 0 0 0 0 0
1 23 11 0 0 0 0 0 0 0 0 0 0 0 0 0 0 0 0 0 0 0 0 0 0 0 0
1 23 12 0 0 0 0 0 0 0 0 0 0 0 0 0 0 0 0 0 0 0 0 0 0 0 0
1 23 13 0 0 0 0 0 0 0 0 0 0 0 0 0 0 0 0 0 0 0 0 0 0 0 0
1 23 14 0 0 0 0 0 0 0 0 0 0 0 0 0 0 0 0 0 0 0 0 0 0 0 0
1 23 15 0 0 0 0 0 0 0 0 0 0 0 0 0 0 0 0 0 0 0 0 0 0 0 0
1 23 16 0 0 0 0 0 0 0 0 0 0 0 0 0 0 0 0 0 0 0 0 0 0 0 0
1 23 17 0 0 0 0 0 0 0 0 0 0 0 0 0 0 0 0 0 0 0 0 0 0 0 0
1 23 18 0 0 0 0 0 0 0 0 0 0 0 0 0 0 0 0 0 0 0 0 0 0 0 0
1 23 19 0 0 0 0 0 0 0 0 0 0 0 0 0 0 0 0 0 0 0 0 0 0 0 0
1 23 20 0 0 0 0 0 0 0 0 0 0 0 0 0 0 0 0 0 0 0 0 0 0 0 0
1 23 21 0 0 0 0 0 0 0 0 0 0 0 0 0 0 0 0 0 0 0 0 0 0 0 0
1 23 22 0 0 0 0 0 0 0 0 0 0 0 0 0 0 0 0 0 0 0 0 0 0 0 0
1 23 23 0 0 0 0 0 0 0 0 0 0 0 0 0 0 0 0 0 0 0 0 0 0 0 0
1 23 24 0 0 0 0 0 0 0 0 0 0 0 0 0 0 0 0 0 0 0 0 0 0 0 0
1 23 25 0 0 0 0 0 0 0 0 0 0 0 0 0 0 0 0 0 0 0 0 0 0 0 0
1 23 26 0 0 0 0 0 0 0 0 0 0 0 0 0 0 0 0 0 0 0 0 0 0 0 0
1 23 27 0 0 0 0 0 0 0 0 0 0 0 0 0 0 0 0 0 0 0 0 0 0 0 0
1 23 28 0 0 0 0 0 0 0 0 0 0 0 0 0 0 0 0 0 0 0 0 0 0 0 0
1 23 29 0 0 0 0 0 0 0 0 0 0 0 0 0 0 0 0 0 0 0 0 0 0 0 0
1 23 30 0 0 0 0 0 0 0 0 0 0 0 0 0 0 0 0 0 0 0 0 0 0 0 0
1 23 31 0 0 0 0 0 0 0 0 0 0 0 0 0 0 0 0 0 0 0 0 0 0 0 0
1 24 0 0 0 0 0 0 0 0 0 0 0 0 0 0 0 0 0 0 0 0 0 0 0 0 0
1 24 1 0 0 0 0 0 0 0 0 0 0 0 0 0 0 0 0 0 0 0 0 0 0 0 0
1 24 2 0 0 0 0 0 0 0 0 0 0 0 0 0 0 0 0 0 0 0 0 0 0 0 0
1 24 3 0 0 0 0 0 0 0 0 0 0 0 0 0 0 0 0 0 0 0 0 0 0 0 0
1 24 4 0 0 0 0 0 0 0 0 0 0 0 0 0 0 0 0 0 0 0 0 0 0 0 0
1 24 5 0 0 0 0 0 0 0 0 0 0 0 0 0 0 0 0 0 0 0 0 0 0 0 0
1 24 6 0 0 0 0 0 0 0 0 0 0 0 0 0 0 0 0 0 0 0 0 0 0 0 0
1 24 7 0 0 0 0 0 0 0 0 0 0 0 0 0 0 0 0 0 0 0 0 0 0 0 0
1 24 8 0 0 0 0 0 0 0 0 0 0 0 0 0 0 0 0 0 0 0 0 0 0 0 0
1 24 9 0 0 0 0 0 0 0 0 0 0 0 0 0 0 0 0 0 0 0 0 0 0 0 0
1 24 10 0 0 0 0 0 0 0 0 0 0 0 0 0 0 0 0 0 0 0 0 0 0 0 0
1 24 11 0 0 0 0 0 0 0 0 0 0 0 0 0 0 0 0 0 0 0 0 0 0 0 0
1 24 12 0 0 0 0 0 0 0 0 0 0 0 0 0 0 0 0 0 0 0 0 0 0 0 0
1 24 13 0 0 0 0 0 0 0 0 0 0 0 0 0 0 0 0 0 0 0 0 0 0 0 0
1 24 14 0 0 0 0 0 0 0 0 0 0 0 0 0 0 0 0 0 0 0 0 0 0 0 0
1 24 15 0 0 0 0 0 0 0 0 0 0 0 0 0 0 0 0 0 0 0 0 0 0 0 0
1 24 16 0 0 0 0 0 0 0 0 0 0 0 0 0 0 0 0 0 0 0 0 0 0 0 0
1 24 17 0 0 0 0 0 0 0 0 0 0 0 0 0 0 0 0 0 0 0 0 0 0 0 0
1 24 18 0 0 0 0 0 0 0 0 0 0 0 0 0 0 0 0 0 0 0 0 0 0 0 0
1 24 19 0 0 0 0 0 0 0 0 0 0 0 0 0 0 0 0 0 0 0 0 0 0 0 0
1 24 20 0 0 0 0 0 0 0 0 0 0 0 0 0 0 0 0 0 0 0 0 0 0 0 0
1 24 21 0 0 0 0 0 0 0 0 0 0 0 0 0 0 0 0 0 0 0 0 0 0 0 0
1 24 22 0 0 0 0 0 0 0 0 0 0 0 0 0 0 0 0 0 0 0 0 0 0 0 0
1 24 23 0 0 0 0 0 0 0 0 0 0 0 0 0 0 0 0 0 0 0 0 0 0 0 0
1 24 24 0 0 0 0 0 0 0 0 0 0 0 0 0 0 0 0 0 0 0 0 0 0 0 0
1 24 25 0 0 0 0 0 0 0 0 0 0 0 0 0 0 0 0 0 0 0 0 0 0 0 0
1 24 26 0 0 0 0 0 0 0 0 0 0 0 0 0 0 0 0 0 0 0 0 0 0 0 0
1 24 27 0 0 0 0 0 0 0 0 0 0 0 0 0 0 0 0 0 0 0 0 0 0 0 0
1 24 28 0 0 0 0 0 0 0 0 0 0 0 0 0 0 0 0 0 0 0 0 0 0 0 0
1 24 29 0 0 0 0 0 0 0 0 0 0 0 0 0 0 0 0 0 0 0 0 0 0 0 0
1 24 30 0 0 0 0 0 0 0 0 0 0 0 0 0 0 0 0 0 0 0 0 0 0 0 0
1 24 31 0 0 0 0 0 0 0 0 0 0 0 0 0 0 0 0 0 0 0 0 0 0 0 0
1 25 0 0 0 0 0 0 0 0 0 0 0 0 0 0 0 0 0 0 0 0 0 0 0 0 0
1 25 1 0 0 0 0 0 0 0 0 0 0 0 0 0 0 0 0 0 0 0 0 0 0 0 0
1 25 2 0 0 0 0 0 0 0 0 0 0 0 0 0 0 0 0 0 0 0 0 0 0 0 0
1 25 3 0 0 0 0 0 0 0 0 0 0 0 0 0 0 0 0 0 0 0 0 0 0 0 0
1 25 4 0 0 0 0 0 0 0 0 0 0 0 0 0 0 0 0 0 0 0 0 0 0 0 0
1 25 5 0 0 0 0 0 0 0 0 0 0 0 0 0 0 0 0 0 0 0 0 0 0 0 0
1 25 6 0 0 0 0 0 0 0 0 0 0 0 0 0 0 0 0 0 0 0 0 0 0 0 0
1 25 7 0 0 0 0 0 0 0 0 0 0 0 0 0 0 0 0 0 0 0 0 0 0 0 0
1 25 8 0 0 0 0 0 0 0 0 0 0 0 0 0 0 0 0 0 0 0 0 0 0 0 0
1 25 9 0 0 0 0 0 0 0 0 0 0 0 0 0 0 0 0 0 0 0 0 0 0 0 0
1 25 10 0 0 0 0 0 0 0 0 0 0 0 0 0 0 0 0 0 0 0 0 0 0 0 0
1 25 11 0 0 0 0 0 0 0 0 0 0 0 0 0 0 0 0 0 0 0 0 0 0 0 0
1 25 12 0 0 0 0 0 0 0 0 0 0 0 0 0 0 0 0 0 0 0 0 0 0 0 0
1 25 13 0 0 0 0 0 0 0 0 0 0 0 0 0 0 0 0 0 0 0 0 0 0 0 0
1 25 14 0 0 0 0 0 0 0 0 0 0 0 0 0 0 0 0 0 0 0 0 0 0 0 0
1 25 15 0 0 0 0 0 0 0 0 0 0 0 0 0 0 0 0 0 0 0 0 0 0 0 0
1 25 16 0 0 0 0 0 0 0 0 0 0 0 0 0 0 0 0 0 0 0 0 0 0 0 0
1 25 17 0 0 0 0 0 0 0 0 0 0 0 0 0 0 0 0 0 0 0 0 0 0 0 0
1 25 18 0 0 0 0 0 0 0 0 0 0 0 0 0 0 0 0 0 0 0 0 0 0 0 0
1 25 19 0 0 0 0 0 0 0 0 0 0 0 0 0 0 0 0 0 0 0 0 0 0 0 0
1 25 20 0 0 0 0 0 0 0 0 0 0 0 0 0 0 0 0 0 0 0 0 0 0 0 0
1 25 21 0 0 0 0 0 0 0 0 0 0 0 0 0 0 0 0 0 0 0 0 0 0 0 0
1 25 22 0 0 0 0 0 0 0 0 0 0 0 0 0 0 0 0 0 0 0 0 0 0 0 0
1 25 23 0 0 0 0 0 0 0 0 0 0 0 0 0 0 0 0 0 0 0 0 0 0 0 0
1 25 24 0 0 0 0 0 0 0 0 0 0 0 0 0 0 0 0 0 0 0 0 0 0 0 0
1 25 25 0 0 0 0 0 0 0 0 0 0 0 0 0 0 0 0 0 0 0 0 0 0 0 0
1 25 26 0 0 0 0 0 0 0 0 0 0 0 0 0 0 0 0 0 0 0 0 0 0 0 0
1 25 27 0 0 0 0 0 0 0 0 0 0 0 0 0 0 0 0 0 0 0 0 0 0 0 0
1 25 28 0 0 0 0 0 0 0 0 0 0 0 0 0 0 0 0 0 0 0 0 0 0 0 0
1 25 29 0 0 0 0 0 0 0 0 0 0 0 0 0 0 0 0 0 0 0 0 0 0 0 0
1 25 30 0 0 0 0 0 0 0 0 0 0 0 0 0 0 0 0 0 0 0 0 0 0 0 0
1 25 31 0 0 0 0 0 0 0 0 0 0 0 0 0 0 0 0 0 0 0 0 0 0 0 0
1 26 0 0 0 0 0 0 0 0 0 0 0 0 0 0 0 0 0 0 0 0 0 0 0 0 0
1 26 1 0 0 0 0 0 0 0 0 0 0 0 0 0 0 0 0 0 0 0 0 0 0 0 0
1 26 2 0 0 0 0 0 0 0 0 0 0 0 0 0 0 0 0 0 0 0 0 0 0 0 0
1 26 3 0 0 0 0 0 0 0 0 0 0 0 0 0 0 0 0 0 0 0 0 0 0 0 0
1 26 4 0 0 0 0 0 0 0 0 0 0 0 0 0 0 0 0 0 0 0 0 0 0 0 0
1 26 5 0 0 0 0 0 0 0 0 0 0 0 0 0 0 0 0 0 0 0 0 0 0 0 0
1 26 6 0 0 0 0 0 0 0 0 0 0 0 0 0 0 0 0 0 0 0 0 0 0 0 0
1 26 7 0 0 0 0 0 0 0 0 0 0 0 0 0 0 0 0 0 0 0 0 0 0 0 0
1 26 8 0 0 0 0 0 0 0 0 0 0 0 0 0 0 0 0 0 0 0 0 0 0 0 0
1 26 9 0 0 0 0 0 0 0 0 0 0 0 0 0 0 0 0 0 0 0 0 0 0 0 0
1 26 10 0 0 0 0 0 0 0 0 0 0 0 0 0 0 0 0 0 0 0 0 0 0 0 0
1 26 11 0 0 0 0 0 0 0 0 0 0 0 0 0 0 0 0 0 0 0 0 0 0 0 0
1 26 12 0 0 0 0 0 0 0 0 0 0 0 0 0 0 0 0 0 0 0 0 0 0 0 0
1 26 13 0 0 0 0 0 0 0 0 0 0 0 0 0 0 0 0 0 0 0 0 0 0 0 0
1 26 14 0 0 0 0 0 0 0 0 0 0 0 0 0 0 0 0 0 0 0 0 0 0 0 0
1 26 15 0 0 0 0 0 0 0 0 0 0 0 0 0 0 0 0 0 0 0 0 0 0 0 0
1 26 16 0 0 0 0 0 0 0 0 0 0 0 0 0 0 0 0 0 0 0 0 0 0 0 0
1 26 17 0 0 0 0 0 0 0 0 0 0 0 0 0 0 0 0 0 0 0 0 0 0 0 0
1 26 18 0 0 0 0 0 0 0 0 0 0 0 0 0 0 0 0 0 0 0 0 0 0 0 0
1 26 19 0 0 0 0 0 0 0 0 0 0 0 0 0 0 0 0 0 0 0 0 0 0 0 0
1 26 20 0 0 0 0 0 0 0 0 0 0 0 0 0 0 0 0 0 0 0 0 0 0 0 0
1 26 21 0 0 0 0 0 0 0 0 0 0 0 0 0 0 0 0 0 0 0 0 0 0 0 0
1 26 22 0 0 0 0 0 0 0 0 0 0 0 0 0 0 0 0 0 0 0 0 0 0 0 0
1 26 23 0 0 0 0 0 0 0 0 0 0 0 0 0 0 0 0 0 0 0 0 0 0 0 0
1 26 24 0 0 0 0 0 0 0 0 0 0 0 0 0 0 0 0 0 0 0 0 0 0 0 0
1 26 25 0 0 0 0 0 0 0 0 0 0 0 0 0 0 0 0 0 0 0 0 0 0 0 0
1 26 26 0 0 0 0 0 0 0 0 0 0 0 0 0 0 0 0 0 0 0 0 0 0 0 0
1 26 27 0 0 0 0 0 0 0 0 0 0 0 0 0 0 0 0 0 0 0 0 0 0 0 0
1 26 28 0 0 0 0 0 0 0 0 0 0 0 0 0 0 0 0 0 0 0 0 0 0 0 0
1 26 29 0 0 0 0 0 0 0 0 0 0 0 0 0 0 0 0 0 0 0 0 0 0 0 0
1 26 30 0 0 0 0 0 0 0 0 0 0 0 0 0 0 0 0 0 0 0 0 0 0 0 0
1 26 31 0 0 0 0 0 0 0 0 0 0 0 0 0 0 0 0 0 0 0 0 0 0 0 0
1 27 0 0 0 0 0 0 0 0 0 0 0 0 0 0 0 0 0 0 0 0 0 0 0 0 0
1 27 1 0 0 0 0 0 0 0 0 0 0 0 0 0 0 0 0 0 0 0 0 0 0 0 0
1 27 2 0 0 0 0 0 0 0 0 0 0 0 0 0 0 0 0 0 0 0 0 0 0 0 0
1 27 3 0 0 0 0 0 0 0 0 0 0 0 0 0 0 0 0 0 0 0 0 0 0 0 0
1 27 4 0 0 0 0 0 0 0 0 0 0 0 0 0 0 0 0 0 0 0 0 0 0 0 0
1 27 5 0 0 0 0 0 0 0 0 0 0 0 0 0 0 0 0 0 0 0 0 0 0 0 0
1 27 6 0 0 0 0 0 0 0 0 0 0 0 0 0 0 0 0 0 0 0 0 0 0 0 0
1 27 7 0 0 0 0 0 0 0 0 0 0 0 0 0 0 0 0 0 0 0 0 0 0 0 0
1 27 8 0 0 0 0 0 0 0 0 0 0 0 0 0 0 0 0 0 0 0 0 0 0 0 0
1 27 9 0 0 0 0 0 0 0 0 0 0 0 0 0 0 0 0 0 0 0 0 0 0 0 0
1 27 10 0 0 0 0 0 0 0 0 0 0 0 0 0 0 0 0 0 0 0 0 0 0 0 0
1 27 11 0 0 0 0 0 0 0 0 0 0 0 0 0 0 0 0 0 0 0 0 0 0 0 0
1 27 12 0 0 0 0 0 0 0 0 0 0 0 0 0 0 0 0 0 0 0 0 0 0 0 0
1 27 13 0 0 0 0 0 0 0 0 0 0 0 0 0 0 0 0 0 0 0 0 0 0 0 0
1 27 14 0 0 0 0 0 0 0 0 0 0 0 0 0 0 0 0 0 0 0 0 0 0 0 0
1 27 15 0 0 0 0 0 0 0 0 0 0 0 0 0 0 0 0 0 0 0 0 0 0 0 0
1 27 16 0 0 0 0 0 0 0 0 0 0 0 0 0 0 0 0 0 0 0 0 0 0 0 0
1 27 17 0 0 0 0 0 0 0 0 0 0 0 0 0 0 0 0 0 0 0 0 0 0 0 0
1 27 18 0 0 0 0 0 0 0 0 0 0 0 0 0 0 0 0 0 0 0 0 0 0 0 0
1 27 19 0 0 0 0 0 0 0 0 0 0 0 0 0 0 0 0 0 0 0 0 0 0 0 0
1 27 20 0 0 0 0 0 0 0 0 0 0 0 0 0 0 0 0 0 0 0 0 0 0 0 0
1 27 21 0 0 0 0 0 0 0 0 0 0 0 0 0 0 0 0 0 0 0 0 0 0 0 0
1 27 22 0 0 0 0 0 0 0 0 0 0 0 0 0 0 0 0 0 0 0 0 0 0 0 0
1 27 23 0 0 0 0 0 0 0 0 0 0 0 0 0 0 0 0 0 0 0 0 0 0 0 0
1 27 24 0 0 0 0 0 0 0 0 0 0 0 0 0 0 0 0 0 0 0 0 0 0 0 0
1 27 25 0 0 0 0 0 0 0 0 0 0 0 0 0 0 0 0 0 0 0 0 0 0 0 0
1 27 26 0 0 0 0 0 0 0 0 0 0 0 0 0 0 0 0 0 0 0 0 0 0 0 0
1 27 27 0 0 0 0 0 0 0 0 0 0 0 0 0 0 0 0 0 0 0 0 0 0 0 0
1 27 28 0 0 0 0 0 0 0 0 0 0 0 0 0 0 0 0 0 0 0 0 0 0 0 0
1 27 29 0 0 0 0 0 0 0 0 0 0 0 0 0 0 0 0 0 0 0 0 0 0 0 0
1 27 30 0 0 0 0 0 0 0 0 0 0 0 0 0 0 0 0 0 0 0 0 0 0 0 0
1 27 31 0 0 0 0 0 0 0 0 0 0 0 0 0 0 0 0 0 0 0 0 0 0 0 0
1 28 0 0 0 0 0 0 0 0 0 0 0 0 0 0 0 0 0 0 0 0 0 0 0 0 0
1 28 1 0 0 0 0 0 0 0 0 0 0 0 0 0 0 0 0 0 0 0 0 0 0 0 0
1 28 2 0 0 0 0 0 0 0 0 0 0 0 0 0 0 0 0 0 0 0 0 0 0 0 0
1 28 3 0 0 0 0 0 0 0 0 0 0 0 0 0 0 0 0 0 0 0 0 0 0 0 0
1 28 4 0 0 0 0 0 0 0 0 0 0 0 0 0 0 0 0 0 0 0 0 0 0 0 0
1 28 5 0 0 0 0 0 0 0 0 0 0 0 0 0 0 0 0 0 0 0 0 0 0 0 0
1 28 6 0 0 0 0 0 0 0 0 0 0 0 0 0 0 0 0 0 0 0 0 0 0 0 0
1 28 7 0 0 0 0 0 0 0 0 0 0 0 0 0 0 0 0 0 0 0 0 0 0 0 0
1 28 8 0 0 0 0 0 0 0 0 0 0 0 0 0 0 0 0 0 0 0 0 0 0 0 0
1 28 9 0 0 0 0 0 0 0 0 0 0 0 0 0 0 0 0 0 0 0 0 0 0 0 0
1 28 10 0 0 0 0 0 0 0 0 0 0 0 0 0 0 0 0 0 0 0 0 0 0 0 0
1 28 11 0 0 0 0 0 0 0 0 0 0 0 0 0 0 0 0 0 0 0 0 0 0 0 0
1 28 12 0 0 0 0 0 0 0 0 0 0 0 0 0 0 0 0 0 0 0 0 0 0 0 0
1 28 13 0 0 0 0 0 0 0 0 0 0 0 0 0 0 0 0 0 0 0 0 0 0 0 0
1 28 14 0 0 0 0 0 0 0 0 0 0 0 0 0 0 0 0 0 0 0 0 0 0 0 0
1 28 15 0 0 0 0 0 0 0 0 0 0 0 0 0 0 0 0 0 0 0 0 0 0 0 0
1 28 16 0 0 0 0 0 0 0 0 0 0 0 0 0 0 0 0 0 0 0 0 0 0 0 0
1 28 17 0 0 0 0 0 0 0 0 0 0 0 0 0 0 0 0 0 0 0 0 0 0 0 0
1 28 18 0 0 0 0 0 0 0 0 0 0 0 0 0 0 0 0 0 0 0 0 0 0 0 0
1 28 19 0 0 0 0 0 0 0 0 0 0 0 0 0 0 0 0 0 0 0 0 0 0 0 0
1 28 20 0 0 0 0 0 0 0 0 0 0 0 0 0 0 0 0 0 0 0 0 0 0 0 0
1 28 21 0 0 0 0 0 0 0 0 0 0 0 0 0 0 0 0 0 0 0 0 0 0 0 0
1 28 22 0 0 0 0 0 0 0 0 0 0 0 0 0 0 0 0 0 0 0 0 0 0 0 0
1 28 23 0 0 0 0 0 0 0 0 0 0 0 0 0 0 0 0 0 0 0 0 0 0 0 0
1 28 24 0 0 0 0 0 0 0 0 0 0 0 0 0 0 0 0 0 0 0 0 0 0 0 0
1 28 25 0 0 0 0 0 0 0 0 0 0 0 0 0 0 0 0 0 0 0 0 0 0 0 0
1 28 26 0 0 0 0 0 0 0 0 0 0 0 0 0 0 0 0 0 0 0 0 0 0 0 0
1 28 27 0 0 0 0 0 0 0 0 0 0 0 0 0 0 0 0 0 0 0 0 0 0 0 0
1 28 28 0 0 0 0 0 0 0 0 0 0 0 0 0 0 0 0 0 0 0 0 0 0 0 0
1 28 29 0 0 0 0 0 0 0 0 0 0 0 0 0 0 0 0 0 0 0 0 0 0 0 0
1 28 30 0 0 0 0 0 0 0 0 0 0 0 0 0 0 0 0 0 0 0 0 0 0 0 0
1 28 31 0 0 0 0 0 0 0 0 0 0 0 0 0 0 0 0 0 0 0 0 0 0 0 0
1 29 0 0 0 0 0 0 0 0 0 0 0 0 0 0 0 0 0 0 0 0 0 0 0 0 0
1 29 1 0 0 0 0 0 0 0 0 0 0 0 0 0 0 0 0 0 0 0 0 0 0 0 0
1 29 2 0 0 0 0 0 0 0 0 0 0 0 0 0 0 0 0 0 0 0 0 0 0 0 0
1 29 3 0 0 0 0 0 0 0 0 0 0 0 0 0 0 0 0 0 0 0 0 0 0 0 0
1 29 4 0 0 0 0 0 0 0 0 0 0 0 0 0 0 0 0 0 0 0 0 0 0 0 0
1 29 5 0 0 0 0 0 0 0 0 0 0 0 0 0 0 0 0 0 0 0 0 0 0 0 0
1 29 6 0 0 0 0 0 0 0 0 0 0 0 0 0 0 0 0 0 0 0 0 0 0 0 0
1 29 7 0 0 0 0 0 0 0 0 0 0 0 0 0 0 0 0 0 0 0 0 0 0 0 0
1 29 8 0 0 0 0 0 0 0 0 0 0 0 0 0 0 0 0 0 0 0 0 0 0 0 0
1 29 9 0 0 0 0 0 0 0 0 0 0 0 0 0 0 0 0 0 0 0 0 0 0 0 0
1 29 10 0 0 0 0 0 0 0 0 0 0 0 0 0 0 0 0 0 0 0 0 0 0 0 0
1 29 11 0 0 0 0 0 0 0 0 0 0 0 0 0 0 0 0 0 0 0 0 0 0 0 0
1 29 12 0 0 0 0 0 0 0 0 0 0 0 0 0 0 0 0 0 0 0 0 0 0 0 0
1 29 13 0 0 0 0 0 0 0 0 0 0 0 0 0 0 0 0 0 0 0 0 0 0 0 0
1 29 14 0 0 0 0 0 0 0 0 0 0 0 0 0 0 0 0 0 0 0 0 0 0 0 0
1 29 15 0 0 0 0 0 0 0 0 0 0 0 0 0 0 0 0 0 0 0 0 0 0 0 0
1 29 16 0 0 0 0 0 0 0 0 0 0 0 0 0 0 0 0 0 0 0 0 0 0 0 0
1 29 17 0 0 0 0 0 0 0 0 0 0 0 0 0 0 0 0 0 0 0 0 0 0 0 0
1 29 18 0 0 0 0 0 0 0 0 0 0 0 0 0 0 0 0 0 0 0 0 0 0 0 0
1 29 19 0 0 0 0 0 0 0 0 0 0 0 0 0 0 0 0 0 0 0 0 0 0 0 0
1 29 20 0 0 0 0 0 0 0 0 0 0 0 0 0 0 0 0 0 0 0 0 0 0 0 0
1 29 21 0 0 0 0 0 0 0 0 0 0 0 0 0 0 0 0 0 0 0 0 0 0 0 0
1 29 22 0 0 0 0 0 0 0 0 0 0 0 0 0 0 0 0 0 0 0 0 0 0 0 0
1 29 23 0 0 0 0 0 0 0 0 0 0 0 0 0 0 0 0 0 0 0 0 0 0 0 0
1 29 24 0 0 0 0 0 0 0 0 0 0 0 0 0 0 0 0 0 0 0 0 0 0 0 0
1 29 25 0 0 0 0 0 0 0 0 0 0 0 0 0 0 0 0 0 0 0 0 0 0 0 0
1 29 26 0 0 0 0 0 0 0 0 0 0 0 0 0 0 0 0 0 0 0 0 0 0 0 0
1 29 27 0 0 0 0 0 0 0 0 0 0 0 0 0 0 0 0 0 0 0 0 0 0 0 0
1 29 28 0 0 0 0 0 0 0 0 0 0 0 0 0 0 0 0 0 0 0 0 0 0 0 0
1 29 29 0 0 0 0 0 0 0 0 0 0 0 0 0 0 0 0 0 0 0 0 0 0 0 0
1 29 30 0 0 0 0 0 0 0 0 0 0 0 0 0 0 0 0 0 0 0 0 0 0 0 0
1 29 31 0 0 0 0 0 0 0 0 0 0 0 0 0 0 0 0 0 0 0 0 0 0 0 0
1 30 0 0 0 0 0 0 0 0 0 0 0 0 0 0 0 0 0 0 0 0 0 0 0 0 0
1 30 1 0 0 0 0 0 0 0 0 0 0 0 0 0 0 0 0 0 0 0 0 0 0 0 0
1 30 2 0 0 0 0 0 0 0 0 0 0 0 0 0 0 0 0 0 0 0 0 0 0 0 0
1 30 3 0 0 0 0 0 0 0 0 0 0 0 0 0 0 0 0 0 0 0 0 0 0 0 0
1 30 4 0 0 0 0 0 0 0 0 0 0 0 0 0 0 0 0 0 0 0 0 0 0 0 0
1 30 5 0 0 0 0 0 0 0 0 0 0 0 0 0 0 0 0 0 0 0 0 0 0 0 0
1 30 6 0 0 0 0 0 0 0 0 0 0 0 0 0 0 0 0 0 0 0 0 0 0 0 0
1 30 7 0 0 0 0 0 0 0 0 0 0 0 0 0 0 0 0 0 0 0 0 0 0 0 0
1 30 8 0 0 0 0 0 0 0 0 0 0 0 0 0 0 0 0 0 0 0 0 0 0 0 0
1 30 9 0 0 0 0 0 0 0 0 0 0 0 0 0 0 0 0 0 0 0 0 0 0 0 0
1 30 10 0 0 0 0 0 0 0 0 0 0 0 0 0 0 0 0 0 0 0 0 0 0 0 0
1 30 11 0 0 0 0 0 0 0 0 0 0 0 0 0 0 0 0 0 0 0 0 0 0 0 0
1 30 12 0 0 0 0 0 0 0 0 0 0 0 0 0 0 0 0 0 0 0 0 0 0 0 0
1 30 13 0 0 0 0 0 0 0 0 0 0 0 0 0 0 0 0 0 0 0 0 0 0 0 0
1 30 14 0 0 0 0 0 0 0 0 0 0 0 0 0 0 0 0 0 0 0 0 0 0 0 0
1 30 15 0 0 0 0 0 0 0 0 0 0 0 0 0 0 0 0 0 0 0 0 0 0 0 0
1 30 16 0 0 0 0 0 0 0 0 0 0 0 0 0 0 0 0 0 0 0 0 0 0 0 0
1 30 17 0 0 0 0 0 0 0 0 0 0 0 0 0 0 0 0 0 0 0 0 0 0 0 0
1 30 18 0 0 0 0 0 0 0 0 0 0 0 0 0 0 0 0 0 0 0 0 0 0 0 0
1 30 19 0 0 0 0 0 0 0 0 0 0 0 0 0 0 0 0 0 0 0 0 0 0 0 0
1 30 20 0 0 0 0 0 0 0 0 0 0 0 0 0 0 0 0 0 0 0 0 0 0 0 0
1 30 21 0 0 0 0 0 0 0 0 0 0 0 0 0 0 0 0 0 0 0 0 0 0 0 0
1 30 22 0 0 0 0 0 0 0 0 0 0 0 0 0 0 0 0 0 0 0 0 0 0 0 0
1 30 23 0 0 0 0 0 0 0 0 0 0 0 0 0 0 0 0 0 0 0 0 0 0 0 0
1 30 24 0 0 0 0 0 0 0 0 0 0 0 0 0 0 0 0 0 0 0 0 0 0 0 0
1 30 25 0 0 0 0 0 0 0 0 0 0 0 0 0 0 0 0 0 0 0 0 0 0 0 0
1 30 26 0 0 0 0 0 0 0 0 0 0 0 0 0 0 0 0 0 0 0 0 0 0 0 0
1 30 27 0 0 0 0 0 0 0 0 0 0 0 0 0 0 0 0 0 0 0 0 0 0 0 0
1 30 28 0 0 0 0 0 0 0 0 0 0 0 0 0 0 0 0 0 0 0 0 0 0 0 0
1 30 29 0 0 0 0 0 0 0 0 0 0 0 0 0 0 0 0 0 0 0 0 0 0 0 0
1 30 30 0 0 0 0 0 0 0 0 0 0 0 0 0 0 0 0 0 0 0 0 0 0 0 0
1 30 31 0 0 0 0 0 0 0 0 0 0 0 0 0 0 0 0 0 0 0 0 0 0 0 0
1 31 0 0 0 0 0 0 0 0 0 0 0 0 0 0 0 0 0 0 0 0 0 0 0 0 0
1 31 1 0 0 0 0 0 0 0 0 0 0 0 0 0 0 0 0 0 0 0 0 0 0 0 0
1 31 2 0 0 0 0 0 0 0 0 0 0 0 0 0 0 0 0 0 0 0 0 0 0 0 0
1 31 3 0 0 0 0 0 0 0 0 0 0 0 0 0 0 0 0 0 0 0 0 0 0 0 0
1 31 4 0 0 0 0 0 0 0 0 0 0 0 0 0 0 0 0 0 0 0 0 0 0 0 0
1 31 5 0 0 0 0 0 0 0 0 0 0 0 0 0 0 0 0 0 0 0 0 0 0 0 0
1 31 6 0 0 0 0 0 0 0 0 0 0 0 0 0 0 0 0 0 0 0 0 0 0 0 0
1 31 7 0 0 0 0 0 0 0 0 0 0 0 0 0 0 0 0 0 0 0 0 0 0 0 0
1 31 8 0 0 0 0 0 0 0 0 0 0 0 0 0 0 0 0 0 0 0 0 0 0 0 0
1 31 9 0 0 0 0 0 0 0 0 0 0 0 0 0 0 0 0 0 0 0 0 0 0 0 0
1 31 10 0 0 0 0 0 0 0 0 0 0 0 0 0 0 0 0 0 0 0 0 0 0 0 0
1 31 11 0 0 0 0 0 0 0 0 0 0 0 0 0 0 0 0 0 0 0 0 0 0 0 0
1 31 12 0 0 0 0 0 0 0 0 0 0 0 0 0 0 0 0 0 0 0 0 0 0 0 0
1 31 13 0 0 0 0 0 0 0 0 0 0 0 0 0 0 0 0 0 0 0 0 0 0 0 0
1 31 14 0 0 0 0 0 0 0 0 0 0 0 0 0 0 0 0 0 0 0 0 0 0 0 0
1 31 15 0 0 0 0 0 0 0 0 0 0 0 0 0 0 0 0 0 0 0 0 0 0 0 0
1 31 16 0 0 0 0 0 0 0 0 0 0 0 0 0 0 0 0 0 0 0 0 0 0 0 0
1 31 17 0 0 0 0 0 0 0 0 0 0 0 0 0 0 0 0 0 0 0 0 0 0 0 0
1 31 18 0 0 0 0 0 0 0 0 0 0 0 0 0 0 0 0 0 0 0 0 0 0 0 0
1 31 19 0 0 0 0 0 0 0 0 0 0 0 0 0 0 0 0 0 0 0 0 0 0 0 0
1 31 20 0 0 0 0 0 0 0 0 0 0 0 0 0 0 0 0 0 0 0 0 0 0 0 0
1 31 21 0 0 0 0 0 0 0 0 0 0 0 0 0 0 0 0 0 0 0 0 0 0 0 0
1 31 22 0 0 0 0 0 0 0 0 0 0 0 0 0 0 0 0 0 0 0 0 0 0 0 0
1 31 23 0 0 0 0 0 0 0 0 0 0 0 0 0 0 0 0 0 0 0 0 0 0 0 0
1 31 24 0 0 0 0 0 0 0 0 0 0 0 0 0 0 0 0 0 0 0 0 0 0 0 0
1 31 25 0 0 0 0 0 0 0 0 0 0 0 0 0 0 0 0 0 0 0 0 0 0 0 0
1 31 26 0 0 0 0 0 0 0 0 0 0 0 0 0 0 0 0 0 0 0 0 0 0 0 0
1 31 27 0 0 0 0 0 0 0 0 0 0 0 0 0 0 0 0 0 0 0 0 0 0 0 0
1 31 28 0 0 0 0 0 0 0 0 0 0 0 0 0 0 0 0 0 0 0 0 0 0 0 0
1 31 29 0 0 0 0 0 0 0 0 0 0 0 0 0 0 0 0 0 0 0 0 0 0 0 0
1 31 30 0 0 0 0 0 0 0 0 0 0 0 0 0 0 0 0 0 0 0 0 0 0 0 0
1 31 31 0 0 0 0 0 0 0 0 0 0 0 0 0 0 0 0 0 0 0 0 0 0 0 0
2 0 0 1 0 0 1 1 50 0 0 0 0 0 0 0 0 0 0 0 0 0 0 0 0 0 0
2 0 1 1 0 0 1 2 50 1 0 1 1 0 50 0 0 0 0 0 0 0 0 0 0 0 0
2 0 2 0 0 0 0 0 0 1 0 1 1 1 50 0 0 0 0 0 0 0 0 0 0 0 0
2 0 3 1 0 2 1 0 51 1 0 1 1 2 50 0 0 0 0 0 0 0 0 0 0 0 0
2 0 4 1 0 2 1 1 51 0 0 0 0 0 0 0 0 0 0 0 0 0 0 0 0 0 0
2 0 5 1 0 2 1 2 51 1 0 3 1 0 51 0 0 0 0 0 0 0 0 0 0 0 0
2 0 6 0 0 0 0 0 0 1 0 3 1 1 51 0 0 0 0 0 0 0 0 0 0 0 0
2 0 7 1 0 4 1 0 52 1 0 3 1 2 51 0 0 0 0 0 0 0 0 0 0 0 0
2 0 8 1 0 4 1 1 52 0 0 0 0 0 0 0 0 0 0 0 0 0 0 0 0 0 0
2 0 9 1 0 4 1 2 52 1 0 5 1 0 52 0 0 0 0 0 0 0 0 0 0 0 0
2 0 10 0 0 0 0 0 0 1 0 5 1 1 52 0 0 0 0 0 0 0 0 0 0 0 0
2 0 11 1 0 6 1 0 53 1 0 5 1 2 52 0 0 0 0 0 0 0 0 0 0 0 0
2 0 12 1 0 6 1 1 53 0 0 0 0 0 0 0 0 0 0 0 0 0 0 0 0 0 0
2 0 13 1 0 6 1 2 53 1 0 7 1 0 53 0 0 0 0 0 0 0 0 0 0 0 0
2 0 14 0 0 0 0 0 0 1 0 7 1 1 53 0 0 0 0 0 0 0 0 0 0 0 0
2 0 15 1 0 8 1 0 54 1 0 7 1 2 53 0 0 0 0 0 0 0 0 0 0 0 0
2 0 16 1 0 8 1 1 54 0 0 0 0 0 0 0 0 0 0 0 0 0 0 0 0 0 0
2 0 17 1 0 8 1 2 54 0 0 0 0 0 0 0 0 0 0 0 0 0 0 0 0 0 0
2 0 18 0 0 0 0 0 0 0 0 0 0 0 0 0 0 0 0 0 0 0 0 0 0 0 0
2 0 19 0 0 0 0 0 0 0 0 0 0 0 0 0 0 0 0 0 0 0 0 0 0 0 0
2 0 20 0 0 0 0 0 0 0 0 0 0 0 0 0 0 0 0 0 0 0 0 0 0 0 0
2 0 21 0 0 0 0 0 0 0 0 0 0 0 0 0 0 0 0 0 0 0 0 0 0 0 0
2 0 22 0 0 0 0 0 0 0 0 0 0 0 0 0 0 0 0 0 0 0 0 0 0 0 0
2 0 23 0 0 0 0 0 0 0 0 0 0 0 0 0 0 0 0 0 0 0 0 0 0 0 0
2 0 24 0 0 0 0 0 0 0 0 0 0 0 0 0 0 0 0 0 0 0 0 0 0 0 0
2 0 25 0 0 0 0 0 0 0 0 0 0 0 0 0 0 0 0 0 0 0 0 0 0 0 0
2 0 26 0 0 0 0 0 0 0 0 0 0 0 0 0 0 0 0 0 0 0 0 0 0 0 0
2 0 27 0 0 0 0 0 0 0 0 0 0 0 0 0 0 0 0 0 0 0 0 0 0 0 0
2 0 28 0 0 0 0 0 0 0 0 0 0 0 0 0 0 0 0 0 0 0 0 0 0 0 0
2 0 29 0 0 0 0 0 0 0 0 0 0 0 0 0 0 0 0 0 0 0 0 0 0 0 0
2 0 30 0 0 0 0 0 0 0 0 0 0 0 0 0 0 0 0 0 0 0 0 0 0 0 0
2 0 31 0 0 0 0 0 0 0 0 0 0 0 0 0 0 0 0 0 0 0 0 0 0 0 0
2 1 0 1 0 0 2 1 50 0 0 0 0 0 0 1 1 0 0 1 50 0 0 0 0 0 0
2 1 1 1 0 0 2 2 50 1 0 1 2 0 50 1 1 0 0 2 50 1 1 1 0 0 50
2 1 2 0 0 0 0 0 0 1 0 1 2 1 50 0 0 0 0 0 0 1 1 1 0 1 50
2 1 3 1 0 2 2 0 51 1 0 1 2 2 50 1 1 2 0 0 51 1 1 1 0 2 50
2 1 4 1 0 2 2 1 51 0 0 0 0 0 0 1 1 2 0 1 51 0 0 0 0 0 0
2 1 5 1 0 2 2 2 51 1 0 3 2 0 51 1 1 2 0 2 51 1 1 3 0 0 51
2 1 6 0 0 0 0 0 0 1 0 3 2 1 51 0 0 0 0 0 0 1 1 3 0 1 51
2 1 7 1 0 4 2 0 52 1 0 3 2 2 51 1 1 4 0 0 52 1 1 3 0 2 51
2 1 8 1 0 4 2 1 52 0 0 0 0 0 0 1 1 4 0 1 52 0 0 0 0 0 0
2 1 9 1 0 4 2 2 52 1 0 5 2 0 52 1 1 4 0 2 52 1 1 5 0 0 52
2 1 10 0 0 0 0 0 0 1 0 5 2 1 52 0 0 0 0 0 0 1 1 5 0 1 52
2 1 11 1 0 6 2 0 53 1 0 5 2 2 52 1 1 6 0 0 53 1 1 5 0 2 52
2 1 12 1 0 6 2 1 53 0 0 0 0 0 0 1 1 6 0 1 53 0 0 0 0 0 0
2 1 13 1 0 6 2 2 53 1 0 7 2 0 53 1 1 6 0 2 53 1 1 7 0 0 53
2 1 14 0 0 0 0 0 0 1 0 7 2 1 53 0 0 0 0 0 0 1 1 7 0 1 53
2 1 15 1 0 8 2 0 54 1 0 7 2 2 53 1 1 8 0 0 54 1 1 7 0 2 53
2 1 16 1 0 8 2 1 54 0 0 0 0 0 0 1 1 8 0 1 54 0 0 0 0 0 0
2 1 17 1 0 8 2 2 54 0 0 0 0 0 0 1 1 8 0 2 54 0 0 0 0 0 0
2 1 18 0 0 0 0 0 0 0 0 0 0 0 0 0 0 0 0 0 0 0 0 0 0 0 0
2 1 19 0 0 0 0 0 0 0 0 0 0 0 0 0 0 0 0 0 0 0 0 0 0 0 0
2 1 20 0 0 0 0 0 0 0 0 0 0 0 0 0 0 0 0 0 0 0 0 0 0 0 0
2 1 21 0 0 0 0 0 0 0 0 0 0 0 0 0 0 0 0 0 0 0 0 0 0 0 0
2 1 22 0 0 0 0 0 0 0 0 0 0 0 0 0 0 0 0 0 0 0 0 0 0 0 0
2 1 23 0 0 0 0 0 0 0 0 0 0 0 0 0 0 0 0 0 0 0 0 0 0 0 0
2 1 24 0 0 0 0 0 0 0 0 0 0 0 0 0 0 0 0 0 0 0 0 0 0 0 0
2 1 25 0 0 0 0 0 0 0 0 0 0 0 0 0 0 0 0 0 0 0 0 0 0 0 0
2 1 26 0 0 0 0 0 0 0 0 0 0 0 0 0 0 0 0 0 0 0 0 0 0 0 0
2 1 27 0 0 0 0 0 0 0 0 0 0 0 0 0 0 0 0 0 0 0 0 0 0 0 0
2 1 28 0 0 0 0 0 0 0 0 0 0 0 0 0 0 0 0 0 0 0 0 0 0 0 0
2 1 29 0 0 0 0 0 0 0 0 0 0 0 0 0 0 0 0 0 0 0 0 0 0 0 0
2 1 30 0 0 0 0 0 0 0 0 0 0 0 0 0 0 0 0 0 0 0 0 0 0 0 0
2 1 31 0 0 0 0 0 0 0 0 0 0 0 0 0 0 0 0 0 0 0 0 0 0 0 0
2 2 0 0 0 0 0 0 0 0 0 0 0 0 0 1 1 0 1 1 50 0 0 0 0 0 0
2 2 1 0 0 0 0 0 0 0 0 0 0 0 0 1 1 0 1 2 50 1 1 1 1 0 50
2 2 2 0 0 0 0 0 0 0 0 0 0 0 0 0 0 0 0 0 0 1 1 1 1 1 50
2 2 3 0 0 0 0 0 0 0 0 0 0 0 0 1 1 2 1 0 51 1 1 1 1 2 50
2 2 4 0 0 0 0 0 0 0 0 0 0 0 0 1 1 2 1 1 51 0 0 0 0 0 0
2 2 5 0 0 0 0 0 0 0 0 0 0 0 0 1 1 2 1 2 51 1 1 3 1 0 51
2 2 6 0 0 0 0 0 0 0 0 0 0 0 0 0 0 0 0 0 0 1 1 3 1 1 51
2 2 7 0 0 0 0 0 0 0 0 0 0 0 0 1 1 4 1 0 52 1 1 3 1 2 51
2 2 8 0 0 0 0 0 0 0 0 0 0 0 0 1 1 4 1 1 52 0 0 0 0 0 0
2 2 9 0 0 0 0 0 0 0 0 0 0 0 0 1 1 4 1 2 52 1 1 5 1 0 52
2 2 10 0 0 0 0 0 0 0 0 0 0 0 0 0 0 0 0 0 0 1 1 5 1 1 52
2 2 11 0 0 0 0 0 0 0 0 0 0 0 0 1 1 6 1 0 53 1 1 5 1 2 52
2 2 12 0 0 0 0 0 0 0 0 0 0 0 0 1 1 6 1 1 53 0 0 0 0 0 0
2 2 13 0 0 0 0 0 0 0 0 0 0 0 0 1 1 6 1 2 53 1 1 7 1 0 53
2 2 14 0 0 0 0 0 0 0 0 0 0 0 0 0 0 0 0 0 0 1 1 7 1 1 53
2 2 15 0 0 0 0 0 0 0 0 0 0 0 0 1 1 8 1 0 54 1 1 7 1 2 53
2 2 16 0 0 0 0 0 0 0 0 0 0 0 0 1 1 8 1 1 54 0 0 0 0 0 0
2 2 17 0 0 0 0 0 0 0 0 0 0 0 0 1 1 8 1 2 54 0 0 0 0 0 0
2 2 18 0 0 0 0 0 0 0 0 0 0 0 0 0 0 0 0 0 0 0 0 0 0 0 0
2 2 19 0 0 0 0 0 0 0 0 0 0 0 0 0 0 0 0 0 0 0 0 0 0 0 0
2 2 20 0 0 0 0 0 0 0 0 0 0 0 0 0 0 0 0 0 0 0 0 0 0 0 0
2 2 21 0 0 0 0 0 0 0 0 0 0 0 0 0 0 0 0 0 0 0 0 0 0 0 0
2 2 22 0 0 0 0 0 0 0 0 0 0 0 0 0 0 0 0 0 0 0 0 0 0 0 0
2 2 23 0 0 0 0 0 0 0 0 0 0 0 0 0 0 0 0 0 0 0 0 0 0 0 0
2 2 24 0 0 0 0 0 0 0 0 0 0 0 0 0 0 0 0 0 0 0 0 0 0 0 0
2 2 25 0 0 0 0 0 0 0 0 0 0 0 0 0 0 0 0 0 0 0 0 0 0 0 0
2 2 26 0 0 0 0 0 0 0 0 0 0 0 0 0 0 0 0 0 0 0 0 0 0 0 0
2 2 27 0 0 0 0 0 0 0 0 0 0 0 0 0 0 0 0 0 0 0 0 0 0 0 0
2 2 28 0 0 0 0 0 0 0 0 0 0 0 0 0 0 0 0 0 0 0 0 0 0 0 0
2 2 29 0 0 0 0 0 0 0 0 0 0 0 0 0 0 0 0 0 0 0 0 0 0 0 0
2 2 30 0 0 0 0 0 0 0 0 0 0 0 0 0 0 0 0 0 0 0 0 0 0 0 0
2 2 31 0 0 0 0 0 0 0 0 0 0 0 0 0 0 0 0 0 0 0 0 0 0 0 0
2 3 0 1 2 0 0 1 55 0 0 0 0 0 0 1 1 0 2 1 50 0 0 0 0 0 0
2 3 1 1 2 0 0 2 55 1 2 1 0 0 55 1 1 0 2 2 50 1 1 1 2 0 50
2 3 2 0 0 0 0 0 0 1 2 1 0 1 55 0 0 0 0 0 0 1 1 1 2 1 50
2 3 3 1 2 2 0 0 56 1 2 1 0 2 55 1 1 2 2 0 51 1 1 1 2 2 50
2 3 4 1 2 2 0 1 56 0 0 0 0 0 0 1 1 2 2 1 51 0 0 0 0 0 0
2 3 5 1 2 2 0 2 56 1 2 3 0 0 56 1 1 2 2 2 51 1 1 3 2 0 51
2 3 6 0 0 0 0 0 0 1 2 3 0 1 56 0 0 0 0 0 0 1 1 3 2 1 51
2 3 7 1 2 4 0 0 57 1 2 3 0 2 56 1 1 4 2 0 52 1 1 3 2 2 51
2 3 8 1 2 4 0 1 57 0 0 0 0 0 0 1 1 4 2 1 52 0 0 0 0 0 0
2 3 9 1 2 4 0 2 57 1 2 5 0 0 57 1 1 4 2 2 52 1 1 5 2 0 52
2 3 10 0 0 0 0 0 0 1 2 5 0 1 57 0 0 0 0 0 0 1 1 5 2 1 52
2 3 11 1 2 6 0 0 58 1 2 5 0 2 57 1 1 6 2 0 53 1 1 5 2 2 52
2 3 12 1 2 6 0 1 58 0 0 0 0 0 0 1 1 6 2 1 53 0 0 0 0 0 0
2 3 13 1 2 6 0 2 58 1 2 7 0 0 58 1 1 6 2 2 53 1 1 7 2 0 53
2 3 14 0 0 0 0 0 0 1 2 7 0 1 58 0 0 0 0 0 0 1 1 7 2 1 53
2 3 15 1 2 8 0 0 59 1 2 7 0 2 58 1 1 8 2 0 54 1 1 7 2 2 53
2 3 16 1 2 8 0 1 59 0 0 0 0 0 0 1 1 8 2 1 54 0 0 0 0 0 0
2 3 17 1 2 8 0 2 59 0 0 0 0 0 0 1 1 8 2 2 54 0 0 0 0 0 0
2 3 18 0 0 0 0 0 0 0 0 0 0 0 0 0 0 0 0 0 0 0 0 0 0 0 0
2 3 19 0 0 0 0 0 0 0 0 0 0 0 0 0 0 0 0 0 0 0 0 0 0 0 0
2 3 20 0 0 0 0 0 0 0 0 0 0 0 0 0 0 0 0 0 0 0 0 0 0 0 0
2 3 21 0 0 0 0 0 0 0 0 0 0 0 0 0 0 0 0 0 0 0 0 0 0 0 0
2 3 22 0 0 0 0 0 0 0 0 0 0 0 0 0 0 0 0 0 0 0 0 0 0 0 0
2 3 23 0 0 0 0 0 0 0 0 0 0 0 0 0 0 0 0 0 0 0 0 0 0 0 0
2 3 24 0 0 0 0 0 0 0 0 0 0 0 0 0 0 0 0 0 0 0 0 0 0 0 0
2 3 25 0 0 0 0 0 0 0 0 0 0 0 0 0 0 0 0 0 0 0 0 0 0 0 0
2 3 26 0 0 0 0 0 0 0 0 0 0 0 0 0 0 0 0 0 0 0 0 0 0 0 0
2 3 27 0 0 0 0 0 0 0 0 0 0 0 0 0 0 0 0 0 0 0 0 0 0 0 0
2 3 28 0 0 0 0 0 0 0 0 0 0 0 0 0 0 0 0 0 0 0 0 0 0 0 0
2 3 29 0 0 0 0 0 0 0 0 0 0 0 0 0 0 0 0 0 0 0 0 0 0 0 0
2 3 30 0 0 0 0 0 0 0 0 0 0 0 0 0 0 0 0 0 0 0 0 0 0 0 0
2 3 31 0 0 0 0 0 0 0 0 0 0 0 0 0 0 0 0 0 0 0 0 0 0 0 0
2 4 0 1 2 0 1 1 55 0 0 0 0 0 0 0 0 0 0 0 0 0 0 0 0 0 0
2 4 1 1 2 0 1 2 55 1 2 1 1 0 55 0 0 0 0 0 0 0 0 0 0 0 0
2 4 2 0 0 0 0 0 0 1 2 1 1 1 55 0 0 0 0 0 0 0 0 0 0 0 0
2 4 3 1 2 2 1 0 56 1 2 1 1 2 55 0 0 0 0 0 0 0 0 0 0 0 0
2 4 4 1 2 2 1 1 56 0 0 0 0 0 0 0 0 0 0 0 0 0 0 0 0 0 0
2 4 5 1 2 2 1 2 56 1 2 3 1 0 56 0 0 0 0 0 0 0 0 0 0 0 0
2 4 6 0 0 0 0 0 0 1 2 3 1 1 56 0 0 0 0 0 0 0 0 0 0 0 0
2 4 7 1 2 4 1 0 57 1 2 3 1 2 56 0 0 0 0 0 0 0 0 0 0 0 0
2 4 8 1 2 4 1 1 57 0 0 0 0 0 0 0 0 0 0 0 0 0 0 0 0 0 0
2 4 9 1 2 4 1 2 57 1 2 5 1 0 57 0 0 0 0 0 0 0 0 0 0 0 0
2 4 10 0 0 0 0 0 0 1 2 5 1 1 57 0 0 0 0 0 0 0 0 0 0 0 0
2 4 11 1 2 6 1 0 58 1 2 5 1 2 57 0 0 0 0 0 0 0 0 0 0 0 0
2 4 12 1 2 6 1 1 58 0 0 0 0 0 0 0 0 0 0 0 0 0 0 0 0 0 0
2 4 13 1 2 6 1 2 58 1 2 7 1 0 58 0 0 0 0 0 0 0 0 0 0 0 0
2 4 14 0 0 0 0 0 0 1 2 7 1 1 58 0 0 0 0 0 0 0 0 0 0 0 0
2 4 15 1 2 8 1 0 59 1 2 7 1 2 58 0 0 0 0 0 0 0 0 0 0 0 0
2 4 16 1 2 8 1 1 59 0 0 0 0 0 0 0 0 0 0 0 0 0 0 0 0 0 0
2 4 17 1 2 8 1 2 59 0 0 0 0 0 0 0 0 0 0 0 0 0 0 0 0 0 0
2 4 18 0 0 0 0 0 0 0 0 0 0 0 0 0 0 0 0 0 0 0 0 0 0 0 0
2 4 19 0 0 0 0 0 0 0 0 0 0 0 0 0 0 0 0 0 0 0 0 0 0 0 0
2 4 20 0 0 0 0 0 0 0 0 0 0 0 0 0 0 0 0 0 0 0 0 0 0 0 0
2 4 21 0 0 0 0 0 0 0 0 0 0 0 0 0 0 0 0 0 0 0 0 0 0 0 0
2 4 22 0 0 0 0 0 0 0 0 0 0 0 0 0 0 0 0 0 0 0 0 0 0 0 0
2 4 23 0 0 0 0 0 0 0 0 0 0 0 0 0 0 0 0 0 0 0 0 0 0 0 0
2 4 24 0 0 0 0 0 0 0 0 0 0 0 0 0 0 0 0 0 0 0 0 0 0 0 0
2 4 25 0 0 0 0 0 0 0 0 0 0 0 0 0 0 0 0 0 0 0 0 0 0 0 0
2 4 26 0 0 0 0 0 0 0 0 0 0 0 0 0 0 0 0 0 0 0 0 0 0 0 0
2 4 27 0 0 0 0 0 0 0 0 0 0 0 0 0 0 0 0 0 0 0 0 0 0 0 0
2 4 28 0 0 0 0 0 0 0 0 0 0 0 0 0 0 0 0 0 0 0 0 0 0 0 0
2 4 29 0 0 0 0 0 0 0 0 0 0 0 0 0 0 0 0 0 0 0 0 0 0 0 0
2 4 30 0 0 0 0 0 0 0 0 0 0 0 0 0 0 0 0 0 0 0 0 0 0 0 0
2 4 31 0 0 0 0 0 0 0 0 0 0 0 0 0 0 0 0 0 0 0 0 0 0 0 0
2 5 0 1 2 0 2 1 55 0 0 0 0 0 0 1 3 0 0 1 55 0 0 0 0 0 0
2 5 1 1 2 0 2 2 55 1 2 1 2 0 55 1 3 0 0 2 55 1 3 1 0 0 55
2 5 2 0 0 0 0 0 0 1 2 1 2 1 55 0 0 0 0 0 0 1 3 1 0 1 55
2 5 3 1 2 2 2 0 56 1 2 1 2 2 55 1 3 2 0 0 56 1 3 1 0 2 55
2 5 4 1 2 2 2 1 56 0 0 0 0 0 0 1 3 2 0 1 56 0 0 0 0 0 0
2 5 5 1 2 2 2 2 56 1 2 3 2 0 56 1 3 2 0 2 56 1 3 3 0 0 56
2 5 6 0 0 0 0 0 0 1 2 3 2 1 56 0 0 0 0 0 0 1 3 3 0 1 56
2 5 7 1 2 4 2 0 57 1 2 3 2 2 56 1 3 4 0 0 57 1 3 3 0 2 56
2 5 8 1 2 4 2 1 57 0 0 0 0 0 0 1 3 4 0 1 57 0 0 0 0 0 0
2 5 9 1 2 4 2 2 57 1 2 5 2 0 57 1 3 4 0 2 57 1 3 5 0 0 57
2 5 10 0 0 0 0 0 0 1 2 5 2 1 57 0 0 0 0 0 0 1 3 5 0 1 57
2 5 11 1 2 6 2 0 58 1 2 5 2 2 57 1 3 6 0 0 58 1 3 5 0 2 57
2 5 12 1 2 6 2 1 58 0 0 0 0 0 0 1 3 6 0 1 58 0 0 0 0 0 0
2 5 13 1 2 6 2 2 58 1 2 7 2 0 58 1 3 6 0 2 58 1 3 7 0 0 58
2 5 14 0 0 0 0 0 0 1 2 7 2 1 58 0 0 0 0 0 0 1 3 7 0 1 58
2 5 15 1 2 8 2 0 59 1 2 7 2 2 58 1 3 8 0 0 59 1 3 7 0 2 58
2 5 16 1 2 8 2 1 59 0 0 0 0 0 0 1 3 8 0 1 59 0 0 0 0 0 0
2 5 17 1 2 8 2 2 59 0 0 0 0 0 0 1 3 8 0 2 59 0 0 0 0 0 0
2 5 18 0 0 0 0 0 0 0 0 0 0 0 0 0 0 0 0 0 0 0 0 0 0 0 0
2 5 19 0 0 0 0 0 0 0 0 0 0 0 0 0 0 0 0 0 0 0 0 0 0 0 0
2 5 20 0 0 0 0 0 0 0 0 0 0 0 0 0 0 0 0 0 0 0 0 0 0 0 0
2 5 21 0 0 0 0 0 0 0 0 0 0 0 0 0 0 0 0 0 0 0 0 0 0 0 0
2 5 22 0 0 0 0 0 0 0 0 0 0 0 0 0 0 0 0 0 0 0 0 0 0 0 0
2 5 23 0 0 0 0 0 0 0 0 0 0 0 0 0 0 0 0 0 0 0 0 0 0 0 0
2 5 24 0 0 0 0 0 0 0 0 0 0 0 0 0 0 0 0 0 0 0 0 0 0 0 0
2 5 25 0 0 0 0 0 0 0 0 0 0 0 0 0 0 0 0 0 0 0 0 0 0 0 0
2 5 26 0 0 0 0 0 0 0 0 0 0 0 0 0 0 0 0 0 0 0 0 0 0 0 0
2 5 27 0 0 0 0 0 0 0 0 0 0 0 0 0 0 0 0 0 0 0 0 0 0 0 0
2 5 28 0 0 0 0 0 0 0 0 0 0 0 0 0 0 0 0 0 0 0 0 0 0 0 0
2 5 29 0 0 0 0 0 0 0 0 0 0 0 0 0 0 0 0 0 0 0 0 0 0 0 0
2 5 30 0 0 0 0 0 0 0 0 0 0 0 0 0 0 0 0 0 0 0 0 0 0 0 0
2 5 31 0 0 0 0 0 0 0 0 0 0 0 0 0 0 0 0 0 0 0 0 0 0 0 0
2 6 0 0 0 0 0 0 0 0 0 0 0 0 0 1 3 0 1 1 55 0 0 0 0 0 0
2 6 1 0 0 0 0 0 0 0 0 0 0 0 0 1 3 0 1 2 55 1 3 1 1 0 55
2 6 2 0 0 0 0 0 0 0 0 0 0 0 0 0 0 0 0 0 0 1 3 1 1 1 55
2 6 3 0 0 0 0 0 0 0 0 0 0 0 0 1 3 2 1 0 56 1 3 1 1 2 55
2 6 4 0 0 0 0 0 0 0 0 0 0 0 0 1 3 2 1 1 56 0 0 0 0 0 0
2 6 5 0 0 0 0 0 0 0 0 0 0 0 0 1 3 2 1 2 56 1 3 3 1 0 56
2 6 6 0 0 0 0 0 0 0 0 0 0 0 0 0 0 0 0 0 0 1 3 3 1 1 56
2 6 7 0 0 0 0 0 0 0 0 0 0 0 0 1 3 4 1 0 57 1 3 3 1 2 56
2 6 8 0 0 0 0 0 0 0 0 0 0 0 0 1 3 4 1 1 57 0 0 0 0 0 0
2 6 9 0 0 0 0 0 0 0 0 0 0 0 0 1 3 4 1 2 57 1 3 5 1 0 57
2 6 10 0 0 0 0 0 0 0 0 0 0 0 0 0 0 0 0 0 0 1 3 5 1 1 57
2 6 11 0 0 0 0 0 0 0 0 0 0 0 0 1 3 6 1 0 58 1 3 5 1 2 57
2 6 12 0 0 0 0 0 0 0 0 0 0 0 0 1 3 6 1 1 58 0 0 0 0 0 0
2 6 13 0 0 0 0 0 0 0 0 0 0 0 0 1 3 6 1 2 58 1 3 7 1 0 58
2 6 14 0 0 0 0 0 0 0 0 0 0 0 0 0 0 0 0 0 0 1 3 7 1 1 58
2 6 15 0 0 0 0 0 0 0 0 0 0 0 0 1 3 8 1 0 59 1 3 7 1 2 58
2 6 16 0 0 0 0 0 0 0 0 0 0 0 0 1 3 8 1 1 59 0 0 0 0 0 0
2 6 17 0 0 0 0 0 0 0 0 0 0 0 0 1 3 8 1 2 59 0 0 0 0 0 0
2 6 18 0 0 0 0 0 0 0 0 0 0 0 0 0 0 0 0 0 0 0 0 0 0 0 0
2 6 19 0 0 0 0 0 0 0 0 0 0 0 0 0 0 0 0 0 0 0 0 0 0 0 0
2 6 20 0 0 0 0 0 0 0 0 0 0 0 0 0 0 0 0 0 0 0 0 0 0 0 0
2 6 21 0 0 0 0 0 0 0 0 0 0 0 0 0 0 0 0 0 0 0 0 0 0 0 0
2 6 22 0 0 0 0 0 0 0 0 0 0 0 0 0 0 0 0 0 0 0 0 0 0 0 0
2 6 23 0 0 0 0 0 0 0 0 0 0 0 0 0 0 0 0 0 0 0 0 0 0 0 0
2 6 24 0 0 0 0 0 0 0 0 0 0 0 0 0 0 0 0 0 0 0 0 0 0 0 0
2 6 25 0 0 0 0 0 0 0 0 0 0 0 0 0 0 0 0 0 0 0 0 0 0 0 0
2 6 26 0 0 0 0 0 0 0 0 0 0 0 0 0 0 0 0 0 0 0 0 0 0 0 0
2 6 27 0 0 0 0 0 0 0 0 0 0 0 0 0 0 0 0 0 0 0 0 0 0 0 0
2 6 28 0 0 0 0 0 0 0 0 0 0 0 0 0 0 0 0 0 0 0 0 0 0 0 0
2 6 29 0 0 0 0 0 0 0 0 0 0 0 0 0 0 0 0 0 0 0 0 0 0 0 0
2 6 30 0 0 0 0 0 0 0 0 0 0 0 0 0 0 0 0 0 0 0 0 0 0 0 0
2 6 31 0 0 0 0 0 0 0 0 0 0 0 0 0 0 0 0 0 0 0 0 0 0 0 0
2 7 0 1 4 0 0 1 60 0 0 0 0 0 0 1 3 0 2 1 55 0 0 0 0 0 0
2 7 1 1 4 0 0 2 60 1 4 1 0 0 60 1 3 0 2 2 55 1 3 1 2 0 55
2 7 2 0 0 0 0 0 0 1 4 1 0 1 60 0 0 0 0 0 0 1 3 1 2 1 55
2 7 3 1 4 2 0 0 61 1 4 1 0 2 60 1 3 2 2 0 56 1 3 1 2 2 55
2 7 4 1 4 2 0 1 61 0 0 0 0 0 0 1 3 2 2 1 56 0 0 0 0 0 0
2 7 5 1 4 2 0 2 61 1 4 3 0 0 61 1 3 2 2 2 56 1 3 3 2 0 56
2 7 6 0 0 0 0 0 0 1 4 3 0 1 61 0 0 0 0 0 0 1 3 3 2 1 56
2 7 7 1 4 4 0 0 62 1 4 3 0 2 61 1 3 4 2 0 57 1 3 3 2 2 56
2 7 8 1 4 4 0 1 62 0 0 0 0 0 0 1 3 4 2 1 57 0 0 0 0 0 0
2 7 9 1 4 4 0 2 62 1 4 5 0 0 62 1 3 4 2 2 57 1 3 5 2 0 57
2 7 10 0 0 0 0 0 0 1 4 5 0 1 62 0 0 0 0 0 0 1 3 5 2 1 57
2 7 11 1 4 6 0 0 63 1 4 5 0 2 62 1 3 6 2 0 58 1 3 5 2 2 57
2 7 12 1 4 6 0 1 63 0 0 0 0 0 0 1 3 6 2 1 58 0 0 0 0 0 0
2 7 13 1 4 6 0 2 63 1 4 7 0 0 63 1 3 6 2 2 58 1 3 7 2 0 58
2 7 14 0 0 0 0 0 0 1 4 7 0 1 63 0 0 0 0 0 0 1 3 7 2 1 58
2 7 15 1 4 8 0 0 64 1 4 7 0 2 63 1 3 8 2 0 59 1 3 7 2 2 58
2 7 16 1 4 8 0 1 64 0 0 0 0 0 0 1 3 8 2 1 59 0 0 0 0 0 0
2 7 17 1 4 8 0 2 64 0 0 0 0 0 0 1 3 8 2 2 59 0 0 0 0 0 0
2 7 18 0 0 0 0 0 0 0 0 0 0 0 0 0 0 0 0 0 0 0 0 0 0 0 0
2 7 19 0 0 0 0 0 0 0 0 0 0 0 0 0 0 0 0 0 0 0 0 0 0 0 0
2 7 20 0 0 0 0 0 0 0 0 0 0 0 0 0 0 0 0 0 0 0 0 0 0 0 0
2 7 21 0 0 0 0 0 0 0 0 0 0 0 0 0 0 0 0 0 0 0 0 0 0 0 0
2 7 22 0 0 0 0 0 0 0 0 0 0 0 0 0 0 0 0 0 0 0 0 0 0 0 0
2 7 23 0 0 0 0 0 0 0 0 0 0 0 0 0 0 0 0 0 0 0 0 0 0 0 0
2 7 24 0 0 0 0 0 0 0 0 0 0 0 0 0 0 0 0 0 0 0 0 0 0 0 0
2 7 25 0 0 0 0 0 0 0 0 0 0 0 0 0 0 0 0 0 0 0 0 0 0 0 0
2 7 26 0 0 0 0 0 0 0 0 0 0 0 0 0 0 0 0 0 0 0 0 0 0 0 0
2 7 27 0 0 0 0 0 0 0 0 0 0 0 0 0 0 0 0 0 0 0 0 0 0 0 0
2 7 28 0 0 0 0 0 0 0 0 0 0 0 0 0 0 0 0 0 0 0 0 0 0 0 0
2 7 29 0 0 0 0 0 0 0 0 0 0 0 0 0 0 0 0 0 0 0 0 0 0 0 0
2 7 30 0 0 0 0 0 0 0 0 0 0 0 0 0 0 0 0 0 0 0 0 0 0 0 0
2 7 31 0 0 0 0 0 0 0 0 0 0 0 0 0 0 0 0 0 0 0 0 0 0 0 0
2 8 0 1 4 0 1 1 60 0 0 0 0 0 0 0 0 0 0 0 0 0 0 0 0 0 0
2 8 1 1 4 0 1 2 60 1 4 1 1 0 60 0 0 0 0 0 0 0 0 0 0 0 0
2 8 2 0 0 0 0 0 0 1 4 1 1 1 60 0 0 0 0 0 0 0 0 0 0 0 0
2 8 3 1 4 2 1 0 61 1 4 1 1 2 60 0 0 0 0 0 0 0 0 0 0 0 0
2 8 4 1 4 2 1 1 61 0 0 0 0 0 0 0 0 0 0 0 0 0 0 0 0 0 0
2 8 5 1 4 2 1 2 61 1 4 3 1 0 61 0 0 0 0 0 0 0 0 0 0 0 0
2 8 6 0 0 0 0 0 0 1 4 3 1 1 61 0 0 0 0 0 0 0 0 0 0 0 0
2 8 7 1 4 4 1 0 62 1 4 3 1 2 61 0 0 0 0 0 0 0 0 0 0 0 0
2 8 8 1 4 4 1 1 62 0 0 0 0 0 0 0 0 0 0 0 0 0 0 0 0 0 0
2 8 9 1 4 4 1 2 62 1 4 5 1 0 62 0 0 0 0 0 0 0 0 0 0 0 0
2 8 10 0 0 0 0 0 0 1 4 5 1 1 62 0 0 0 0 0 0 0 0 0 0 0 0
2 8 11 1 4 6 1 0 63 1 4 5 1 2 62 0 0 0 0 0 0 0 0 0 0 0 0
2 8 12 1 4 6 1 1 63 0 0 0 0 0 0 0 0 0 0 0 0 0 0 0 0 0 0
2 8 13 1 4 6 1 2 63 1 4 7 1 0 63 0 0 0 0 0 0 0 0 0 0 0 0
2 8 14 0 0 0 0 0 0 1 4 7 1 1 63 0 0 0 0 0 0 0 0 0 0 0 0
2 8 15 1 4 8 1 0 64 1 4 7 1 2 63 0 0 0 0 0 0 0 0 0 0 0 0
2 8 16 1 4 8 1 1 64 0 0 0 0 0 0 0 0 0 0 0 0 0 0 0 0 0 0
2 8 17 1 4 8 1 2 64 0 0 0 0 0 0 0 0 0 0 0 0 0 0 0 0 0 0
2 8 18 0 0 0 0 0 0 0 0 0 0 0 0 0 0 0 0 0 0 0 0 0 0 0 0
2 8 19 0 0 0 0 0 0 0 0 0 0 0 0 0 0 0 0 0 0 0 0 0 0 0 0
2 8 20 0 0 0 0 0 0 0 0 0 0 0 0 0 0 0 0 0 0 0 0 0 0 0 0
2 8 21 0 0 0 0 0 0 0 0 0 0 0 0 0 0 0 0 0 0 0 0 0 0 0 0
2 8 22 0 0 0 0 0 0 0 0 0 0 0 0 0 0 0 0 0 0 0 0 0 0 0 0
2 8 23 0 0 0 0 0 0 0 0 0 0 0 0 0 0 0 0 0 0 0 0 0 0 0 0
2 8 24 0 0 0 0 0 0 0 0 0 0 0 0 0 0 0 0 0 0 0 0 0 0 0 0
2 8 25 0 0 0 0 0 0 0 0 0 0 0 0 0 0 0 0 0 0 0 0 0 0 0 0
2 8 26 0 0 0 0 0 0 0 0 0 0 0 0 0 0 0 0 0 0 0 0 0 0 0 0
2 8 27 0 0 0 0 0 0 0 0 0 0 0 0 0 0 0 0 0 0 0 0 0 0 0 0
2 8 28 0 0 0 0 0 0 0 0 0 0 0 0 0 0 0 0 0 0 0 0 0 0 0 0
2 8 29 0 0 0 0 0 0 0 0 0 0 0 0 0 0 0 0 0 0 0 0 0 0 0 0
2 8 30 0 0 0 0 0 0 0 0 0 0 0 0 0 0 0 0 0 0 0 0 0 0 0 0
2 8 31 0 0 0 0 0 0 0 0 0 0 0 0 0 0 0 0 0 0 0 0 0 0 0 0
2 9 0 1 4 0 2 1 60 0 0 0 0 0 0 1 5 0 0 1 60 0 0 0 0 0 0
2 9 1 1 4 0 2 2 60 1 4 1 2 0 60 1 5 0 0 2 60 1 5 1 0 0 60
2 9 2 0 0 0 0 0 0 1 4 1 2 1 60 0 0 0 0 0 0 1 5 1 0 1 60
2 9 3 1 4 2 2 0 61 1 4 1 2 2 60 1 5 2 0 0 61 1 5 1 0 2 60
2 9 4 1 4 2 2 1 61 0 0 0 0 0 0 1 5 2 0 1 61 0 0 0 0 0 0
2 9 5 1 4 2 2 2 61 1 4 3 2 0 61 1 5 2 0 2 61 1 5 3 0 0 61
2 9 6 0 0 0 0 0 0 1 4 3 2 1 61 0 0 0 0 0 0 1 5 3 0 1 61
2 9 7 1 4 4 2 0 62 1 4 3 2 2 61 1 5 4 0 0 62 1 5 3 0 2 61
2 9 8 1 4 4 2 1 62 0 0 0 0 0 0 1 5 4 0 1 62 0 0 0 0 0 0
2 9 9 1 4 4 2 2 62 1 4 5 2 0 62 1 5 4 0 2 62 1 5 5 0 0 62
2 9 10 0 0 0 0 0 0 1 4 5 2 1 62 0 0 0 0 0 0 1 5 5 0 1 62
2 9 11 1 4 6 2 0 63 1 4 5 2 2 62 1 5 6 0 0 63 1 5 5 0 2 62
2 9 12 1 4 6 2 1 63 0 0 0 0 0 0 1 5 6 0 1 63 0 0 0 0 0 0
2 9 13 1 4 6 2 2 63 1 4 7 2 0 63 1 5 6 0 2 63 1 5 7 0 0 63
2 9 14 0 0 0 0 0 0 1 4 7 2 1 63 0 0 0 0 0 0 1 5 7 0 1 63
2 9 15 1 4 8 2 0 64 1 4 7 2 2 63 1 5 8 0 0 64 1 5 7 0 2 63
2 9 16 1 4 8 2 1 64 0 0 0 0 0 0 1 5 8 0 1 64 0 0 0 0 0 0
2 9 17 1 4 8 2 2 64 0 0 0 0 0 0 1 5 8 0 2 64 0 0 0 0 0 0
2 9 18 0 0 0 0 0 0 0 0 0 0 0 0 0 0 0 0 0 0 0 0 0 0 0 0
2 9 19 0 0 0 0 0 0 0 0 0 0 0 0 0 0 0 0 0 0 0 0 0 0 0 0
2 9 20 0 0 0 0 0 0 0 0 0 0 0 0 0 0 0 0 0 0 0 0 0 0 0 0
2 9 21 0 0 0 0 0 0 0 0 0 0 0 0 0 0 0 0 0 0 0 0 0 0 0 0
2 9 22 0 0 0 0 0 0 0 0 0 0 0 0 0 0 0 0 0 0 0 0 0 0 0 0
2 9 23 0 0 0 0 0 0 0 0 0 0 0 0 0 0 0 0 0 0 0 0 0 0 0 0
2 9 24 0 0 0 0 0 0 0 0 0 0 0 0 0 0 0 0 0 0 0 0 0 0 0 0
2 9 25 0 0 0 0 0 0 0 0 0 0 0 0 0 0 0 0 0 0 0 0 0 0 0 0
2 9 26 0 0 0 0 0 0 0 0 0 0 0 0 0 0 0 0 0 0 0 0 0 0 0 0
2 9 27 0 0 0 0 0 0 0 0 0 0 0 0 0 0 0 0 0 0 0 0 0 0 0 0
2 9 28 0 0 0 0 0 0 0 0 0 0 0 0 0 0 0 0 0 0 0 0 0 0 0 0
2 9 29 0 0 0 0 0 0 0 0 0 0 0 0 0 0 0 0 0 0 0 0 0 0 0 0
2 9 30 0 0 0 0 0 0 0 0 0 0 0 0 0 0 0 0 0 0 0 0 0 0 0 0
2 9 31 0 0 0 0 0 0 0 0 0 0 0 0 0 0 0 0 0 0 0 0 0 0 0 0
2 10 0 0 0 0 0 0 0 0 0 0 0 0 0 1 5 0 1 1 60 0 0 0 0 0 0
2 10 1 0 0 0 0 0 0 0 0 0 0 0 0 1 5 0 1 2 60 1 5 1 1 0 60
2 10 2 0 0 0 0 0 0 0 0 0 0 0 0 0 0 0 0 0 0 1 5 1 1 1 60
2 10 3 0 0 0 0 0 0 0 0 0 0 0 0 1 5 2 1 0 61 1 5 1 1 2 60
2 10 4 0 0 0 0 0 0 0 0 0 0 0 0 1 5 2 1 1 61 0 0 0 0 0 0
2 10 5 0 0 0 0 0 0 0 0 0 0 0 0 1 5 2 1 2 61 1 5 3 1 0 61
2 10 6 0 0 0 0 0 0 0 0 0 0 0 0 0 0 0 0 0 0 1 5 3 1 1 61
2 10 7 0 0 0 0 0 0 0 0 0 0 0 0 1 5 4 1 0 62 1 5 3 1 2 61
2 10 8 0 0 0 0 0 0 0 0 0 0 0 0 1 5 4 1 1 62 0 0 0 0 0 0
2 10 9 0 0 0 0 0 0 0 0 0 0 0 0 1 5 4 1 2 62 1 5 5 1 0 62
2 10 10 0 0 0 0 0 0 0 0 0 0 0 0 0 0 0 0 0 0 1 5 5 1 1 62
2 10 11 0 0 0 0 0 0 0 0 0 0 0 0 1 5 6 1 0 63 1 5 5 1 2 62
2 10 12 0 0 0 0 0 0 0 0 0 0 0 0 1 5 6 1 1 63 0 0 0 0 0 0
2 10 13 0 0 0 0 0 0 0 0 0 0 0 0 1 5 6 1 2 63 1 5 7 1 0 63
2 10 14 0 0 0 0 0 0 0 0 0 0 0 0 0 0 0 0 0 0 1 5 7 1 1 63
2 10 15 0 0 0 0 0 0 0 0 0 0 0 0 1 5 8 1 0 64 1 5 7 1 2 63
2 10 16 0 0 0 0 0 0 0 0 0 0 0 0 1 5 8 1 1 64 0 0 0 0 0 0
2 10 17 0 0 0 0 0 0 0 0 0 0 0 0 1 5 8 1 2 64 0 0 0 0 0 0
2 10 18 0 0 0 0 0 0 0 0 0 0 0 0 0 0 0 0 0 0 0 0 0 0 0 0
2 10 19 0 0 0 0 0 0 0 0 0 0 0 0 0 0 0 0 0 0 0 0 0 0 0 0
2 10 20 0 0 0 0 0 0 0 0 0 0 0 0 0 0 0 0 0 0 0 0 0 0 0 0
2 10 21 0 0 0 0 0 0 0 0 0 0 0 0 0 0 0 0 0 0 0 0 0 0 0 0
2 10 22 0 0 0 0 0 0 0 0 0 0 0 0 0 0 0 0 0 0 0 0 0 0 0 0
2 10 23 0 0 0 0 0 0 0 0 0 0 0 0 0 0 0 0 0 0 0 0 0 0 0 0
2 10 24 0 0 0 0 0 0 0 0 0 0 0 0 0 0 0 0 0 0 0 0 0 0 0 0
2 10 25 0 0 0 0 0 0 0 0 0 0 0 0 0 0 0 0 0 0 0 0 0 0 0 0
2 10 26 0 0 0 0 0 0 0 0 0 0 0 0 0 0 0 0 0 0 0 0 0 0 0 0
2 10 27 0 0 0 0 0 0 0 0 0 0 0 0 0 0 0 0 0 0 0 0 0 0 0 0
2 10 28 0 0 0 0 0 0 0 0 0 0 0 0 0 0 0 0 0 0 0 0 0 0 0 0
2 10 29 0 0 0 0 0 0 0 0 0 0 0 0 0 0 0 0 0 0 0 0 0 0 0 0
2 10 30 0 0 0 0 0 0 0 0 0 0 0 0 0 0 0 0 0 0 0 0 0 0 0 0
2 10 31 0 0 0 0 0 0 0 0 0 0 0 0 0 0 0 0 0 0 0 0 0 0 0 0
2 11 0 1 6 0 0 1 65 0 0 0 0 0 0 1 5 0 2 1 60 0 0 0 0 0 0
2 11 1 1 6 0 0 2 65 1 6 1 0 0 65 1 5 0 2 2 60 1 5 1 2 0 60
2 11 2 0 0 0 0 0 0 1 6 1 0 1 65 0 0 0 0 0 0 1 5 1 2 1 60
2 11 3 1 6 2 0 0 66 1 6 1 0 2 65 1 5 2 2 0 61 1 5 1 2 2 60
2 11 4 1 6 2 0 1 66 0 0 0 0 0 0 1 5 2 2 1 61 0 0 0 0 0 0
2 11 5 1 6 2 0 2 66 1 6 3 0 0 66 1 5 2 2 2 61 1 5 3 2 0 61
2 11 6 0 0 0 0 0 0 1 6 3 0 1 66 0 0 0 0 0 0 1 5 3 2 1 61
2 11 7 1 6 4 0 0 67 1 6 3 0 2 66 1 5 4 2 0 62 1 5 3 2 2 61
2 11 8 1 6 4 0 1 67 0 0 0 0 0 0 1 5 4 2 1 62 0 0 0 0 0 0
2 11 9 1 6 4 0 2 67 1 6 5 0 0 67 1 5 4 2 2 62 1 5 5 2 0 62
2 11 10 0 0 0 0 0 0 1 6 5 0 1 67 0 0 0 0 0 0 1 5 5 2 1 62
2 11 11 1 6 6 0 0 68 1 6 5 0 2 67 1 5 6 2 0 63 1 5 5 2 2 62
2 11 12 1 6 6 0 1 68 0 0 0 0 0 0 1 5 6 2 1 63 0 0 0 0 0 0
2 11 13 1 6 6 0 2 68 1 6 7 0 0 68 1 5 6 2 2 63 1 5 7 2 0 63
2 11 14 0 0 0 0 0 0 1 6 7 0 1 68 0 0 0 0 0 0 1 5 7 2 1 63
2 11 15 1 6 8 0 0 69 1 6 7 0 2 68 1 5 8 2 0 64 1 5 7 2 2 63
2 11 16 1 6 8 0 1 69 0 0 0 0 0 0 1 5 8 2 1 64 0 0 0 0 0 0
2 11 17 1 6 8 0 2 69 0 0 0 0 0 0 1 5 8 2 2 64 0 0 0 0 0 0
2 11 18 0 0 0 0 0 0 0 0 0 0 0 0 0 0 0 0 0 0 0 0 0 0 0 0
2 11 19 0 0 0 0 0 0 0 0 0 0 0 0 0 0 0 0 0 0 0 0 0 0 0 0
2 11 20 0 0 0 0 0 0 0 0 0 0 0 0 0 0 0 0 0 0 0 0 0 0 0 0
2 11 21 0 0 0 0 0 0 0 0 0 0 0 0 0 0 0 0 0 0 0 0 0 0 0 0
2 11 22 0 0 0 0 0 0 0 0 0 0 0 0 0 0 0 0 0 0 0 0 0 0 0 0
2 11 23 0 0 0 0 0 0 0 0 0 0 0 0 0 0 0 0 0 0 0 0 0 0 0 0
2 11 24 0 0 0 0 0 0 0 0 0 0 0 0 0 0 0 0 0 0 0 0 0 0 0 0
2 11 25 0 0 0 0 0 0 0 0 0 0 0 0 0 0 0 0 0 0 0 0 0 0 0 0
2 11 26 0 0 0 0 0 0 0 0 0 0 0 0 0 0 0 0 0 0 0 0 0 0 0 0
2 11 27 0 0 0 0 0 0 0 0 0 0 0 0 0 0 0 0 0 0 0 0 0 0 0 0
2 11 28 0 0 0 0 0 0 0 0 0 0 0 0 0 0 0 0 0 0 0 0 0 0 0 0
2 11 29 0 0 0 0 0 0 0 0 0 0 0 0 0 0 0 0 0 0 0 0 0 0 0 0
2 11 30 0 0 0 0 0 0 0 0 0 0 0 0 0 0 0 0 0 0 0 0 0 0 0 0
2 11 31 0 0 0 0 0 0 0 0 0 0 0 0 0 0 0 0 0 0 0 0 0 0 0 0
2 12 0 1 6 0 1 1 65 0 0 0 0 0 0 0 0 0 0 0 0 0 0 0 0 0 0
2 12 1 1 6 0 1 2 65 1 6 1 1 0 65 0 0 0 0 0 0 0 0 0 0 0 0
2 12 2 0 0 0 0 0 0 1 6 1 1 1 65 0 0 0 0 0 0 0 0 0 0 0 0
2 12 3 1 6 2 1 0 66 1 6 1 1 2 65 0 0 0 0 0 0 0 0 0 0 0 0
2 12 4 1 6 2 1 1 66 0 0 0 0 0 0 0 0 0 0 0 0 0 0 0 0 0 0
2 12 5 1 6 2 1 2 66 1 6 3 1 0 66 0 0 0 0 0 0 0 0 0 0 0 0
2 12 6 0 0 0 0 0 0 1 6 3 1 1 66 0 0 0 0 0 0 0 0 0 0 0 0
2 12 7 1 6 4 1 0 67 1 6 3 1 2 66 0 0 0 0 0 0 0 0 0 0 0 0
2 12 8 1 6 4 1 1 67 0 0 0 0 0 0 0 0 0 0 0 0 0 0 0 0 0 0
2 12 9 1 6 4 1 2 67 1 6 5 1 0 67 0 0 0 0 0 0 0 0 0 0 0 0
2 12 10 0 0 0 0 0 0 1 6 5 1 1 67 0 0 0 0 0 0 0 0 0 0 0 0
2 12 11 1 6 6 1 0 68 1 6 5 1 2 67 0 0 0 0 0 0 0 0 0 0 0 0
2 12 12 1 6 6 1 1 68 0 0 0 0 0 0 0 0 0 0 0 0 0 0 0 0 0 0
2 12 13 1 6 6 1 2 68 1 6 7 1 0 68 0 0 0 0 0 0 0 0 0 0 0 0
2 12 14 0 0 0 0 0 0 1 6 7 1 1 68 0 0 0 0 0 0 0 0 0 0 0 0
2 12 15 1 6 8 1 0 69 1 6 7 1 2 68 0 0 0 0 0 0 0 0 0 0 0 0
2 12 16 1 6 8 1 1 69 0 0 0 0 0 0 0 0 0 0 0 0 0 0 0 0 0 0
2 12 17 1 6 8 1 2 69 0 0 0 0 0 0 0 0 0 0 0 0 0 0 0 0 0 0
2 12 18 0 0 0 0 0 0 0 0 0 0 0 0 0 0 0 0 0 0 0 0 0 0 0 0
2 12 19 0 0 0 0 0 0 0 0 0 0 0 0 0 0 0 0 0 0 0 0 0 0 0 0
2 12 20 0 0 0 0 0 0 0 0 0 0 0 0 0 0 0 0 0 0 0 0 0 0 0 0
2 12 21 0 0 0 0 0 0 0 0 0 0 0 0 0 0 0 0 0 0 0 0 0 0 0 0
2 12 22 0 0 0 0 0 0 0 0 0 0 0 0 0 0 0 0 0 0 0 0 0 0 0 0
2 12 23 0 0 0 0 0 0 0 0 0 0 0 0 0 0 0 0 0 0 0 0 0 0 0 0
2 12 24 0 0 0 0 0 0 0 0 0 0 0 0 0 0 0 0 0 0 0 0 0 0 0 0
2 12 25 0 0 0 0 0 0 0 0 0 0 0 0 0 0 0 0 0 0 0 0 0 0 0 0
2 12 26 0 0 0 0 0 0 0 0 0 0 0 0 0 0 0 0 0 0 0 0 0 0 0 0
2 12 27 0 0 0 0 0 0 0 0 0 0 0 0 0 0 0 0 0 0 0 0 0 0 0 0
2 12 28 0 0 0 0 0 0 0 0 0 0 0 0 0 0 0 0 0 0 0 0 0 0 0 0
2 12 29 0 0 0 0 0 0 0 0 0 0 0 0 0 0 0 0 0 0 0 0 0 0 0 0
2 12 30 0 0 0 0 0 0 0 0 0 0 0 0 0 0 0 0 0 0 0 0 0 0 0 0
2 12 31 0 0 0 0 0 0 0 0 0 0 0 0 0 0 0 0 0 0 0 0 0 0 0 0
2 13 0 1 6 0 2 1 65 0 0 0 0 0 0 1 7 0 0 1 65 0 0 0 0 0 0
2 13 1 1 6 0 2 2 65 1 6 1 2 0 65 1 7 0 0 2 65 1 7 1 0 0 65
2 13 2 0 0 0 0 0 0 1 6 1 2 1 65 0 0 0 0 0 0 1 7 1 0 1 65
2 13 3 1 6 2 2 0 66 1 6 1 2 2 65 1 7 2 0 0 66 1 7 1 0 2 65
2 13 4 1 6 2 2 1 66 0 0 0 0 0 0 1 7 2 0 1 66 0 0 0 0 0 0
2 13 5 1 6 2 2 2 66 1 6 3 2 0 66 1 7 2 0 2 66 1 7 3 0 0 66
2 13 6 0 0 0 0 0 0 1 6 3 2 1 66 0 0 0 0 0 0 1 7 3 0 1 66
2 13 7 1 6 4 2 0 67 1 6 3 2 2 66 1 7 4 0 0 67 1 7 3 0 2 66
2 13 8 1 6 4 2 1 67 0 0 0 0 0 0 1 7 4 0 1 67 0 0 0 0 0 0
2 13 9 1 6 4 2 2 67 1 6 5 2 0 67 1 7 4 0 2 67 1 7 5 0 0 67
2 13 10 0 0 0 0 0 0 1 6 5 2 1 67 0 0 0 0 0 0 1 7 5 0 1 67
2 13 11 1 6 6 2 0 68 1 6 5 2 2 67 1 7 6 0 0 68 1 7 5 0 2 67
2 13 12 1 6 6 2 1 68 0 0 0 0 0 0 1 7 6 0 1 68 0 0 0 0 0 0
2 13 13 1 6 6 2 2 68 1 6 7 2 0 68 1 7 6 0 2 68 1 7 7 0 0 68
2 13 14 0 0 0 0 0 0 1 6 7 2 1 68 0 0 0 0 0 0 1 7 7 0 1 68
2 13 15 1 6 8 2 0 69 1 6 7 2 2 68 1 7 8 0 0 69 1 7 7 0 2 68
2 13 16 1 6 8 2 1 69 0 0 0 0 0 0 1 7 8 0 1 69 0 0 0 0 0 0
2 13 17 1 6 8 2 2 69 0 0 0 0 0 0 1 7 8 0 2 69 0 0 0 0 0 0
2 13 18 0 0 0 0 0 0 0 0 0 0 0 0 0 0 0 0 0 0 0 0 0 0 0 0
2 13 19 0 0 0 0 0 0 0 0 0 0 0 0 0 0 0 0 0 0 0 0 0 0 0 0
2 13 20 0 0 0 0 0 0 0 0 0 0 0 0 0 0 0 0 0 0 0 0 0 0 0 0
2 13 21 0 0 0 0 0 0 0 0 0 0 0 0 0 0 0 0 0 0 0 0 0 0 0 0
2 13 22 0 0 0 0 0 0 0 0 0 0 0 0 0 0 0 0 0 0 0 0 0 0 0 0
2 13 23 0 0 0 0 0 0 0 0 0 0 0 0 0 0 0 0 0 0 0 0 0 0 0 0
2 13 24 0 0 0 0 0 0 0 0 0 0 0 0 0 0 0 0 0 0 0 0 0 0 0 0
2 13 25 0 0 0 0 0 0 0 0 0 0 0 0 0 0 0 0 0 0 0 0 0 0 0 0
2 13 26 0 0 0 0 0 0 0 0 0 0 0 0 0 0 0 0 0 0 0 0 0 0 0 0
2 13 27 0 0 0 0 0 0 0 0 0 0 0 0 0 0 0 0 0 0 0 0 0 0 0 0
2 13 28 0 0 0 0 0 0 0 0 0 0 0 0 0 0 0 0 0 0 0 0 0 0 0 0
2 13 29 0 0 0 0 0 0 0 0 0 0 0 0 0 0 0 0 0 0 0 0 0 0 0 0
2 13 30 0 0 0 0 0 0 0 0 0 0 0 0 0 0 0 0 0 0 0 0 0 0 0 0
2 13 31 0 0 0 0 0 0 0 0 0 0 0 0 0 0 0 0 0 0 0 0 0 0 0 0
2 14 0 0 0 0 0 0 0 0 0 0 0 0 0 1 7 0 1 1 65 0 0 0 0 0 0
2 14 1 0 0 0 0 0 0 0 0 0 0 0 0 1 7 0 1 2 65 1 7 1 1 0 65
2 14 2 0 0 0 0 0 0 0 0 0 0 0 0 0 0 0 0 0 0 1 7 1 1 1 65
2 14 3 0 0 0 0 0 0 0 0 0 0 0 0 1 7 2 1 0 66 1 7 1 1 2 65
2 14 4 0 0 0 0 0 0 0 0 0 0 0 0 1 7 2 1 1 66 0 0 0 0 0 0
2 14 5 0 0 0 0 0 0 0 0 0 0 0 0 1 7 2 1 2 66 1 7 3 1 0 66
2 14 6 0 0 0 0 0 0 0 0 0 0 0 0 0 0 0 0 0 0 1 7 3 1 1 66
2 14 7 0 0 0 0 0 0 0 0 0 0 0 0 1 7 4 1 0 67 1 7 3 1 2 66
2 14 8 0 0 0 0 0 0 0 0 0 0 0 0 1 7 4 1 1 67 0 0 0 0 0 0
2 14 9 0 0 0 0 0 0 0 0 0 0 0 0 1 7 4 1 2 67 1 7 5 1 0 67
2 14 10 0 0 0 0 0 0 0 0 0 0 0 0 0 0 0 0 0 0 1 7 5 1 1 67
2 14 11 0 0 0 0 0 0 0 0 0 0 0 0 1 7 6 1 0 68 1 7 5 1 2 67
2 14 12 0 0 0 0 0 0 0 0 0 0 0 0 1 7 6 1 1 68 0 0 0 0 0 0
2 14 13 0 0 0 0 0 0 0 0 0 0 0 0 1 7 6 1 2 68 1 7 7 1 0 68
2 14 14 0 0 0 0 0 0 0 0 0 0 0 0 0 0 0 0 0 0 1 7 7 1 1 68
2 14 15 0 0 0 0 0 0 0 0 0 0 0 0 1 7 8 1 0 69 1 7 7 1 2 68
2 14 16 0 0 0 0 0 0 0 0 0 0 0 0 1 7 8 1 1 69 0 0 0 0 0 0
2 14 17 0 0 0 0 0 0 0 0 0 0 0 0 1 7 8 1 2 69 0 0 0 0 0 0
2 14 18 0 0 0 0 0 0 0 0 0 0 0 0 0 0 0 0 0 0 0 0 0 0 0 0
2 14 19 0 0 0 0 0 0 0 0 0 0 0 0 0 0 0 0 0 0 0 0 0 0 0 0
2 14 20 0 0 0 0 0 0 0 0 0 0 0 0 0 0 0 0 0 0 0 0 0 0 0 0
2 14 21 0 0 0 0 0 0 0 0 0 0 0 0 0 0 0 0 0 0 0 0 0 0 0 0
2 14 22 0 0 0 0 0 0 0 0 0 0 0 0 0 0 0 0 0 0 0 0 0 0 0 0
2 14 23 0 0 0 0 0 0 0 0 0 0 0 0 0 0 0 0 0 0 0 0 0 0 0 0
2 14 24 0 0 0 0 0 0 0 0 0 0 0 0 0 0 0 0 0 0 0 0 0 0 0 0
2 14 25 0 0 0 0 0 0 0 0 0 0 0 0 0 0 0 0 0 0 0 0 0 0 0 0
2 14 26 0 0 0 0 0 0 0 0 0 0 0 0 0 0 0 0 0 0 0 0 0 0 0 0
2 14 27 0 0 0 0 0 0 0 0 0 0 0 0 0 0 0 0 0 0 0 0 0 0 0 0
2 14 28 0 0 0 0 0 0 0 0 0 0 0 0 0 0 0 0 0 0 0 0 0 0 0 0
2 14 29 0 0 0 0 0 0 0 0 0 0 0 0 0 0 0 0 0 0 0 0 0 0 0 0
2 14 30 0 0 0 0 0 0 0 0 0 0 0 0 0 0 0 0 0 0 0 0 0 0 0 0
2 14 31 0 0 0 0 0 0 0 0 0 0 0 0 0 0 0 0 0 0 0 0 0 0 0 0
2 15 0 1 8 0 0 1 70 0 0 0 0 0 0 1 7 0 2 1 65 0 0 0 0 0 0
2 15 1 1 8 0 0 2 70 1 8 1 0 0 70 1 7 0 2 2 65 1 7 1 2 0 65
2 15 2 0 0 0 0 0 0 1 8 1 0 1 70 0 0 0 0 0 0 1 7 1 2 1 65
2 15 3 1 8 2 0 0 71 1 8 1 0 2 70 1 7 2 2 0 66 1 7 1 2 2 65
2 15 4 1 8 2 0 1 71 0 0 0 0 0 0 1 7 2 2 1 66 0 0 0 0 0 0
2 15 5 1 8 2 0 2 71 1 8 3 0 0 71 1 7 2 2 2 66 1 7 3 2 0 66
2 15 6 0 0 0 0 0 0 1 8 3 0 1 71 0 0 0 0 0 0 1 7 3 2 1 66
2 15 7 1 8 4 0 0 72 1 8 3 0 2 71 1 7 4 2 0 67 1 7 3 2 2 66
2 15 8 1 8 4 0 1 72 0 0 0 0 0 0 1 7 4 2 1 67 0 0 0 0 0 0
2 15 9 1 8 4 0 2 72 1 8 5 0 0 72 1 7 4 2 2 67 1 7 5 2 0 67
2 15 10 0 0 0 0 0 0 1 8 5 0 1 72 0 0 0 0 0 0 1 7 5 2 1 67
2 15 11 1 8 6 0 0 73 1 8 5 0 2 72 1 7 6 2 0 68 1 7 5 2 2 67
2 15 12 1 8 6 0 1 73 0 0 0 0 0 0 1 7 6 2 1 68 0 0 0 0 0 0
2 15 13 1 8 6 0 2 73 1 8 7 0 0 73 1 7 6 2 2 68 1 7 7 2 0 68
2 15 14 0 0 0 0 0 0 1 8 7 0 1 73 0 0 0 0 0 0 1 7 7 2 1 68
2 15 15 1 8 8 0 0 74 1 8 7 0 2 73 1 7 8 2 0 69 1 7 7 2 2 68
2 15 16 1 8 8 0 1 74 0 0 0 0 0 0 1 7 8 2 1 69 0 0 0 0 0 0
2 15 17 1 8 8 0 2 74 0 0 0 0 0 0 1 7 8 2 2 69 0 0 0 0 0 0
2 15 18 0 0 0 0 0 0 0 0 0 0 0 0 0 0 0 0 0 0 0 0 0 0 0 0
2 15 19 0 0 0 0 0 0 0 0 0 0 0 0 0 0 0 0 0 0 0 0 0 0 0 0
2 15 20 0 0 0 0 0 0 0 0 0 0 0 0 0 0 0 0 0 0 0 0 0 0 0 0
2 15 21 0 0 0 0 0 0 0 0 0 0 0 0 0 0 0 0 0 0 0 0 0 0 0 0
2 15 22 0 0 0 0 0 0 0 0 0 0 0 0 0 0 0 0 0 0 0 0 0 0 0 0
2 15 23 0 0 0 0 0 0 0 0 0 0 0 0 0 0 0 0 0 0 0 0 0 0 0 0
2 15 24 0 0 0 0 0 0 0 0 0 0 0 0 0 0 0 0 0 0 0 0 0 0 0 0
2 15 25 0 0 0 0 0 0 0 0 0 0 0 0 0 0 0 0 0 0 0 0 0 0 0 0
2 15 26 0 0 0 0 0 0 0 0 0 0 0 0 0 0 0 0 0 0 0 0 0 0 0 0
2 15 27 0 0 0 0 0 0 0 0 0 0 0 0 0 0 0 0 0 0 0 0 0 0 0 0
2 15 28 0 0 0 0 0 0 0 0 0 0 0 0 0 0 0 0 0 0 0 0 0 0 0 0
2 15 29 0 0 0 0 0 0 0 0 0 0 0 0 0 0 0 0 0 0 0 0 0 0 0 0
2 15 30 0 0 0 0 0 0 0 0 0 0 0 0 0 0 0 0 0 0 0 0 0 0 0 0
2 15 31 0 0 0 0 0 0 0 0 0 0 0 0 0 0 0 0 0 0 0 0 0 0 0 0
2 16 0 1 8 0 1 1 70 0 0 0 0 0 0 0 0 0 0 0 0 0 0 0 0 0 0
2 16 1 1 8 0 1 2 70 1 8 1 1 0 70 0 0 0 0 0 0 0 0 0 0 0 0
2 16 2 0 0 0 0 0 0 1 8 1 1 1 70 0 0 0 0 0 0 0 0 0 0 0 0
2 16 3 1 8 2 1 0 71 1 8 1 1 2 70 0 0 0 0 0 0 0 0 0 0 0 0
2 16 4 1 8 2 1 1 71 0 0 0 0 0 0 0 0 0 0 0 0 0 0 0 0 0 0
2 16 5 1 8 2 1 2 71 1 8 3 1 0 71 0 0 0 0 0 0 0 0 0 0 0 0
2 16 6 0 0 0 0 0 0 1 8 3 1 1 71 0 0 0 0 0 0 0 0 0 0 0 0
2 16 7 1 8 4 1 0 72 1 8 3 1 2 71 0 0 0 0 0 0 0 0 0 0 0 0
2 16 8 1 8 4 1 1 72 0 0 0 0 0 0 0 0 0 0 0 0 0 0 0 0 0 0
2 16 9 1 8 4 1 2 72 1 8 5 1 0 72 0 0 0 0 0 0 0 0 0 0 0 0
2 16 10 0 0 0 0 0 0 1 8 5 1 1 72 0 0 0 0 0 0 0 0 0 0 0 0
2 16 11 1 8 6 1 0 73 1 8 5 1 2 72 0 0 0 0 0 0 0 0 0 0 0 0
2 16 12 1 8 6 1 1 73 0 0 0 0 0 0 0 0 0 0 0 0 0 0 0 0 0 0
2 16 13 1 8 6 1 2 73 1 8 7 1 0 73 0 0 0 0 0 0 0 0 0 0 0 0
2 16 14 0 0 0 0 0 0 1 8 7 1 1 73 0 0 0 0 0 0 0 0 0 0 0 0
2 16 15 1 8 8 1 0 74 1 8 7 1 2 73 0 0 0 0 0 0 0 0 0 0 0 0
2 16 16 1 8 8 1 1 74 0 0 0 0 0 0 0 0 0 0 0 0 0 0 0 0 0 0
2 16 17 1 8 8 1 2 74 0 0 0 0 0 0 0 0 0 0 0 0 0 0 0 0 0 0
2 16 18 0 0 0 0 0 0 0 0 0 0 0 0 0 0 0 0 0 0 0 0 0 0 0 0
2 16 19 0 0 0 0 0 0 0 0 0 0 0 0 0 0 0 0 0 0 0 0 0 0 0 0
2 16 20 0 0 0 0 0 0 0 0 0 0 0 0 0 0 0 0 0 0 0 0 0 0 0 0
2 16 21 0 0 0 0 0 0 0 0 0 0 0 0 0 0 0 0 0 0 0 0 0 0 0 0
2 16 22 0 0 0 0 0 0 0 0 0 0 0 0 0 0 0 0 0 0 0 0 0 0 0 0
2 16 23 0 0 0 0 0 0 0 0 0 0 0 0 0 0 0 0 0 0 0 0 0 0 0 0
2 16 24 0 0 0 0 0 0 0 0 0 0 0 0 0 0 0 0 0 0 0 0 0 0 0 0
2 16 25 0 0 0 0 0 0 0 0 0 0 0 0 0 0 0 0 0 0 0 0 0 0 0 0
2 16 26 0 0 0 0 0 0 0 0 0 0 0 0 0 0 0 0 0 0 0 0 0 0 0 0
2 16 27 0 0 0 0 0 0 0 0 0 0 0 0 0 0 0 0 0 0 0 0 0 0 0 0
2 16 28 0 0 0 0 0 0 0 0 0 0 0 0 0 0 0 0 0 0 0 0 0 0 0 0
2 16 29 0 0 0 0 0 0 0 0 0 0 0 0 0 0 0 0 0 0 0 0 0 0 0 0
2 16 30 0 0 0 0 0 0 0 0 0 0 0 0 0 0 0 0 0 0 0 0 0 0 0 0
2 16 31 0 0 0 0 0 0 0 0 0 0 0 0 0 0 0 0 0 0 0 0 0 0 0 0
2 17 0 1 8 0 2 1 70 0 0 0 0 0 0 0 0 0 0 0 0 0 0 0 0 0 0
2 17 1 1 8 0 2 2 70 1 8 1 2 0 70 0 0 0 0 0 0 0 0 0 0 0 0
2 17 2 0 0 0 0 0 0 1 8 1 2 1 70 0 0 0 0 0 0 0 0 0 0 0 0
2 17 3 1 8 2 2 0 71 1 8 1 2 2 70 0 0 0 0 0 0 0 0 0 0 0 0
2 17 4 1 8 2 2 1 71 0 0 0 0 0 0 0 0 0 0 0 0 0 0 0 0 0 0
2 17 5 1 8 2 2 2 71 1 8 3 2 0 71 0 0 0 0 0 0 0 0 0 0 0 0
2 17 6 0 0 0 0 0 0 1 8 3 2 1 71 0 0 0 0 0 0 0 0 0 0 0 0
2 17 7 1 8 4 2 0 72 1 8 3 2 2 71 0 0 0 0 0 0 0 0 0 0 0 0
2 17 8 1 8 4 2 1 72 0 0 0 0 0 0 0 0 0 0 0 0 0 0 0 0 0 0
2 17 9 1 8 4 2 2 72 1 8 5 2 0 72 0 0 0 0 0 0 0 0 0 0 0 0
2 17 10 0 0 0 0 0 0 1 8 5 2 1 72 0 0 0 0 0 0 0 0 0 0 0 0
2 17 11 1 8 6 2 0 73 1 8 5 2 2 72 0 0 0 0 0 0 0 0 0 0 0 0
2 17 12 1 8 6 2 1 73 0 0 0 0 0 0 0 0 0 0 0 0 0 0 0 0 0 0
2 17 13 1 8 6 2 2 73 1 8 7 2 0 73 0 0 0 0 0 0 0 0 0 0 0 0
2 17 14 0 0 0 0 0 0 1 8 7 2 1 73 0 0 0 0 0 0 0 0 0 0 0 0
2 17 15 1 8 8 2 0 74 1 8 7 2 2 73 0 0 0 0 0 0 0 0 0 0 0 0
2 17 16 1 8 8 2 1 74 0 0 0 0 0 0 0 0 0 0 0 0 0 0 0 0 0 0
2 17 17 1 8 8 2 2 74 0 0 0 0 0 0 0 0 0 0 0 0 0 0 0 0 0 0
2 17 18 0 0 0 0 0 0 0 0 0 0 0 0 0 0 0 0 0 0 0 0 0 0 0 0
2 17 19 0 0 0 0 0 0 0 0 0 0 0 0 0 0 0 0 0 0 0 0 0 0 0 0
2 17 20 0 0 0 0 0 0 0 0 0 0 0 0 0 0 0 0 0 0 0 0 0 0 0 0
2 17 21 0 0 0 0 0 0 0 0 0 0 0 0 0 0 0 0 0 0 0 0 0 0 0 0
2 17 22 0 0 0 0 0 0 0 0 0 0 0 0 0 0 0 0 0 0 0 0 0 0 0 0
2 17 23 0 0 0 0 0 0 0 0 0 0 0 0 0 0 0 0 0 0 0 0 0 0 0 0
2 17 24 0 0 0 0 0 0 0 0 0 0 0 0 0 0 0 0 0 0 0 0 0 0 0 0
2 17 25 0 0 0 0 0 0 0 0 0 0 0 0 0 0 0 0 0 0 0 0 0 0 0 0
2 17 26 0 0 0 0 0 0 0 0 0 0 0 0 0 0 0 0 0 0 0 0 0 0 0 0
2 17 27 0 0 0 0 0 0 0 0 0 0 0 0 0 0 0 0 0 0 0 0 0 0 0 0
2 17 28 0 0 0 0 0 0 0 0 0 0 0 0 0 0 0 0 0 0 0 0 0 0 0 0
2 17 29 0 0 0 0 0 0 0 0 0 0 0 0 0 0 0 0 0 0 0 0 0 0 0 0
2 17 30 0 0 0 0 0 0 0 0 0 0 0 0 0 0 0 0 0 0 0 0 0 0 0 0
2 17 31 0 0 0 0 0 0 0 0 0 0 0 0 0 0 0 0 0 0 0 0 0 0 0 0
2 18 0 0 0 0 0 0 0 0 0 0 0 0 0 0 0 0 0 0 0 0 0 0 0 0 0
2 18 1 0 0 0 0 0 0 0 0 0 0 0 0 0 0 0 0 0 0 0 0 0 0 0 0
2 18 2 0 0 0 0 0 0 0 0 0 0 0 0 0 0 0 0 0 0 0 0 0 0 0 0
2 18 3 0 0 0 0 0 0 0 0 0 0 0 0 0 0 0 0 0 0 0 0 0 0 0 0
2 18 4 0 0 0 0 0 0 0 0 0 0 0 0 0 0 0 0 0 0 0 0 0 0 0 0
2 18 5 0 0 0 0 0 0 0 0 0 0 0 0 0 0 0 0 0 0 0 0 0 0 0 0
2 18 6 0 0 0 0 0 0 0 0 0 0 0 0 0 0 0 0 0 0 0 0 0 0 0 0
2 18 7 0 0 0 0 0 0 0 0 0 0 0 0 0 0 0 0 0 0 0 0 0 0 0 0
2 18 8 0 0 0 0 0 0 0 0 0 0 0 0 0 0 0 0 0 0 0 0 0 0 0 0
2 18 9 0 0 0 0 0 0 0 0 0 0 0 0 0 0 0 0 0 0 0 0 0 0 0 0
2 18 10 0 0 0 0 0 0 0 0 0 0 0 0 0 0 0 0 0 0 0 0 0 0 0 0
2 18 11 0 0 0 0 0 0 0 0 0 0 0 0 0 0 0 0 0 0 0 0 0 0 0 0
2 18 12 0 0 0 0 0 0 0 0 0 0 0 0 0 0 0 0 0 0 0 0 0 0 0 0
2 18 13 0 0 0 0 0 0 0 0 0 0 0 0 0 0 0 0 0 0 0 0 0 0 0 0
2 18 14 0 0 0 0 0 0 0 0 0 0 0 0 0 0 0 0 0 0 0 0 0 0 0 0
2 18 15 0 0 0 0 0 0 0 0 0 0 0 0 0 0 0 0 0 0 0 0 0 0 0 0
2 18 16 0 0 0 0 0 0 0 0 0 0 0 0 0 0 0 0 0 0 0 0 0 0 0 0
2 18 17 0 0 0 0 0 0 0 0 0 0 0 0 0 0 0 0 0 0 0 0 0 0 0 0
2 18 18 0 0 0 0 0 0 0 0 0 0 0 0 0 0 0 0 0 0 0 0 0 0 0 0
2 18 19 0 0 0 0 0 0 0 0 0 0 0 0 0 0 0 0 0 0 0 0 0 0 0 0
2 18 20 0 0 0 0 0 0 0 0 0 0 0 0 0 0 0 0 0 0 0 0 0 0 0 0
2 18 21 0 0 0 0 0 0 0 0 0 0 0 0 0 0 0 0 0 0 0 0 0 0 0 0
2 18 22 0 0 0 0 0 0 0 0 0 0 0 0 0 0 0 0 0 0 0 0 0 0 0 0
2 18 23 0 0 0 0 0 0 0 0 0 0 0 0 0 0 0 0 0 0 0 0 0 0 0 0
2 18 24 0 0 0 0 0 0 0 0 0 0 0 0 0 0 0 0 0 0 0 0 0 0 0 0
2 18 25 0 0 0 0 0 0 0 0 0 0 0 0 0 0 0 0 0 0 0 0 0 0 0 0
2 18 26 0 0 0 0 0 0 0 0 0 0 0 0 0 0 0 0 0 0 0 0 0 0 0 0
2 18 27 0 0 0 0 0 0 0 0 0 0 0 0 0 0 0 0 0 0 0 0 0 0 0 0
2 18 28 0 0 0 0 0 0 0 0 0 0 0 0 0 0 0 0 0 0 0 0 0 0 0 0
2 18 29 0 0 0 0 0 0 0 0 0 0 0 0 0 0 0 0 0 0 0 0 0 0 0 0
2 18 30 0 0 0 0 0 0 0 0 0 0 0 0 0 0 0 0 0 0 0 0 0 0 0 0
2 18 31 0 0 0 0 0 0 0 0 0 0 0 0 0 0 0 0 0 0 0 0 0 0 0 0
2 19 0 0 0 0 0 0 0 0 0 0 0 0 0 0 0 0 0 0 0 0 0 0 0 0 0
2 19 1 0 0 0 0 0 0 0 0 0 0 0 0 0 0 0 0 0 0 0 0 0 0 0 0
2 19 2 0 0 0 0 0 0 0 0 0 0 0 0 0 0 0 0 0 0 0 0 0 0 0 0
2 19 3 0 0 0 0 0 0 0 0 0 0 0 0 0 0 0 0 0 0 0 0 0 0 0 0
2 19 4 0 0 0 0 0 0 0 0 0 0 0 0 0 0 0 0 0 0 0 0 0 0 0 0
2 19 5 0 0 0 0 0 0 0 0 0 0 0 0 0 0 0 0 0 0 0 0 0 0 0 0
2 19 6 0 0 0 0 0 0 0 0 0 0 0 0 0 0 0 0 0 0 0 0 0 0 0 0
2 19 7 0 0 0 0 0 0 0 0 0 0 0 0 0 0 0 0 0 0 0 0 0 0 0 0
2 19 8 0 0 0 0 0 0 0 0 0 0 0 0 0 0 0 0 0 0 0 0 0 0 0 0
2 19 9 0 0 0 0 0 0 0 0 0 0 0 0 0 0 0 0 0 0 0 0 0 0 0 0
2 19 10 0 0 0 0 0 0 0 0 0 0 0 0 0 0 0 0 0 0 0 0 0 0 0 0
2 19 11 0 0 0 0 0 0 0 0 0 0 0 0 0 0 0 0 0 0 0 0 0 0 0 0
2 19 12 0 0 0 0 0 0 0 0 0 0 0 0 0 0 0 0 0 0 0 0 0 0 0 0
2 19 13 0 0 0 0 0 0 0 0 0 0 0 0 0 0 0 0 0 0 0 0 0 0 0 0
2 19 14 0 0 0 0 0 0 0 0 0 0 0 0 0 0 0 0 0 0 0 0 0 0 0 0
2 19 15 0 0 0 0 0 0 0 0 0 0 0 0 0 0 0 0 0 0 0 0 0 0 0 0
2 19 16 0 0 0 0 0 0 0 0 0 0 0 0 0 0 0 0 0 0 0 0 0 0 0 0
2 19 17 0 0 0 0 0 0 0 0 0 0 0 0 0 0 0 0 0 0 0 0 0 0 0 0
2 19 18 0 0 0 0 0 0 0 0 0 0 0 0 0 0 0 0 0 0 0 0 0 0 0 0
2 19 19 0 0 0 0 0 0 0 0 0 0 0 0 0 0 0 0 0 0 0 0 0 0 0 0
2 19 20 0 0 0 0 0 0 0 0 0 0 0 0 0 0 0 0 0 0 0 0 0 0 0 0
2 19 21 0 0 0 0 0 0 0 0 0 0 0 0 0 0 0 0 0 0 0 0 0 0 0 0
2 19 22 0 0 0 0 0 0 0 0 0 0 0 0 0 0 0 0 0 0 0 0 0 0 0 0
2 19 23 0 0 0 0 0 0 0 0 0 0 0 0 0 0 0 0 0 0 0 0 0 0 0 0
2 19 24 0 0 0 0 0 0 0 0 0 0 0 0 0 0 0 0 0 0 0 0 0 0 0 0
2 19 25 0 0 0 0 0 0 0 0 0 0 0 0 0 0 0 0 0 0 0 0 0 0 0 0
2 19 26 0 0 0 0 0 0 0 0 0 0 0 0 0 0 0 0 0 0 0 0 0 0 0 0
2 19 27 0 0 0 0 0 0 0 0 0 0 0 0 0 0 0 0 0 0 0 0 0 0 0 0
2 19 28 0 0 0 0 0 0 0 0 0 0 0 0 0 0 0 0 0 0 0 0 0 0 0 0
2 19 29 0 0 0 0 0 0 0 0 0 0 0 0 0 0 0 0 0 0 0 0 0 0 0 0
2 19 30 0 0 0 0 0 0 0 0 0 0 0 0 0 0 0 0 0 0 0 0 0 0 0 0
2 19 31 0 0 0 0 0 0 0 0 0 0 0 0 0 0 0 0 0 0 0 0 0 0 0 0
2 20 0 0 0 0 0 0 0 0 0 0 0 0 0 0 0 0 0 0 0 0 0 0 0 0 0
2 20 1 0 0 0 0 0 0 0 0 0 0 0 0 0 0 0 0 0 0 0 0 0 0 0 0
2 20 2 0 0 0 0 0 0 0 0 0 0 0 0 0 0 0 0 0 0 0 0 0 0 0 0
2 20 3 0 0 0 0 0 0 0 0 0 0 0 0 0 0 0 0 0 0 0 0 0 0 0 0
2 20 4 0 0 0 0 0 0 0 0 0 0 0 0 0 0 0 0 0 0 0 0 0 0 0 0
2 20 5 0 0 0 0 0 0 0 0 0 0 0 0 0 0 0 0 0 0 0 0 0 0 0 0
2 20 6 0 0 0 0 0 0 0 0 0 0 0 0 0 0 0 0 0 0 0 0 0 0 0 0
2 20 7 0 0 0 0 0 0 0 0 0 0 0 0 0 0 0 0 0 0 0 0 0 0 0 0
2 20 8 0 0 0 0 0 0 0 0 0 0 0 0 0 0 0 0 0 0 0 0 0 0 0 0
2 20 9 0 0 0 0 0 0 0 0 0 0 0 0 0 0 0 0 0 0 0 0 0 0 0 0
2 20 10 0 0 0 0 0 0 0 0 0 0 0 0 0 0 0 0 0 0 0 0 0 0 0 0
2 20 11 0 0 0 0 0 0 0 0 0 0 0 0 0 0 0 0 0 0 0 0 0 0 0 0
2 20 12 0 0 0 0 0 0 0 0 0 0 0 0 0 0 0 0 0 0 0 0 0 0 0 0
2 20 13 0 0 0 0 0 0 0 0 0 0 0 0 0 0 0 0 0 0 0 0 0 0 0 0
2 20 14 0 0 0 0 0 0 0 0 0 0 0 0 0 0 0 0 0 0 0 0 0 0 0 0
2 20 15 0 0 0 0 0 0 0 0 0 0 0 0 0 0 0 0 0 0 0 0 0 0 0 0
2 20 16 0 0 0 0 0 0 0 0 0 0 0 0 0 0 0 0 0 0 0 0 0 0 0 0
2 20 17 0 0 0 0 0 0 0 0 0 0 0 0 0 0 0 0 0 0 0 0 0 0 0 0
2 20 18 0 0 0 0 0 0 0 0 0 0 0 0 0 0 0 0 0 0 0 0 0 0 0 0
2 20 19 0 0 0 0 0 0 0 0 0 0 0 0 0 0 0 0 0 0 0 0 0 0 0 0
2 20 20 0 0 0 0 0 0 0 0 0 0 0 0 0 0 0 0 0 0 0 0 0 0 0 0
2 20 21 0 0 0 0 0 0 0 0 0 0 0 0 0 0 0 0 0 0 0 0 0 0 0 0
2 20 22 0 0 0 0 0 0 0 0 0 0 0 0 0 0 0 0 0 0 0 0 0 0 0 0
2 20 23 0 0 0 0 0 0 0 0 0 0 0 0 0 0 0 0 0 0 0 0 0 0 0 0
2 20 24 0 0 0 0 0 0 0 0 0 0 0 0 0 0 0 0 0 0 0 0 0 0 0 0
2 20 25 0 0 0 0 0 0 0 0 0 0 0 0 0 0 0 0 0 0 0 0 0 0 0 0
2 20 26 0 0 0 0 0 0 0 0 0 0 0 0 0 0 0 0 0 0 0 0 0 0 0 0
2 20 27 0 0 0 0 0 0 0 0 0 0 0 0 0 0 0 0 0 0 0 0 0 0 0 0
2 20 28 0 0 0 0 0 0 0 0 0 0 0 0 0 0 0 0 0 0 0 0 0 0 0 0
2 20 29 0 0 0 0 0 0 0 0 0 0 0 0 0 0 0 0 0 0 0 0 0 0 0 0
2 20 30 0 0 0 0 0 0 0 0 0 0 0 0 0 0 0 0 0 0 0 0 0 0 0 0
2 20 31 0 0 0 0 0 0 0 0 0 0 0 0 0 0 0 0 0 0 0 0 0 0 0 0
2 21 0 0 0 0 0 0 0 0 0 0 0 0 0 0 0 0 0 0 0 0 0 0 0 0 0
2 21 1 0 0 0 0 0 0 0 0 0 0 0 0 0 0 0 0 0 0 0 0 0 0 0 0
2 21 2 0 0 0 0 0 0 0 0 0 0 0 0 0 0 0 0 0 0 0 0 0 0 0 0
2 21 3 0 0 0 0 0 0 0 0 0 0 0 0 0 0 0 0 0 0 0 0 0 0 0 0
2 21 4 0 0 0 0 0 0 0 0 0 0 0 0 0 0 0 0 0 0 0 0 0 0 0 0
2 21 5 0 0 0 0 0 0 0 0 0 0 0 0 0 0 0 0 0 0 0 0 0 0 0 0
2 21 6 0 0 0 0 0 0 0 0 0 0 0 0 0 0 0 0 0 0 0 0 0 0 0 0
2 21 7 0 0 0 0 0 0 0 0 0 0 0 0 0 0 0 0 0 0 0 0 0 0 0 0
2 21 8 0 0 0 0 0 0 0 0 0 0 0 0 0 0 0 0 0 0 0 0 0 0 0 0
2 21 9 0 0 0 0 0 0 0 0 0 0 0 0 0 0 0 0 0 0 0 0 0 0 0 0
2 21 10 0 0 0 0 0 0 0 0 0 0 0 0 0 0 0 0 0 0 0 0 0 0 0 0
2 21 11 0 0 0 0 0 0 0 0 0 0 0 0 0 0 0 0 0 0 0 0 0 0 0 0
2 21 12 0 0 0 0 0 0 0 0 0 0 0 0 0 0 0 0 0 0 0 0 0 0 0 0
2 21 13 0 0 0 0 0 0 0 0 0 0 0 0 0 0 0 0 0 0 0 0 0 0 0 0
2 21 14 0 0 0 0 0 0 0 0 0 0 0 0 0 0 0 0 0 0 0 0 0 0 0 0
2 21 15 0 0 0 0 0 0 0 0 0 0 0 0 0 0 0 0 0 0 0 0 0 0 0 0
2 21 16 0 0 0 0 0 0 0 0 0 0 0 0 0 0 0 0 0 0 0 0 0 0 0 0
2 21 17 0 0 0 0 0 0 0 0 0 0 0 0 0 0 0 0 0 0 0 0 0 0 0 0
2 21 18 0 0 0 0 0 0 0 0 0 0 0 0 0 0 0 0 0 0 0 0 0 0 0 0
2 21 19 0 0 0 0 0 0 0 0 0 0 0 0 0 0 0 0 0 0 0 0 0 0 0 0
2 21 20 0 0 0 0 0 0 0 0 0 0 0 0 0 0 0 0 0 0 0 0 0 0 0 0
2 21 21 0 0 0 0 0 0 0 0 0 0 0 0 0 0 0 0 0 0 0 0 0 0 0 0
2 21 22 0 0 0 0 0 0 0 0 0 0 0 0 0 0 0 0 0 0 0 0 0 0 0 0
2 21 23 0 0 0 0 0 0 0 0 0 0 0 0 0 0 0 0 0 0 0 0 0 0 0 0
2 21 24 0 0 0 0 0 0 0 0 0 0 0 0 0 0 0 0 0 0 0 0 0 0 0 0
2 21 25 0 0 0 0 0 0 0 0 0 0 0 0 0 0 0 0 0 0 0 0 0 0 0 0
2 21 26 0 0 0 0 0 0 0 0 0 0 0 0 0 0 0 0 0 0 0 0 0 0 0 0
2 21 27 0 0 0 0 0 0 0 0 0 0 0 0 0 0 0 0 0 0 0 0 0 0 0 0
2 21 28 0 0 0 0 0 0 0 0 0 0 0 0 0 0 0 0 0 0 0 0 0 0 0 0
2 21 29 0 0 0 0 0 0 0 0 0 0 0 0 0 0 0 0 0 0 0 0 0 0 0 0
2 21 30 0 0 0 0 0 0 0 0 0 0 0 0 0 0 0 0 0 0 0 0 0 0 0 0
2 21 31 0 0 0 0 0 0 0 0 0 0 0 0 0 0 0 0 0 0 0 0 0 0 0 0
2 22 0 0 0 0 0 0 0 0 0 0 0 0 0 0 0 0 0 0 0 0 0 0 0 0 0
2 22 1 0 0 0 0 0 0 0 0 0 0 0 0 0 0 0 0 0 0 0 0 0 0 0 0
2 22 2 0 0 0 0 0 0 0 0 0 0 0 0 0 0 0 0 0 0 0 0 0 0 0 0
2 22 3 0 0 0 0 0 0 0 0 0 0 0 0 0 0 0 0 0 0 0 0 0 0 0 0
2 22 4 0 0 0 0 0 0 0 0 0 0 0 0 0 0 0 0 0 0 0 0 0 0 0 0
2 22 5 0 0 0 0 0 0 0 0 0 0 0 0 0 0 0 0 0 0 0 0 0 0 0 0
2 22 6 0 0 0 0 0 0 0 0 0 0 0 0 0 0 0 0 0 0 0 0 0 0 0 0
2 22 7 0 0 0 0 0 0 0 0 0 0 0 0 0 0 0 0 0 0 0 0 0 0 0 0
2 22 8 0 0 0 0 0 0 0 0 0 0 0 0 0 0 0 0 0 0 0 0 0 0 0 0
2 22 9 0 0 0 0 0 0 0 0 0 0 0 0 0 0 0 0 0 0 0 0 0 0 0 0
2 22 10 0 0 0 0 0 0 0 0 0 0 0 0 0 0 0 0 0 0 0 0 0 0 0 0
2 22 11 0 0 0 0 0 0 0 0 0 0 0 0 0 0 0 0 0 0 0 0 0 0 0 0
2 22 12 0 0 0 0 0 0 0 0 0 0 0 0 0 0 0 0 0 0 0 0 0 0 0 0
2 22 13 0 0 0 0 0 0 0 0 0 0 0 0 0 0 0 0 0 0 0 0 0 0 0 0
2 22 14 0 0 0 0 0 0 0 0 0 0 0 0 0 0 0 0 0 0 0 0 0 0 0 0
2 22 15 0 0 0 0 0 0 0 0 0 0 0 0 0 0 0 0 0 0 0 0 0 0 0 0
2 22 16 0 0 0 0 0 0 0 0 0 0 0 0 0 0 0 0 0 0 0 0 0 0 0 0
2 22 17 0 0 0 0 0 0 0 0 0 0 0 0 0 0 0 0 0 0 0 0 0 0 0 0
2 22 18 0 0 0 0 0 0 0 0 0 0 0 0 0 0 0 0 0 0 0 0 0 0 0 0
2 22 19 0 0 0 0 0 0 0 0 0 0 0 0 0 0 0 0 0 0 0 0 0 0 0 0
2 22 20 0 0 0 0 0 0 0 0 0 0 0 0 0 0 0 0 0 0 0 0 0 0 0 0
2 22 21 0 0 0 0 0 0 0 0 0 0 0 0 0 0 0 0 0 0 0 0 0 0 0 0
2 22 22 0 0 0 0 0 0 0 0 0 0 0 0 0 0 0 0 0 0 0 0 0 0 0 0
2 22 23 0 0 0 0 0 0 0 0 0 0 0 0 0 0 0 0 0 0 0 0 0 0 0 0
2 22 24 0 0 0 0 0 0 0 0 0 0 0 0 0 0 0 0 0 0 0 0 0 0 0 0
2 22 25 0 0 0 0 0 0 0 0 0 0 0 0 0 0 0 0 0 0 0 0 0 0 0 0
2 22 26 0 0 0 0 0 0 0 0 0 0 0 0 0 0 0 0 0 0 0 0 0 0 0 0
2 22 27 0 0 0 0 0 0 0 0 0 0 0 0 0 0 0 0 0 0 0 0 0 0 0 0
2 22 28 0 0 0 0 0 0 0 0 0 0 0 0 0 0 0 0 0 0 0 0 0 0 0 0
2 22 29 0 0 0 0 0 0 0 0 0 0 0 0 0 0 0 0 0 0 0 0 0 0 0 0
2 22 30 0 0 0 0 0 0 0 0 0 0 0 0 0 0 0 0 0 0 0 0 0 0 0 0
2 22 31 0 0 0 0 0 0 0 0 0 0 0 0 0 0 0 0 0 0 0 0 0 0 0 0
2 23 0 0 0 0 0 0 0 0 0 0 0 0 0 0 0 0 0 0 0 0 0 0 0 0 0
2 23 1 0 0 0 0 0 0 0 0 0 0 0 0 0 0 0 0 0 0 0 0 0 0 0 0
2 23 2 0 0 0 0 0 0 0 0 0 0 0 0 0 0 0 0 0 0 0 0 0 0 0 0
2 23 3 0 0 0 0 0 0 0 0 0 0 0 0 0 0 0 0 0 0 0 0 0 0 0 0
2 23 4 0 0 0 0 0 0 0 0 0 0 0 0 0 0 0 0 0 0 0 0 0 0 0 0
2 23 5 0 0 0 0 0 0 0 0 0 0 0 0 0 0 0 0 0 0 0 0 0 0 0 0
2 23 6 0 0 0 0 0 0 0 0 0 0 0 0 0 0 0 0 0 0 0 0 0 0 0 0
2 23 7 0 0 0 0 0 0 0 0 0 0 0 0 0 0 0 0 0 0 0 0 0 0 0 0
2 23 8 0 0 0 0 0 0 0 0 0 0 0 0 0 0 0 0 0 0 0 0 0 0 0 0
2 23 9 0 0 0 0 0 0 0 0 0 0 0 0 0 0 0 0 0 0 0 0 0 0 0 0
2 23 10 0 0 0 0 0 0 0 0 0 0 0 0 0 0 0 0 0 0 0 0 0 0 0 0
2 23 11 0 0 0 0 0 0 0 0 0 0 0 0 0 0 0 0 0 0 0 0 0 0 0 0
2 23 12 0 0 0 0 0 0 0 0 0 0 0 0 0 0 0 0 0 0 0 0 0 0 0 0
2 23 13 0 0 0 0 0 0 0 0 0 0 0 0 0 0 0 0 0 0 0 0 0 0 0 0
2 23 14 0 0 0 0 0 0 0 0 0 0 0 0 0 0 0 0 0 0 0 0 0 0 0 0
2 23 15 0 0 0 0 0 0 0 0 0 0 0 0 0 0 0 0 0 0 0 0 0 0 0 0
2 23 16 0 0 0 0 0 0 0 0 0 0 0 0 0 0 0 0 0 0 0 0 0 0 0 0
2 23 17 0 0 0 0 0 0 0 0 0 0 0 0 0 0 0 0 0 0 0 0 0 0 0 0
2 23 18 0 0 0 0 0 0 0 0 0 0 0 0 0 0 0 0 0 0 0 0 0 0 0 0
2 23 19 0 0 0 0 0 0 0 0 0 0 0 0 0 0 0 0 0 0 0 0 0 0 0 0
2 23 20 0 0 0 0 0 0 0 0 0 0 0 0 0 0 0 0 0 0 0 0 0 0 0 0
2 23 21 0 0 0 0 0 0 0 0 0 0 0 0 0 0 0 0 0 0 0 0 0 0 0 0
2 23 22 0 0 0 0 0 0 0 0 0 0 0 0 0 0 0 0 0 0 0 0 0 0 0 0
2 23 23 0 0 0 0 0 0 0 0 0 0 0 0 0 0 0 0 0 0 0 0 0 0 0 0
2 23 24 0 0 0 0 0 0 0 0 0 0 0 0 0 0 0 0 0 0 0 0 0 0 0 0
2 23 25 0 0 0 0 0 0 0 0 0 0 0 0 0 0 0 0 0 0 0 0 0 0 0 0
2 23 26 0 0 0 0 0 0 0 0 0 0 0 0 0 0 0 0 0 0 0 0 0 0 0 0
2 23 27 0 0 0 0 0 0 0 0 0 0 0 0 0 0 0 0 0 0 0 0 0 0 0 0
2 23 28 0 0 0 0 0 0 0 0 0 0 0 0 0 0 0 0 0 0 0 0 0 0 0 0
2 23 29 0 0 0 0 0 0 0 0 0 0 0 0 0 0 0 0 0 0 0 0 0 0 0 0
2 23 30 0 0 0 0 0 0 0 0 0 0 0 0 0 0 0 0 0 0 0 0 0 0 0 0
2 23 31 0 0 0 0 0 0 0 0 0 0 0 0 0 0 0 0 0 0 0 0 0 0 0 0
2 24 0 0 0 0 0 0 0 0 0 0 0 0 0 0 0 0 0 0 0 0 0 0 0 0 0
2 24 1 0 0 0 0 0 0 0 0 0 0 0 0 0 0 0 0 0 0 0 0 0 0 0 0
2 24 2 0 0 0 0 0 0 0 0 0 0 0 0 0 0 0 0 0 0 0 0 0 0 0 0
2 24 3 0 0 0 0 0 0 0 0 0 0 0 0 0 0 0 0 0 0 0 0 0 0 0 0
2 24 4 0 0 0 0 0 0 0 0 0 0 0 0 0 0 0 0 0 0 0 0 0 0 0 0
2 24 5 0 0 0 0 0 0 0 0 0 0 0 0 0 0 0 0 0 0 0 0 0 0 0 0
2 24 6 0 0 0 0 0 0 0 0 0 0 0 0 0 0 0 0 0 0 0 0 0 0 0 0
2 24 7 0 0 0 0 0 0 0 0 0 0 0 0 0 0 0 0 0 0 0 0 0 0 0 0
2 24 8 0 0 0 0 0 0 0 0 0 0 0 0 0 0 0 0 0 0 0 0 0 0 0 0
2 24 9 0 0 0 0 0 0 0 0 0 0 0 0 0 0 0 0 0 0 0 0 0 0 0 0
2 24 10 0 0 0 0 0 0 0 0 0 0 0 0 0 0 0 0 0 0 0 0 0 0 0 0
2 24 11 0 0 0 0 0 0 0 0 0 0 0 0 0 0 0 0 0 0 0 0 0 0 0 0
2 24 12 0 0 0 0 0 0 0 0 0 0 0 0 0 0 0 0 0 0 0 0 0 0 0 0
2 24 13 0 0 0 0 0 0 0 0 0 0 0 0 0 0 0 0 0 0 0 0 0 0 0 0
2 24 14 0 0 0 0 0 0 0 0 0 0 0 0 0 0 0 0 0 0 0 0 0 0 0 0
2 24 15 0 0 0 0 0 0 0 0 0 0 0 0 0 0 0 0 0 0 0 0 0 0 0 0
2 24 16 0 0 0 0 0 0 0 0 0 0 0 0 0 0 0 0 0 0 0 0 0 0 0 0
2 24 17 0 0 0 0 0 0 0 0 0 0 0 0 0 0 0 0 0 0 0 0 0 0 0 0
2 24 18 0 0 0 0 0 0 0 0 0 0 0 0 0 0 0 0 0 0 0 0 0 0 0 0
2 24 19 0 0 0 0 0 0 0 0 0 0 0 0 0 0 0 0 0 0 0 0 0 0 0 0
2 24 20 0 0 0 0 0 0 0 0 0 0 0 0 0 0 0 0 0 0 0 0 0 0 0 0
2 24 21 0 0 0 0 0 0 0 0 0 0 0 0 0 0 0 0 0 0 0 0 0 0 0 0
2 24 22 0 0 0 0 0 0 0 0 0 0 0 0 0 0 0 0 0 0 0 0 0 0 0 0
2 24 23 0 0 0 0 0 0 0 0 0 0 0 0 0 0 0 0 0 0 0 0 0 0 0 0
2 24 24 0 0 0 0 0 0 0 0 0 0 0 0 0 0 0 0 0 0 0 0 0 0 0 0
2 24 25 0 0 0 0 0 0 0 0 0 0 0 0 0 0 0 0 0 0 0 0 0 0 0 0
2 24 26 0 0 0 0 0 0 0 0 0 0 0 0 0 0 0 0 0 0 0 0 0 0 0 0
2 24 27 0 0 0 0 0 0 0 0 0 0 0 0 0 0 0 0 0 0 0 0 0 0 0 0
2 24 28 0 0 0 0 0 0 0 0 0 0 0 0 0 0 0 0 0 0 0 0 0 0 0 0
2 24 29 0 0 0 0 0 0 0 0 0 0 0 0 0 0 0 0 0 0 0 0 0 0 0 0
2 24 30 0 0 0 0 0 0 0 0 0 0 0 0 0 0 0 0 0 0 0 0 0 0 0 0
2 24 31 0 0 0 0 0 0 0 0 0 0 0 0 0 0 0 0 0 0 0 0 0 0 0 0
2 25 0 0 0 0 0 0 0 0 0 0 0 0 0 0 0 0 0 0 0 0 0 0 0 0 0
2 25 1 0 0 0 0 0 0 0 0 0 0 0 0 0 0 0 0 0 0 0 0 0 0 0 0
2 25 2 0 0 0 0 0 0 0 0 0 0 0 0 0 0 0 0 0 0 0 0 0 0 0 0
2 25 3 0 0 0 0 0 0 0 0 0 0 0 0 0 0 0 0 0 0 0 0 0 0 0 0
2 25 4 0 0 0 0 0 0 0 0 0 0 0 0 0 0 0 0 0 0 0 0 0 0 0 0
2 25 5 0 0 0 0 0 0 0 0 0 0 0 0 0 0 0 0 0 0 0 0 0 0 0 0
2 25 6 0 0 0 0 0 0 0 0 0 0 0 0 0 0 0 0 0 0 0 0 0 0 0 0
2 25 7 0 0 0 0 0 0 0 0 0 0 0 0 0 0 0 0 0 0 0 0 0 0 0 0
2 25 8 0 0 0 0 0 0 0 0 0 0 0 0 0 0 0 0 0 0 0 0 0 0 0 0
2 25 9 0 0 0 0 0 0 0 0 0 0 0 0 0 0 0 0 0 0 0 0 0 0 0 0
2 25 10 0 0 0 0 0 0 0 0 0 0 0 0 0 0 0 0 0 0 0 0 0 0 0 0
2 25 11 0 0 0 0 0 0 0 0 0 0 0 0 0 0 0 0 0 0 0 0 0 0 0 0
2 25 12 0 0 0 0 0 0 0 0 0 0 0 0 0 0 0 0 0 0 0 0 0 0 0 0
2 25 13 0 0 0 0 0 0 0 0 0 0 0 0 0 0 0 0 0 0 0 0 0 0 0 0
2 25 14 0 0 0 0 0 0 0 0 0 0 0 0 0 0 0 0 0 0 0 0 0 0 0 0
2 25 15 0 0 0 0 0 0 0 0 0 0 0 0 0 0 0 0 0 0 0 0 0 0 0 0
2 25 16 0 0 0 0 0 0 0 0 0 0 0 0 0 0 0 0 0 0 0 0 0 0 0 0
2 25 17 0 0 0 0 0 0 0 0 0 0 0 0 0 0 0 0 0 0 0 0 0 0 0 0
2 25 18 0 0 0 0 0 0 0 0 0 0 0 0 0 0 0 0 0 0 0 0 0 0 0 0
2 25 19 0 0 0 0 0 0 0 0 0 0 0 0 0 0 0 0 0 0 0 0 0 0 0 0
2 25 20 0 0 0 0 0 0 0 0 0 0 0 0 0 0 0 0 0 0 0 0 0 0 0 0
2 25 21 0 0 0 0 0 0 0 0 0 0 0 0 0 0 0 0 0 0 0 0 0 0 0 0
2 25 22 0 0 0 0 0 0 0 0 0 0 0 0 0 0 0 0 0 0 0 0 0 0 0 0
2 25 23 0 0 0 0 0 0 0 0 0 0 0 0 0 0 0 0 0 0 0 0 0 0 0 0
2 25 24 0 0 0 0 0 0 0 0 0 0 0 0 0 0 0 0 0 0 0 0 0 0 0 0
2 25 25 0 0 0 0 0 0 0 0 0 0 0 0 0 0 0 0 0 0 0 0 0 0 0 0
2 25 26 0 0 0 0 0 0 0 0 0 0 0 0 0 0 0 0 0 0 0 0 0 0 0 0
2 25 27 0 0 0 0 0 0 0 0 0 0 0 0 0 0 0 0 0 0 0 0 0 0 0 0
2 25 28 0 0 0 0 0 0 0 0 0 0 0 0 0 0 0 0 0 0 0 0 0 0 0 0
2 25 29 0 0 0 0 0 0 0 0 0 0 0 0 0 0 0 0 0 0 0 0 0 0 0 0
2 25 30 0 0 0 0 0 0 0 0 0 0 0 0 0 0 0 0 0 0 0 0 0 0 0 0
2 25 31 0 0 0 0 0 0 0 0 0 0 0 0 0 0 0 0 0 0 0 0 0 0 0 0
2 26 0 0 0 0 0 0 0 0 0 0 0 0 0 0 0 0 0 0 0 0 0 0 0 0 0
2 26 1 0 0 0 0 0 0 0 0 0 0 0 0 0 0 0 0 0 0 0 0 0 0 0 0
2 26 2 0 0 0 0 0 0 0 0 0 0 0 0 0 0 0 0 0 0 0 0 0 0 0 0
2 26 3 0 0 0 0 0 0 0 0 0 0 0 0 0 0 0 0 0 0 0 0 0 0 0 0
2 26 4 0 0 0 0 0 0 0 0 0 0 0 0 0 0 0 0 0 0 0 0 0 0 0 0
2 26 5 0 0 0 0 0 0 0 0 0 0 0 0 0 0 0 0 0 0 0 0 0 0 0 0
2 26 6 0 0 0 0 0 0 0 0 0 0 0 0 0 0 0 0 0 0 0 0 0 0 0 0
2 26 7 0 0 0 0 0 0 0 0 0 0 0 0 0 0 0 0 0 0 0 0 0 0 0 0
2 26 8 0 0 0 0 0 0 0 0 0 0 0 0 0 0 0 0 0 0 0 0 0 0 0 0
2 26 9 0 0 0 0 0 0 0 0 0 0 0 0 0 0 0 0 0 0 0 0 0 0 0 0
2 26 10 0 0 0 0 0 0 0 0 0 0 0 0 0 0 0 0 0 0 0 0 0 0 0 0
2 26 11 0 0 0 0 0 0 0 0 0 0 0 0 0 0 0 0 0 0 0 0 0 0 0 0
2 26 12 0 0 0 0 0 0 0 0 0 0 0 0 0 0 0 0 0 0 0 0 0 0 0 0
2 26 13 0 0 0 0 0 0 0 0 0 0 0 0 0 0 0 0 0 0 0 0 0 0 0 0
2 26 14 0 0 0 0 0 0 0 0 0 0 0 0 0 0 0 0 0 0 0 0 0 0 0 0
2 26 15 0 0 0 0 0 0 0 0 0 0 0 0 0 0 0 0 0 0 0 0 0 0 0 0
2 26 16 0 0 0 0 0 0 0 0 0 0 0 0 0 0 0 0 0 0 0 0 0 0 0 0
2 26 17 0 0 0 0 0 0 0 0 0 0 0 0 0 0 0 0 0 0 0 0 0 0 0 0
2 26 18 0 0 0 0 0 0 0 0 0 0 0 0 0 0 0 0 0 0 0 0 0 0 0 0
2 26 19 0 0 0 0 0 0 0 0 0 0 0 0 0 0 0 0 0 0 0 0 0 0 0 0
2 26 20 0 0 0 0 0 0 0 0 0 0 0 0 0 0 0 0 0 0 0 0 0 0 0 0
2 26 21 0 0 0 0 0 0 0 0 0 0 0 0 0 0 0 0 0 0 0 0 0 0 0 0
2 26 22 0 0 0 0 0 0 0 0 0 0 0 0 0 0 0 0 0 0 0 0 0 0 0 0
2 26 23 0 0 0 0 0 0 0 0 0 0 0 0 0 0 0 0 0 0 0 0 0 0 0 0
2 26 24 0 0 0 0 0 0 0 0 0 0 0 0 0 0 0 0 0 0 0 0 0 0 0 0
2 26 25 0 0 0 0 0 0 0 0 0 0 0 0 0 0 0 0 0 0 0 0 0 0 0 0
2 26 26 0 0 0 0 0 0 0 0 0 0 0 0 0 0 0 0 0 0 0 0 0 0 0 0
2 26 27 0 0 0 0 0 0 0 0 0 0 0 0 0 0 0 0 0 0 0 0 0 0 0 0
2 26 28 0 0 0 0 0 0 0 0 0 0 0 0 0 0 0 0 0 0 0 0 0 0 0 0
2 26 29 0 0 0 0 0 0 0 0 0 0 0 0 0 0 0 0 0 0 0 0 0 0 0 0
2 26 30 0 0 0 0 0 0 0 0 0 0 0 0 0 0 0 0 0 0 0 0 0 0 0 0
2 26 31 0 0 0 0 0 0 0 0 0 0 0 0 0 0 0 0 0 0 0 0 0 0 0 0
2 27 0 0 0 0 0 0 0 0 0 0 0 0 0 0 0 0 0 0 0 0 0 0 0 0 0
2 27 1 0 0 0 0 0 0 0 0 0 0 0 0 0 0 0 0 0 0 0 0 0 0 0 0
2 27 2 0 0 0 0 0 0 0 0 0 0 0 0 0 0 0 0 0 0 0 0 0 0 0 0
2 27 3 0 0 0 0 0 0 0 0 0 0 0 0 0 0 0 0 0 0 0 0 0 0 0 0
2 27 4 0 0 0 0 0 0 0 0 0 0 0 0 0 0 0 0 0 0 0 0 0 0 0 0
2 27 5 0 0 0 0 0 0 0 0 0 0 0 0 0 0 0 0 0 0 0 0 0 0 0 0
2 27 6 0 0 0 0 0 0 0 0 0 0 0 0 0 0 0 0 0 0 0 0 0 0 0 0
2 27 7 0 0 0 0 0 0 0 0 0 0 0 0 0 0 0 0 0 0 0 0 0 0 0 0
2 27 8 0 0 0 0 0 0 0 0 0 0 0 0 0 0 0 0 0 0 0 0 0 0 0 0
2 27 9 0 0 0 0 0 0 0 0 0 0 0 0 0 0 0 0 0 0 0 0 0 0 0 0
2 27 10 0 0 0 0 0 0 0 0 0 0 0 0 0 0 0 0 0 0 0 0 0 0 0 0
2 27 11 0 0 0 0 0 0 0 0 0 0 0 0 0 0 0 0 0 0 0 0 0 0 0 0
2 27 12 0 0 0 0 0 0 0 0 0 0 0 0 0 0 0 0 0 0 0 0 0 0 0 0
2 27 13 0 0 0 0 0 0 0 0 0 0 0 0 0 0 0 0 0 0 0 0 0 0 0 0
2 27 14 0 0 0 0 0 0 0 0 0 0 0 0 0 0 0 0 0 0 0 0 0 0 0 0
2 27 15 0 0 0 0 0 0 0 0 0 0 0 0 0 0 0 0 0 0 0 0 0 0 0 0
2 27 16 0 0 0 0 0 0 0 0 0 0 0 0 0 0 0 0 0 0 0 0 0 0 0 0
2 27 17 0 0 0 0 0 0 0 0 0 0 0 0 0 0 0 0 0 0 0 0 0 0 0 0
2 27 18 0 0 0 0 0 0 0 0 0 0 0 0 0 0 0 0 0 0 0 0 0 0 0 0
2 27 19 0 0 0 0 0 0 0 0 0 0 0 0 0 0 0 0 0 0 0 0 0 0 0 0
2 27 20 0 0 0 0 0 0 0 0 0 0 0 0 0 0 0 0 0 0 0 0 0 0 0 0
2 27 21 0 0 0 0 0 0 0 0 0 0 0 0 0 0 0 0 0 0 0 0 0 0 0 0
2 27 22 0 0 0 0 0 0 0 0 0 0 0 0 0 0 0 0 0 0 0 0 0 0 0 0
2 27 23 0 0 0 0 0 0 0 0 0 0 0 0 0 0 0 0 0 0 0 0 0 0 0 0
2 27 24 0 0 0 0 0 0 0 0 0 0 0 0 0 0 0 0 0 0 0 0 0 0 0 0
2 27 25 0 0 0 0 0 0 0 0 0 0 0 0 0 0 0 0 0 0 0 0 0 0 0 0
2 27 26 0 0 0 0 0 0 0 0 0 0 0 0 0 0 0 0 0 0 0 0 0 0 0 0
2 27 27 0 0 0 0 0 0 0 0 0 0 0 0 0 0 0 0 0 0 0 0 0 0 0 0
2 27 28 0 0 0 0 0 0 0 0 0 0 0 0 0 0 0 0 0 0 0 0 0 0 0 0
2 27 29 0 0 0 0 0 0 0 0 0 0 0 0 0 0 0 0 0 0 0 0 0 0 0 0
2 27 30 0 0 0 0 0 0 0 0 0 0 0 0 0 0 0 0 0 0 0 0 0 0 0 0
2 27 31 0 0 0 0 0 0 0 0 0 0 0 0 0 0 0 0 0 0 0 0 0 0 0 0
2 28 0 0 0 0 0 0 0 0 0 0 0 0 0 0 0 0 0 0 0 0 0 0 0 0 0
2 28 1 0 0 0 0 0 0 0 0 0 0 0 0 0 0 0 0 0 0 0 0 0 0 0 0
2 28 2 0 0 0 0 0 0 0 0 0 0 0 0 0 0 0 0 0 0 0 0 0 0 0 0
2 28 3 0 0 0 0 0 0 0 0 0 0 0 0 0 0 0 0 0 0 0 0 0 0 0 0
2 28 4 0 0 0 0 0 0 0 0 0 0 0 0 0 0 0 0 0 0 0 0 0 0 0 0
2 28 5 0 0 0 0 0 0 0 0 0 0 0 0 0 0 0 0 0 0 0 0 0 0 0 0
2 28 6 0 0 0 0 0 0 0 0 0 0 0 0 0 0 0 0 0 0 0 0 0 0 0 0
2 28 7 0 0 0 0 0 0 0 0 0 0 0 0 0 0 0 0 0 0 0 0 0 0 0 0
2 28 8 0 0 0 0 0 0 0 0 0 0 0 0 0 0 0 0 0 0 0 0 0 0 0 0
2 28 9 0 0 0 0 0 0 0 0 0 0 0 0 0 0 0 0 0 0 0 0 0 0 0 0
2 28 10 0 0 0 0 0 0 0 0 0 0 0 0 0 0 0 0 0 0 0 0 0 0 0 0
2 28 11 0 0 0 0 0 0 0 0 0 0 0 0 0 0 0 0 0 0 0 0 0 0 0 0
2 28 12 0 0 0 0 0 0 0 0 0 0 0 0 0 0 0 0 0 0 0 0 0 0 0 0
2 28 13 0 0 0 0 0 0 0 0 0 0 0 0 0 0 0 0 0 0 0 0 0 0 0 0
2 28 14 0 0 0 0 0 0 0 0 0 0 0 0 0 0 0 0 0 0 0 0 0 0 0 0
2 28 15 0 0 0 0 0 0 0 0 0 0 0 0 0 0 0 0 0 0 0 0 0 0 0 0
2 28 16 0 0 0 0 0 0 0 0 0 0 0 0 0 0 0 0 0 0 0 0 0 0 0 0
2 28 17 0 0 0 0 0 0 0 0 0 0 0 0 0 0 0 0 0 0 0 0 0 0 0 0
2 28 18 0 0 0 0 0 0 0 0 0 0 0 0 0 0 0 0 0 0 0 0 0 0 0 0
2 28 19 0 0 0 0 0 0 0 0 0 0 0 0 0 0 0 0 0 0 0 0 0 0 0 0
2 28 20 0 0 0 0 0 0 0 0 0 0 0 0 0 0 0 0 0 0 0 0 0 0 0 0
2 28 21 0 0 0 0 0 0 0 0 0 0 0 0 0 0 0 0 0 0 0 0 0 0 0 0
2 28 22 0 0 0 0 0 0 0 0 0 0 0 0 0 0 0 0 0 0 0 0 0 0 0 0
2 28 23 0 0 0 0 0 0 0 0 0 0 0 0 0 0 0 0 0 0 0 0 0 0 0 0
2 28 24 0 0 0 0 0 0 0 0 0 0 0 0 0 0 0 0 0 0 0 0 0 0 0 0
2 28 25 0 0 0 0 0 0 0 0 0 0 0 0 0 0 0 0 0 0 0 0 0 0 0 0
2 28 26 0 0 0 0 0 0 0 0 0 0 0 0 0 0 0 0 0 0 0 0 0 0 0 0
2 28 27 0 0 0 0 0 0 0 0 0 0 0 0 0 0 0 0 0 0 0 0 0 0 0 0
2 28 28 0 0 0 0 0 0 0 0 0 0 0 0 0 0 0 0 0 0 0 0 0 0 0 0
2 28 29 0 0 0 0 0 0 0 0 0 0 0 0 0 0 0 0 0 0 0 0 0 0 0 0
2 28 30 0 0 0 0 0 0 0 0 0 0 0 0 0 0 0 0 0 0 0 0 0 0 0 0
2 28 31 0 0 0 0 0 0 0 0 0 0 0 0 0 0 0 0 0 0 0 0 0 0 0 0
2 29 0 0 0 0 0 0 0 0 0 0 0 0 0 0 0 0 0 0 0 0 0 0 0 0 0
2 29 1 0 0 0 0 0 0 0 0 0 0 0 0 0 0 0 0 0 0 0 0 0 0 0 0
2 29 2 0 0 0 0 0 0 0 0 0 0 0 0 0 0 0 0 0 0 0 0 0 0 0 0
2 29 3 0 0 0 0 0 0 0 0 0 0 0 0 0 0 0 0 0 0 0 0 0 0 0 0
2 29 4 0 0 0 0 0 0 0 0 0 0 0 0 0 0 0 0 0 0 0 0 0 0 0 0
2 29 5 0 0 0 0 0 0 0 0 0 0 0 0 0 0 0 0 0 0 0 0 0 0 0 0
2 29 6 0 0 0 0 0 0 0 0 0 0 0 0 0 0 0 0 0 0 0 0 0 0 0 0
2 29 7 0 0 0 0 0 0 0 0 0 0 0 0 0 0 0 0 0 0 0 0 0 0 0 0
2 29 8 0 0 0 0 0 0 0 0 0 0 0 0 0 0 0 0 0 0 0 0 0 0 0 0
2 29 9 0 0 0 0 0 0 0 0 0 0 0 0 0 0 0 0 0 0 0 0 0 0 0 0
2 29 10 0 0 0 0 0 0 0 0 0 0 0 0 0 0 0 0 0 0 0 0 0 0 0 0
2 29 11 0 0 0 0 0 0 0 0 0 0 0 0 0 0 0 0 0 0 0 0 0 0 0 0
2 29 12 0 0 0 0 0 0 0 0 0 0 0 0 0 0 0 0 0 0 0 0 0 0 0 0
2 29 13 0 0 0 0 0 0 0 0 0 0 0 0 0 0 0 0 0 0 0 0 0 0 0 0
2 29 14 0 0 0 0 0 0 0 0 0 0 0 0 0 0 0 0 0 0 0 0 0 0 0 0
2 29 15 0 0 0 0 0 0 0 0 0 0 0 0 0 0 0 0 0 0 0 0 0 0 0 0
2 29 16 0 0 0 0 0 0 0 0 0 0 0 0 0 0 0 0 0 0 0 0 0 0 0 0
2 29 17 0 0 0 0 0 0 0 0 0 0 0 0 0 0 0 0 0 0 0 0 0 0 0 0
2 29 18 0 0 0 0 0 0 0 0 0 0 0 0 0 0 0 0 0 0 0 0 0 0 0 0
2 29 19 0 0 0 0 0 0 0 0 0 0 0 0 0 0 0 0 0 0 0 0 0 0 0 0
2 29 20 0 0 0 0 0 0 0 0 0 0 0 0 0 0 0 0 0 0 0 0 0 0 0 0
2 29 21 0 0 0 0 0 0 0 0 0 0 0 0 0 0 0 0 0 0 0 0 0 0 0 0
2 29 22 0 0 0 0 0 0 0 0 0 0 0 0 0 0 0 0 0 0 0 0 0 0 0 0
2 29 23 0 0 0 0 0 0 0 0 0 0 0 0 0 0 0 0 0 0 0 0 0 0 0 0
2 29 24 0 0 0 0 0 0 0 0 0 0 0 0 0 0 0 0 0 0 0 0 0 0 0 0
2 29 25 0 0 0 0 0 0 0 0 0 0 0 0 0 0 0 0 0 0 0 0 0 0 0 0
2 29 26 0 0 0 0 0 0 0 0 0 0 0 0 0 0 0 0 0 0 0 0 0 0 0 0
2 29 27 0 0 0 0 0 0 0 0 0 0 0 0 0 0 0 0 0 0 0 0 0 0 0 0
2 29 28 0 0 0 0 0 0 0 0 0 0 0 0 0 0 0 0 0 0 0 0 0 0 0 0
2 29 29 0 0 0 0 0 0 0 0 0 0 0 0 0 0 0 0 0 0 0 0 0 0 0 0
2 29 30 0 0 0 0 0 0 0 0 0 0 0 0 0 0 0 0 0 0 0 0 0 0 0 0
2 29 31 0 0 0 0 0 0 0 0 0 0 0 0 0 0 0 0 0 0 0 0 0 0 0 0
2 30 0 0 0 0 0 0 0 0 0 0 0 0 0 0 0 0 0 0 0 0 0 0 0 0 0
2 30 1 0 0 0 0 0 0 0 0 0 0 0 0 0 0 0 0 0 0 0 0 0 0 0 0
2 30 2 0 0 0 0 0 0 0 0 0 0 0 0 0 0 0 0 0 0 0 0 0 0 0 0
2 30 3 0 0 0 0 0 0 0 0 0 0 0 0 0 0 0 0 0 0 0 0 0 0 0 0
2 30 4 0 0 0 0 0 0 0 0 0 0 0 0 0 0 0 0 0 0 0 0 0 0 0 0
2 30 5 0 0 0 0 0 0 0 0 0 0 0 0 0 0 0 0 0 0 0 0 0 0 0 0
2 30 6 0 0 0 0 0 0 0 0 0 0 0 0 0 0 0 0 0 0 0 0 0 0 0 0
2 30 7 0 0 0 0 0 0 0 0 0 0 0 0 0 0 0 0 0 0 0 0 0 0 0 0
2 30 8 0 0 0 0 0 0 0 0 0 0 0 0 0 0 0 0 0 0 0 0 0 0 0 0
2 30 9 0 0 0 0 0 0 0 0 0 0 0 0 0 0 0 0 0 0 0 0 0 0 0 0
2 30 10 0 0 0 0 0 0 0 0 0 0 0 0 0 0 0 0 0 0 0 0 0 0 0 0
2 30 11 0 0 0 0 0 0 0 0 0 0 0 0 0 0 0 0 0 0 0 0 0 0 0 0
2 30 12 0 0 0 0 0 0 0 0 0 0 0 0 0 0 0 0 0 0 0 0 0 0 0 0
2 30 13 0 0 0 0 0 0 0 0 0 0 0 0 0 0 0 0 0 0 0 0 0 0 0 0
2 30 14 0 0 0 0 0 0 0 0 0 0 0 0 0 0 0 0 0 0 0 0 0 0 0 0
2 30 15 0 0 0 0 0 0 0 0 0 0 0 0 0 0 0 0 0 0 0 0 0 0 0 0
2 30 16 0 0 0 0 0 0 0 0 0 0 0 0 0 0 0 0 0 0 0 0 0 0 0 0
2 30 17 0 0 0 0 0 0 0 0 0 0 0 0 0 0 0 0 0 0 0 0 0 0 0 0
2 30 18 0 0 0 0 0 0 0 0 0 0 0 0 0 0 0 0 0 0 0 0 0 0 0 0
2 30 19 0 0 0 0 0 0 0 0 0 0 0 0 0 0 0 0 0 0 0 0 0 0 0 0
2 30 20 0 0 0 0 0 0 0 0 0 0 0 0 0 0 0 0 0 0 0 0 0 0 0 0
2 30 21 0 0 0 0 0 0 0 0 0 0 0 0 0 0 0 0 0 0 0 0 0 0 0 0
2 30 22 0 0 0 0 0 0 0 0 0 0 0 0 0 0 0 0 0 0 0 0 0 0 0 0
2 30 23 0 0 0 0 0 0 0 0 0 0 0 0 0 0 0 0 0 0 0 0 0 0 0 0
2 30 24 0 0 0 0 0 0 0 0 0 0 0 0 0 0 0 0 0 0 0 0 0 0 0 0
2 30 25 0 0 0 0 0 0 0 0 0 0 0 0 0 0 0 0 0 0 0 0 0 0 0 0
2 30 26 0 0 0 0 0 0 0 0 0 0 0 0 0 0 0 0 0 0 0 0 0 0 0 0
2 30 27 0 0 0 0 0 0 0 0 0 0 0 0 0 0 0 0 0 0 0 0 0 0 0 0
2 30 28 0 0 0 0 0 0 0 0 0 0 0 0 0 0 0 0 0 0 0 0 0 0 0 0
2 30 29 0 0 0 0 0 0 0 0 0 0 0 0 0 0 0 0 0 0 0 0 0 0 0 0
2 30 30 0 0 0 0 0 0 0 0 0 0 0 0 0 0 0 0 0 0 0 0 0 0 0 0
2 30 31 0 0 0 0 0 0 0 0 0 0 0 0 0 0 0 0 0 0 0 0 0 0 0 0
2 31 0 0 0 0 0 0 0 0 0 0 0 0 0 0 0 0 0 0 0 0 0 0 0 0 0
2 31 1 0 0 0 0 0 0 0 0 0 0 0 0 0 0 0 0 0 0 0 0 0 0 0 0
2 31 2 0 0 0 0 0 0 0 0 0 0 0 0 0 0 0 0 0 0 0 0 0 0 0 0
2 31 3 0 0 0 0 0 0 0 0 0 0 0 0 0 0 0 0 0 0 0 0 0 0 0 0
2 31 4 0 0 0 0 0 0 0 0 0 0 0 0 0 0 0 0 0 0 0 0 0 0 0 0
2 31 5 0 0 0 0 0 0 0 0 0 0 0 0 0 0 0 0 0 0 0 0 0 0 0 0
2 31 6 0 0 0 0 0 0 0 0 0 0 0 0 0 0 0 0 0 0 0 0 0 0 0 0
2 31 7 0 0 0 0 0 0 0 0 0 0 0 0 0 0 0 0 0 0 0 0 0 0 0 0
2 31 8 0 0 0 0 0 0 0 0 0 0 0 0 0 0 0 0 0 0 0 0 0 0 0 0
2 31 9 0 0 0 0 0 0 0 0 0 0 0 0 0 0 0 0 0 0 0 0 0 0 0 0
2 31 10 0 0 0 0 0 0 0 0 0 0 0 0 0 0 0 0 0 0 0 0 0 0 0 0
2 31 11 0 0 0 0 0 0 0 0 0 0 0 0 0 0 0 0 0 0 0 0 0 0 0 0
2 31 12 0 0 0 0 0 0 0 0 0 0 0 0 0 0 0 0 0 0 0 0 0 0 0 0
2 31 13 0 0 0 0 0 0 0 0 0 0 0 0 0 0 0 0 0 0 0 0 0 0 0 0
2 31 14 0 0 0 0 0 0 0 0 0 0 0 0 0 0 0 0 0 0 0 0 0 0 0 0
2 31 15 0 0 0 0 0 0 0 0 0 0 0 0 0 0 0 0 0 0 0 0 0 0 0 0
2 31 16 0 0 0 0 0 0 0 0 0 0 0 0 0 0 0 0 0 0 0 0 0 0 0 0
2 31 17 0 0 0 0 0 0 0 0 0 0 0 0 0 0 0 0 0 0 0 0 0 0 0 0
2 31 18 0 0 0 0 0 0 0 0 0 0 0 0 0 0 0 0 0 0 0 0 0 0 0 0
2 31 19 0 0 0 0 0 0 0 0 0 0 0 0 0 0 0 0 0 0 0 0 0 0 0 0
2 31 20 0 0 0 0 0 0 0 0 0 0 0 0 0 0 0 0 0 0 0 0 0 0 0 0
2 31 21 0 0 0 0 0 0 0 0 0 0 0 0 0 0 0 0 0 0 0 0 0 0 0 0
2 31 22 0 0 0 0 0 0 0 0 0 0 0 0 0 0 0 0 0 0 0 0 0 0 0 0
2 31 23 0 0 0 0 0 0 0 0 0 0 0 0 0 0 0 0 0 0 0 0 0 0 0 0
2 31 24 0 0 0 0 0 0 0 0 0 0 0 0 0 0 0 0 0 0 0 0 0 0 0 0
2 31 25 0 0 0 0 0 0 0 0 0 0 0 0 0 0 0 0 0 0 0 0 0 0 0 0
2 31 26 0 0 0 0 0 0 0 0 0 0 0 0 0 0 0 0 0 0 0 0 0 0 0 0
2 31 27 0 0 0 0 0 0 0 0 0 0 0 0 0 0 0 0 0 0 0 0 0 0 0 0
2 31 28 0 0 0 0 0 0 0 0 0 0 0 0 0 0 0 0 0 0 0 0 0 0 0 0
2 31 29 0 0 0 0 0 0 0 0 0 0 0 0 0 0 0 0 0 0 0 0 0 0 0 0
2 31 30 0 0 0 0 0 0 0 0 0 0 0 0 0 0 0 0 0 0 0 0 0 0 0 0
2 31 31 0 0 0 0 0 0 0 0 0 0 0 0 0 0 0 0 0 0 0 0 0 0 0 0
3 0 0 1 0 0 1 1 75 0 0 0 0 0 0 0 0 0 0 0 0 0 0 0 0 0 0
3 0 1 1 0 0 1 2 75 1 0 1 1 0 75 0 0 0 0 0 0 0 0 0 0 0 0
3 0 2 0 0 0 0 0 0 1 0 1 1 1 75 0 0 0 0 0 0 0 0 0 0 0 0
3 0 3 1 0 2 1 0 76 1 0 1 1 2 75 0 0 0 0 0 0 0 0 0 0 0 0
3 0 4 1 0 2 1 1 76 0 0 0 0 0 0 0 0 0 0 0 0 0 0 0 0 0 0
3 0 5 1 0 2 1 2 76 1 0 3 1 0 76 0 0 0 0 0 0 0 0 0 0 0 0
3 0 6 0 0 0 0 0 0 1 0 3 1 1 76 0 0 0 0 0 0 0 0 0 0 0 0
3 0 7 1 0 4 1 0 77 1 0 3 1 2 76 0 0 0 0 0 0 0 0 0 0 0 0
3 0 8 1 0 4 1 1 77 0 0 0 0 0 0 0 0 0 0 0 0 0 0 0 0 0 0
3 0 9 1 0 4 1 2 77 1 0 5 1 0 77 0 0 0 0 0 0 0 0 0 0 0 0
3 0 10 0 0 0 0 0 0 1 0 5 1 1 77 0 0 0 0 0 0 0 0 0 0 0 0
3 0 11 1 0 6 1 0 78 1 0 5 1 2 77 0 0 0 0 0 0 0 0 0 0 0 0
3 0 12 1 0 6 1 1 78 0 0 0 0 0 0 0 0 0 0 0 0 0 0 0 0 0 0
3 0 13 1 0 6 1 2 78 1 0 7 1 0 78 0 0 0 0 0 0 0 0 0 0 0 0
3 0 14 0 0 0 0 0 0 1 0 7 1 1 78 0 0 0 0 0 0 0 0 0 0 0 0
3 0 15 1 0 8 1 0 79 1 0 7 1 2 78 0 0 0 0 0 0 0 0 0 0 0 0
3 0 16 1 0 8 1 1 79 0 0 0 0 0 0 0 0 0 0 0 0 0 0 0 0 0 0
3 0 17 1 0 8 1 2 79 0 0 0 0 0 0 0 0 0 0 0 0 0 0 0 0 0 0
3 0 18 0 0 0 0 0 0 0 0 0 0 0 0 0 0 0 0 0 0 0 0 0 0 0 0
3 0 19 0 0 0 0 0 0 0 0 0 0 0 0 0 0 0 0 0 0 0 0 0 0 0 0
3 0 20 0 0 0 0 0 0 0 0 0 0 0 0 0 0 0 0 0 0 0 0 0 0 0 0
3 0 21 0 0 0 0 0 0 0 0 0 0 0 0 0 0 0 0 0 0 0 0 0 0 0 0
3 0 22 0 0 0 0 0 0 0 0 0 0 0 0 0 0 0 0 0 0 0 0 0 0 0 0
3 0 23 0 0 0 0 0 0 0 0 0 0 0 0 0 0 0 0 0 0 0 0 0 0 0 0
3 0 24 0 0 0 0 0 0 0 0 0 0 0 0 0 0 0 0 0 0 0 0 0 0 0 0
3 0 25 0 0 0 0 0 0 0 0 0 0 0 0 0 0 0 0 0 0 0 0 0 0 0 0
3 0 26 0 0 0 0 0 0 0 0 0 0 0 0 0 0 0 0 0 0 0 0 0 0 0 0
3 0 27 0 0 0 0 0 0 0 0 0 0 0 0 0 0 0 0 0 0 0 0 0 0 0 0
3 0 28 0 0 0 0 0 0 0 0 0 0 0 0 0 0 0 0 0 0 0 0 0 0 0 0
3 0 29 0 0 0 0 0 0 0 0 0 0 0 0 0 0 0 0 0 0 0 0 0 0 0 0
3 0 30 0 0 0 0 0 0 0 0 0 0 0 0 0 0 0 0 0 0 0 0 0 0 0 0
3 0 31 0 0 0 0 0 0 0 0 0 0 0 0 0 0 0 0 0 0 0 0 0 0 0 0
3 1 0 1 0 0 2 1 75 0 0 0 0 0 0 1 1 0 0 1 75 0 0 0 0 0 0
3 1 1 1 0 0 2 2 75 1 0 1 2 0 75 1 1 0 0 2 75 1 1 1 0 0 75
3 1 2 0 0 0 0 0 0 1 0 1 2 1 75 0 0 0 0 0 0 1 1 1 0 1 75
3 1 3 1 0 2 2 0 76 1 0 1 2 2 75 1 1 2 0 0 76 1 1 1 0 2 75
3 1 4 1 0 2 2 1 76 0 0 0 0 0 0 1 1 2 0 1 76 0 0 0 0 0 0
3 1 5 1 0 2 2 2 76 1 0 3 2 0 76 1 1 2 0 2 76 1 1 3 0 0 76
3 1 6 0 0 0 0 0 0 1 0 3 2 1 76 0 0 0 0 0 0 1 1 3 0 1 76
3 1 7 1 0 4 2 0 77 1 0 3 2 2 76 1 1 4 0 0 77 1 1 3 0 2 76
3 1 8 1 0 4 2 1 77 0 0 0 0 0 0 1 1 4 0 1 77 0 0 0 0 0 0
3 1 9 1 0 4 2 2 77 1 0 5 2 0 77 1 1 4 0 2 77 1 1 5 0 0 77
3 1 10 0 0 0 0 0 0 1 0 5 2 1 77 0 0 0 0 0 0 1 1 5 0 1 77
3 1 11 1 0 6 2 0 78 1 0 5 2 2 77 1 1 6 0 0 78 1 1 5 0 2 77
3 1 12 1 0 6 2 1 78 0 0 0 0 0 0 1 1 6 0 1 78 0 0 0 0 0 0
3 1 13 1 0 6 2 2 78 1 0 7 2 0 78 1 1 6 0 2 78 1 1 7 0 0 78
3 1 14 0 0 0 0 0 0 1 0 7 2 1 78 0 0 0 0 0 0 1 1 7 0 1 78
3 1 15 1 0 8 2 0 79 1 0 7 2 2 78 1 1 8 0 0 79 1 1 7 0 2 78
3 1 16 1 0 8 2 1 79 0 0 0 0 0 0 1 1 8 0 1 79 0 0 0 0 0 0
3 1 17 1 0 8 2 2 79 0 0 0 0 0 0 1 1 8 0 2 79 0 0 0 0 0 0
3 1 18 0 0 0 0 0 0 0 0 0 0 0 0 0 0 0 0 0 0 0 0 0 0 0 0
3 1 19 0 0 0 0 0 0 0 0 0 0 0 0 0 0 0 0 0 0 0 0 0 0 0 0
3 1 20 0 0 0 0 0 0 0 0 0 0 0 0 0 0 0 0 0 0 0 0 0 0 0 0
3 1 21 0 0 0 0 0 0 0 0 0 0 0 0 0 0 0 0 0 0 0 0 0 0 0 0
3 1 22 0 0 0 0 0 0 0 0 0 0 0 0 0 0 0 0 0 0 0 0 0 0 0 0
3 1 23 0 0 0 0 0 0 0 0 0 0 0 0 0 0 0 0 0 0 0 0 0 0 0 0
3 1 24 0 0 0 0 0 0 0 0 0 0 0 0 0 0 0 0 0 0 0 0 0 0 0 0
3 1 25 0 0 0 0 0 0 0 0 0 0 0 0 0 0 0 0 0 0 0 0 0 0 0 0
3 1 26 0 0 0 0 0 0 0 0 0 0 0 0 0 0 0 0 0 0 0 0 0 0 0 0
3 1 27 0 0 0 0 0 0 0 0 0 0 0 0 0 0 0 0 0 0 0 0 0 0 0 0
3 1 28 0 0 0 0 0 0 0 0 0 0 0 0 0 0 0 0 0 0 0 0 0 0 0 0
3 1 29 0 0 0 0 0 0 0 0 0 0 0 0 0 0 0 0 0 0 0 0 0 0 0 0
3 1 30 0 0 0 0 0 0 0 0 0 0 0 0 0 0 0 0 0 0 0 0 0 0 0 0
3 1 31 0 0 0 0 0 0 0 0 0 0 0 0 0 0 0 0 0 0 0 0 0 0 0 0
3 2 0 0 0 0 0 0 0 0 0 0 0 0 0 1 1 0 1 1 75 0 0 0 0 0 0
3 2 1 0 0 0 0 0 0 0 0 0 0 0 0 1 1 0 1 2 75 1 1 1 1 0 75
3 2 2 0 0 0 0 0 0 0 0 0 0 0 0 0 0 0 0 0 0 1 1 1 1 1 75
3 2 3 0 0 0 0 0 0 0 0 0 0 0 0 1 1 2 1 0 76 1 1 1 1 2 75
3 2 4 0 0 0 0 0 0 0 0 0 0 0 0 1 1 2 1 1 76 0 0 0 0 0 0
3 2 5 0 0 0 0 0 0 0 0 0 0 0 0 1 1 2 1 2 76 1 1 3 1 0 76
3 2 6 0 0 0 0 0 0 0 0 0 0 0 0 0 0 0 0 0 0 1 1 3 1 1 76
3 2 7 0 0 0 0 0 0 0 0 0 0 0 0 1 1 4 1 0 77 1 1 3 1 2 76
3 2 8 0 0 0 0 0 0 0 0 0 0 0 0 1 1 4 1 1 77 0 0 0 0 0 0
3 2 9 0 0 0 0 0 0 0 0 0 0 0 0 1 1 4 1 2 77 1 1 5 1 0 77
3 2 10 0 0 0 0 0 0 0 0 0 0 0 0 0 0 0 0 0 0 1 1 5 1 1 77
3 2 11 0 0 0 0 0 0 0 0 0 0 0 0 1 1 6 1 0 78 1 1 5 1 2 77
3 2 12 0 0 0 0 0 0 0 0 0 0 0 0 1 1 6 1 1 78 0 0 0 0 0 0
3 2 13 0 0 0 0 0 0 0 0 0 0 0 0 1 1 6 1 2 78 1 1 7 1 0 78
3 2 14 0 0 0 0 0 0 0 0 0 0 0 0 0 0 0 0 0 0 1 1 7 1 1 78
3 2 15 0 0 0 0 0 0 0 0 0 0 0 0 1 1 8 1 0 79 1 1 7 1 2 78
3 2 16 0 0 0 0 0 0 0 0 0 0 0 0 1 1 8 1 1 79 0 0 0 0 0 0
3 2 17 0 0 0 0 0 0 0 0 0 0 0 0 1 1 8 1 2 79 0 0 0 0 0 0
3 2 18 0 0 0 0 0 0 0 0 0 0 0 0 0 0 0 0 0 0 0 0 0 0 0 0
3 2 19 0 0 0 0 0 0 0 0 0 0 0 0 0 0 0 0 0 0 0 0 0 0 0 0
3 2 20 0 0 0 0 0 0 0 0 0 0 0 0 0 0 0 0 0 0 0 0 0 0 0 0
3 2 21 0 0 0 0 0 0 0 0 0 0 0 0 0 0 0 0 0 0 0 0 0 0 0 0
3 2 22 0 0 0 0 0 0 0 0 0 0 0 0 0 0 0 0 0 0 0 0 0 0 0 0
3 2 23 0 0 0 0 0 0 0 0 0 0 0 0 0 0 0 0 0 0 0 0 0 0 0 0
3 2 24 0 0 0 0 0 0 0 0 0 0 0 0 0 0 0 0 0 0 0 0 0 0 0 0
3 2 25 0 0 0 0 0 0 0 0 0 0 0 0 0 0 0 0 0 0 0 0 0 0 0 0
3 2 26 0 0 0 0 0 0 0 0 0 0 0 0 0 0 0 0 0 0 0 0 0 0 0 0
3 2 27 0 0 0 0 0 0 0 0 0 0 0 0 0 0 0 0 0 0 0 0 0 0 0 0
3 2 28 0 0 0 0 0 0 0 0 0 0 0 0 0 0 0 0 0 0 0 0 0 0 0 0
3 2 29 0 0 0 0 0 0 0 0 0 0 0 0 0 0 0 0 0 0 0 0 0 0 0 0
3 2 30 0 0 0 0 0 0 0 0 0 0 0 0 0 0 0 0 0 0 0 0 0 0 0 0
3 2 31 0 0 0 0 0 0 0 0 0 0 0 0 0 0 0 0 0 0 0 0 0 0 0 0
3 3 0 1 2 0 0 1 80 0 0 0 0 0 0 1 1 0 2 1 75 0 0 0 0 0 0
3 3 1 1 2 0 0 2 80 1 2 1 0 0 80 1 1 0 2 2 75 1 1 1 2 0 75
3 3 2 0 0 0 0 0 0 1 2 1 0 1 80 0 0 0 0 0 0 1 1 1 2 1 75
3 3 3 1 2 2 0 0 81 1 2 1 0 2 80 1 1 2 2 0 76 1 1 1 2 2 75
3 3 4 1 2 2 0 1 81 0 0 0 0 0 0 1 1 2 2 1 76 0 0 0 0 0 0
3 3 5 1 2 2 0 2 81 1 2 3 0 0 81 1 1 2 2 2 76 1 1 3 2 0 76
3 3 6 0 0 0 0 0 0 1 2 3 0 1 81 0 0 0 0 0 0 1 1 3 2 1 76
3 3 7 1 2 4 0 0 82 1 2 3 0 2 81 1 1 4 2 0 77 1 1 3 2 2 76
3 3 8 1 2 4 0 1 82 0 0 0 0 0 0 1 1 4 2 1 77 0 0 0 0 0 0
3 3 9 1 2 4 0 2 82 1 2 5 0 0 82 1 1 4 2 2 77 1 1 5 2 0 77
3 3 10 0 0 0 0 0 0 1 2 5 0 1 82 0 0 0 0 0 0 1 1 5 2 1 77
3 3 11 1 2 6 0 0 83 1 2 5 0 2 82 1 1 6 2 0 78 1 1 5 2 2 77
3 3 12 1 2 6 0 1 83 0 0 0 0 0 0 1 1 6 2 1 78 0 0 0 0 0 0
3 3 13 1 2 6 0 2 83 1 2 7 0 0 83 1 1 6 2 2 78 1 1 7 2 0 78
3 3 14 0 0 0 0 0 0 1 2 7 0 1 83 0 0 0 0 0 0 1 1 7 2 1 78
3 3 15 1 2 8 0 0 84 1 2 7 0 2 83 1 1 8 2 0 79 1 1 7 2 2 78
3 3 16 1 2 8 0 1 84 0 0 0 0 0 0 1 1 8 2 1 79 0 0 0 0 0 0
3 3 17 1 2 8 0 2 84 0 0 0 0 0 0 1 1 8 2 2 79 0 0 0 0 0 0
3 3 18 0 0 0 0 0 0 0 0 0 0 0 0 0 0 0 0 0 0 0 0 0 0 0 0
3 3 19 0 0 0 0 0 0 0 0 0 0 0 0 0 0 0 0 0 0 0 0 0 0 0 0
3 3 20 0 0 0 0 0 0 0 0 0 0 0 0 0 0 0 0 0 0 0 0 0 0 0 0
3 3 21 0 0 0 0 0 0 0 0 0 0 0 0 0 0 0 0 0 0 0 0 0 0 0 0
3 3 22 0 0 0 0 0 0 0 0 0 0 0 0 0 0 0 0 0 0 0 0 0 0 0 0
3 3 23 0 0 0 0 0 0 0 0 0 0 0 0 0 0 0 0 0 0 0 0 0 0 0 0
3 3 24 0 0 0 0 0 0 0 0 0 0 0 0 0 0 0 0 0 0 0 0 0 0 0 0
3 3 25 0 0 0 0 0 0 0 0 0 0 0 0 0 0 0 0 0 0 0 0 0 0 0 0
3 3 26 0 0 0 0 0 0 0 0 0 0 0 0 0 0 0 0 0 0 0 0 0 0 0 0
3 3 27 0 0 0 0 0 0 0 0 0 0 0 0 0 0 0 0 0 0 0 0 0 0 0 0
3 3 28 0 0 0 0 0 0 0 0 0 0 0 0 0 0 0 0 0 0 0 0 0 0 0 0
3 3 29 0 0 0 0 0 0 0 0 0 0 0 0 0 0 0 0 0 0 0 0 0 0 0 0
3 3 30 0 0 0 0 0 0 0 0 0 0 0 0 0 0 0 0 0 0 0 0 0 0 0 0
3 3 31 0 0 0 0 0 0 0 0 0 0 0 0 0 0 0 0 0 0 0 0 0 0 0 0
3 4 0 1 2 0 1 1 80 0 0 0 0 0 0 0 0 0 0 0 0 0 0 0 0 0 0
3 4 1 1 2 0 1 2 80 1 2 1 1 0 80 0 0 0 0 0 0 0 0 0 0 0 0
3 4 2 0 0 0 0 0 0 1 2 1 1 1 80 0 0 0 0 0 0 0 0 0 0 0 0
3 4 3 1 2 2 1 0 81 1 2 1 1 2 80 0 0 0 0 0 0 0 0 0 0 0 0
3 4 4 1 2 2 1 1 81 0 0 0 0 0 0 0 0 0 0 0 0 0 0 0 0 0 0
3 4 5 1 2 2 1 2 81 1 2 3 1 0 81 0 0 0 0 0 0 0 0 0 0 0 0
3 4 6 0 0 0 0 0 0 1 2 3 1 1 81 0 0 0 0 0 0 0 0 0 0 0 0
3 4 7 1 2 4 1 0 82 1 2 3 1 2 81 0 0 0 0 0 0 0 0 0 0 0 0
3 4 8 1 2 4 1 1 82 0 0 0 0 0 0 0 0 0 0 0 0 0 0 0 0 0 0
3 4 9 1 2 4 1 2 82 1 2 5 1 0 82 0 0 0 0 0 0 0 0 0 0 0 0
3 4 10 0 0 0 0 0 0 1 2 5 1 1 82 0 0 0 0 0 0 0 0 0 0 0 0
3 4 11 1 2 6 1 0 83 1 2 5 1 2 82 0 0 0 0 0 0 0 0 0 0 0 0
3 4 12 1 2 6 1 1 83 0 0 0 0 0 0 0 0 0 0 0 0 0 0 0 0 0 0
3 4 13 1 2 6 1 2 83 1 2 7 1 0 83 0 0 0 0 0 0 0 0 0 0 0 0
3 4 14 0 0 0 0 0 0 1 2 7 1 1 83 0 0 0 0 0 0 0 0 0 0 0 0
3 4 15 1 2 8 1 0 84 1 2 7 1 2 83 0 0 0 0 0 0 0 0 0 0 0 0
3 4 16 1 2 8 1 1 84 0 0 0 0 0 0 0 0 0 0 0 0 0 0 0 0 0 0
3 4 17 1 2 8 1 2 84 0 0 0 0 0 0 0 0 0 0 0 0 0 0 0 0 0 0
3 4 18 0 0 0 0 0 0 0 0 0 0 0 0 0 0 0 0 0 0 0 0 0 0 0 0
3 4 19 0 0 0 0 0 0 0 0 0 0 0 0 0 0 0 0 0 0 0 0 0 0 0 0
3 4 20 0 0 0 0 0 0 0 0 0 0 0 0 0 0 0 0 0 0 0 0 0 0 0 0
3 4 21 0 0 0 0 0 0 0 0 0 0 0 0 0 0 0 0 0 0 0 0 0 0 0 0
3 4 22 0 0 0 0 0 0 0 0 0 0 0 0 0 0 0 0 0 0 0 0 0 0 0 0
3 4 23 0 0 0 0 0 0 0 0 0 0 0 0 0 0 0 0 0 0 0 0 0 0 0 0
3 4 24 0 0 0 0 0 0 0 0 0 0 0 0 0 0 0 0 0 0 0 0 0 0 0 0
3 4 25 0 0 0 0 0 0 0 0 0 0 0 0 0 0 0 0 0 0 0 0 0 0 0 0
3 4 26 0 0 0 0 0 0 0 0 0 0 0 0 0 0 0 0 0 0 0 0 0 0 0 0
3 4 27 0 0 0 0 0 0 0 0 0 0 0 0 0 0 0 0 0 0 0 0 0 0 0 0
3 4 28 0 0 0 0 0 0 0 0 0 0 0 0 0 0 0 0 0 0 0 0 0 0 0 0
3 4 29 0 0 0 0 0 0 0 0 0 0 0 0 0 0 0 0 0 0 0 0 0 0 0 0
3 4 30 0 0 0 0 0 0 0 0 0 0 0 0 0 0 0 0 0 0 0 0 0 0 0 0
3 4 31 0 0 0 0 0 0 0 0 0 0 0 0 0 0 0 0 0 0 0 0 0 0 0 0
3 5 0 1 2 0 2 1 80 0 0 0 0 0 0 1 3 0 0 1 80 0 0 0 0 0 0
3 5 1 1 2 0 2 2 80 1 2 1 2 0 80 1 3 0 0 2 80 1 3 1 0 0 80
3 5 2 0 0 0 0 0 0 1 2 1 2 1 80 0 0 0 0 0 0 1 3 1 0 1 80
3 5 3 1 2 2 2 0 81 1 2 1 2 2 80 1 3 2 0 0 81 1 3 1 0 2 80
3 5 4 1 2 2 2 1 81 0 0 0 0 0 0 1 3 2 0 1 81 0 0 0 0 0 0
3 5 5 1 2 2 2 2 81 1 2 3 2 0 81 1 3 2 0 2 81 1 3 3 0 0 81
3 5 6 0 0 0 0 0 0 1 2 3 2 1 81 0 0 0 0 0 0 1 3 3 0 1 81
3 5 7 1 2 4 2 0 82 1 2 3 2 2 81 1 3 4 0 0 82 1 3 3 0 2 81
3 5 8 1 2 4 2 1 82 0 0 0 0 0 0 1 3 4 0 1 82 0 0 0 0 0 0
3 5 9 1 2 4 2 2 82 1 2 5 2 0 82 1 3 4 0 2 82 1 3 5 0 0 82
3 5 10 0 0 0 0 0 0 1 2 5 2 1 82 0 0 0 0 0 0 1 3 5 0 1 82
3 5 11 1 2 6 2 0 83 1 2 5 2 2 82 1 3 6 0 0 83 1 3 5 0 2 82
3 5 12 1 2 6 2 1 83 0 0 0 0 0 0 1 3 6 0 1 83 0 0 0 0 0 0
3 5 13 1 2 6 2 2 83 1 2 7 2 0 83 1 3 6 0 2 83 1 3 7 0 0 83
3 5 14 0 0 0 0 0 0 1 2 7 2 1 83 0 0 0 0 0 0 1 3 7 0 1 83
3 5 15 1 2 8 2 0 84 1 2 7 2 2 83 1 3 8 0 0 84 1 3 7 0 2 83
3 5 16 1 2 8 2 1 84 0 0 0 0 0 0 1 3 8 0 1 84 0 0 0 0 0 0
3 5 17 1 2 8 2 2 84 0 0 0 0 0 0 1 3 8 0 2 84 0 0 0 0 0 0
3 5 18 0 0 0 0 0 0 0 0 0 0 0 0 0 0 0 0 0 0 0 0 0 0 0 0
3 5 19 0 0 0 0 0 0 0 0 0 0 0 0 0 0 0 0 0 0 0 0 0 0 0 0
3 5 20 0 0 0 0 0 0 0 0 0 0 0 0 0 0 0 0 0 0 0 0 0 0 0 0
3 5 21 0 0 0 0 0 0 0 0 0 0 0 0 0 0 0 0 0 0 0 0 0 0 0 0
3 5 22 0 0 0 0 0 0 0 0 0 0 0 0 0 0 0 0 0 0 0 0 0 0 0 0
3 5 23 0 0 0 0 0 0 0 0 0 0 0 0 0 0 0 0 0 0 0 0 0 0 0 0
3 5 24 0 0 0 0 0 0 0 0 0 0 0 0 0 0 0 0 0 0 0 0 0 0 0 0
3 5 25 0 0 0 0 0 0 0 0 0 0 0 0 0 0 0 0 0 0 0 0 0 0 0 0
3 5 26 0 0 0 0 0 0 0 0 0 0 0 0 0 0 0 0 0 0 0 0 0 0 0 0
3 5 27 0 0 0 0 0 0 0 0 0 0 0 0 0 0 0 0 0 0 0 0 0 0 0 0
3 5 28 0 0 0 0 0 0 0 0 0 0 0 0 0 0 0 0 0 0 0 0 0 0 0 0
3 5 29 0 0 0 0 0 0 0 0 0 0 0 0 0 0 0 0 0 0 0 0 0 0 0 0
3 5 30 0 0 0 0 0 0 0 0 0 0 0 0 0 0 0 0 0 0 0 0 0 0 0 0
3 5 31 0 0 0 0 0 0 0 0 0 0 0 0 0 0 0 0 0 0 0 0 0 0 0 0
3 6 0 0 0 0 0 0 0 0 0 0 0 0 0 1 3 0 1 1 80 0 0 0 0 0 0
3 6 1 0 0 0 0 0 0 0 0 0 0 0 0 1 3 0 1 2 80 1 3 1 1 0 80
3 6 2 0 0 0 0 0 0 0 0 0 0 0 0 0 0 0 0 0 0 1 3 1 1 1 80
3 6 3 0 0 0 0 0 0 0 0 0 0 0 0 1 3 2 1 0 81 1 3 1 1 2 80
3 6 4 0 0 0 0 0 0 0 0 0 0 0 0 1 3 2 1 1 81 0 0 0 0 0 0
3 6 5 0 0 0 0 0 0 0 0 0 0 0 0 1 3 2 1 2 81 1 3 3 1 0 81
3 6 6 0 0 0 0 0 0 0 0 0 0 0 0 0 0 0 0 0 0 1 3 3 1 1 81
3 6 7 0 0 0 0 0 0 0 0 0 0 0 0 1 3 4 1 0 82 1 3 3 1 2 81
3 6 8 0 0 0 0 0 0 0 0 0 0 0 0 1 3 4 1 1 82 0 0 0 0 0 0
3 6 9 0 0 0 0 0 0 0 0 0 0 0 0 1 3 4 1 2 82 1 3 5 1 0 82
3 6 10 0 0 0 0 0 0 0 0 0 0 0 0 0 0 0 0 0 0 1 3 5 1 1 82
3 6 11 0 0 0 0 0 0 0 0 0 0 0 0 1 3 6 1 0 83 1 3 5 1 2 82
3 6 12 0 0 0 0 0 0 0 0 0 0 0 0 1 3 6 1 1 83 0 0 0 0 0 0
3 6 13 0 0 0 0 0 0 0 0 0 0 0 0 1 3 6 1 2 83 1 3 7 1 0 83
3 6 14 0 0 0 0 0 0 0 0 0 0 0 0 0 0 0 0 0 0 1 3 7 1 1 83
3 6 15 0 0 0 0 0 0 0 0 0 0 0 0 1 3 8 1 0 84 1 3 7 1 2 83
3 6 16 0 0 0 0 0 0 0 0 0 0 0 0 1 3 8 1 1 84 0 0 0 0 0 0
3 6 17 0 0 0 0 0 0 0 0 0 0 0 0 1 3 8 1 2 84 0 0 0 0 0 0
3 6 18 0 0 0 0 0 0 0 0 0 0 0 0 0 0 0 0 0 0 0 0 0 0 0 0
3 6 19 0 0 0 0 0 0 0 0 0 0 0 0 0 0 0 0 0 0 0 0 0 0 0 0
3 6 20 0 0 0 0 0 0 0 0 0 0 0 0 0 0 0 0 0 0 0 0 0 0 0 0
3 6 21 0 0 0 0 0 0 0 0 0 0 0 0 0 0 0 0 0 0 0 0 0 0 0 0
3 6 22 0 0 0 0 0 0 0 0 0 0 0 0 0 0 0 0 0 0 0 0 0 0 0 0
3 6 23 0 0 0 0 0 0 0 0 0 0 0 0 0 0 0 0 0 0 0 0 0 0 0 0
3 6 24 0 0 0 0 0 0 0 0 0 0 0 0 0 0 0 0 0 0 0 0 0 0 0 0
3 6 25 0 0 0 0 0 0 0 0 0 0 0 0 0 0 0 0 0 0 0 0 0 0 0 0
3 6 26 0 0 0 0 0 0 0 0 0 0 0 0 0 0 0 0 0 0 0 0 0 0 0 0
3 6 27 0 0 0 0 0 0 0 0 0 0 0 0 0 0 0 0 0 0 0 0 0 0 0 0
3 6 28 0 0 0 0 0 0 0 0 0 0 0 0 0 0 0 0 0 0 0 0 0 0 0 0
3 6 29 0 0 0 0 0 0 0 0 0 0 0 0 0 0 0 0 0 0 0 0 0 0 0 0
3 6 30 0 0 0 0 0 0 0 0 0 0 0 0 0 0 0 0 0 0 0 0 0 0 0 0
3 6 31 0 0 0 0 0 0 0 0 0 0 0 0 0 0 0 0 0 0 0 0 0 0 0 0
3 7 0 1 4 0 0 1 85 0 0 0 0 0 0 1 3 0 2 1 80 0 0 0 0 0 0
3 7 1 1 4 0 0 2 85 1 4 1 0 0 85 1 3 0 2 2 80 1 3 1 2 0 80
3 7 2 0 0 0 0 0 0 1 4 1 0 1 85 0 0 0 0 0 0 1 3 1 2 1 80
3 7 3 1 4 2 0 0 86 1 4 1 0 2 85 1 3 2 2 0 81 1 3 1 2 2 80
3 7 4 1 4 2 0 1 86 0 0 0 0 0 0 1 3 2 2 1 81 0 0 0 0 0 0
3 7 5 1 4 2 0 2 86 1 4 3 0 0 86 1 3 2 2 2 81 1 3 3 2 0 81
3 7 6 0 0 0 0 0 0 1 4 3 0 1 86 0 0 0 0 0 0 1 3 3 2 1 81
3 7 7 1 4 4 0 0 87 1 4 3 0 2 86 1 3 4 2 0 82 1 3 3 2 2 81
3 7 8 1 4 4 0 1 87 0 0 0 0 0 0 1 3 4 2 1 82 0 0 0 0 0 0
3 7 9 1 4 4 0 2 87 1 4 5 0 0 87 1 3 4 2 2 82 1 3 5 2 0 82
3 7 10 0 0 0 0 0 0 1 4 5 0 1 87 0 0 0 0 0 0 1 3 5 2 1 82
3 7 11 1 4 6 0 0 88 1 4 5 0 2 87 1 3 6 2 0 83 1 3 5 2 2 82
3 7 12 1 4 6 0 1 88 0 0 0 0 0 0 1 3 6 2 1 83 0 0 0 0 0 0
3 7 13 1 4 6 0 2 88 1 4 7 0 0 88 1 3 6 2 2 83 1 3 7 2 0 83
3 7 14 0 0 0 0 0 0 1 4 7 0 1 88 0 0 0 0 0 0 1 3 7 2 1 83
3 7 15 1 4 8 0 0 89 1 4 7 0 2 88 1 3 8 2 0 84 1 3 7 2 2 83
3 7 16 1 4 8 0 1 89 0 0 0 0 0 0 1 3 8 2 1 84 0 0 0 0 0 0
3 7 17 1 4 8 0 2 89 0 0 0 0 0 0 1 3 8 2 2 84 0 0 0 0 0 0
3 7 18 0 0 0 0 0 0 0 0 0 0 0 0 0 0 0 0 0 0 0 0 0 0 0 0
3 7 19 0 0 0 0 0 0 0 0 0 0 0 0 0 0 0 0 0 0 0 0 0 0 0 0
3 7 20 0 0 0 0 0 0 0 0 0 0 0 0 0 0 0 0 0 0 0 0 0 0 0 0
3 7 21 0 0 0 0 0 0 0 0 0 0 0 0 0 0 0 0 0 0 0 0 0 0 0 0
3 7 22 0 0 0 0 0 0 0 0 0 0 0 0 0 0 0 0 0 0 0 0 0 0 0 0
3 7 23 0 0 0 0 0 0 0 0 0 0 0 0 0 0 0 0 0 0 0 0 0 0 0 0
3 7 24 0 0 0 0 0 0 0 0 0 0 0 0 0 0 0 0 0 0 0 0 0 0 0 0
3 7 25 0 0 0 0 0 0 0 0 0 0 0 0 0 0 0 0 0 0 0 0 0 0 0 0
3 7 26 0 0 0 0 0 0 0 0 0 0 0 0 0 0 0 0 0 0 0 0 0 0 0 0
3 7 27 0 0 0 0 0 0 0 0 0 0 0 0 0 0 0 0 0 0 0 0 0 0 0 0
3 7 28 0 0 0 0 0 0 0 0 0 0 0 0 0 0 0 0 0 0 0 0 0 0 0 0
3 7 29 0 0 0 0 0 0 0 0 0 0 0 0 0 0 0 0 0 0 0 0 0 0 0 0
3 7 30 0 0 0 0 0 0 0 0 0 0 0 0 0 0 0 0 0 0 0 0 0 0 0 0
3 7 31 0 0 0 0 0 0 0 0 0 0 0 0 0 0 0 0 0 0 0 0 0 0 0 0
3 8 0 1 4 0 1 1 85 0 0 0 0 0 0 0 0 0 0 0 0 0 0 0 0 0 0
3 8 1 1 4 0 1 2 85 1 4 1 1 0 85 0 0 0 0 0 0 0 0 0 0 0 0
3 8 2 0 0 0 0 0 0 1 4 1 1 1 85 0 0 0 0 0 0 0 0 0 0 0 0
3 8 3 1 4 2 1 0 86 1 4 1 1 2 85 0 0 0 0 0 0 0 0 0 0 0 0
3 8 4 1 4 2 1 1 86 0 0 0 0 0 0 0 0 0 0 0 0 0 0 0 0 0 0
3 8 5 1 4 2 1 2 86 1 4 3 1 0 86 0 0 0 0 0 0 0 0 0 0 0 0
3 8 6 0 0 0 0 0 0 1 4 3 1 1 86 0 0 0 0 0 0 0 0 0 0 0 0
3 8 7 1 4 4 1 0 87 1 4 3 1 2 86 0 0 0 0 0 0 0 0 0 0 0 0
3 8 8 1 4 4 1 1 87 0 0 0 0 0 0 0 0 0 0 0 0 0 0 0 0 0 0
3 8 9 1 4 4 1 2 87 1 4 5 1 0 87 0 0 0 0 0 0 0 0 0 0 0 0
3 8 10 0 0 0 0 0 0 1 4 5 1 1 87 0 0 0 0 0 0 0 0 0 0 0 0
3 8 11 1 4 6 1 0 88 1 4 5 1 2 87 0 0 0 0 0 0 0 0 0 0 0 0
3 8 12 1 4 6 1 1 88 0 0 0 0 0 0 0 0 0 0 0 0 0 0 0 0 0 0
3 8 13 1 4 6 1 2 88 1 4 7 1 0 88 0 0 0 0 0 0 0 0 0 0 0 0
3 8 14 0 0 0 0 0 0 1 4 7 1 1 88 0 0 0 0 0 0 0 0 0 0 0 0
3 8 15 1 4 8 1 0 89 1 4 7 1 2 88 0 0 0 0 0 0 0 0 0 0 0 0
3 8 16 1 4 8 1 1 89 0 0 0 0 0 0 0 0 0 0 0 0 0 0 0 0 0 0
3 8 17 1 4 8 1 2 89 0 0 0 0 0 0 0 0 0 0 0 0 0 0 0 0 0 0
3 8 18 0 0 0 0 0 0 0 0 0 0 0 0 0 0 0 0 0 0 0 0 0 0 0 0
3 8 19 0 0 0 0 0 0 0 0 0 0 0 0 0 0 0 0 0 0 0 0 0 0 0 0
3 8 20 0 0 0 0 0 0 0 0 0 0 0 0 0 0 0 0 0 0 0 0 0 0 0 0
3 8 21 0 0 0 0 0 0 0 0 0 0 0 0 0 0 0 0 0 0 0 0 0 0 0 0
3 8 22 0 0 0 0 0 0 0 0 0 0 0 0 0 0 0 0 0 0 0 0 0 0 0 0
3 8 23 0 0 0 0 0 0 0 0 0 0 0 0 0 0 0 0 0 0 0 0 0 0 0 0
3 8 24 0 0 0 0 0 0 0 0 0 0 0 0 0 0 0 0 0 0 0 0 0 0 0 0
3 8 25 0 0 0 0 0 0 0 0 0 0 0 0 0 0 0 0 0 0 0 0 0 0 0 0
3 8 26 0 0 0 0 0 0 0 0 0 0 0 0 0 0 0 0 0 0 0 0 0 0 0 0
3 8 27 0 0 0 0 0 0 0 0 0 0 0 0 0 0 0 0 0 0 0 0 0 0 0 0
3 8 28 0 0 0 0 0 0 0 0 0 0 0 0 0 0 0 0 0 0 0 0 0 0 0 0
3 8 29 0 0 0 0 0 0 0 0 0 0 0 0 0 0 0 0 0 0 0 0 0 0 0 0
3 8 30 0 0 0 0 0 0 0 0 0 0 0 0 0 0 0 0 0 0 0 0 0 0 0 0
3 8 31 0 0 0 0 0 0 0 0 0 0 0 0 0 0 0 0 0 0 0 0 0 0 0 0
3 9 0 1 4 0 2 1 85 0 0 0 0 0 0 1 5 0 0 1 85 0 0 0 0 0 0
3 9 1 1 4 0 2 2 85 1 4 1 2 0 85 1 5 0 0 2 85 1 5 1 0 0 85
3 9 2 0 0 0 0 0 0 1 4 1 2 1 85 0 0 0 0 0 0 1 5 1 0 1 85
3 9 3 1 4 2 2 0 86 1 4 1 2 2 85 1 5 2 0 0 86 1 5 1 0 2 85
3 9 4 1 4 2 2 1 86 0 0 0 0 0 0 1 5 2 0 1 86 0 0 0 0 0 0
3 9 5 1 4 2 2 2 86 1 4 3 2 0 86 1 5 2 0 2 86 1 5 3 0 0 86
3 9 6 0 0 0 0 0 0 1 4 3 2 1 86 0 0 0 0 0 0 1 5 3 0 1 86
3 9 7 1 4 4 2 0 87 1 4 3 2 2 86 1 5 4 0 0 87 1 5 3 0 2 86
3 9 8 1 4 4 2 1 87 0 0 0 0 0 0 1 5 4 0 1 87 0 0 0 0 0 0
3 9 9 1 4 4 2 2 87 1 4 5 2 0 87 1 5 4 0 2 87 1 5 5 0 0 87
3 9 10 0 0 0 0 0 0 1 4 5 2 1 87 0 0 0 0 0 0 1 5 5 0 1 87
3 9 11 1 4 6 2 0 88 1 4 5 2 2 87 1 5 6 0 0 88 1 5 5 0 2 87
3 9 12 1 4 6 2 1 88 0 0 0 0 0 0 1 5 6 0 1 88 0 0 0 0 0 0
3 9 13 1 4 6 2 2 88 1 4 7 2 0 88 1 5 6 0 2 88 1 5 7 0 0 88
3 9 14 0 0 0 0 0 0 1 4 7 2 1 88 0 0 0 0 0 0 1 5 7 0 1 88
3 9 15 1 4 8 2 0 89 1 4 7 2 2 88 1 5 8 0 0 89 1 5 7 0 2 88
3 9 16 1 4 8 2 1 89 0 0 0 0 0 0 1 5 8 0 1 89 0 0 0 0 0 0
3 9 17 1 4 8 2 2 89 0 0 0 0 0 0 1 5 8 0 2 89 0 0 0 0 0 0
3 9 18 0 0 0 0 0 0 0 0 0 0 0 0 0 0 0 0 0 0 0 0 0 0 0 0
3 9 19 0 0 0 0 0 0 0 0 0 0 0 0 0 0 0 0 0 0 0 0 0 0 0 0
3 9 20 0 0 0 0 0 0 0 0 0 0 0 0 0 0 0 0 0 0 0 0 0 0 0 0
3 9 21 0 0 0 0 0 0 0 0 0 0 0 0 0 0 0 0 0 0 0 0 0 0 0 0
3 9 22 0 0 0 0 0 0 0 0 0 0 0 0 0 0 0 0 0 0 0 0 0 0 0 0
3 9 23 0 0 0 0 0 0 0 0 0 0 0 0 0 0 0 0 0 0 0 0 0 0 0 0
3 9 24 0 0 0 0 0 0 0 0 0 0 0 0 0 0 0 0 0 0 0 0 0 0 0 0
3 9 25 0 0 0 0 0 0 0 0 0 0 0 0 0 0 0 0 0 0 0 0 0 0 0 0
3 9 26 0 0 0 0 0 0 0 0 0 0 0 0 0 0 0 0 0 0 0 0 0 0 0 0
3 9 27 0 0 0 0 0 0 0 0 0 0 0 0 0 0 0 0 0 0 0 0 0 0 0 0
3 9 28 0 0 0 0 0 0 0 0 0 0 0 0 0 0 0 0 0 0 0 0 0 0 0 0
3 9 29 0 0 0 0 0 0 0 0 0 0 0 0 0 0 0 0 0 0 0 0 0 0 0 0
3 9 30 0 0 0 0 0 0 0 0 0 0 0 0 0 0 0 0 0 0 0 0 0 0 0 0
3 9 31 0 0 0 0 0 0 0 0 0 0 0 0 0 0 0 0 0 0 0 0 0 0 0 0
3 10 0 0 0 0 0 0 0 0 0 0 0 0 0 1 5 0 1 1 85 0 0 0 0 0 0
3 10 1 0 0 0 0 0 0 0 0 0 0 0 0 1 5 0 1 2 85 1 5 1 1 0 85
3 10 2 0 0 0 0 0 0 0 0 0 0 0 0 0 0 0 0 0 0 1 5 1 1 1 85
3 10 3 0 0 0 0 0 0 0 0 0 0 0 0 1 5 2 1 0 86 1 5 1 1 2 85
3 10 4 0 0 0 0 0 0 0 0 0 0 0 0 1 5 2 1 1 86 0 0 0 0 0 0
3 10 5 0 0 0 0 0 0 0 0 0 0 0 0 1 5 2 1 2 86 1 5 3 1 0 86
3 10 6 0 0 0 0 0 0 0 0 0 0 0 0 0 0 0 0 0 0 1 5 3 1 1 86
3 10 7 0 0 0 0 0 0 0 0 0 0 0 0 1 5 4 1 0 87 1 5 3 1 2 86
3 10 8 0 0 0 0 0 0 0 0 0 0 0 0 1 5 4 1 1 87 0 0 0 0 0 0
3 10 9 0 0 0 0 0 0 0 0 0 0 0 0 1 5 4 1 2 87 1 5 5 1 0 87
3 10 10 0 0 0 0 0 0 0 0 0 0 0 0 0 0 0 0 0 0 1 5 5 1 1 87
3 10 11 0 0 0 0 0 0 0 0 0 0 0 0 1 5 6 1 0 88 1 5 5 1 2 87
3 10 12 0 0 0 0 0 0 0 0 0 0 0 0 1 5 6 1 1 88 0 0 0 0 0 0
3 10 13 0 0 0 0 0 0 0 0 0 0 0 0 1 5 6 1 2 88 1 5 7 1 0 88
3 10 14 0 0 0 0 0 0 0 0 0 0 0 0 0 0 0 0 0 0 1 5 7 1 1 88
3 10 15 0 0 0 0 0 0 0 0 0 0 0 0 1 5 8 1 0 89 1 5 7 1 2 88
3 10 16 0 0 0 0 0 0 0 0 0 0 0 0 1 5 8 1 1 89 0 0 0 0 0 0
3 10 17 0 0 0 0 0 0 0 0 0 0 0 0 1 5 8 1 2 89 0 0 0 0 0 0
3 10 18 0 0 0 0 0 0 0 0 0 0 0 0 0 0 0 0 0 0 0 0 0 0 0 0
3 10 19 0 0 0 0 0 0 0 0 0 0 0 0 0 0 0 0 0 0 0 0 0 0 0 0
3 10 20 0 0 0 0 0 0 0 0 0 0 0 0 0 0 0 0 0 0 0 0 0 0 0 0
3 10 21 0 0 0 0 0 0 0 0 0 0 0 0 0 0 0 0 0 0 0 0 0 0 0 0
3 10 22 0 0 0 0 0 0 0 0 0 0 0 0 0 0 0 0 0 0 0 0 0 0 0 0
3 10 23 0 0 0 0 0 0 0 0 0 0 0 0 0 0 0 0 0 0 0 0 0 0 0 0
3 10 24 0 0 0 0 0 0 0 0 0 0 0 0 0 0 0 0 0 0 0 0 0 0 0 0
3 10 25 0 0 0 0 0 0 0 0 0 0 0 0 0 0 0 0 0 0 0 0 0 0 0 0
3 10 26 0 0 0 0 0 0 0 0 0 0 0 0 0 0 0 0 0 0 0 0 0 0 0 0
3 10 27 0 0 0 0 0 0 0 0 0 0 0 0 0 0 0 0 0 0 0 0 0 0 0 0
3 10 28 0 0 0 0 0 0 0 0 0 0 0 0 0 0 0 0 0 0 0 0 0 0 0 0
3 10 29 0 0 0 0 0 0 0 0 0 0 0 0 0 0 0 0 0 0 0 0 0 0 0 0
3 10 30 0 0 0 0 0 0 0 0 0 0 0 0 0 0 0 0 0 0 0 0 0 0 0 0
3 10 31 0 0 0 0 0 0 0 0 0 0 0 0 0 0 0 0 0 0 0 0 0 0 0 0
3 11 0 1 6 0 0 1 90 0 0 0 0 0 0 1 5 0 2 1 85 0 0 0 0 0 0
3 11 1 1 6 0 0 2 90 1 6 1 0 0 90 1 5 0 2 2 85 1 5 1 2 0 85
3 11 2 0 0 0 0 0 0 1 6 1 0 1 90 0 0 0 0 0 0 1 5 1 2 1 85
3 11 3 1 6 2 0 0 91 1 6 1 0 2 90 1 5 2 2 0 86 1 5 1 2 2 85
3 11 4 1 6 2 0 1 91 0 0 0 0 0 0 1 5 2 2 1 86 0 0 0 0 0 0
3 11 5 1 6 2 0 2 91 1 6 3 0 0 91 1 5 2 2 2 86 1 5 3 2 0 86
3 11 6 0 0 0 0 0 0 1 6 3 0 1 91 0 0 0 0 0 0 1 5 3 2 1 86
3 11 7 1 6 4 0 0 92 1 6 3 0 2 91 1 5 4 2 0 87 1 5 3 2 2 86
3 11 8 1 6 4 0 1 92 0 0 0 0 0 0 1 5 4 2 1 87 0 0 0 0 0 0
3 11 9 1 6 4 0 2 92 1 6 5 0 0 92 1 5 4 2 2 87 1 5 5 2 0 87
3 11 10 0 0 0 0 0 0 1 6 5 0 1 92 0 0 0 0 0 0 1 5 5 2 1 87
3 11 11 1 6 6 0 0 93 1 6 5 0 2 92 1 5 6 2 0 88 1 5 5 2 2 87
3 11 12 1 6 6 0 1 93 0 0 0 0 0 0 1 5 6 2 1 88 0 0 0 0 0 0
3 11 13 1 6 6 0 2 93 1 6 7 0 0 93 1 5 6 2 2 88 1 5 7 2 0 88
3 11 14 0 0 0 0 0 0 1 6 7 0 1 93 0 0 0 0 0 0 1 5 7 2 1 88
3 11 15 1 6 8 0 0 94 1 6 7 0 2 93 1 5 8 2 0 89 1 5 7 2 2 88
3 11 16 1 6 8 0 1 94 0 0 0 0 0 0 1 5 8 2 1 89 0 0 0 0 0 0
3 11 17 1 6 8 0 2 94 0 0 0 0 0 0 1 5 8 2 2 89 0 0 0 0 0 0
3 11 18 0 0 0 0 0 0 0 0 0 0 0 0 0 0 0 0 0 0 0 0 0 0 0 0
3 11 19 0 0 0 0 0 0 0 0 0 0 0 0 0 0 0 0 0 0 0 0 0 0 0 0
3 11 20 0 0 0 0 0 0 0 0 0 0 0 0 0 0 0 0 0 0 0 0 0 0 0 0
3 11 21 0 0 0 0 0 0 0 0 0 0 0 0 0 0 0 0 0 0 0 0 0 0 0 0
3 11 22 0 0 0 0 0 0 0 0 0 0 0 0 0 0 0 0 0 0 0 0 0 0 0 0
3 11 23 0 0 0 0 0 0 0 0 0 0 0 0 0 0 0 0 0 0 0 0 0 0 0 0
3 11 24 0 0 0 0 0 0 0 0 0 0 0 0 0 0 0 0 0 0 0 0 0 0 0 0
3 11 25 0 0 0 0 0 0 0 0 0 0 0 0 0 0 0 0 0 0 0 0 0 0 0 0
3 11 26 0 0 0 0 0 0 0 0 0 0 0 0 0 0 0 0 0 0 0 0 0 0 0 0
3 11 27 0 0 0 0 0 0 0 0 0 0 0 0 0 0 0 0 0 0 0 0 0 0 0 0
3 11 28 0 0 0 0 0 0 0 0 0 0 0 0 0 0 0 0 0 0 0 0 0 0 0 0
3 11 29 0 0 0 0 0 0 0 0 0 0 0 0 0 0 0 0 0 0 0 0 0 0 0 0
3 11 30 0 0 0 0 0 0 0 0 0 0 0 0 0 0 0 0 0 0 0 0 0 0 0 0
3 11 31 0 0 0 0 0 0 0 0 0 0 0 0 0 0 0 0 0 0 0 0 0 0 0 0
3 12 0 1 6 0 1 1 90 0 0 0 0 0 0 0 0 0 0 0 0 0 0 0 0 0 0
3 12 1 1 6 0 1 2 90 1 6 1 1 0 90 0 0 0 0 0 0 0 0 0 0 0 0
3 12 2 0 0 0 0 0 0 1 6 1 1 1 90 0 0 0 0 0 0 0 0 0 0 0 0
3 12 3 1 6 2 1 0 91 1 6 1 1 2 90 0 0 0 0 0 0 0 0 0 0 0 0
3 12 4 1 6 2 1 1 91 0 0 0 0 0 0 0 0 0 0 0 0 0 0 0 0 0 0
3 12 5 1 6 2 1 2 91 1 6 3 1 0 91 0 0 0 0 0 0 0 0 0 0 0 0
3 12 6 0 0 0 0 0 0 1 6 3 1 1 91 0 0 0 0 0 0 0 0 0 0 0 0
3 12 7 1 6 4 1 0 92 1 6 3 1 2 91 0 0 0 0 0 0 0 0 0 0 0 0
3 12 8 1 6 4 1 1 92 0 0 0 0 0 0 0 0 0 0 0 0 0 0 0 0 0 0
3 12 9 1 6 4 1 2 92 1 6 5 1 0 92 0 0 0 0 0 0 0 0 0 0 0 0
3 12 10 0 0 0 0 0 0 1 6 5 1 1 92 0 0 0 0 0 0 0 0 0 0 0 0
3 12 11 1 6 6 1 0 93 1 6 5 1 2 92 0 0 0 0 0 0 0 0 0 0 0 0
3 12 12 1 6 6 1 1 93 0 0 0 0 0 0 0 0 0 0 0 0 0 0 0 0 0 0
3 12 13 1 6 6 1 2 93 1 6 7 1 0 93 0 0 0 0 0 0 0 0 0 0 0 0
3 12 14 0 0 0 0 0 0 1 6 7 1 1 93 0 0 0 0 0 0 0 0 0 0 0 0
3 12 15 1 6 8 1 0 94 1 6 7 1 2 93 0 0 0 0 0 0 0 0 0 0 0 0
3 12 16 1 6 8 1 1 94 0 0 0 0 0 0 0 0 0 0 0 0 0 0 0 0 0 0
3 12 17 1 6 8 1 2 94 0 0 0 0 0 0 0 0 0 0 0 0 0 0 0 0 0 0
3 12 18 0 0 0 0 0 0 0 0 0 0 0 0 0 0 0 0 0 0 0 0 0 0 0 0
3 12 19 0 0 0 0 0 0 0 0 0 0 0 0 0 0 0 0 0 0 0 0 0 0 0 0
3 12 20 0 0 0 0 0 0 0 0 0 0 0 0 0 0 0 0 0 0 0 0 0 0 0 0
3 12 21 0 0 0 0 0 0 0 0 0 0 0 0 0 0 0 0 0 0 0 0 0 0 0 0
3 12 22 0 0 0 0 0 0 0 0 0 0 0 0 0 0 0 0 0 0 0 0 0 0 0 0
3 12 23 0 0 0 0 0 0 0 0 0 0 0 0 0 0 0 0 0 0 0 0 0 0 0 0
3 12 24 0 0 0 0 0 0 0 0 0 0 0 0 0 0 0 0 0 0 0 0 0 0 0 0
3 12 25 0 0 0 0 0 0 0 0 0 0 0 0 0 0 0 0 0 0 0 0 0 0 0 0
3 12 26 0 0 0 0 0 0 0 0 0 0 0 0 0 0 0 0 0 0 0 0 0 0 0 0
3 12 27 0 0 0 0 0 0 0 0 0 0 0 0 0 0 0 0 0 0 0 0 0 0 0 0
3 12 28 0 0 0 0 0 0 0 0 0 0 0 0 0 0 0 0 0 0 0 0 0 0 0 0
3 12 29 0 0 0 0 0 0 0 0 0 0 0 0 0 0 0 0 0 0 0 0 0 0 0 0
3 12 30 0 0 0 0 0 0 0 0 0 0 0 0 0 0 0 0 0 0 0 0 0 0 0 0
3 12 31 0 0 0 0 0 0 0 0 0 0 0 0 0 0 0 0 0 0 0 0 0 0 0 0
3 13 0 1 6 0 2 1 90 0 0 0 0 0 0 1 7 0 0 1 90 0 0 0 0 0 0
3 13 1 1 6 0 2 2 90 1 6 1 2 0 90 1 7 0 0 2 90 1 7 1 0 0 90
3 13 2 0 0 0 0 0 0 1 6 1 2 1 90 0 0 0 0 0 0 1 7 1 0 1 90
3 13 3 1 6 2 2 0 91 1 6 1 2 2 90 1 7 2 0 0 91 1 7 1 0 2 90
3 13 4 1 6 2 2 1 91 0 0 0 0 0 0 1 7 2 0 1 91 0 0 0 0 0 0
3 13 5 1 6 2 2 2 91 1 6 3 2 0 91 1 7 2 0 2 91 1 7 3 0 0 91
3 13 6 0 0 0 0 0 0 1 6 3 2 1 91 0 0 0 0 0 0 1 7 3 0 1 91
3 13 7 1 6 4 2 0 92 1 6 3 2 2 91 1 7 4 0 0 92 1 7 3 0 2 91
3 13 8 1 6 4 2 1 92 0 0 0 0 0 0 1 7 4 0 1 92 0 0 0 0 0 0
3 13 9 1 6 4 2 2 92 1 6 5 2 0 92 1 7 4 0 2 92 1 7 5 0 0 92
3 13 10 0 0 0 0 0 0 1 6 5 2 1 92 0 0 0 0 0 0 1 7 5 0 1 92
3 13 11 1 6 6 2 0 93 1 6 5 2 2 92 1 7 6 0 0 93 1 7 5 0 2 92
3 13 12 1 6 6 2 1 93 0 0 0 0 0 0 1 7 6 0 1 93 0 0 0 0 0 0
3 13 13 1 6 6 2 2 93 1 6 7 2 0 93 1 7 6 0 2 93 1 7 7 0 0 93
3 13 14 0 0 0 0 0 0 1 6 7 2 1 93 0 0 0 0 0 0 1 7 7 0 1 93
3 13 15 1 6 8 2 0 94 1 6 7 2 2 93 1 7 8 0 0 94 1 7 7 0 2 93
3 13 16 1 6 8 2 1 94 0 0 0 0 0 0 1 7 8 0 1 94 0 0 0 0 0 0
3 13 17 1 6 8 2 2 94 0 0 0 0 0 0 1 7 8 0 2 94 0 0 0 0 0 0
3 13 18 0 0 0 0 0 0 0 0 0 0 0 0 0 0 0 0 0 0 0 0 0 0 0 0
3 13 19 0 0 0 0 0 0 0 0 0 0 0 0 0 0 0 0 0 0 0 0 0 0 0 0
3 13 20 0 0 0 0 0 0 0 0 0 0 0 0 0 0 0 0 0 0 0 0 0 0 0 0
3 13 21 0 0 0 0 0 0 0 0 0 0 0 0 0 0 0 0 0 0 0 0 0 0 0 0
3 13 22 0 0 0 0 0 0 0 0 0 0 0 0 0 0 0 0 0 0 0 0 0 0 0 0
3 13 23 0 0 0 0 0 0 0 0 0 0 0 0 0 0 0 0 0 0 0 0 0 0 0 0
3 13 24 0 0 0 0 0 0 0 0 0 0 0 0 0 0 0 0 0 0 0 0 0 0 0 0
3 13 25 0 0 0 0 0 0 0 0 0 0 0 0 0 0 0 0 0 0 0 0 0 0 0 0
3 13 26 0 0 0 0 0 0 0 0 0 0 0 0 0 0 0 0 0 0 0 0 0 0 0 0
3 13 27 0 0 0 0 0 0 0 0 0 0 0 0 0 0 0 0 0 0 0 0 0 0 0 0
3 13 28 0 0 0 0 0 0 0 0 0 0 0 0 0 0 0 0 0 0 0 0 0 0 0 0
3 13 29 0 0 0 0 0 0 0 0 0 0 0 0 0 0 0 0 0 0 0 0 0 0 0 0
3 13 30 0 0 0 0 0 0 0 0 0 0 0 0 0 0 0 0 0 0 0 0 0 0 0 0
3 13 31 0 0 0 0 0 0 0 0 0 0 0 0 0 0 0 0 0 0 0 0 0 0 0 0
3 14 0 0 0 0 0 0 0 0 0 0 0 0 0 1 7 0 1 1 90 0 0 0 0 0 0
3 14 1 0 0 0 0 0 0 0 0 0 0 0 0 1 7 0 1 2 90 1 7 1 1 0 90
3 14 2 0 0 0 0 0 0 0 0 0 0 0 0 0 0 0 0 0 0 1 7 1 1 1 90
3 14 3 0 0 0 0 0 0 0 0 0 0 0 0 1 7 2 1 0 91 1 7 1 1 2 90
3 14 4 0 0 0 0 0 0 0 0 0 0 0 0 1 7 2 1 1 91 0 0 0 0 0 0
3 14 5 0 0 0 0 0 0 0 0 0 0 0 0 1 7 2 1 2 91 1 7 3 1 0 91
3 14 6 0 0 0 0 0 0 0 0 0 0 0 0 0 0 0 0 0 0 1 7 3 1 1 91
3 14 7 0 0 0 0 0 0 0 0 0 0 0 0 1 7 4 1 0 92 1 7 3 1 2 91
3 14 8 0 0 0 0 0 0 0 0 0 0 0 0 1 7 4 1 1 92 0 0 0 0 0 0
3 14 9 0 0 0 0 0 0 0 0 0 0 0 0 1 7 4 1 2 92 1 7 5 1 0 92
3 14 10 0 0 0 0 0 0 0 0 0 0 0 0 0 0 0 0 0 0 1 7 5 1 1 92
3 14 11 0 0 0 0 0 0 0 0 0 0 0 0 1 7 6 1 0 93 1 7 5 1 2 92
3 14 12 0 0 0 0 0 0 0 0 0 0 0 0 1 7 6 1 1 93 0 0 0 0 0 0
3 14 13 0 0 0 0 0 0 0 0 0 0 0 0 1 7 6 1 2 93 1 7 7 1 0 93
3 14 14 0 0 0 0 0 0 0 0 0 0 0 0 0 0 0 0 0 0 1 7 7 1 1 93
3 14 15 0 0 0 0 0 0 0 0 0 0 0 0 1 7 8 1 0 94 1 7 7 1 2 93
3 14 16 0 0 0 0 0 0 0 0 0 0 0 0 1 7 8 1 1 94 0 0 0 0 0 0
3 14 17 0 0 0 0 0 0 0 0 0 0 0 0 1 7 8 1 2 94 0 0 0 0 0 0
3 14 18 0 0 0 0 0 0 0 0 0 0 0 0 0 0 0 0 0 0 0 0 0 0 0 0
3 14 19 0 0 0 0 0 0 0 0 0 0 0 0 0 0 0 0 0 0 0 0 0 0 0 0
3 14 20 0 0 0 0 0 0 0 0 0 0 0 0 0 0 0 0 0 0 0 0 0 0 0 0
3 14 21 0 0 0 0 0 0 0 0 0 0 0 0 0 0 0 0 0 0 0 0 0 0 0 0
3 14 22 0 0 0 0 0 0 0 0 0 0 0 0 0 0 0 0 0 0 0 0 0 0 0 0
3 14 23 0 0 0 0 0 0 0 0 0 0 0 0 0 0 0 0 0 0 0 0 0 0 0 0
3 14 24 0 0 0 0 0 0 0 0 0 0 0 0 0 0 0 0 0 0 0 0 0 0 0 0
3 14 25 0 0 0 0 0 0 0 0 0 0 0 0 0 0 0 0 0 0 0 0 0 0 0 0
3 14 26 0 0 0 0 0 0 0 0 0 0 0 0 0 0 0 0 0 0 0 0 0 0 0 0
3 14 27 0 0 0 0 0 0 0 0 0 0 0 0 0 0 0 0 0 0 0 0 0 0 0 0
3 14 28 0 0 0 0 0 0 0 0 0 0 0 0 0 0 0 0 0 0 0 0 0 0 0 0
3 14 29 0 0 0 0 0 0 0 0 0 0 0 0 0 0 0 0 0 0 0 0 0 0 0 0
3 14 30 0 0 0 0 0 0 0 0 0 0 0 0 0 0 0 0 0 0 0 0 0 0 0 0
3 14 31 0 0 0 0 0 0 0 0 0 0 0 0 0 0 0 0 0 0 0 0 0 0 0 0
3 15 0 1 8 0 0 1 95 0 0 0 0 0 0 1 7 0 2 1 90 0 0 0 0 0 0
3 15 1 1 8 0 0 2 95 1 8 1 0 0 95 1 7 0 2 2 90 1 7 1 2 0 90
3 15 2 0 0 0 0 0 0 1 8 1 0 1 95 0 0 0 0 0 0 1 7 1 2 1 90
3 15 3 1 8 2 0 0 96 1 8 1 0 2 95 1 7 2 2 0 91 1 7 1 2 2 90
3 15 4 1 8 2 0 1 96 0 0 0 0 0 0 1 7 2 2 1 91 0 0 0 0 0 0
3 15 5 1 8 2 0 2 96 1 8 3 0 0 96 1 7 2 2 2 91 1 7 3 2 0 91
3 15 6 0 0 0 0 0 0 1 8 3 0 1 96 0 0 0 0 0 0 1 7 3 2 1 91
3 15 7 1 8 4 0 0 97 1 8 3 0 2 96 1 7 4 2 0 92 1 7 3 2 2 91
3 15 8 1 8 4 0 1 97 0 0 0 0 0 0 1 7 4 2 1 92 0 0 0 0 0 0
3 15 9 1 8 4 0 2 97 1 8 5 0 0 97 1 7 4 2 2 92 1 7 5 2 0 92
3 15 10 0 0 0 0 0 0 1 8 5 0 1 97 0 0 0 0 0 0 1 7 5 2 1 92
3 15 11 1 8 6 0 0 98 1 8 5 0 2 97 1 7 6 2 0 93 1 7 5 2 2 92
3 15 12 1 8 6 0 1 98 0 0 0 0 0 0 1 7 6 2 1 93 0 0 0 0 0 0
3 15 13 1 8 6 0 2 98 1 8 7 0 0 98 1 7 6 2 2 93 1 7 7 2 0 93
3 15 14 0 0 0 0 0 0 1 8 7 0 1 98 0 0 0 0 0 0 1 7 7 2 1 93
3 15 15 1 8 8 0 0 99 1 8 7 0 2 98 1 7 8 2 0 94 1 7 7 2 2 93
3 15 16 1 8 8 0 1 99 0 0 0 0 0 0 1 7 8 2 1 94 0 0 0 0 0 0
3 15 17 1 8 8 0 2 99 0 0 0 0 0 0 1 7 8 2 2 94 0 0 0 0 0 0
3 15 18 0 0 0 0 0 0 0 0 0 0 0 0 0 0 0 0 0 0 0 0 0 0 0 0
3 15 19 0 0 0 0 0 0 0 0 0 0 0 0 0 0 0 0 0 0 0 0 0 0 0 0
3 15 20 0 0 0 0 0 0 0 0 0 0 0 0 0 0 0 0 0 0 0 0 0 0 0 0
3 15 21 0 0 0 0 0 0 0 0 0 0 0 0 0 0 0 0 0 0 0 0 0 0 0 0
3 15 22 0 0 0 0 0 0 0 0 0 0 0 0 0 0 0 0 0 0 0 0 0 0 0 0
3 15 23 0 0 0 0 0 0 0 0 0 0 0 0 0 0 0 0 0 0 0 0 0 0 0 0
3 15 24 0 0 0 0 0 0 0 0 0 0 0 0 0 0 0 0 0 0 0 0 0 0 0 0
3 15 25 0 0 0 0 0 0 0 0 0 0 0 0 0 0 0 0 0 0 0 0 0 0 0 0
3 15 26 0 0 0 0 0 0 0 0 0 0 0 0 0 0 0 0 0 0 0 0 0 0 0 0
3 15 27 0 0 0 0 0 0 0 0 0 0 0 0 0 0 0 0 0 0 0 0 0 0 0 0
3 15 28 0 0 0 0 0 0 0 0 0 0 0 0 0 0 0 0 0 0 0 0 0 0 0 0
3 15 29 0 0 0 0 0 0 0 0 0 0 0 0 0 0 0 0 0 0 0 0 0 0 0 0
3 15 30 0 0 0 0 0 0 0 0 0 0 0 0 0 0 0 0 0 0 0 0 0 0 0 0
3 15 31 0 0 0 0 0 0 0 0 0 0 0 0 0 0 0 0 0 0 0 0 0 0 0 0
3 16 0 1 8 0 1 1 95 0 0 0 0 0 0 0 0 0 0 0 0 0 0 0 0 0 0
3 16 1 1 8 0 1 2 95 1 8 1 1 0 95 0 0 0 0 0 0 0 0 0 0 0 0
3 16 2 0 0 0 0 0 0 1 8 1 1 1 95 0 0 0 0 0 0 0 0 0 0 0 0
3 16 3 1 8 2 1 0 96 1 8 1 1 2 95 0 0 0 0 0 0 0 0 0 0 0 0
3 16 4 1 8 2 1 1 96 0 0 0 0 0 0 0 0 0 0 0 0 0 0 0 0 0 0
3 16 5 1 8 2 1 2 96 1 8 3 1 0 96 0 0 0 0 0 0 0 0 0 0 0 0
3 16 6 0 0 0 0 0 0 1 8 3 1 1 96 0 0 0 0 0 0 0 0 0 0 0 0
3 16 7 1 8 4 1 0 97 1 8 3 1 2 96 0 0 0 0 0 0 0 0 0 0 0 0
3 16 8 1 8 4 1 1 97 0 0 0 0 0 0 0 0 0 0 0 0 0 0 0 0 0 0
3 16 9 1 8 4 1 2 97 1 8 5 1 0 97 0 0 0 0 0 0 0 0 0 0 0 0
3 16 10 0 0 0 0 0 0 1 8 5 1 1 97 0 0 0 0 0 0 0 0 0 0 0 0
3 16 11 1 8 6 1 0 98 1 8 5 1 2 97 0 0 0 0 0 0 0 0 0 0 0 0
3 16 12 1 8 6 1 1 98 0 0 0 0 0 0 0 0 0 0 0 0 0 0 0 0 0 0
3 16 13 1 8 6 1 2 98 1 8 7 1 0 98 0 0 0 0 0 0 0 0 0 0 0 0
3 16 14 0 0 0 0 0 0 1 8 7 1 1 98 0 0 0 0 0 0 0 0 0 0 0 0
3 16 15 1 8 8 1 0 99 1 8 7 1 2 98 0 0 0 0 0 0 0 0 0 0 0 0
3 16 16 1 8 8 1 1 99 0 0 0 0 0 0 0 0 0 0 0 0 0 0 0 0 0 0
3 16 17 1 8 8 1 2 99 0 0 0 0 0 0 0 0 0 0 0 0 0 0 0 0 0 0
3 16 18 0 0 0 0 0 0 0 0 0 0 0 0 0 0 0 0 0 0 0 0 0 0 0 0
3 16 19 0 0 0 0 0 0 0 0 0 0 0 0 0 0 0 0 0 0 0 0 0 0 0 0
3 16 20 0 0 0 0 0 0 0 0 0 0 0 0 0 0 0 0 0 0 0 0 0 0 0 0
3 16 21 0 0 0 0 0 0 0 0 0 0 0 0 0 0 0 0 0 0 0 0 0 0 0 0
3 16 22 0 0 0 0 0 0 0 0 0 0 0 0 0 0 0 0 0 0 0 0 0 0 0 0
3 16 23 0 0 0 0 0 0 0 0 0 0 0 0 0 0 0 0 0 0 0 0 0 0 0 0
3 16 24 0 0 0 0 0 0 0 0 0 0 0 0 0 0 0 0 0 0 0 0 0 0 0 0
3 16 25 0 0 0 0 0 0 0 0 0 0 0 0 0 0 0 0 0 0 0 0 0 0 0 0
3 16 26 0 0 0 0 0 0 0 0 0 0 0 0 0 0 0 0 0 0 0 0 0 0 0 0
3 16 27 0 0 0 0 0 0 0 0 0 0 0 0 0 0 0 0 0 0 0 0 0 0 0 0
3 16 28 0 0 0 0 0 0 0 0 0 0 0 0 0 0 0 0 0 0 0 0 0 0 0 0
3 16 29 0 0 0 0 0 0 0 0 0 0 0 0 0 0 0 0 0 0 0 0 0 0 0 0
3 16 30 0 0 0 0 0 0 0 0 0 0 0 0 0 0 0 0 0 0 0 0 0 0 0 0
3 16 31 0 0 0 0 0 0 0 0 0 0 0 0 0 0 0 0 0 0 0 0 0 0 0 0
3 17 0 1 8 0 2 1 95 0 0 0 0 0 0 0 0 0 0 0 0 0 0 0 0 0 0
3 17 1 1 8 0 2 2 95 1 8 1 2 0 95 0 0 0 0 0 0 0 0 0 0 0 0
3 17 2 0 0 0 0 0 0 1 8 1 2 1 95 0 0 0 0 0 0 0 0 0 0 0 0
3 17 3 1 8 2 2 0 96 1 8 1 2 2 95 0 0 0 0 0 0 0 0 0 0 0 0
3 17 4 1 8 2 2 1 96 0 0 0 0 0 0 0 0 0 0 0 0 0 0 0 0 0 0
3 17 5 1 8 2 2 2 96 1 8 3 2 0 96 0 0 0 0 0 0 0 0 0 0 0 0
3 17 6 0 0 0 0 0 0 1 8 3 2 1 96 0 0 0 0 0 0 0 0 0 0 0 0
3 17 7 1 8 4 2 0 97 1 8 3 2 2 96 0 0 0 0 0 0 0 0 0 0 0 0
3 17 8 1 8 4 2 1 97 0 0 0 0 0 0 0 0 0 0 0 0 0 0 0 0 0 0
3 17 9 1 8 4 2 2 97 1 8 5 2 0 97 0 0 0 0 0 0 0 0 0 0 0 0
3 17 10 0 0 0 0 0 0 1 8 5 2 1 97 0 0 0 0 0 0 0 0 0 0 0 0
3 17 11 1 8 6 2 0 98 1 8 5 2 2 97 0 0 0 0 0 0 0 0 0 0 0 0
3 17 12 1 8 6 2 1 98 0 0 0 0 0 0 0 0 0 0 0 0 0 0 0 0 0 0
3 17 13 1 8 6 2 2 98 1 8 7 2 0 98 0 0 0 0 0 0 0 0 0 0 0 0
3 17 14 0 0 0 0 0 0 1 8 7 2 1 98 0 0 0 0 0 0 0 0 0 0 0 0
3 17 15 1 8 8 2 0 99 1 8 7 2 2 98 0 0 0 0 0 0 0 0 0 0 0 0
3 17 16 1 8 8 2 1 99 0 0 0 0 0 0 0 0 0 0 0 0 0 0 0 0 0 0
3 17 17 1 8 8 2 2 99 0 0 0 0 0 0 0 0 0 0 0 0 0 0 0 0 0 0
3 17 18 0 0 0 0 0 0 0 0 0 0 0 0 0 0 0 0 0 0 0 0 0 0 0 0
3 17 19 0 0 0 0 0 0 0 0 0 0 0 0 0 0 0 0 0 0 0 0 0 0 0 0
3 17 20 0 0 0 0 0 0 0 0 0 0 0 0 0 0 0 0 0 0 0 0 0 0 0 0
3 17 21 0 0 0 0 0 0 0 0 0 0 0 0 0 0 0 0 0 0 0 0 0 0 0 0
3 17 22 0 0 0 0 0 0 0 0 0 0 0 0 0 0 0 0 0 0 0 0 0 0 0 0
3 17 23 0 0 0 0 0 0 0 0 0 0 0 0 0 0 0 0 0 0 0 0 0 0 0 0
3 17 24 0 0 0 0 0 0 0 0 0 0 0 0 0 0 0 0 0 0 0 0 0 0 0 0
3 17 25 0 0 0 0 0 0 0 0 0 0 0 0 0 0 0 0 0 0 0 0 0 0 0 0
3 17 26 0 0 0 0 0 0 0 0 0 0 0 0 0 0 0 0 0 0 0 0 0 0 0 0
3 17 27 0 0 0 0 0 0 0 0 0 0 0 0 0 0 0 0 0 0 0 0 0 0 0 0
3 17 28 0 0 0 0 0 0 0 0 0 0 0 0 0 0 0 0 0 0 0 0 0 0 0 0
3 17 29 0 0 0 0 0 0 0 0 0 0 0 0 0 0 0 0 0 0 0 0 0 0 0 0
3 17 30 0 0 0 0 0 0 0 0 0 0 0 0 0 0 0 0 0 0 0 0 0 0 0 0
3 17 31 0 0 0 0 0 0 0 0 0 0 0 0 0 0 0 0 0 0 0 0 0 0 0 0
3 18 0 0 0 0 0 0 0 0 0 0 0 0 0 0 0 0 0 0 0 0 0 0 0 0 0
3 18 1 0 0 0 0 0 0 0 0 0 0 0 0 0 0 0 0 0 0 0 0 0 0 0 0
3 18 2 0 0 0 0 0 0 0 0 0 0 0 0 0 0 0 0 0 0 0 0 0 0 0 0
3 18 3 0 0 0 0 0 0 0 0 0 0 0 0 0 0 0 0 0 0 0 0 0 0 0 0
3 18 4 0 0 0 0 0 0 0 0 0 0 0 0 0 0 0 0 0 0 0 0 0 0 0 0
3 18 5 0 0 0 0 0 0 0 0 0 0 0 0 0 0 0 0 0 0 0 0 0 0 0 0
3 18 6 0 0 0 0 0 0 0 0 0 0 0 0 0 0 0 0 0 0 0 0 0 0 0 0
3 18 7 0 0 0 0 0 0 0 0 0 0 0 0 0 0 0 0 0 0 0 0 0 0 0 0
3 18 8 0 0 0 0 0 0 0 0 0 0 0 0 0 0 0 0 0 0 0 0 0 0 0 0
3 18 9 0 0 0 0 0 0 0 0 0 0 0 0 0 0 0 0 0 0 0 0 0 0 0 0
3 18 10 0 0 0 0 0 0 0 0 0 0 0 0 0 0 0 0 0 0 0 0 0 0 0 0
3 18 11 0 0 0 0 0 0 0 0 0 0 0 0 0 0 0 0 0 0 0 0 0 0 0 0
3 18 12 0 0 0 0 0 0 0 0 0 0 0 0 0 0 0 0 0 0 0 0 0 0 0 0
3 18 13 0 0 0 0 0 0 0 0 0 0 0 0 0 0 0 0 0 0 0 0 0 0 0 0
3 18 14 0 0 0 0 0 0 0 0 0 0 0 0 0 0 0 0 0 0 0 0 0 0 0 0
3 18 15 0 0 0 0 0 0 0 0 0 0 0 0 0 0 0 0 0 0 0 0 0 0 0 0
3 18 16 0 0 0 0 0 0 0 0 0 0 0 0 0 0 0 0 0 0 0 0 0 0 0 0
3 18 17 0 0 0 0 0 0 0 0 0 0 0 0 0 0 0 0 0 0 0 0 0 0 0 0
3 18 18 0 0 0 0 0 0 0 0 0 0 0 0 0 0 0 0 0 0 0 0 0 0 0 0
3 18 19 0 0 0 0 0 0 0 0 0 0 0 0 0 0 0 0 0 0 0 0 0 0 0 0
3 18 20 0 0 0 0 0 0 0 0 0 0 0 0 0 0 0 0 0 0 0 0 0 0 0 0
3 18 21 0 0 0 0 0 0 0 0 0 0 0 0 0 0 0 0 0 0 0 0 0 0 0 0
3 18 22 0 0 0 0 0 0 0 0 0 0 0 0 0 0 0 0 0 0 0 0 0 0 0 0
3 18 23 0 0 0 0 0 0 0 0 0 0 0 0 0 0 0 0 0 0 0 0 0 0 0 0
3 18 24 0 0 0 0 0 0 0 0 0 0 0 0 0 0 0 0 0 0 0 0 0 0 0 0
3 18 25 0 0 0 0 0 0 0 0 0 0 0 0 0 0 0 0 0 0 0 0 0 0 0 0
3 18 26 0 0 0 0 0 0 0 0 0 0 0 0 0 0 0 0 0 0 0 0 0 0 0 0
3 18 27 0 0 0 0 0 0 0 0 0 0 0 0 0 0 0 0 0 0 0 0 0 0 0 0
3 18 28 0 0 0 0 0 0 0 0 0 0 0 0 0 0 0 0 0 0 0 0 0 0 0 0
3 18 29 0 0 0 0 0 0 0 0 0 0 0 0 0 0 0 0 0 0 0 0 0 0 0 0
3 18 30 0 0 0 0 0 0 0 0 0 0 0 0 0 0 0 0 0 0 0 0 0 0 0 0
3 18 31 0 0 0 0 0 0 0 0 0 0 0 0 0 0 0 0 0 0 0 0 0 0 0 0
3 19 0 0 0 0 0 0 0 0 0 0 0 0 0 0 0 0 0 0 0 0 0 0 0 0 0
3 19 1 0 0 0 0 0 0 0 0 0 0 0 0 0 0 0 0 0 0 0 0 0 0 0 0
3 19 2 0 0 0 0 0 0 0 0 0 0 0 0 0 0 0 0 0 0 0 0 0 0 0 0
3 19 3 0 0 0 0 0 0 0 0 0 0 0 0 0 0 0 0 0 0 0 0 0 0 0 0
3 19 4 0 0 0 0 0 0 0 0 0 0 0 0 0 0 0 0 0 0 0 0 0 0 0 0
3 19 5 0 0 0 0 0 0 0 0 0 0 0 0 0 0 0 0 0 0 0 0 0 0 0 0
3 19 6 0 0 0 0 0 0 0 0 0 0 0 0 0 0 0 0 0 0 0 0 0 0 0 0
3 19 7 0 0 0 0 0 0 0 0 0 0 0 0 0 0 0 0 0 0 0 0 0 0 0 0
3 19 8 0 0 0 0 0 0 0 0 0 0 0 0 0 0 0 0 0 0 0 0 0 0 0 0
3 19 9 0 0 0 0 0 0 0 0 0 0 0 0 0 0 0 0 0 0 0 0 0 0 0 0
3 19 10 0 0 0 0 0 0 0 0 0 0 0 0 0 0 0 0 0 0 0 0 0 0 0 0
3 19 11 0 0 0 0 0 0 0 0 0 0 0 0 0 0 0 0 0 0 0 0 0 0 0 0
3 19 12 0 0 0 0 0 0 0 0 0 0 0 0 0 0 0 0 0 0 0 0 0 0 0 0
3 19 13 0 0 0 0 0 0 0 0 0 0 0 0 0 0 0 0 0 0 0 0 0 0 0 0
3 19 14 0 0 0 0 0 0 0 0 0 0 0 0 0 0 0 0 0 0 0 0 0 0 0 0
3 19 15 0 0 0 0 0 0 0 0 0 0 0 0 0 0 0 0 0 0 0 0 0 0 0 0
3 19 16 0 0 0 0 0 0 0 0 0 0 0 0 0 0 0 0 0 0 0 0 0 0 0 0
3 19 17 0 0 0 0 0 0 0 0 0 0 0 0 0 0 0 0 0 0 0 0 0 0 0 0
3 19 18 0 0 0 0 0 0 0 0 0 0 0 0 0 0 0 0 0 0 0 0 0 0 0 0
3 19 19 0 0 0 0 0 0 0 0 0 0 0 0 0 0 0 0 0 0 0 0 0 0 0 0
3 19 20 0 0 0 0 0 0 0 0 0 0 0 0 0 0 0 0 0 0 0 0 0 0 0 0
3 19 21 0 0 0 0 0 0 0 0 0 0 0 0 0 0 0 0 0 0 0 0 0 0 0 0
3 19 22 0 0 0 0 0 0 0 0 0 0 0 0 0 0 0 0 0 0 0 0 0 0 0 0
3 19 23 0 0 0 0 0 0 0 0 0 0 0 0 0 0 0 0 0 0 0 0 0 0 0 0
3 19 24 0 0 0 0 0 0 0 0 0 0 0 0 0 0 0 0 0 0 0 0 0 0 0 0
3 19 25 0 0 0 0 0 0 0 0 0 0 0 0 0 0 0 0 0 0 0 0 0 0 0 0
3 19 26 0 0 0 0 0 0 0 0 0 0 0 0 0 0 0 0 0 0 0 0 0 0 0 0
3 19 27 0 0 0 0 0 0 0 0 0 0 0 0 0 0 0 0 0 0 0 0 0 0 0 0
3 19 28 0 0 0 0 0 0 0 0 0 0 0 0 0 0 0 0 0 0 0 0 0 0 0 0
3 19 29 0 0 0 0 0 0 0 0 0 0 0 0 0 0 0 0 0 0 0 0 0 0 0 0
3 19 30 0 0 0 0 0 0 0 0 0 0 0 0 0 0 0 0 0 0 0 0 0 0 0 0
3 19 31 0 0 0 0 0 0 0 0 0 0 0 0 0 0 0 0 0 0 0 0 0 0 0 0
3 20 0 0 0 0 0 0 0 0 0 0 0 0 0 0 0 0 0 0 0 0 0 0 0 0 0
3 20 1 0 0 0 0 0 0 0 0 0 0 0 0 0 0 0 0 0 0 0 0 0 0 0 0
3 20 2 0 0 0 0 0 0 0 0 0 0 0 0 0 0 0 0 0 0 0 0 0 0 0 0
3 20 3 0 0 0 0 0 0 0 0 0 0 0 0 0 0 0 0 0 0 0 0 0 0 0 0
3 20 4 0 0 0 0 0 0 0 0 0 0 0 0 0 0 0 0 0 0 0 0 0 0 0 0
3 20 5 0 0 0 0 0 0 0 0 0 0 0 0 0 0 0 0 0 0 0 0 0 0 0 0
3 20 6 0 0 0 0 0 0 0 0 0 0 0 0 0 0 0 0 0 0 0 0 0 0 0 0
3 20 7 0 0 0 0 0 0 0 0 0 0 0 0 0 0 0 0 0 0 0 0 0 0 0 0
3 20 8 0 0 0 0 0 0 0 0 0 0 0 0 0 0 0 0 0 0 0 0 0 0 0 0
3 20 9 0 0 0 0 0 0 0 0 0 0 0 0 0 0 0 0 0 0 0 0 0 0 0 0
3 20 10 0 0 0 0 0 0 0 0 0 0 0 0 0 0 0 0 0 0 0 0 0 0 0 0
3 20 11 0 0 0 0 0 0 0 0 0 0 0 0 0 0 0 0 0 0 0 0 0 0 0 0
3 20 12 0 0 0 0 0 0 0 0 0 0 0 0 0 0 0 0 0 0 0 0 0 0 0 0
3 20 13 0 0 0 0 0 0 0 0 0 0 0 0 0 0 0 0 0 0 0 0 0 0 0 0
3 20 14 0 0 0 0 0 0 0 0 0 0 0 0 0 0 0 0 0 0 0 0 0 0 0 0
3 20 15 0 0 0 0 0 0 0 0 0 0 0 0 0 0 0 0 0 0 0 0 0 0 0 0
3 20 16 0 0 0 0 0 0 0 0 0 0 0 0 0 0 0 0 0 0 0 0 0 0 0 0
3 20 17 0 0 0 0 0 0 0 0 0 0 0 0 0 0 0 0 0 0 0 0 0 0 0 0
3 20 18 0 0 0 0 0 0 0 0 0 0 0 0 0 0 0 0 0 0 0 0 0 0 0 0
3 20 19 0 0 0 0 0 0 0 0 0 0 0 0 0 0 0 0 0 0 0 0 0 0 0 0
3 20 20 0 0 0 0 0 0 0 0 0 0 0 0 0 0 0 0 0 0 0 0 0 0 0 0
3 20 21 0 0 0 0 0 0 0 0 0 0 0 0 0 0 0 0 0 0 0 0 0 0 0 0
3 20 22 0 0 0 0 0 0 0 0 0 0 0 0 0 0 0 0 0 0 0 0 0 0 0 0
3 20 23 0 0 0 0 0 0 0 0 0 0 0 0 0 0 0 0 0 0 0 0 0 0 0 0
3 20 24 0 0 0 0 0 0 0 0 0 0 0 0 0 0 0 0 0 0 0 0 0 0 0 0
3 20 25 0 0 0 0 0 0 0 0 0 0 0 0 0 0 0 0 0 0 0 0 0 0 0 0
3 20 26 0 0 0 0 0 0 0 0 0 0 0 0 0 0 0 0 0 0 0 0 0 0 0 0
3 20 27 0 0 0 0 0 0 0 0 0 0 0 0 0 0 0 0 0 0 0 0 0 0 0 0
3 20 28 0 0 0 0 0 0 0 0 0 0 0 0 0 0 0 0 0 0 0 0 0 0 0 0
3 20 29 0 0 0 0 0 0 0 0 0 0 0 0 0 0 0 0 0 0 0 0 0 0 0 0
3 20 30 0 0 0 0 0 0 0 0 0 0 0 0 0 0 0 0 0 0 0 0 0 0 0 0
3 20 31 0 0 0 0 0 0 0 0 0 0 0 0 0 0 0 0 0 0 0 0 0 0 0 0
3 21 0 0 0 0 0 0 0 0 0 0 0 0 0 0 0 0 0 0 0 0 0 0 0 0 0
3 21 1 0 0 0 0 0 0 0 0 0 0 0 0 0 0 0 0 0 0 0 0 0 0 0 0
3 21 2 0 0 0 0 0 0 0 0 0 0 0 0 0 0 0 0 0 0 0 0 0 0 0 0
3 21 3 0 0 0 0 0 0 0 0 0 0 0 0 0 0 0 0 0 0 0 0 0 0 0 0
3 21 4 0 0 0 0 0 0 0 0 0 0 0 0 0 0 0 0 0 0 0 0 0 0 0 0
3 21 5 0 0 0 0 0 0 0 0 0 0 0 0 0 0 0 0 0 0 0 0 0 0 0 0
3 21 6 0 0 0 0 0 0 0 0 0 0 0 0 0 0 0 0 0 0 0 0 0 0 0 0
3 21 7 0 0 0 0 0 0 0 0 0 0 0 0 0 0 0 0 0 0 0 0 0 0 0 0
3 21 8 0 0 0 0 0 0 0 0 0 0 0 0 0 0 0 0 0 0 0 0 0 0 0 0
3 21 9 0 0 0 0 0 0 0 0 0 0 0 0 0 0 0 0 0 0 0 0 0 0 0 0
3 21 10 0 0 0 0 0 0 0 0 0 0 0 0 0 0 0 0 0 0 0 0 0 0 0 0
3 21 11 0 0 0 0 0 0 0 0 0 0 0 0 0 0 0 0 0 0 0 0 0 0 0 0
3 21 12 0 0 0 0 0 0 0 0 0 0 0 0 0 0 0 0 0 0 0 0 0 0 0 0
3 21 13 0 0 0 0 0 0 0 0 0 0 0 0 0 0 0 0 0 0 0 0 0 0 0 0
3 21 14 0 0 0 0 0 0 0 0 0 0 0 0 0 0 0 0 0 0 0 0 0 0 0 0
3 21 15 0 0 0 0 0 0 0 0 0 0 0 0 0 0 0 0 0 0 0 0 0 0 0 0
3 21 16 0 0 0 0 0 0 0 0 0 0 0 0 0 0 0 0 0 0 0 0 0 0 0 0
3 21 17 0 0 0 0 0 0 0 0 0 0 0 0 0 0 0 0 0 0 0 0 0 0 0 0
3 21 18 0 0 0 0 0 0 0 0 0 0 0 0 0 0 0 0 0 0 0 0 0 0 0 0
3 21 19 0 0 0 0 0 0 0 0 0 0 0 0 0 0 0 0 0 0 0 0 0 0 0 0
3 21 20 0 0 0 0 0 0 0 0 0 0 0 0 0 0 0 0 0 0 0 0 0 0 0 0
3 21 21 0 0 0 0 0 0 0 0 0 0 0 0 0 0 0 0 0 0 0 0 0 0 0 0
3 21 22 0 0 0 0 0 0 0 0 0 0 0 0 0 0 0 0 0 0 0 0 0 0 0 0
3 21 23 0 0 0 0 0 0 0 0 0 0 0 0 0 0 0 0 0 0 0 0 0 0 0 0
3 21 24 0 0 0 0 0 0 0 0 0 0 0 0 0 0 0 0 0 0 0 0 0 0 0 0
3 21 25 0 0 0 0 0 0 0 0 0 0 0 0 0 0 0 0 0 0 0 0 0 0 0 0
3 21 26 0 0 0 0 0 0 0 0 0 0 0 0 0 0 0 0 0 0 0 0 0 0 0 0
3 21 27 0 0 0 0 0 0 0 0 0 0 0 0 0 0 0 0 0 0 0 0 0 0 0 0
3 21 28 0 0 0 0 0 0 0 0 0 0 0 0 0 0 0 0 0 0 0 0 0 0 0 0
3 21 29 0 0 0 0 0 0 0 0 0 0 0 0 0 0 0 0 0 0 0 0 0 0 0 0
3 21 30 0 0 0 0 0 0 0 0 0 0 0 0 0 0 0 0 0 0 0 0 0 0 0 0
3 21 31 0 0 0 0 0 0 0 0 0 0 0 0 0 0 0 0 0 0 0 0 0 0 0 0
3 22 0 0 0 0 0 0 0 0 0 0 0 0 0 0 0 0 0 0 0 0 0 0 0 0 0
3 22 1 0 0 0 0 0 0 0 0 0 0 0 0 0 0 0 0 0 0 0 0 0 0 0 0
3 22 2 0 0 0 0 0 0 0 0 0 0 0 0 0 0 0 0 0 0 0 0 0 0 0 0
3 22 3 0 0 0 0 0 0 0 0 0 0 0 0 0 0 0 0 0 0 0 0 0 0 0 0
3 22 4 0 0 0 0 0 0 0 0 0 0 0 0 0 0 0 0 0 0 0 0 0 0 0 0
3 22 5 0 0 0 0 0 0 0 0 0 0 0 0 0 0 0 0 0 0 0 0 0 0 0 0
3 22 6 0 0 0 0 0 0 0 0 0 0 0 0 0 0 0 0 0 0 0 0 0 0 0 0
3 22 7 0 0 0 0 0 0 0 0 0 0 0 0 0 0 0 0 0 0 0 0 0 0 0 0
3 22 8 0 0 0 0 0 0 0 0 0 0 0 0 0 0 0 0 0 0 0 0 0 0 0 0
3 22 9 0 0 0 0 0 0 0 0 0 0 0 0 0 0 0 0 0 0 0 0 0 0 0 0
3 22 10 0 0 0 0 0 0 0 0 0 0 0 0 0 0 0 0 0 0 0 0 0 0 0 0
3 22 11 0 0 0 0 0 0 0 0 0 0 0 0 0 0 0 0 0 0 0 0 0 0 0 0
3 22 12 0 0 0 0 0 0 0 0 0 0 0 0 0 0 0 0 0 0 0 0 0 0 0 0
3 22 13 0 0 0 0 0 0 0 0 0 0 0 0 0 0 0 0 0 0 0 0 0 0 0 0
3 22 14 0 0 0 0 0 0 0 0 0 0 0 0 0 0 0 0 0 0 0 0 0 0 0 0
3 22 15 0 0 0 0 0 0 0 0 0 0 0 0 0 0 0 0 0 0 0 0 0 0 0 0
3 22 16 0 0 0 0 0 0 0 0 0 0 0 0 0 0 0 0 0 0 0 0 0 0 0 0
3 22 17 0 0 0 0 0 0 0 0 0 0 0 0 0 0 0 0 0 0 0 0 0 0 0 0
3 22 18 0 0 0 0 0 0 0 0 0 0 0 0 0 0 0 0 0 0 0 0 0 0 0 0
3 22 19 0 0 0 0 0 0 0 0 0 0 0 0 0 0 0 0 0 0 0 0 0 0 0 0
3 22 20 0 0 0 0 0 0 0 0 0 0 0 0 0 0 0 0 0 0 0 0 0 0 0 0
3 22 21 0 0 0 0 0 0 0 0 0 0 0 0 0 0 0 0 0 0 0 0 0 0 0 0
3 22 22 0 0 0 0 0 0 0 0 0 0 0 0 0 0 0 0 0 0 0 0 0 0 0 0
3 22 23 0 0 0 0 0 0 0 0 0 0 0 0 0 0 0 0 0 0 0 0 0 0 0 0
3 22 24 0 0 0 0 0 0 0 0 0 0 0 0 0 0 0 0 0 0 0 0 0 0 0 0
3 22 25 0 0 0 0 0 0 0 0 0 0 0 0 0 0 0 0 0 0 0 0 0 0 0 0
3 22 26 0 0 0 0 0 0 0 0 0 0 0 0 0 0 0 0 0 0 0 0 0 0 0 0
3 22 27 0 0 0 0 0 0 0 0 0 0 0 0 0 0 0 0 0 0 0 0 0 0 0 0
3 22 28 0 0 0 0 0 0 0 0 0 0 0 0 0 0 0 0 0 0 0 0 0 0 0 0
3 22 29 0 0 0 0 0 0 0 0 0 0 0 0 0 0 0 0 0 0 0 0 0 0 0 0
3 22 30 0 0 0 0 0 0 0 0 0 0 0 0 0 0 0 0 0 0 0 0 0 0 0 0
3 22 31 0 0 0 0 0 0 0 0 0 0 0 0 0 0 0 0 0 0 0 0 0 0 0 0
3 23 0 0 0 0 0 0 0 0 0 0 0 0 0 0 0 0 0 0 0 0 0 0 0 0 0
3 23 1 0 0 0 0 0 0 0 0 0 0 0 0 0 0 0 0 0 0 0 0 0 0 0 0
3 23 2 0 0 0 0 0 0 0 0 0 0 0 0 0 0 0 0 0 0 0 0 0 0 0 0
3 23 3 0 0 0 0 0 0 0 0 0 0 0 0 0 0 0 0 0 0 0 0 0 0 0 0
3 23 4 0 0 0 0 0 0 0 0 0 0 0 0 0 0 0 0 0 0 0 0 0 0 0 0
3 23 5 0 0 0 0 0 0 0 0 0 0 0 0 0 0 0 0 0 0 0 0 0 0 0 0
3 23 6 0 0 0 0 0 0 0 0 0 0 0 0 0 0 0 0 0 0 0 0 0 0 0 0
3 23 7 0 0 0 0 0 0 0 0 0 0 0 0 0 0 0 0 0 0 0 0 0 0 0 0
3 23 8 0 0 0 0 0 0 0 0 0 0 0 0 0 0 0 0 0 0 0 0 0 0 0 0
3 23 9 0 0 0 0 0 0 0 0 0 0 0 0 0 0 0 0 0 0 0 0 0 0 0 0
3 23 10 0 0 0 0 0 0 0 0 0 0 0 0 0 0 0 0 0 0 0 0 0 0 0 0
3 23 11 0 0 0 0 0 0 0 0 0 0 0 0 0 0 0 0 0 0 0 0 0 0 0 0
3 23 12 0 0 0 0 0 0 0 0 0 0 0 0 0 0 0 0 0 0 0 0 0 0 0 0
3 23 13 0 0 0 0 0 0 0 0 0 0 0 0 0 0 0 0 0 0 0 0 0 0 0 0
3 23 14 0 0 0 0 0 0 0 0 0 0 0 0 0 0 0 0 0 0 0 0 0 0 0 0
3 23 15 0 0 0 0 0 0 0 0 0 0 0 0 0 0 0 0 0 0 0 0 0 0 0 0
3 23 16 0 0 0 0 0 0 0 0 0 0 0 0 0 0 0 0 0 0 0 0 0 0 0 0
3 23 17 0 0 0 0 0 0 0 0 0 0 0 0 0 0 0 0 0 0 0 0 0 0 0 0
3 23 18 0 0 0 0 0 0 0 0 0 0 0 0 0 0 0 0 0 0 0 0 0 0 0 0
3 23 19 0 0 0 0 0 0 0 0 0 0 0 0 0 0 0 0 0 0 0 0 0 0 0 0
3 23 20 0 0 0 0 0 0 0 0 0 0 0 0 0 0 0 0 0 0 0 0 0 0 0 0
3 23 21 0 0 0 0 0 0 0 0 0 0 0 0 0 0 0 0 0 0 0 0 0 0 0 0
3 23 22 0 0 0 0 0 0 0 0 0 0 0 0 0 0 0 0 0 0 0 0 0 0 0 0
3 23 23 0 0 0 0 0 0 0 0 0 0 0 0 0 0 0 0 0 0 0 0 0 0 0 0
3 23 24 0 0 0 0 0 0 0 0 0 0 0 0 0 0 0 0 0 0 0 0 0 0 0 0
3 23 25 0 0 0 0 0 0 0 0 0 0 0 0 0 0 0 0 0 0 0 0 0 0 0 0
3 23 26 0 0 0 0 0 0 0 0 0 0 0 0 0 0 0 0 0 0 0 0 0 0 0 0
3 23 27 0 0 0 0 0 0 0 0 0 0 0 0 0 0 0 0 0 0 0 0 0 0 0 0
3 23 28 0 0 0 0 0 0 0 0 0 0 0 0 0 0 0 0 0 0 0 0 0 0 0 0
3 23 29 0 0 0 0 0 0 0 0 0 0 0 0 0 0 0 0 0 0 0 0 0 0 0 0
3 23 30 0 0 0 0 0 0 0 0 0 0 0 0 0 0 0 0 0 0 0 0 0 0 0 0
3 23 31 0 0 0 0 0 0 0 0 0 0 0 0 0 0 0 0 0 0 0 0 0 0 0 0
3 24 0 0 0 0 0 0 0 0 0 0 0 0 0 0 0 0 0 0 0 0 0 0 0 0 0
3 24 1 0 0 0 0 0 0 0 0 0 0 0 0 0 0 0 0 0 0 0 0 0 0 0 0
3 24 2 0 0 0 0 0 0 0 0 0 0 0 0 0 0 0 0 0 0 0 0 0 0 0 0
3 24 3 0 0 0 0 0 0 0 0 0 0 0 0 0 0 0 0 0 0 0 0 0 0 0 0
3 24 4 0 0 0 0 0 0 0 0 0 0 0 0 0 0 0 0 0 0 0 0 0 0 0 0
3 24 5 0 0 0 0 0 0 0 0 0 0 0 0 0 0 0 0 0 0 0 0 0 0 0 0
3 24 6 0 0 0 0 0 0 0 0 0 0 0 0 0 0 0 0 0 0 0 0 0 0 0 0
3 24 7 0 0 0 0 0 0 0 0 0 0 0 0 0 0 0 0 0 0 0 0 0 0 0 0
3 24 8 0 0 0 0 0 0 0 0 0 0 0 0 0 0 0 0 0 0 0 0 0 0 0 0
3 24 9 0 0 0 0 0 0 0 0 0 0 0 0 0 0 0 0 0 0 0 0 0 0 0 0
3 24 10 0 0 0 0 0 0 0 0 0 0 0 0 0 0 0 0 0 0 0 0 0 0 0 0
3 24 11 0 0 0 0 0 0 0 0 0 0 0 0 0 0 0 0 0 0 0 0 0 0 0 0
3 24 12 0 0 0 0 0 0 0 0 0 0 0 0 0 0 0 0 0 0 0 0 0 0 0 0
3 24 13 0 0 0 0 0 0 0 0 0 0 0 0 0 0 0 0 0 0 0 0 0 0 0 0
3 24 14 0 0 0 0 0 0 0 0 0 0 0 0 0 0 0 0 0 0 0 0 0 0 0 0
3 24 15 0 0 0 0 0 0 0 0 0 0 0 0 0 0 0 0 0 0 0 0 0 0 0 0
3 24 16 0 0 0 0 0 0 0 0 0 0 0 0 0 0 0 0 0 0 0 0 0 0 0 0
3 24 17 0 0 0 0 0 0 0 0 0 0 0 0 0 0 0 0 0 0 0 0 0 0 0 0
3 24 18 0 0 0 0 0 0 0 0 0 0 0 0 0 0 0 0 0 0 0 0 0 0 0 0
3 24 19 0 0 0 0 0 0 0 0 0 0 0 0 0 0 0 0 0 0 0 0 0 0 0 0
3 24 20 0 0 0 0 0 0 0 0 0 0 0 0 0 0 0 0 0 0 0 0 0 0 0 0
3 24 21 0 0 0 0 0 0 0 0 0 0 0 0 0 0 0 0 0 0 0 0 0 0 0 0
3 24 22 0 0 0 0 0 0 0 0 0 0 0 0 0 0 0 0 0 0 0 0 0 0 0 0
3 24 23 0 0 0 0 0 0 0 0 0 0 0 0 0 0 0 0 0 0 0 0 0 0 0 0
3 24 24 0 0 0 0 0 0 0 0 0 0 0 0 0 0 0 0 0 0 0 0 0 0 0 0
3 24 25 0 0 0 0 0 0 0 0 0 0 0 0 0 0 0 0 0 0 0 0 0 0 0 0
3 24 26 0 0 0 0 0 0 0 0 0 0 0 0 0 0 0 0 0 0 0 0 0 0 0 0
3 24 27 0 0 0 0 0 0 0 0 0 0 0 0 0 0 0 0 0 0 0 0 0 0 0 0
3 24 28 0 0 0 0 0 0 0 0 0 0 0 0 0 0 0 0 0 0 0 0 0 0 0 0
3 24 29 0 0 0 0 0 0 0 0 0 0 0 0 0 0 0 0 0 0 0 0 0 0 0 0
3 24 30 0 0 0 0 0 0 0 0 0 0 0 0 0 0 0 0 0 0 0 0 0 0 0 0
3 24 31 0 0 0 0 0 0 0 0 0 0 0 0 0 0 0 0 0 0 0 0 0 0 0 0
3 25 0 0 0 0 0 0 0 0 0 0 0 0 0 0 0 0 0 0 0 0 0 0 0 0 0
3 25 1 0 0 0 0 0 0 0 0 0 0 0 0 0 0 0 0 0 0 0 0 0 0 0 0
3 25 2 0 0 0 0 0 0 0 0 0 0 0 0 0 0 0 0 0 0 0 0 0 0 0 0
3 25 3 0 0 0 0 0 0 0 0 0 0 0 0 0 0 0 0 0 0 0 0 0 0 0 0
3 25 4 0 0 0 0 0 0 0 0 0 0 0 0 0 0 0 0 0 0 0 0 0 0 0 0
3 25 5 0 0 0 0 0 0 0 0 0 0 0 0 0 0 0 0 0 0 0 0 0 0 0 0
3 25 6 0 0 0 0 0 0 0 0 0 0 0 0 0 0 0 0 0 0 0 0 0 0 0 0
3 25 7 0 0 0 0 0 0 0 0 0 0 0 0 0 0 0 0 0 0 0 0 0 0 0 0
3 25 8 0 0 0 0 0 0 0 0 0 0 0 0 0 0 0 0 0 0 0 0 0 0 0 0
3 25 9 0 0 0 0 0 0 0 0 0 0 0 0 0 0 0 0 0 0 0 0 0 0 0 0
3 25 10 0 0 0 0 0 0 0 0 0 0 0 0 0 0 0 0 0 0 0 0 0 0 0 0
3 25 11 0 0 0 0 0 0 0 0 0 0 0 0 0 0 0 0 0 0 0 0 0 0 0 0
3 25 12 0 0 0 0 0 0 0 0 0 0 0 0 0 0 0 0 0 0 0 0 0 0 0 0
3 25 13 0 0 0 0 0 0 0 0 0 0 0 0 0 0 0 0 0 0 0 0 0 0 0 0
3 25 14 0 0 0 0 0 0 0 0 0 0 0 0 0 0 0 0 0 0 0 0 0 0 0 0
3 25 15 0 0 0 0 0 0 0 0 0 0 0 0 0 0 0 0 0 0 0 0 0 0 0 0
3 25 16 0 0 0 0 0 0 0 0 0 0 0 0 0 0 0 0 0 0 0 0 0 0 0 0
3 25 17 0 0 0 0 0 0 0 0 0 0 0 0 0 0 0 0 0 0 0 0 0 0 0 0
3 25 18 0 0 0 0 0 0 0 0 0 0 0 0 0 0 0 0 0 0 0 0 0 0 0 0
3 25 19 0 0 0 0 0 0 0 0 0 0 0 0 0 0 0 0 0 0 0 0 0 0 0 0
3 25 20 0 0 0 0 0 0 0 0 0 0 0 0 0 0 0 0 0 0 0 0 0 0 0 0
3 25 21 0 0 0 0 0 0 0 0 0 0 0 0 0 0 0 0 0 0 0 0 0 0 0 0
3 25 22 0 0 0 0 0 0 0 0 0 0 0 0 0 0 0 0 0 0 0 0 0 0 0 0
3 25 23 0 0 0 0 0 0 0 0 0 0 0 0 0 0 0 0 0 0 0 0 0 0 0 0
3 25 24 0 0 0 0 0 0 0 0 0 0 0 0 0 0 0 0 0 0 0 0 0 0 0 0
3 25 25 0 0 0 0 0 0 0 0 0 0 0 0 0 0 0 0 0 0 0 0 0 0 0 0
3 25 26 0 0 0 0 0 0 0 0 0 0 0 0 0 0 0 0 0 0 0 0 0 0 0 0
3 25 27 0 0 0 0 0 0 0 0 0 0 0 0 0 0 0 0 0 0 0 0 0 0 0 0
3 25 28 0 0 0 0 0 0 0 0 0 0 0 0 0 0 0 0 0 0 0 0 0 0 0 0
3 25 29 0 0 0 0 0 0 0 0 0 0 0 0 0 0 0 0 0 0 0 0 0 0 0 0
3 25 30 0 0 0 0 0 0 0 0 0 0 0 0 0 0 0 0 0 0 0 0 0 0 0 0
3 25 31 0 0 0 0 0 0 0 0 0 0 0 0 0 0 0 0 0 0 0 0 0 0 0 0
3 26 0 0 0 0 0 0 0 0 0 0 0 0 0 0 0 0 0 0 0 0 0 0 0 0 0
3 26 1 0 0 0 0 0 0 0 0 0 0 0 0 0 0 0 0 0 0 0 0 0 0 0 0
3 26 2 0 0 0 0 0 0 0 0 0 0 0 0 0 0 0 0 0 0 0 0 0 0 0 0
3 26 3 0 0 0 0 0 0 0 0 0 0 0 0 0 0 0 0 0 0 0 0 0 0 0 0
3 26 4 0 0 0 0 0 0 0 0 0 0 0 0 0 0 0 0 0 0 0 0 0 0 0 0
3 26 5 0 0 0 0 0 0 0 0 0 0 0 0 0 0 0 0 0 0 0 0 0 0 0 0
3 26 6 0 0 0 0 0 0 0 0 0 0 0 0 0 0 0 0 0 0 0 0 0 0 0 0
3 26 7 0 0 0 0 0 0 0 0 0 0 0 0 0 0 0 0 0 0 0 0 0 0 0 0
3 26 8 0 0 0 0 0 0 0 0 0 0 0 0 0 0 0 0 0 0 0 0 0 0 0 0
3 26 9 0 0 0 0 0 0 0 0 0 0 0 0 0 0 0 0 0 0 0 0 0 0 0 0
3 26 10 0 0 0 0 0 0 0 0 0 0 0 0 0 0 0 0 0 0 0 0 0 0 0 0
3 26 11 0 0 0 0 0 0 0 0 0 0 0 0 0 0 0 0 0 0 0 0 0 0 0 0
3 26 12 0 0 0 0 0 0 0 0 0 0 0 0 0 0 0 0 0 0 0 0 0 0 0 0
3 26 13 0 0 0 0 0 0 0 0 0 0 0 0 0 0 0 0 0 0 0 0 0 0 0 0
3 26 14 0 0 0 0 0 0 0 0 0 0 0 0 0 0 0 0 0 0 0 0 0 0 0 0
3 26 15 0 0 0 0 0 0 0 0 0 0 0 0 0 0 0 0 0 0 0 0 0 0 0 0
3 26 16 0 0 0 0 0 0 0 0 0 0 0 0 0 0 0 0 0 0 0 0 0 0 0 0
3 26 17 0 0 0 0 0 0 0 0 0 0 0 0 0 0 0 0 0 0 0 0 0 0 0 0
3 26 18 0 0 0 0 0 0 0 0 0 0 0 0 0 0 0 0 0 0 0 0 0 0 0 0
3 26 19 0 0 0 0 0 0 0 0 0 0 0 0 0 0 0 0 0 0 0 0 0 0 0 0
3 26 20 0 0 0 0 0 0 0 0 0 0 0 0 0 0 0 0 0 0 0 0 0 0 0 0
3 26 21 0 0 0 0 0 0 0 0 0 0 0 0 0 0 0 0 0 0 0 0 0 0 0 0
3 26 22 0 0 0 0 0 0 0 0 0 0 0 0 0 0 0 0 0 0 0 0 0 0 0 0
3 26 23 0 0 0 0 0 0 0 0 0 0 0 0 0 0 0 0 0 0 0 0 0 0 0 0
3 26 24 0 0 0 0 0 0 0 0 0 0 0 0 0 0 0 0 0 0 0 0 0 0 0 0
3 26 25 0 0 0 0 0 0 0 0 0 0 0 0 0 0 0 0 0 0 0 0 0 0 0 0
3 26 26 0 0 0 0 0 0 0 0 0 0 0 0 0 0 0 0 0 0 0 0 0 0 0 0
3 26 27 0 0 0 0 0 0 0 0 0 0 0 0 0 0 0 0 0 0 0 0 0 0 0 0
3 26 28 0 0 0 0 0 0 0 0 0 0 0 0 0 0 0 0 0 0 0 0 0 0 0 0
3 26 29 0 0 0 0 0 0 0 0 0 0 0 0 0 0 0 0 0 0 0 0 0 0 0 0
3 26 30 0 0 0 0 0 0 0 0 0 0 0 0 0 0 0 0 0 0 0 0 0 0 0 0
3 26 31 0 0 0 0 0 0 0 0 0 0 0 0 0 0 0 0 0 0 0 0 0 0 0 0
3 27 0 0 0 0 0 0 0 0 0 0 0 0 0 0 0 0 0 0 0 0 0 0 0 0 0
3 27 1 0 0 0 0 0 0 0 0 0 0 0 0 0 0 0 0 0 0 0 0 0 0 0 0
3 27 2 0 0 0 0 0 0 0 0 0 0 0 0 0 0 0 0 0 0 0 0 0 0 0 0
3 27 3 0 0 0 0 0 0 0 0 0 0 0 0 0 0 0 0 0 0 0 0 0 0 0 0
3 27 4 0 0 0 0 0 0 0 0 0 0 0 0 0 0 0 0 0 0 0 0 0 0 0 0
3 27 5 0 0 0 0 0 0 0 0 0 0 0 0 0 0 0 0 0 0 0 0 0 0 0 0
3 27 6 0 0 0 0 0 0 0 0 0 0 0 0 0 0 0 0 0 0 0 0 0 0 0 0
3 27 7 0 0 0 0 0 0 0 0 0 0 0 0 0 0 0 0 0 0 0 0 0 0 0 0
3 27 8 0 0 0 0 0 0 0 0 0 0 0 0 0 0 0 0 0 0 0 0 0 0 0 0
3 27 9 0 0 0 0 0 0 0 0 0 0 0 0 0 0 0 0 0 0 0 0 0 0 0 0
3 27 10 0 0 0 0 0 0 0 0 0 0 0 0 0 0 0 0 0 0 0 0 0 0 0 0
3 27 11 0 0 0 0 0 0 0 0 0 0 0 0 0 0 0 0 0 0 0 0 0 0 0 0
3 27 12 0 0 0 0 0 0 0 0 0 0 0 0 0 0 0 0 0 0 0 0 0 0 0 0
3 27 13 0 0 0 0 0 0 0 0 0 0 0 0 0 0 0 0 0 0 0 0 0 0 0 0
3 27 14 0 0 0 0 0 0 0 0 0 0 0 0 0 0 0 0 0 0 0 0 0 0 0 0
3 27 15 0 0 0 0 0 0 0 0 0 0 0 0 0 0 0 0 0 0 0 0 0 0 0 0
3 27 16 0 0 0 0 0 0 0 0 0 0 0 0 0 0 0 0 0 0 0 0 0 0 0 0
3 27 17 0 0 0 0 0 0 0 0 0 0 0 0 0 0 0 0 0 0 0 0 0 0 0 0
3 27 18 0 0 0 0 0 0 0 0 0 0 0 0 0 0 0 0 0 0 0 0 0 0 0 0
3 27 19 0 0 0 0 0 0 0 0 0 0 0 0 0 0 0 0 0 0 0 0 0 0 0 0
3 27 20 0 0 0 0 0 0 0 0 0 0 0 0 0 0 0 0 0 0 0 0 0 0 0 0
3 27 21 0 0 0 0 0 0 0 0 0 0 0 0 0 0 0 0 0 0 0 0 0 0 0 0
3 27 22 0 0 0 0 0 0 0 0 0 0 0 0 0 0 0 0 0 0 0 0 0 0 0 0
3 27 23 0 0 0 0 0 0 0 0 0 0 0 0 0 0 0 0 0 0 0 0 0 0 0 0
3 27 24 0 0 0 0 0 0 0 0 0 0 0 0 0 0 0 0 0 0 0 0 0 0 0 0
3 27 25 0 0 0 0 0 0 0 0 0 0 0 0 0 0 0 0 0 0 0 0 0 0 0 0
3 27 26 0 0 0 0 0 0 0 0 0 0 0 0 0 0 0 0 0 0 0 0 0 0 0 0
3 27 27 0 0 0 0 0 0 0 0 0 0 0 0 0 0 0 0 0 0 0 0 0 0 0 0
3 27 28 0 0 0 0 0 0 0 0 0 0 0 0 0 0 0 0 0 0 0 0 0 0 0 0
3 27 29 0 0 0 0 0 0 0 0 0 0 0 0 0 0 0 0 0 0 0 0 0 0 0 0
3 27 30 0 0 0 0 0 0 0 0 0 0 0 0 0 0 0 0 0 0 0 0 0 0 0 0
3 27 31 0 0 0 0 0 0 0 0 0 0 0 0 0 0 0 0 0 0 0 0 0 0 0 0
3 28 0 0 0 0 0 0 0 0 0 0 0 0 0 0 0 0 0 0 0 0 0 0 0 0 0
3 28 1 0 0 0 0 0 0 0 0 0 0 0 0 0 0 0 0 0 0 0 0 0 0 0 0
3 28 2 0 0 0 0 0 0 0 0 0 0 0 0 0 0 0 0 0 0 0 0 0 0 0 0
3 28 3 0 0 0 0 0 0 0 0 0 0 0 0 0 0 0 0 0 0 0 0 0 0 0 0
3 28 4 0 0 0 0 0 0 0 0 0 0 0 0 0 0 0 0 0 0 0 0 0 0 0 0
3 28 5 0 0 0 0 0 0 0 0 0 0 0 0 0 0 0 0 0 0 0 0 0 0 0 0
3 28 6 0 0 0 0 0 0 0 0 0 0 0 0 0 0 0 0 0 0 0 0 0 0 0 0
3 28 7 0 0 0 0 0 0 0 0 0 0 0 0 0 0 0 0 0 0 0 0 0 0 0 0
3 28 8 0 0 0 0 0 0 0 0 0 0 0 0 0 0 0 0 0 0 0 0 0 0 0 0
3 28 9 0 0 0 0 0 0 0 0 0 0 0 0 0 0 0 0 0 0 0 0 0 0 0 0
3 28 10 0 0 0 0 0 0 0 0 0 0 0 0 0 0 0 0 0 0 0 0 0 0 0 0
3 28 11 0 0 0 0 0 0 0 0 0 0 0 0 0 0 0 0 0 0 0 0 0 0 0 0
3 28 12 0 0 0 0 0 0 0 0 0 0 0 0 0 0 0 0 0 0 0 0 0 0 0 0
3 28 13 0 0 0 0 0 0 0 0 0 0 0 0 0 0 0 0 0 0 0 0 0 0 0 0
3 28 14 0 0 0 0 0 0 0 0 0 0 0 0 0 0 0 0 0 0 0 0 0 0 0 0
3 28 15 0 0 0 0 0 0 0 0 0 0 0 0 0 0 0 0 0 0 0 0 0 0 0 0
3 28 16 0 0 0 0 0 0 0 0 0 0 0 0 0 0 0 0 0 0 0 0 0 0 0 0
3 28 17 0 0 0 0 0 0 0 0 0 0 0 0 0 0 0 0 0 0 0 0 0 0 0 0
3 28 18 0 0 0 0 0 0 0 0 0 0 0 0 0 0 0 0 0 0 0 0 0 0 0 0
3 28 19 0 0 0 0 0 0 0 0 0 0 0 0 0 0 0 0 0 0 0 0 0 0 0 0
3 28 20 0 0 0 0 0 0 0 0 0 0 0 0 0 0 0 0 0 0 0 0 0 0 0 0
3 28 21 0 0 0 0 0 0 0 0 0 0 0 0 0 0 0 0 0 0 0 0 0 0 0 0
3 28 22 0 0 0 0 0 0 0 0 0 0 0 0 0 0 0 0 0 0 0 0 0 0 0 0
3 28 23 0 0 0 0 0 0 0 0 0 0 0 0 0 0 0 0 0 0 0 0 0 0 0 0
3 28 24 0 0 0 0 0 0 0 0 0 0 0 0 0 0 0 0 0 0 0 0 0 0 0 0
3 28 25 0 0 0 0 0 0 0 0 0 0 0 0 0 0 0 0 0 0 0 0 0 0 0 0
3 28 26 0 0 0 0 0 0 0 0 0 0 0 0 0 0 0 0 0 0 0 0 0 0 0 0
3 28 27 0 0 0 0 0 0 0 0 0 0 0 0 0 0 0 0 0 0 0 0 0 0 0 0
3 28 28 0 0 0 0 0 0 0 0 0 0 0 0 0 0 0 0 0 0 0 0 0 0 0 0
3 28 29 0 0 0 0 0 0 0 0 0 0 0 0 0 0 0 0 0 0 0 0 0 0 0 0
3 28 30 0 0 0 0 0 0 0 0 0 0 0 0 0 0 0 0 0 0 0 0 0 0 0 0
3 28 31 0 0 0 0 0 0 0 0 0 0 0 0 0 0 0 0 0 0 0 0 0 0 0 0
3 29 0 0 0 0 0 0 0 0 0 0 0 0 0 0 0 0 0 0 0 0 0 0 0 0 0
3 29 1 0 0 0 0 0 0 0 0 0 0 0 0 0 0 0 0 0 0 0 0 0 0 0 0
3 29 2 0 0 0 0 0 0 0 0 0 0 0 0 0 0 0 0 0 0 0 0 0 0 0 0
3 29 3 0 0 0 0 0 0 0 0 0 0 0 0 0 0 0 0 0 0 0 0 0 0 0 0
3 29 4 0 0 0 0 0 0 0 0 0 0 0 0 0 0 0 0 0 0 0 0 0 0 0 0
3 29 5 0 0 0 0 0 0 0 0 0 0 0 0 0 0 0 0 0 0 0 0 0 0 0 0
3 29 6 0 0 0 0 0 0 0 0 0 0 0 0 0 0 0 0 0 0 0 0 0 0 0 0
3 29 7 0 0 0 0 0 0 0 0 0 0 0 0 0 0 0 0 0 0 0 0 0 0 0 0
3 29 8 0 0 0 0 0 0 0 0 0 0 0 0 0 0 0 0 0 0 0 0 0 0 0 0
3 29 9 0 0 0 0 0 0 0 0 0 0 0 0 0 0 0 0 0 0 0 0 0 0 0 0
3 29 10 0 0 0 0 0 0 0 0 0 0 0 0 0 0 0 0 0 0 0 0 0 0 0 0
3 29 11 0 0 0 0 0 0 0 0 0 0 0 0 0 0 0 0 0 0 0 0 0 0 0 0
3 29 12 0 0 0 0 0 0 0 0 0 0 0 0 0 0 0 0 0 0 0 0 0 0 0 0
3 29 13 0 0 0 0 0 0 0 0 0 0 0 0 0 0 0 0 0 0 0 0 0 0 0 0
3 29 14 0 0 0 0 0 0 0 0 0 0 0 0 0 0 0 0 0 0 0 0 0 0 0 0
3 29 15 0 0 0 0 0 0 0 0 0 0 0 0 0 0 0 0 0 0 0 0 0 0 0 0
3 29 16 0 0 0 0 0 0 0 0 0 0 0 0 0 0 0 0 0 0 0 0 0 0 0 0
3 29 17 0 0 0 0 0 0 0 0 0 0 0 0 0 0 0 0 0 0 0 0 0 0 0 0
3 29 18 0 0 0 0 0 0 0 0 0 0 0 0 0 0 0 0 0 0 0 0 0 0 0 0
3 29 19 0 0 0 0 0 0 0 0 0 0 0 0 0 0 0 0 0 0 0 0 0 0 0 0
3 29 20 0 0 0 0 0 0 0 0 0 0 0 0 0 0 0 0 0 0 0 0 0 0 0 0
3 29 21 0 0 0 0 0 0 0 0 0 0 0 0 0 0 0 0 0 0 0 0 0 0 0 0
3 29 22 0 0 0 0 0 0 0 0 0 0 0 0 0 0 0 0 0 0 0 0 0 0 0 0
3 29 23 0 0 0 0 0 0 0 0 0 0 0 0 0 0 0 0 0 0 0 0 0 0 0 0
3 29 24 0 0 0 0 0 0 0 0 0 0 0 0 0 0 0 0 0 0 0 0 0 0 0 0
3 29 25 0 0 0 0 0 0 0 0 0 0 0 0 0 0 0 0 0 0 0 0 0 0 0 0
3 29 26 0 0 0 0 0 0 0 0 0 0 0 0 0 0 0 0 0 0 0 0 0 0 0 0
3 29 27 0 0 0 0 0 0 0 0 0 0 0 0 0 0 0 0 0 0 0 0 0 0 0 0
3 29 28 0 0 0 0 0 0 0 0 0 0 0 0 0 0 0 0 0 0 0 0 0 0 0 0
3 29 29 0 0 0 0 0 0 0 0 0 0 0 0 0 0 0 0 0 0 0 0 0 0 0 0
3 29 30 0 0 0 0 0 0 0 0 0 0 0 0 0 0 0 0 0 0 0 0 0 0 0 0
3 29 31 0 0 0 0 0 0 0 0 0 0 0 0 0 0 0 0 0 0 0 0 0 0 0 0
3 30 0 0 0 0 0 0 0 0 0 0 0 0 0 0 0 0 0 0 0 0 0 0 0 0 0
3 30 1 0 0 0 0 0 0 0 0 0 0 0 0 0 0 0 0 0 0 0 0 0 0 0 0
3 30 2 0 0 0 0 0 0 0 0 0 0 0 0 0 0 0 0 0 0 0 0 0 0 0 0
3 30 3 0 0 0 0 0 0 0 0 0 0 0 0 0 0 0 0 0 0 0 0 0 0 0 0
3 30 4 0 0 0 0 0 0 0 0 0 0 0 0 0 0 0 0 0 0 0 0 0 0 0 0
3 30 5 0 0 0 0 0 0 0 0 0 0 0 0 0 0 0 0 0 0 0 0 0 0 0 0
3 30 6 0 0 0 0 0 0 0 0 0 0 0 0 0 0 0 0 0 0 0 0 0 0 0 0
3 30 7 0 0 0 0 0 0 0 0 0 0 0 0 0 0 0 0 0 0 0 0 0 0 0 0
3 30 8 0 0 0 0 0 0 0 0 0 0 0 0 0 0 0 0 0 0 0 0 0 0 0 0
3 30 9 0 0 0 0 0 0 0 0 0 0 0 0 0 0 0 0 0 0 0 0 0 0 0 0
3 30 10 0 0 0 0 0 0 0 0 0 0 0 0 0 0 0 0 0 0 0 0 0 0 0 0
3 30 11 0 0 0 0 0 0 0 0 0 0 0 0 0 0 0 0 0 0 0 0 0 0 0 0
3 30 12 0 0 0 0 0 0 0 0 0 0 0 0 0 0 0 0 0 0 0 0 0 0 0 0
3 30 13 0 0 0 0 0 0 0 0 0 0 0 0 0 0 0 0 0 0 0 0 0 0 0 0
3 30 14 0 0 0 0 0 0 0 0 0 0 0 0 0 0 0 0 0 0 0 0 0 0 0 0
3 30 15 0 0 0 0 0 0 0 0 0 0 0 0 0 0 0 0 0 0 0 0 0 0 0 0
3 30 16 0 0 0 0 0 0 0 0 0 0 0 0 0 0 0 0 0 0 0 0 0 0 0 0
3 30 17 0 0 0 0 0 0 0 0 0 0 0 0 0 0 0 0 0 0 0 0 0 0 0 0
3 30 18 0 0 0 0 0 0 0 0 0 0 0 0 0 0 0 0 0 0 0 0 0 0 0 0
3 30 19 0 0 0 0 0 0 0 0 0 0 0 0 0 0 0 0 0 0 0 0 0 0 0 0
3 30 20 0 0 0 0 0 0 0 0 0 0 0 0 0 0 0 0 0 0 0 0 0 0 0 0
3 30 21 0 0 0 0 0 0 0 0 0 0 0 0 0 0 0 0 0 0 0 0 0 0 0 0
3 30 22 0 0 0 0 0 0 0 0 0 0 0 0 0 0 0 0 0 0 0 0 0 0 0 0
3 30 23 0 0 0 0 0 0 0 0 0 0 0 0 0 0 0 0 0 0 0 0 0 0 0 0
3 30 24 0 0 0 0 0 0 0 0 0 0 0 0 0 0 0 0 0 0 0 0 0 0 0 0
3 30 25 0 0 0 0 0 0 0 0 0 0 0 0 0 0 0 0 0 0 0 0 0 0 0 0
3 30 26 0 0 0 0 0 0 0 0 0 0 0 0 0 0 0 0 0 0 0 0 0 0 0 0
3 30 27 0 0 0 0 0 0 0 0 0 0 0 0 0 0 0 0 0 0 0 0 0 0 0 0
3 30 28 0 0 0 0 0 0 0 0 0 0 0 0 0 0 0 0 0 0 0 0 0 0 0 0
3 30 29 0 0 0 0 0 0 0 0 0 0 0 0 0 0 0 0 0 0 0 0 0 0 0 0
3 30 30 0 0 0 0 0 0 0 0 0 0 0 0 0 0 0 0 0 0 0 0 0 0 0 0
3 30 31 0 0 0 0 0 0 0 0 0 0 0 0 0 0 0 0 0 0 0 0 0 0 0 0
3 31 0 0 0 0 0 0 0 0 0 0 0 0 0 0 0 0 0 0 0 0 0 0 0 0 0
3 31 1 0 0 0 0 0 0 0 0 0 0 0 0 0 0 0 0 0 0 0 0 0 0 0 0
3 31 2 0 0 0 0 0 0 0 0 0 0 0 0 0 0 0 0 0 0 0 0 0 0 0 0
3 31 3 0 0 0 0 0 0 0 0 0 0 0 0 0 0 0 0 0 0 0 0 0 0 0 0
3 31 4 0 0 0 0 0 0 0 0 0 0 0 0 0 0 0 0 0 0 0 0 0 0 0 0
3 31 5 0 0 0 0 0 0 0 0 0 0 0 0 0 0 0 0 0 0 0 0 0 0 0 0
3 31 6 0 0 0 0 0 0 0 0 0 0 0 0 0 0 0 0 0 0 0 0 0 0 0 0
3 31 7 0 0 0 0 0 0 0 0 0 0 0 0 0 0 0 0 0 0 0 0 0 0 0 0
3 31 8 0 0 0 0 0 0 0 0 0 0 0 0 0 0 0 0 0 0 0 0 0 0 0 0
3 31 9 0 0 0 0 0 0 0 0 0 0 0 0 0 0 0 0 0 0 0 0 0 0 0 0
3 31 10 0 0 0 0 0 0 0 0 0 0 0 0 0 0 0 0 0 0 0 0 0 0 0 0
3 31 11 0 0 0 0 0 0 0 0 0 0 0 0 0 0 0 0 0 0 0 0 0 0 0 0
3 31 12 0 0 0 0 0 0 0 0 0 0 0 0 0 0 0 0 0 0 0 0 0 0 0 0
3 31 13 0 0 0 0 0 0 0 0 0 0 0 0 0 0 0 0 0 0 0 0 0 0 0 0
3 31 14 0 0 0 0 0 0 0 0 0 0 0 0 0 0 0 0 0 0 0 0 0 0 0 0
3 31 15 0 0 0 0 0 0 0 0 0 0 0 0 0 0 0 0 0 0 0 0 0 0 0 0
3 31 16 0 0 0 0 0 0 0 0 0 0 0 0 0 0 0 0 0 0 0 0 0 0 0 0
3 31 17 0 0 0 0 0 0 0 0 0 0 0 0 0 0 0 0 0 0 0 0 0 0 0 0
3 31 18 0 0 0 0 0 0 0 0 0 0 0 0 0 0 0 0 0 0 0 0 0 0 0 0
3 31 19 0 0 0 0 0 0 0 0 0 0 0 0 0 0 0 0 0 0 0 0 0 0 0 0
3 31 20 0 0 0 0 0 0 0 0 0 0 0 0 0 0 0 0 0 0 0 0 0 0 0 0
3 31 21 0 0 0 0 0 0 0 0 0 0 0 0 0 0 0 0 0 0 0 0 0 0 0 0
3 31 22 0 0 0 0 0 0 0 0 0 0 0 0 0 0 0 0 0 0 0 0 0 0 0 0
3 31 23 0 0 0 0 0 0 0 0 0 0 0 0 0 0 0 0 0 0 0 0 0 0 0 0
3 31 24 0 0 0 0 0 0 0 0 0 0 0 0 0 0 0 0 0 0 0 0 0 0 0 0
3 31 25 0 0 0 0 0 0 0 0 0 0 0 0 0 0 0 0 0 0 0 0 0 0 0 0
3 31 26 0 0 0 0 0 0 0 0 0 0 0 0 0 0 0 0 0 0 0 0 0 0 0 0
3 31 27 0 0 0 0 0 0 0 0 0 0 0 0 0 0 0 0 0 0 0 0 0 0 0 0
3 31 28 0 0 0 0 0 0 0 0 0 0 0 0 0 0 0 0 0 0 0 0 0 0 0 0
3 31 29 0 0 0 0 0 0 0 0 0 0 0 0 0 0 0 0 0 0 0 0 0 0 0 0
3 31 30 0 0 0 0 0 0 0 0 0 0 0 0 0 0 0 0 0 0 0 0 0 0 0 0
3 31 31 0 0 0 0 0 0 0 0 0 0 0 0 0 0 0 0 0 0 0 0 0 0 0 0
4 0 0 1 0 0 1 1 100 0 0 0 0 0 0 0 0 0 0 0 0 0 0 0 0 0 0
4 0 1 1 0 0 1 2 100 1 0 1 1 0 100 0 0 0 0 0 0 0 0 0 0 0 0
4 0 2 0 0 0 0 0 0 1 0 1 1 1 100 0 0 0 0 0 0 0 0 0 0 0 0
4 0 3 1 0 2 1 0 101 1 0 1 1 2 100 0 0 0 0 0 0 0 0 0 0 0 0
4 0 4 1 0 2 1 1 101 0 0 0 0 0 0 0 0 0 0 0 0 0 0 0 0 0 0
4 0 5 1 0 2 1 2 101 1 0 3 1 0 101 0 0 0 0 0 0 0 0 0 0 0 0
4 0 6 0 0 0 0 0 0 1 0 3 1 1 101 0 0 0 0 0 0 0 0 0 0 0 0
4 0 7 1 0 4 1 0 102 1 0 3 1 2 101 0 0 0 0 0 0 0 0 0 0 0 0
4 0 8 1 0 4 1 1 102 0 0 0 0 0 0 0 0 0 0 0 0 0 0 0 0 0 0
4 0 9 1 0 4 1 2 102 1 0 5 1 0 102 0 0 0 0 0 0 0 0 0 0 0 0
4 0 10 0 0 0 0 0 0 1 0 5 1 1 102 0 0 0 0 0 0 0 0 0 0 0 0
4 0 11 1 0 6 1 0 103 1 0 5 1 2 102 0 0 0 0 0 0 0 0 0 0 0 0
4 0 12 1 0 6 1 1 103 0 0 0 0 0 0 0 0 0 0 0 0 0 0 0 0 0 0
4 0 13 1 0 6 1 2 103 1 0 7 1 0 103 0 0 0 0 0 0 0 0 0 0 0 0
4 0 14 0 0 0 0 0 0 1 0 7 1 1 103 0 0 0 0 0 0 0 0 0 0 0 0
4 0 15 1 0 8 1 0 104 1 0 7 1 2 103 0 0 0 0 0 0 0 0 0 0 0 0
4 0 16 1 0 8 1 1 104 0 0 0 0 0 0 0 0 0 0 0 0 0 0 0 0 0 0
4 0 17 1 0 8 1 2 104 0 0 0 0 0 0 0 0 0 0 0 0 0 0 0 0 0 0
4 0 18 0 0 0 0 0 0 0 0 0 0 0 0 0 0 0 0 0 0 0 0 0 0 0 0
4 0 19 0 0 0 0 0 0 0 0 0 0 0 0 0 0 0 0 0 0 0 0 0 0 0 0
4 0 20 0 0 0 0 0 0 0 0 0 0 0 0 0 0 0 0 0 0 0 0 0 0 0 0
4 0 21 0 0 0 0 0 0 0 0 0 0 0 0 0 0 0 0 0 0 0 0 0 0 0 0
4 0 22 0 0 0 0 0 0 0 0 0 0 0 0 0 0 0 0 0 0 0 0 0 0 0 0
4 0 23 0 0 0 0 0 0 0 0 0 0 0 0 0 0 0 0 0 0 0 0 0 0 0 0
4 0 24 0 0 0 0 0 0 0 0 0 0 0 0 0 0 0 0 0 0 0 0 0 0 0 0
4 0 25 0 0 0 0 0 0 0 0 0 0 0 0 0 0 0 0 0 0 0 0 0 0 0 0
4 0 26 0 0 0 0 0 0 0 0 0 0 0 0 0 0 0 0 0 0 0 0 0 0 0 0
4 0 27 0 0 0 0 0 0 0 0 0 0 0 0 0 0 0 0 0 0 0 0 0 0 0 0
4 0 28 0 0 0 0 0 0 0 0 0 0 0 0 0 0 0 0 0 0 0 0 0 0 0 0
4 0 29 0 0 0 0 0 0 0 0 0 0 0 0 0 0 0 0 0 0 0 0 0 0 0 0
4 0 30 0 0 0 0 0 0 0 0 0 0 0 0 0 0 0 0 0 0 0 0 0 0 0 0
4 0 31 0 0 0 0 0 0 0 0 0 0 0 0 0 0 0 0 0 0 0 0 0 0 0 0
4 1 0 1 0 0 2 1 100 0 0 0 0 0 0 1 1 0 0 1 100 0 0 0 0 0 0
4 1 1 1 0 0 2 2 100 1 0 1 2 0 100 1 1 0 0 2 100 1 1 1 0 0 100
4 1 2 0 0 0 0 0 0 1 0 1 2 1 100 0 0 0 0 0 0 1 1 1 0 1 100
4 1 3 1 0 2 2 0 101 1 0 1 2 2 100 1 1 2 0 0 101 1 1 1 0 2 100
4 1 4 1 0 2 2 1 101 0 0 0 0 0 0 1 1 2 0 1 101 0 0 0 0 0 0
4 1 5 1 0 2 2 2 101 1 0 3 2 0 101 1 1 2 0 2 101 1 1 3 0 0 101
4 1 6 0 0 0 0 0 0 1 0 3 2 1 101 0 0 0 0 0 0 1 1 3 0 1 101
4 1 7 1 0 4 2 0 102 1 0 3 2 2 101 1 1 4 0 0 102 1 1 3 0 2 101
4 1 8 1 0 4 2 1 102 0 0 0 0 0 0 1 1 4 0 1 102 0 0 0 0 0 0
4 1 9 1 0 4 2 2 102 1 0 5 2 0 102 1 1 4 0 2 102 1 1 5 0 0 102
4 1 10 0 0 0 0 0 0 1 0 5 2 1 102 0 0 0 0 0 0 1 1 5 0 1 102
4 1 11 1 0 6 2 0 103 1 0 5 2 2 102 1 1 6 0 0 103 1 1 5 0 2 102
4 1 12 1 0 6 2 1 103 0 0 0 0 0 0 1 1 6 0 1 103 0 0 0 0 0 0
4 1 13 1 0 6 2 2 103 1 0 7 2 0 103 1 1 6 0 2 103 1 1 7 0 0 103
4 1 14 0 0 0 0 0 0 1 0 7 2 1 103 0 0 0 0 0 0 1 1 7 0 1 103
4 1 15 1 0 8 2 0 104 1 0 7 2 2 103 1 1 8 0 0 104 1 1 7 0 2 103
4 1 16 1 0 8 2 1 104 0 0 0 0 0 0 1 1 8 0 1 104 0 0 0 0 0 0
4 1 17 1 0 8 2 2 104 0 0 0 0 0 0 1 1 8 0 2 104 0 0 0 0 0 0
4 1 18 0 0 0 0 0 0 0 0 0 0 0 0 0 0 0 0 0 0 0 0 0 0 0 0
4 1 19 0 0 0 0 0 0 0 0 0 0 0 0 0 0 0 0 0 0 0 0 0 0 0 0
4 1 20 0 0 0 0 0 0 0 0 0 0 0 0 0 0 0 0 0 0 0 0 0 0 0 0
4 1 21 0 0 0 0 0 0 0 0 0 0 0 0 0 0 0 0 0 0 0 0 0 0 0 0
4 1 22 0 0 0 0 0 0 0 0 0 0 0 0 0 0 0 0 0 0 0 0 0 0 0 0
4 1 23 0 0 0 0 0 0 0 0 0 0 0 0 0 0 0 0 0 0 0 0 0 0 0 0
4 1 24 0 0 0 0 0 0 0 0 0 0 0 0 0 0 0 0 0 0 0 0 0 0 0 0
4 1 25 0 0 0 0 0 0 0 0 0 0 0 0 0 0 0 0 0 0 0 0 0 0 0 0
4 1 26 0 0 0 0 0 0 0 0 0 0 0 0 0 0 0 0 0 0 0 0 0 0 0 0
4 1 27 0 0 0 0 0 0 0 0 0 0 0 0 0 0 0 0 0 0 0 0 0 0 0 0
4 1 28 0 0 0 0 0 0 0 0 0 0 0 0 0 0 0 0 0 0 0 0 0 0 0 0
4 1 29 0 0 0 0 0 0 0 0 0 0 0 0 0 0 0 0 0 0 0 0 0 0 0 0
4 1 30 0 0 0 0 0 0 0 0 0 0 0 0 0 0 0 0 0 0 0 0 0 0 0 0
4 1 31 0 0 0 0 0 0 0 0 0 0 0 0 0 0 0 0 0 0 0 0 0 0 0 0
4 2 0 0 0 0 0 0 0 0 0 0 0 0 0 1 1 0 1 1 100 0 0 0 0 0 0
4 2 1 0 0 0 0 0 0 0 0 0 0 0 0 1 1 0 1 2 100 1 1 1 1 0 100
4 2 2 0 0 0 0 0 0 0 0 0 0 0 0 0 0 0 0 0 0 1 1 1 1 1 100
4 2 3 0 0 0 0 0 0 0 0 0 0 0 0 1 1 2 1 0 101 1 1 1 1 2 100
4 2 4 0 0 0 0 0 0 0 0 0 0 0 0 1 1 2 1 1 101 0 0 0 0 0 0
4 2 5 0 0 0 0 0 0 0 0 0 0 0 0 1 1 2 1 2 101 1 1 3 1 0 101
4 2 6 0 0 0 0 0 0 0 0 0 0 0 0 0 0 0 0 0 0 1 1 3 1 1 101
4 2 7 0 0 0 0 0 0 0 0 0 0 0 0 1 1 4 1 0 102 1 1 3 1 2 101
4 2 8 0 0 0 0 0 0 0 0 0 0 0 0 1 1 4 1 1 102 0 0 0 0 0 0
4 2 9 0 0 0 0 0 0 0 0 0 0 0 0 1 1 4 1 2 102 1 1 5 1 0 102
4 2 10 0 0 0 0 0 0 0 0 0 0 0 0 0 0 0 0 0 0 1 1 5 1 1 102
4 2 11 0 0 0 0 0 0 0 0 0 0 0 0 1 1 6 1 0 103 1 1 5 1 2 102
4 2 12 0 0 0 0 0 0 0 0 0 0 0 0 1 1 6 1 1 103 0 0 0 0 0 0
4 2 13 0 0 0 0 0 0 0 0 0 0 0 0 1 1 6 1 2 103 1 1 7 1 0 103
4 2 14 0 0 0 0 0 0 0 0 0 0 0 0 0 0 0 0 0 0 1 1 7 1 1 103
4 2 15 0 0 0 0 0 0 0 0 0 0 0 0 1 1 8 1 0 104 1 1 7 1 2 103
4 2 16 0 0 0 0 0 0 0 0 0 0 0 0 1 1 8 1 1 104 0 0 0 0 0 0
4 2 17 0 0 0 0 0 0 0 0 0 0 0 0 1 1 8 1 2 104 0 0 0 0 0 0
4 2 18 0 0 0 0 0 0 0 0 0 0 0 0 0 0 0 0 0 0 0 0 0 0 0 0
4 2 19 0 0 0 0 0 0 0 0 0 0 0 0 0 0 0 0 0 0 0 0 0 0 0 0
4 2 20 0 0 0 0 0 0 0 0 0 0 0 0 0 0 0 0 0 0 0 0 0 0 0 0
4 2 21 0 0 0 0 0 0 0 0 0 0 0 0 0 0 0 0 0 0 0 0 0 0 0 0
4 2 22 0 0 0 0 0 0 0 0 0 0 0 0 0 0 0 0 0 0 0 0 0 0 0 0
4 2 23 0 0 0 0 0 0 0 0 0 0 0 0 0 0 0 0 0 0 0 0 0 0 0 0
4 2 24 0 0 0 0 0 0 0 0 0 0 0 0 0 0 0 0 0 0 0 0 0 0 0 0
4 2 25 0 0 0 0 0 0 0 0 0 0 0 0 0 0 0 0 0 0 0 0 0 0 0 0
4 2 26 0 0 0 0 0 0 0 0 0 0 0 0 0 0 0 0 0 0 0 0 0 0 0 0
4 2 27 0 0 0 0 0 0 0 0 0 0 0 0 0 0 0 0 0 0 0 0 0 0 0 0
4 2 28 0 0 0 0 0 0 0 0 0 0 0 0 0 0 0 0 0 0 0 0 0 0 0 0
4 2 29 0 0 0 0 0 0 0 0 0 0 0 0 0 0 0 0 0 0 0 0 0 0 0 0
4 2 30 0 0 0 0 0 0 0 0 0 0 0 0 0 0 0 0 0 0 0 0 0 0 0 0
4 2 31 0 0 0 0 0 0 0 0 0 0 0 0 0 0 0 0 0 0 0 0 0 0 0 0
4 3 0 1 2 0 0 1 105 0 0 0 0 0 0 1 1 0 2 1 100 0 0 0 0 0 0
4 3 1 1 2 0 0 2 105 1 2 1 0 0 105 1 1 0 2 2 100 1 1 1 2 0 100
4 3 2 0 0 0 0 0 0 1 2 1 0 1 105 0 0 0 0 0 0 1 1 1 2 1 100
4 3 3 1 2 2 0 0 106 1 2 1 0 2 105 1 1 2 2 0 101 1 1 1 2 2 100
4 3 4 1 2 2 0 1 106 0 0 0 0 0 0 1 1 2 2 1 101 0 0 0 0 0 0
4 3 5 1 2 2 0 2 106 1 2 3 0 0 106 1 1 2 2 2 101 1 1 3 2 0 101
4 3 6 0 0 0 0 0 0 1 2 3 0 1 106 0 0 0 0 0 0 1 1 3 2 1 101
4 3 7 1 2 4 0 0 107 1 2 3 0 2 106 1 1 4 2 0 102 1 1 3 2 2 101
4 3 8 1 2 4 0 1 107 0 0 0 0 0 0 1 1 4 2 1 102 0 0 0 0 0 0
4 3 9 1 2 4 0 2 107 1 2 5 0 0 107 1 1 4 2 2 102 1 1 5 2 0 102
4 3 10 0 0 0 0 0 0 1 2 5 0 1 107 0 0 0 0 0 0 1 1 5 2 1 102
4 3 11 1 2 6 0 0 108 1 2 5 0 2 107 1 1 6 2 0 103 1 1 5 2 2 102
4 3 12 1 2 6 0 1 108 0 0 0 0 0 0 1 1 6 2 1 103 0 0 0 0 0 0
4 3 13 1 2 6 0 2 108 1 2 7 0 0 108 1 1 6 2 2 103 1 1 7 2 0 103
4 3 14 0 0 0 0 0 0 1 2 7 0 1 108 0 0 0 0 0 0 1 1 7 2 1 103
4 3 15 1 2 8 0 0 109 1 2 7 0 2 108 1 1 8 2 0 104 1 1 7 2 2 103
4 3 16 1 2 8 0 1 109 0 0 0 0 0 0 1 1 8 2 1 104 0 0 0 0 0 0
4 3 17 1 2 8 0 2 109 0 0 0 0 0 0 1 1 8 2 2 104 0 0 0 0 0 0
4 3 18 0 0 0 0 0 0 0 0 0 0 0 0 0 0 0 0 0 0 0 0 0 0 0 0
4 3 19 0 0 0 0 0 0 0 0 0 0 0 0 0 0 0 0 0 0 0 0 0 0 0 0
4 3 20 0 0 0 0 0 0 0 0 0 0 0 0 0 0 0 0 0 0 0 0 0 0 0 0
4 3 21 0 0 0 0 0 0 0 0 0 0 0 0 0 0 0 0 0 0 0 0 0 0 0 0
4 3 22 0 0 0 0 0 0 0 0 0 0 0 0 0 0 0 0 0 0 0 0 0 0 0 0
4 3 23 0 0 0 0 0 0 0 0 0 0 0 0 0 0 0 0 0 0 0 0 0 0 0 0
4 3 24 0 0 0 0 0 0 0 0 0 0 0 0 0 0 0 0 0 0 0 0 0 0 0 0
4 3 25 0 0 0 0 0 0 0 0 0 0 0 0 0 0 0 0 0 0 0 0 0 0 0 0
4 3 26 0 0 0 0 0 0 0 0 0 0 0 0 0 0 0 0 0 0 0 0 0 0 0 0
4 3 27 0 0 0 0 0 0 0 0 0 0 0 0 0 0 0 0 0 0 0 0 0 0 0 0
4 3 28 0 0 0 0 0 0 0 0 0 0 0 0 0 0 0 0 0 0 0 0 0 0 0 0
4 3 29 0 0 0 0 0 0 0 0 0 0 0 0 0 0 0 0 0 0 0 0 0 0 0 0
4 3 30 0 0 0 0 0 0 0 0 0 0 0 0 0 0 0 0 0 0 0 0 0 0 0 0
4 3 31 0 0 0 0 0 0 0 0 0 0 0 0 0 0 0 0 0 0 0 0 0 0 0 0
4 4 0 1 2 0 1 1 105 0 0 0 0 0 0 0 0 0 0 0 0 0 0 0 0 0 0
4 4 1 1 2 0 1 2 105 1 2 1 1 0 105 0 0 0 0 0 0 0 0 0 0 0 0
4 4 2 0 0 0 0 0 0 1 2 1 1 1 105 0 0 0 0 0 0 0 0 0 0 0 0
4 4 3 1 2 2 1 0 106 1 2 1 1 2 105 0 0 0 0 0 0 0 0 0 0 0 0
4 4 4 1 2 2 1 1 106 0 0 0 0 0 0 0 0 0 0 0 0 0 0 0 0 0 0
4 4 5 1 2 2 1 2 106 1 2 3 1 0 106 0 0 0 0 0 0 0 0 0 0 0 0
4 4 6 0 0 0 0 0 0 1 2 3 1 1 106 0 0 0 0 0 0 0 0 0 0 0 0
4 4 7 1 2 4 1 0 107 1 2 3 1 2 106 0 0 0 0 0 0 0 0 0 0 0 0
4 4 8 1 2 4 1 1 107 0 0 0 0 0 0 0 0 0 0 0 0 0 0 0 0 0 0
4 4 9 1 2 4 1 2 107 1 2 5 1 0 107 0 0 0 0 0 0 0 0 0 0 0 0
4 4 10 0 0 0 0 0 0 1 2 5 1 1 107 0 0 0 0 0 0 0 0 0 0 0 0
4 4 11 1 2 6 1 0 108 1 2 5 1 2 107 0 0 0 0 0 0 0 0 0 0 0 0
4 4 12 1 2 6 1 1 108 0 0 0 0 0 0 0 0 0 0 0 0 0 0 0 0 0 0
4 4 13 1 2 6 1 2 108 1 2 7 1 0 108 0 0 0 0 0 0 0 0 0 0 0 0
4 4 14 0 0 0 0 0 0 1 2 7 1 1 108 0 0 0 0 0 0 0 0 0 0 0 0
4 4 15 1 2 8 1 0 109 1 2 7 1 2 108 0 0 0 0 0 0 0 0 0 0 0 0
4 4 16 1 2 8 1 1 109 0 0 0 0 0 0 0 0 0 0 0 0 0 0 0 0 0 0
4 4 17 1 2 8 1 2 109 0 0 0 0 0 0 0 0 0 0 0 0 0 0 0 0 0 0
4 4 18 0 0 0 0 0 0 0 0 0 0 0 0 0 0 0 0 0 0 0 0 0 0 0 0
4 4 19 0 0 0 0 0 0 0 0 0 0 0 0 0 0 0 0 0 0 0 0 0 0 0 0
4 4 20 0 0 0 0 0 0 0 0 0 0 0 0 0 0 0 0 0 0 0 0 0 0 0 0
4 4 21 0 0 0 0 0 0 0 0 0 0 0 0 0 0 0 0 0 0 0 0 0 0 0 0
4 4 22 0 0 0 0 0 0 0 0 0 0 0 0 0 0 0 0 0 0 0 0 0 0 0 0
4 4 23 0 0 0 0 0 0 0 0 0 0 0 0 0 0 0 0 0 0 0 0 0 0 0 0
4 4 24 0 0 0 0 0 0 0 0 0 0 0 0 0 0 0 0 0 0 0 0 0 0 0 0
4 4 25 0 0 0 0 0 0 0 0 0 0 0 0 0 0 0 0 0 0 0 0 0 0 0 0
4 4 26 0 0 0 0 0 0 0 0 0 0 0 0 0 0 0 0 0 0 0 0 0 0 0 0
4 4 27 0 0 0 0 0 0 0 0 0 0 0 0 0 0 0 0 0 0 0 0 0 0 0 0
4 4 28 0 0 0 0 0 0 0 0 0 0 0 0 0 0 0 0 0 0 0 0 0 0 0 0
4 4 29 0 0 0 0 0 0 0 0 0 0 0 0 0 0 0 0 0 0 0 0 0 0 0 0
4 4 30 0 0 0 0 0 0 0 0 0 0 0 0 0 0 0 0 0 0 0 0 0 0 0 0
4 4 31 0 0 0 0 0 0 0 0 0 0 0 0 0 0 0 0 0 0 0 0 0 0 0 0
4 5 0 1 2 0 2 1 105 0 0 0 0 0 0 1 3 0 0 1 105 0 0 0 0 0 0
4 5 1 1 2 0 2 2 105 1 2 1 2 0 105 1 3 0 0 2 105 1 3 1 0 0 105
4 5 2 0 0 0 0 0 0 1 2 1 2 1 105 0 0 0 0 0 0 1 3 1 0 1 105
4 5 3 1 2 2 2 0 106 1 2 1 2 2 105 1 3 2 0 0 106 1 3 1 0 2 105
4 5 4 1 2 2 2 1 106 0 0 0 0 0 0 1 3 2 0 1 106 0 0 0 0 0 0
4 5 5 1 2 2 2 2 106 1 2 3 2 0 106 1 3 2 0 2 106 1 3 3 0 0 106
4 5 6 0 0 0 0 0 0 1 2 3 2 1 106 0 0 0 0 0 0 1 3 3 0 1 106
4 5 7 1 2 4 2 0 107 1 2 3 2 2 106 1 3 4 0 0 107 1 3 3 0 2 106
4 5 8 1 2 4 2 1 107 0 0 0 0 0 0 1 3 4 0 1 107 0 0 0 0 0 0
4 5 9 1 2 4 2 2 107 1 2 5 2 0 107 1 3 4 0 2 107 1 3 5 0 0 107
4 5 10 0 0 0 0 0 0 1 2 5 2 1 107 0 0 0 0 0 0 1 3 5 0 1 107
4 5 11 1 2 6 2 0 108 1 2 5 2 2 107 1 3 6 0 0 108 1 3 5 0 2 107
4 5 12 1 2 6 2 1 108 0 0 0 0 0 0 1 3 6 0 1 108 0 0 0 0 0 0
4 5 13 1 2 6 2 2 108 1 2 7 2 0 108 1 3 6 0 2 108 1 3 7 0 0 108
4 5 14 0 0 0 0 0 0 1 2 7 2 1 108 0 0 0 0 0 0 1 3 7 0 1 108
4 5 15 1 2 8 2 0 109 1 2 7 2 2 108 1 3 8 0 0 109 1 3 7 0 2 108
4 5 16 1 2 8 2 1 109 0 0 0 0 0 0 1 3 8 0 1 109 0 0 0 0 0 0
4 5 17 1 2 8 2 2 109 0 0 0 0 0 0 1 3 8 0 2 109 0 0 0 0 0 0
4 5 18 0 0 0 0 0 0 0 0 0 0 0 0 0 0 0 0 0 0 0 0 0 0 0 0
4 5 19 0 0 0 0 0 0 0 0 0 0 0 0 0 0 0 0 0 0 0 0 0 0 0 0
4 5 20 0 0 0 0 0 0 0 0 0 0 0 0 0 0 0 0 0 0 0 0 0 0 0 0
4 5 21 0 0 0 0 0 0 0 0 0 0 0 0 0 0 0 0 0 0 0 0 0 0 0 0
4 5 22 0 0 0 0 0 0 0 0 0 0 0 0 0 0 0 0 0 0 0 0 0 0 0 0
4 5 23 0 0 0 0 0 0 0 0 0 0 0 0 0 0 0 0 0 0 0 0 0 0 0 0
4 5 24 0 0 0 0 0 0 0 0 0 0 0 0 0 0 0 0 0 0 0 0 0 0 0 0
4 5 25 0 0 0 0 0 0 0 0 0 0 0 0 0 0 0 0 0 0 0 0 0 0 0 0
4 5 26 0 0 0 0 0 0 0 0 0 0 0 0 0 0 0 0 0 0 0 0 0 0 0 0
4 5 27 0 0 0 0 0 0 0 0 0 0 0 0 0 0 0 0 0 0 0 0 0 0 0 0
4 5 28 0 0 0 0 0 0 0 0 0 0 0 0 0 0 0 0 0 0 0 0 0 0 0 0
4 5 29 0 0 0 0 0 0 0 0 0 0 0 0 0 0 0 0 0 0 0 0 0 0 0 0
4 5 30 0 0 0 0 0 0 0 0 0 0 0 0 0 0 0 0 0 0 0 0 0 0 0 0
4 5 31 0 0 0 0 0 0 0 0 0 0 0 0 0 0 0 0 0 0 0 0 0 0 0 0
4 6 0 0 0 0 0 0 0 0 0 0 0 0 0 1 3 0 1 1 105 0 0 0 0 0 0
4 6 1 0 0 0 0 0 0 0 0 0 0 0 0 1 3 0 1 2 105 1 3 1 1 0 105
4 6 2 0 0 0 0 0 0 0 0 0 0 0 0 0 0 0 0 0 0 1 3 1 1 1 105
4 6 3 0 0 0 0 0 0 0 0 0 0 0 0 1 3 2 1 0 106 1 3 1 1 2 105
4 6 4 0 0 0 0 0 0 0 0 0 0 0 0 1 3 2 1 1 106 0 0 0 0 0 0
4 6 5 0 0 0 0 0 0 0 0 0 0 0 0 1 3 2 1 2 106 1 3 3 1 0 106
4 6 6 0 0 0 0 0 0 0 0 0 0 0 0 0 0 0 0 0 0 1 3 3 1 1 106
4 6 7 0 0 0 0 0 0 0 0 0 0 0 0 1 3 4 1 0 107 1 3 3 1 2 106
4 6 8 0 0 0 0 0 0 0 0 0 0 0 0 1 3 4 1 1 107 0 0 0 0 0 0
4 6 9 0 0 0 0 0 0 0 0 0 0 0 0 1 3 4 1 2 107 1 3 5 1 0 107
4 6 10 0 0 0 0 0 0 0 0 0 0 0 0 0 0 0 0 0 0 1 3 5 1 1 107
4 6 11 0 0 0 0 0 0 0 0 0 0 0 0 1 3 6 1 0 108 1 3 5 1 2 107
4 6 12 0 0 0 0 0 0 0 0 0 0 0 0 1 3 6 1 1 108 0 0 0 0 0 0
4 6 13 0 0 0 0 0 0 0 0 0 0 0 0 1 3 6 1 2 108 1 3 7 1 0 108
4 6 14 0 0 0 0 0 0 0 0 0 0 0 0 0 0 0 0 0 0 1 3 7 1 1 108
4 6 15 0 0 0 0 0 0 0 0 0 0 0 0 1 3 8 1 0 109 1 3 7 1 2 108
4 6 16 0 0 0 0 0 0 0 0 0 0 0 0 1 3 8 1 1 109 0 0 0 0 0 0
4 6 17 0 0 0 0 0 0 0 0 0 0 0 0 1 3 8 1 2 109 0 0 0 0 0 0
4 6 18 0 0 0 0 0 0 0 0 0 0 0 0 0 0 0 0 0 0 0 0 0 0 0 0
4 6 19 0 0 0 0 0 0 0 0 0 0 0 0 0 0 0 0 0 0 0 0 0 0 0 0
4 6 20 0 0 0 0 0 0 0 0 0 0 0 0 0 0 0 0 0 0 0 0 0 0 0 0
4 6 21 0 0 0 0 0 0 0 0 0 0 0 0 0 0 0 0 0 0 0 0 0 0 0 0
4 6 22 0 0 0 0 0 0 0 0 0 0 0 0 0 0 0 0 0 0 0 0 0 0 0 0
4 6 23 0 0 0 0 0 0 0 0 0 0 0 0 0 0 0 0 0 0 0 0 0 0 0 0
4 6 24 0 0 0 0 0 0 0 0 0 0 0 0 0 0 0 0 0 0 0 0 0 0 0 0
4 6 25 0 0 0 0 0 0 0 0 0 0 0 0 0 0 0 0 0 0 0 0 0 0 0 0
4 6 26 0 0 0 0 0 0 0 0 0 0 0 0 0 0 0 0 0 0 0 0 0 0 0 0
4 6 27 0 0 0 0 0 0 0 0 0 0 0 0 0 0 0 0 0 0 0 0 0 0 0 0
4 6 28 0 0 0 0 0 0 0 0 0 0 0 0 0 0 0 0 0 0 0 0 0 0 0 0
4 6 29 0 0 0 0 0 0 0 0 0 0 0 0 0 0 0 0 0 0 0 0 0 0 0 0
4 6 30 0 0 0 0 0 0 0 0 0 0 0 0 0 0 0 0 0 0 0 0 0 0 0 0
4 6 31 0 0 0 0 0 0 0 0 0 0 0 0 0 0 0 0 0 0 0 0 0 0 0 0
4 7 0 1 4 0 0 1 110 0 0 0 0 0 0 1 3 0 2 1 105 0 0 0 0 0 0
4 7 1 1 4 0 0 2 110 1 4 1 0 0 110 1 3 0 2 2 105 1 3 1 2 0 105
4 7 2 0 0 0 0 0 0 1 4 1 0 1 110 0 0 0 0 0 0 1 3 1 2 1 105
4 7 3 1 4 2 0 0 111 1 4 1 0 2 110 1 3 2 2 0 106 1 3 1 2 2 105
4 7 4 1 4 2 0 1 111 0 0 0 0 0 0 1 3 2 2 1 106 0 0 0 0 0 0
4 7 5 1 4 2 0 2 111 1 4 3 0 0 111 1 3 2 2 2 106 1 3 3 2 0 106
4 7 6 0 0 0 0 0 0 1 4 3 0 1 111 0 0 0 0 0 0 1 3 3 2 1 106
4 7 7 1 4 4 0 0 112 1 4 3 0 2 111 1 3 4 2 0 107 1 3 3 2 2 106
4 7 8 1 4 4 0 1 112 0 0 0 0 0 0 1 3 4 2 1 107 0 0 0 0 0 0
4 7 9 1 4 4 0 2 112 1 4 5 0 0 112 1 3 4 2 2 107 1 3 5 2 0 107
4 7 10 0 0 0 0 0 0 1 4 5 0 1 112 0 0 0 0 0 0 1 3 5 2 1 107
4 7 11 1 4 6 0 0 113 1 4 5 0 2 112 1 3 6 2 0 108 1 3 5 2 2 107
4 7 12 1 4 6 0 1 113 0 0 0 0 0 0 1 3 6 2 1 108 0 0 0 0 0 0
4 7 13 1 4 6 0 2 113 1 4 7 0 0 113 1 3 6 2 2 108 1 3 7 2 0 108
4 7 14 0 0 0 0 0 0 1 4 7 0 1 113 0 0 0 0 0 0 1 3 7 2 1 108
4 7 15 1 4 8 0 0 114 1 4 7 0 2 113 1 3 8 2 0 109 1 3 7 2 2 108
4 7 16 1 4 8 0 1 114 0 0 0 0 0 0 1 3 8 2 1 109 0 0 0 0 0 0
4 7 17 1 4 8 0 2 114 0 0 0 0 0 0 1 3 8 2 2 109 0 0 0 0 0 0
4 7 18 0 0 0 0 0 0 0 0 0 0 0 0 0 0 0 0 0 0 0 0 0 0 0 0
4 7 19 0 0 0 0 0 0 0 0 0 0 0 0 0 0 0 0 0 0 0 0 0 0 0 0
4 7 20 0 0 0 0 0 0 0 0 0 0 0 0 0 0 0 0 0 0 0 0 0 0 0 0
4 7 21 0 0 0 0 0 0 0 0 0 0 0 0 0 0 0 0 0 0 0 0 0 0 0 0
4 7 22 0 0 0 0 0 0 0 0 0 0 0 0 0 0 0 0 0 0 0 0 0 0 0 0
4 7 23 0 0 0 0 0 0 0 0 0 0 0 0 0 0 0 0 0 0 0 0 0 0 0 0
4 7 24 0 0 0 0 0 0 0 0 0 0 0 0 0 0 0 0 0 0 0 0 0 0 0 0
4 7 25 0 0 0 0 0 0 0 0 0 0 0 0 0 0 0 0 0 0 0 0 0 0 0 0
4 7 26 0 0 0 0 0 0 0 0 0 0 0 0 0 0 0 0 0 0 0 0 0 0 0 0
4 7 27 0 0 0 0 0 0 0 0 0 0 0 0 0 0 0 0 0 0 0 0 0 0 0 0
4 7 28 0 0 0 0 0 0 0 0 0 0 0 0 0 0 0 0 0 0 0 0 0 0 0 0
4 7 29 0 0 0 0 0 0 0 0 0 0 0 0 0 0 0 0 0 0 0 0 0 0 0 0
4 7 30 0 0 0 0 0 0 0 0 0 0 0 0 0 0 0 0 0 0 0 0 0 0 0 0
4 7 31 0 0 0 0 0 0 0 0 0 0 0 0 0 0 0 0 0 0 0 0 0 0 0 0
4 8 0 1 4 0 1 1 110 0 0 0 0 0 0 0 0 0 0 0 0 0 0 0 0 0 0
4 8 1 1 4 0 1 2 110 1 4 1 1 0 110 0 0 0 0 0 0 0 0 0 0 0 0
4 8 2 0 0 0 0 0 0 1 4 1 1 1 110 0 0 0 0 0 0 0 0 0 0 0 0
4 8 3 1 4 2 1 0 111 1 4 1 1 2 110 0 0 0 0 0 0 0 0 0 0 0 0
4 8 4 1 4 2 1 1 111 0 0 0 0 0 0 0 0 0 0 0 0 0 0 0 0 0 0
4 8 5 1 4 2 1 2 111 1 4 3 1 0 111 0 0 0 0 0 0 0 0 0 0 0 0
4 8 6 0 0 0 0 0 0 1 4 3 1 1 111 0 0 0 0 0 0 0 0 0 0 0 0
4 8 7 1 4 4 1 0 112 1 4 3 1 2 111 0 0 0 0 0 0 0 0 0 0 0 0
4 8 8 1 4 4 1 1 112 0 0 0 0 0 0 0 0 0 0 0 0 0 0 0 0 0 0
4 8 9 1 4 4 1 2 112 1 4 5 1 0 112 0 0 0 0 0 0 0 0 0 0 0 0
4 8 10 0 0 0 0 0 0 1 4 5 1 1 112 0 0 0 0 0 0 0 0 0 0 0 0
4 8 11 1 4 6 1 0 113 1 4 5 1 2 112 0 0 0 0 0 0 0 0 0 0 0 0
4 8 12 1 4 6 1 1 113 0 0 0 0 0 0 0 0 0 0 0 0 0 0 0 0 0 0
4 8 13 1 4 6 1 2 113 1 4 7 1 0 113 0 0 0 0 0 0 0 0 0 0 0 0
4 8 14 0 0 0 0 0 0 1 4 7 1 1 113 0 0 0 0 0 0 0 0 0 0 0 0
4 8 15 1 4 8 1 0 114 1 4 7 1 2 113 0 0 0 0 0 0 0 0 0 0 0 0
4 8 16 1 4 8 1 1 114 0 0 0 0 0 0 0 0 0 0 0 0 0 0 0 0 0 0
4 8 17 1 4 8 1 2 114 0 0 0 0 0 0 0 0 0 0 0 0 0 0 0 0 0 0
4 8 18 0 0 0 0 0 0 0 0 0 0 0 0 0 0 0 0 0 0 0 0 0 0 0 0
4 8 19 0 0 0 0 0 0 0 0 0 0 0 0 0 0 0 0 0 0 0 0 0 0 0 0
4 8 20 0 0 0 0 0 0 0 0 0 0 0 0 0 0 0 0 0 0 0 0 0 0 0 0
4 8 21 0 0 0 0 0 0 0 0 0 0 0 0 0 0 0 0 0 0 0 0 0 0 0 0
4 8 22 0 0 0 0 0 0 0 0 0 0 0 0 0 0 0 0 0 0 0 0 0 0 0 0
4 8 23 0 0 0 0 0 0 0 0 0 0 0 0 0 0 0 0 0 0 0 0 0 0 0 0
4 8 24 0 0 0 0 0 0 0 0 0 0 0 0 0 0 0 0 0 0 0 0 0 0 0 0
4 8 25 0 0 0 0 0 0 0 0 0 0 0 0 0 0 0 0 0 0 0 0 0 0 0 0
4 8 26 0 0 0 0 0 0 0 0 0 0 0 0 0 0 0 0 0 0 0 0 0 0 0 0
4 8 27 0 0 0 0 0 0 0 0 0 0 0 0 0 0 0 0 0 0 0 0 0 0 0 0
4 8 28 0 0 0 0 0 0 0 0 0 0 0 0 0 0 0 0 0 0 0 0 0 0 0 0
4 8 29 0 0 0 0 0 0 0 0 0 0 0 0 0 0 0 0 0 0 0 0 0 0 0 0
4 8 30 0 0 0 0 0 0 0 0 0 0 0 0 0 0 0 0 0 0 0 0 0 0 0 0
4 8 31 0 0 0 0 0 0 0 0 0 0 0 0 0 0 0 0 0 0 0 0 0 0 0 0
4 9 0 1 4 0 2 1 110 0 0 0 0 0 0 1 5 0 0 1 110 0 0 0 0 0 0
4 9 1 1 4 0 2 2 110 1 4 1 2 0 110 1 5 0 0 2 110 1 5 1 0 0 110
4 9 2 0 0 0 0 0 0 1 4 1 2 1 110 0 0 0 0 0 0 1 5 1 0 1 110
4 9 3 1 4 2 2 0 111 1 4 1 2 2 110 1 5 2 0 0 111 1 5 1 0 2 110
4 9 4 1 4 2 2 1 111 0 0 0 0 0 0 1 5 2 0 1 111 0 0 0 0 0 0
4 9 5 1 4 2 2 2 111 1 4 3 2 0 111 1 5 2 0 2 111 1 5 3 0 0 111
4 9 6 0 0 0 0 0 0 1 4 3 2 1 111 0 0 0 0 0 0 1 5 3 0 1 111
4 9 7 1 4 4 2 0 112 1 4 3 2 2 111 1 5 4 0 0 112 1 5 3 0 2 111
4 9 8 1 4 4 2 1 112 0 0 0 0 0 0 1 5 4 0 1 112 0 0 0 0 0 0
4 9 9 1 4 4 2 2 112 1 4 5 2 0 112 1 5 4 0 2 112 1 5 5 0 0 112
4 9 10 0 0 0 0 0 0 1 4 5 2 1 112 0 0 0 0 0 0 1 5 5 0 1 112
4 9 11 1 4 6 2 0 113 1 4 5 2 2 112 1 5 6 0 0 113 1 5 5 0 2 112
4 9 12 1 4 6 2 1 113 0 0 0 0 0 0 1 5 6 0 1 113 0 0 0 0 0 0
4 9 13 1 4 6 2 2 113 1 4 7 2 0 113 1 5 6 0 2 113 1 5 7 0 0 113
4 9 14 0 0 0 0 0 0 1 4 7 2 1 113 0 0 0 0 0 0 1 5 7 0 1 113
4 9 15 1 4 8 2 0 114 1 4 7 2 2 113 1 5 8 0 0 114 1 5 7 0 2 113
4 9 16 1 4 8 2 1 114 0 0 0 0 0 0 1 5 8 0 1 114 0 0 0 0 0 0
4 9 17 1 4 8 2 2 114 0 0 0 0 0 0 1 5 8 0 2 114 0 0 0 0 0 0
4 9 18 0 0 0 0 0 0 0 0 0 0 0 0 0 0 0 0 0 0 0 0 0 0 0 0
4 9 19 0 0 0 0 0 0 0 0 0 0 0 0 0 0 0 0 0 0 0 0 0 0 0 0
4 9 20 0 0 0 0 0 0 0 0 0 0 0 0 0 0 0 0 0 0 0 0 0 0 0 0
4 9 21 0 0 0 0 0 0 0 0 0 0 0 0 0 0 0 0 0 0 0 0 0 0 0 0
4 9 22 0 0 0 0 0 0 0 0 0 0 0 0 0 0 0 0 0 0 0 0 0 0 0 0
4 9 23 0 0 0 0 0 0 0 0 0 0 0 0 0 0 0 0 0 0 0 0 0 0 0 0
4 9 24 0 0 0 0 0 0 0 0 0 0 0 0 0 0 0 0 0 0 0 0 0 0 0 0
4 9 25 0 0 0 0 0 0 0 0 0 0 0 0 0 0 0 0 0 0 0 0 0 0 0 0
4 9 26 0 0 0 0 0 0 0 0 0 0 0 0 0 0 0 0 0 0 0 0 0 0 0 0
4 9 27 0 0 0 0 0 0 0 0 0 0 0 0 0 0 0 0 0 0 0 0 0 0 0 0
4 9 28 0 0 0 0 0 0 0 0 0 0 0 0 0 0 0 0 0 0 0 0 0 0 0 0
4 9 29 0 0 0 0 0 0 0 0 0 0 0 0 0 0 0 0 0 0 0 0 0 0 0 0
4 9 30 0 0 0 0 0 0 0 0 0 0 0 0 0 0 0 0 0 0 0 0 0 0 0 0
4 9 31 0 0 0 0 0 0 0 0 0 0 0 0 0 0 0 0 0 0 0 0 0 0 0 0
4 10 0 0 0 0 0 0 0 0 0 0 0 0 0 1 5 0 1 1 110 0 0 0 0 0 0
4 10 1 0 0 0 0 0 0 0 0 0 0 0 0 1 5 0 1 2 110 1 5 1 1 0 110
4 10 2 0 0 0 0 0 0 0 0 0 0 0 0 0 0 0 0 0 0 1 5 1 1 1 110
4 10 3 0 0 0 0 0 0 0 0 0 0 0 0 1 5 2 1 0 111 1 5 1 1 2 110
4 10 4 0 0 0 0 0 0 0 0 0 0 0 0 1 5 2 1 1 111 0 0 0 0 0 0
4 10 5 0 0 0 0 0 0 0 0 0 0 0 0 1 5 2 1 2 111 1 5 3 1 0 111
4 10 6 0 0 0 0 0 0 0 0 0 0 0 0 0 0 0 0 0 0 1 5 3 1 1 111
4 10 7 0 0 0 0 0 0 0 0 0 0 0 0 1 5 4 1 0 112 1 5 3 1 2 111
4 10 8 0 0 0 0 0 0 0 0 0 0 0 0 1 5 4 1 1 112 0 0 0 0 0 0
4 10 9 0 0 0 0 0 0 0 0 0 0 0 0 1 5 4 1 2 112 1 5 5 1 0 112
4 10 10 0 0 0 0 0 0 0 0 0 0 0 0 0 0 0 0 0 0 1 5 5 1 1 112
4 10 11 0 0 0 0 0 0 0 0 0 0 0 0 1 5 6 1 0 113 1 5 5 1 2 112
4 10 12 0 0 0 0 0 0 0 0 0 0 0 0 1 5 6 1 1 113 0 0 0 0 0 0
4 10 13 0 0 0 0 0 0 0 0 0 0 0 0 1 5 6 1 2 113 1 5 7 1 0 113
4 10 14 0 0 0 0 0 0 0 0 0 0 0 0 0 0 0 0 0 0 1 5 7 1 1 113
4 10 15 0 0 0 0 0 0 0 0 0 0 0 0 1 5 8 1 0 114 1 5 7 1 2 113
4 10 16 0 0 0 0 0 0 0 0 0 0 0 0 1 5 8 1 1 114 0 0 0 0 0 0
4 10 17 0 0 0 0 0 0 0 0 0 0 0 0 1 5 8 1 2 114 0 0 0 0 0 0
4 10 18 0 0 0 0 0 0 0 0 0 0 0 0 0 0 0 0 0 0 0 0 0 0 0 0
4 10 19 0 0 0 0 0 0 0 0 0 0 0 0 0 0 0 0 0 0 0 0 0 0 0 0
4 10 20 0 0 0 0 0 0 0 0 0 0 0 0 0 0 0 0 0 0 0 0 0 0 0 0
4 10 21 0 0 0 0 0 0 0 0 0 0 0 0 0 0 0 0 0 0 0 0 0 0 0 0
4 10 22 0 0 0 0 0 0 0 0 0 0 0 0 0 0 0 0 0 0 0 0 0 0 0 0
4 10 23 0 0 0 0 0 0 0 0 0 0 0 0 0 0 0 0 0 0 0 0 0 0 0 0
4 10 24 0 0 0 0 0 0 0 0 0 0 0 0 0 0 0 0 0 0 0 0 0 0 0 0
4 10 25 0 0 0 0 0 0 0 0 0 0 0 0 0 0 0 0 0 0 0 0 0 0 0 0
4 10 26 0 0 0 0 0 0 0 0 0 0 0 0 0 0 0 0 0 0 0 0 0 0 0 0
4 10 27 0 0 0 0 0 0 0 0 0 0 0 0 0 0 0 0 0 0 0 0 0 0 0 0
4 10 28 0 0 0 0 0 0 0 0 0 0 0 0 0 0 0 0 0 0 0 0 0 0 0 0
4 10 29 0 0 0 0 0 0 0 0 0 0 0 0 0 0 0 0 0 0 0 0 0 0 0 0
4 10 30 0 0 0 0 0 0 0 0 0 0 0 0 0 0 0 0 0 0 0 0 0 0 0 0
4 10 31 0 0 0 0 0 0 0 0 0 0 0 0 0 0 0 0 0 0 0 0 0 0 0 0
4 11 0 1 6 0 0 1 115 0 0 0 0 0 0 1 5 0 2 1 110 0 0 0 0 0 0
4 11 1 1 6 0 0 2 115 1 6 1 0 0 115 1 5 0 2 2 110 1 5 1 2 0 110
4 11 2 0 0 0 0 0 0 1 6 1 0 1 115 0 0 0 0 0 0 1 5 1 2 1 110
4 11 3 1 6 2 0 0 116 1 6 1 0 2 115 1 5 2 2 0 111 1 5 1 2 2 110
4 11 4 1 6 2 0 1 116 0 0 0 0 0 0 1 5 2 2 1 111 0 0 0 0 0 0
4 11 5 1 6 2 0 2 116 1 6 3 0 0 116 1 5 2 2 2 111 1 5 3 2 0 111
4 11 6 0 0 0 0 0 0 1 6 3 0 1 116 0 0 0 0 0 0 1 5 3 2 1 111
4 11 7 1 6 4 0 0 117 1 6 3 0 2 116 1 5 4 2 0 112 1 5 3 2 2 111
4 11 8 1 6 4 0 1 117 0 0 0 0 0 0 1 5 4 2 1 112 0 0 0 0 0 0
4 11 9 1 6 4 0 2 117 1 6 5 0 0 117 1 5 4 2 2 112 1 5 5 2 0 112
4 11 10 0 0 0 0 0 0 1 6 5 0 1 117 0 0 0 0 0 0 1 5 5 2 1 112
4 11 11 1 6 6 0 0 118 1 6 5 0 2 117 1 5 6 2 0 113 1 5 5 2 2 112
4 11 12 1 6 6 0 1 118 0 0 0 0 0 0 1 5 6 2 1 113 0 0 0 0 0 0
4 11 13 1 6 6 0 2 118 1 6 7 0 0 118 1 5 6 2 2 113 1 5 7 2 0 113
4 11 14 0 0 0 0 0 0 1 6 7 0 1 118 0 0 0 0 0 0 1 5 7 2 1 113
4 11 15 1 6 8 0 0 119 1 6 7 0 2 118 1 5 8 2 0 114 1 5 7 2 2 113
4 11 16 1 6 8 0 1 119 0 0 0 0 0 0 1 5 8 2 1 114 0 0 0 0 0 0
4 11 17 1 6 8 0 2 119 0 0 0 0 0 0 1 5 8 2 2 114 0 0 0 0 0 0
4 11 18 0 0 0 0 0 0 0 0 0 0 0 0 0 0 0 0 0 0 0 0 0 0 0 0
4 11 19 0 0 0 0 0 0 0 0 0 0 0 0 0 0 0 0 0 0 0 0 0 0 0 0
4 11 20 0 0 0 0 0 0 0 0 0 0 0 0 0 0 0 0 0 0 0 0 0 0 0 0
4 11 21 0 0 0 0 0 0 0 0 0 0 0 0 0 0 0 0 0 0 0 0 0 0 0 0
4 11 22 0 0 0 0 0 0 0 0 0 0 0 0 0 0 0 0 0 0 0 0 0 0 0 0
4 11 23 0 0 0 0 0 0 0 0 0 0 0 0 0 0 0 0 0 0 0 0 0 0 0 0
4 11 24 0 0 0 0 0 0 0 0 0 0 0 0 0 0 0 0 0 0 0 0 0 0 0 0
4 11 25 0 0 0 0 0 0 0 0 0 0 0 0 0 0 0 0 0 0 0 0 0 0 0 0
4 11 26 0 0 0 0 0 0 0 0 0 0 0 0 0 0 0 0 0 0 0 0 0 0 0 0
4 11 27 0 0 0 0 0 0 0 0 0 0 0 0 0 0 0 0 0 0 0 0 0 0 0 0
4 11 28 0 0 0 0 0 0 0 0 0 0 0 0 0 0 0 0 0 0 0 0 0 0 0 0
4 11 29 0 0 0 0 0 0 0 0 0 0 0 0 0 0 0 0 0 0 0 0 0 0 0 0
4 11 30 0 0 0 0 0 0 0 0 0 0 0 0 0 0 0 0 0 0 0 0 0 0 0 0
4 11 31 0 0 0 0 0 0 0 0 0 0 0 0 0 0 0 0 0 0 0 0 0 0 0 0
4 12 0 1 6 0 1 1 115 0 0 0 0 0 0 0 0 0 0 0 0 0 0 0 0 0 0
4 12 1 1 6 0 1 2 115 1 6 1 1 0 115 0 0 0 0 0 0 0 0 0 0 0 0
4 12 2 0 0 0 0 0 0 1 6 1 1 1 115 0 0 0 0 0 0 0 0 0 0 0 0
4 12 3 1 6 2 1 0 116 1 6 1 1 2 115 0 0 0 0 0 0 0 0 0 0 0 0
4 12 4 1 6 2 1 1 116 0 0 0 0 0 0 0 0 0 0 0 0 0 0 0 0 0 0
4 12 5 1 6 2 1 2 116 1 6 3 1 0 116 0 0 0 0 0 0 0 0 0 0 0 0
4 12 6 0 0 0 0 0 0 1 6 3 1 1 116 0 0 0 0 0 0 0 0 0 0 0 0
4 12 7 1 6 4 1 0 117 1 6 3 1 2 116 0 0 0 0 0 0 0 0 0 0 0 0
4 12 8 1 6 4 1 1 117 0 0 0 0 0 0 0 0 0 0 0 0 0 0 0 0 0 0
4 12 9 1 6 4 1 2 117 1 6 5 1 0 117 0 0 0 0 0 0 0 0 0 0 0 0
4 12 10 0 0 0 0 0 0 1 6 5 1 1 117 0 0 0 0 0 0 0 0 0 0 0 0
4 12 11 1 6 6 1 0 118 1 6 5 1 2 117 0 0 0 0 0 0 0 0 0 0 0 0
4 12 12 1 6 6 1 1 118 0 0 0 0 0 0 0 0 0 0 0 0 0 0 0 0 0 0
4 12 13 1 6 6 1 2 118 1 6 7 1 0 118 0 0 0 0 0 0 0 0 0 0 0 0
4 12 14 0 0 0 0 0 0 1 6 7 1 1 118 0 0 0 0 0 0 0 0 0 0 0 0
4 12 15 1 6 8 1 0 119 1 6 7 1 2 118 0 0 0 0 0 0 0 0 0 0 0 0
4 12 16 1 6 8 1 1 119 0 0 0 0 0 0 0 0 0 0 0 0 0 0 0 0 0 0
4 12 17 1 6 8 1 2 119 0 0 0 0 0 0 0 0 0 0 0 0 0 0 0 0 0 0
4 12 18 0 0 0 0 0 0 0 0 0 0 0 0 0 0 0 0 0 0 0 0 0 0 0 0
4 12 19 0 0 0 0 0 0 0 0 0 0 0 0 0 0 0 0 0 0 0 0 0 0 0 0
4 12 20 0 0 0 0 0 0 0 0 0 0 0 0 0 0 0 0 0 0 0 0 0 0 0 0
4 12 21 0 0 0 0 0 0 0 0 0 0 0 0 0 0 0 0 0 0 0 0 0 0 0 0
4 12 22 0 0 0 0 0 0 0 0 0 0 0 0 0 0 0 0 0 0 0 0 0 0 0 0
4 12 23 0 0 0 0 0 0 0 0 0 0 0 0 0 0 0 0 0 0 0 0 0 0 0 0
4 12 24 0 0 0 0 0 0 0 0 0 0 0 0 0 0 0 0 0 0 0 0 0 0 0 0
4 12 25 0 0 0 0 0 0 0 0 0 0 0 0 0 0 0 0 0 0 0 0 0 0 0 0
4 12 26 0 0 0 0 0 0 0 0 0 0 0 0 0 0 0 0 0 0 0 0 0 0 0 0
4 12 27 0 0 0 0 0 0 0 0 0 0 0 0 0 0 0 0 0 0 0 0 0 0 0 0
4 12 28 0 0 0 0 0 0 0 0 0 0 0 0 0 0 0 0 0 0 0 0 0 0 0 0
4 12 29 0 0 0 0 0 0 0 0 0 0 0 0 0 0 0 0 0 0 0 0 0 0 0 0
4 12 30 0 0 0 0 0 0 0 0 0 0 0 0 0 0 0 0 0 0 0 0 0 0 0 0
4 12 31 0 0 0 0 0 0 0 0 0 0 0 0 0 0 0 0 0 0 0 0 0 0 0 0
4 13 0 1 6 0 2 1 115 0 0 0 0 0 0 1 7 0 0 1 115 0 0 0 0 0 0
4 13 1 1 6 0 2 2 115 1 6 1 2 0 115 1 7 0 0 2 115 1 7 1 0 0 115
4 13 2 0 0 0 0 0 0 1 6 1 2 1 115 0 0 0 0 0 0 1 7 1 0 1 115
4 13 3 1 6 2 2 0 116 1 6 1 2 2 115 1 7 2 0 0 116 1 7 1 0 2 115
4 13 4 1 6 2 2 1 116 0 0 0 0 0 0 1 7 2 0 1 116 0 0 0 0 0 0
4 13 5 1 6 2 2 2 116 1 6 3 2 0 116 1 7 2 0 2 116 1 7 3 0 0 116
4 13 6 0 0 0 0 0 0 1 6 3 2 1 116 0 0 0 0 0 0 1 7 3 0 1 116
4 13 7 1 6 4 2 0 117 1 6 3 2 2 116 1 7 4 0 0 117 1 7 3 0 2 116
4 13 8 1 6 4 2 1 117 0 0 0 0 0 0 1 7 4 0 1 117 0 0 0 0 0 0
4 13 9 1 6 4 2 2 117 1 6 5 2 0 117 1 7 4 0 2 117 1 7 5 0 0 117
4 13 10 0 0 0 0 0 0 1 6 5 2 1 117 0 0 0 0 0 0 1 7 5 0 1 117
4 13 11 1 6 6 2 0 118 1 6 5 2 2 117 1 7 6 0 0 118 1 7 5 0 2 117
4 13 12 1 6 6 2 1 118 0 0 0 0 0 0 1 7 6 0 1 118 0 0 0 0 0 0
4 13 13 1 6 6 2 2 118 1 6 7 2 0 118 1 7 6 0 2 118 1 7 7 0 0 118
4 13 14 0 0 0 0 0 0 1 6 7 2 1 118 0 0 0 0 0 0 1 7 7 0 1 118
4 13 15 1 6 8 2 0 119 1 6 7 2 2 118 1 7 8 0 0 119 1 7 7 0 2 118
4 13 16 1 6 8 2 1 119 0 0 0 0 0 0 1 7 8 0 1 119 0 0 0 0 0 0
4 13 17 1 6 8 2 2 119 0 0 0 0 0 0 1 7 8 0 2 119 0 0 0 0 0 0
4 13 18 0 0 0 0 0 0 0 0 0 0 0 0 0 0 0 0 0 0 0 0 0 0 0 0
4 13 19 0 0 0 0 0 0 0 0 0 0 0 0 0 0 0 0 0 0 0 0 0 0 0 0
4 13 20 0 0 0 0 0 0 0 0 0 0 0 0 0 0 0 0 0 0 0 0 0 0 0 0
4 13 21 0 0 0 0 0 0 0 0 0 0 0 0 0 0 0 0 0 0 0 0 0 0 0 0
4 13 22 0 0 0 0 0 0 0 0 0 0 0 0 0 0 0 0 0 0 0 0 0 0 0 0
4 13 23 0 0 0 0 0 0 0 0 0 0 0 0 0 0 0 0 0 0 0 0 0 0 0 0
4 13 24 0 0 0 0 0 0 0 0 0 0 0 0 0 0 0 0 0 0 0 0 0 0 0 0
4 13 25 0 0 0 0 0 0 0 0 0 0 0 0 0 0 0 0 0 0 0 0 0 0 0 0
4 13 26 0 0 0 0 0 0 0 0 0 0 0 0 0 0 0 0 0 0 0 0 0 0 0 0
4 13 27 0 0 0 0 0 0 0 0 0 0 0 0 0 0 0 0 0 0 0 0 0 0 0 0
4 13 28 0 0 0 0 0 0 0 0 0 0 0 0 0 0 0 0 0 0 0 0 0 0 0 0
4 13 29 0 0 0 0 0 0 0 0 0 0 0 0 0 0 0 0 0 0 0 0 0 0 0 0
4 13 30 0 0 0 0 0 0 0 0 0 0 0 0 0 0 0 0 0 0 0 0 0 0 0 0
4 13 31 0 0 0 0 0 0 0 0 0 0 0 0 0 0 0 0 0 0 0 0 0 0 0 0
4 14 0 0 0 0 0 0 0 0 0 0 0 0 0 1 7 0 1 1 115 0 0 0 0 0 0
4 14 1 0 0 0 0 0 0 0 0 0 0 0 0 1 7 0 1 2 115 1 7 1 1 0 115
4 14 2 0 0 0 0 0 0 0 0 0 0 0 0 0 0 0 0 0 0 1 7 1 1 1 115
4 14 3 0 0 0 0 0 0 0 0 0 0 0 0 1 7 2 1 0 116 1 7 1 1 2 115
4 14 4 0 0 0 0 0 0 0 0 0 0 0 0 1 7 2 1 1 116 0 0 0 0 0 0
4 14 5 0 0 0 0 0 0 0 0 0 0 0 0 1 7 2 1 2 116 1 7 3 1 0 116
4 14 6 0 0 0 0 0 0 0 0 0 0 0 0 0 0 0 0 0 0 1 7 3 1 1 116
4 14 7 0 0 0 0 0 0 0 0 0 0 0 0 1 7 4 1 0 117 1 7 3 1 2 116
4 14 8 0 0 0 0 0 0 0 0 0 0 0 0 1 7 4 1 1 117 0 0 0 0 0 0
4 14 9 0 0 0 0 0 0 0 0 0 0 0 0 1 7 4 1 2 117 1 7 5 1 0 117
4 14 10 0 0 0 0 0 0 0 0 0 0 0 0 0 0 0 0 0 0 1 7 5 1 1 117
4 14 11 0 0 0 0 0 0 0 0 0 0 0 0 1 7 6 1 0 118 1 7 5 1 2 117
4 14 12 0 0 0 0 0 0 0 0 0 0 0 0 1 7 6 1 1 118 0 0 0 0 0 0
4 14 13 0 0 0 0 0 0 0 0 0 0 0 0 1 7 6 1 2 118 1 7 7 1 0 118
4 14 14 0 0 0 0 0 0 0 0 0 0 0 0 0 0 0 0 0 0 1 7 7 1 1 118
4 14 15 0 0 0 0 0 0 0 0 0 0 0 0 1 7 8 1 0 119 1 7 7 1 2 118
4 14 16 0 0 0 0 0 0 0 0 0 0 0 0 1 7 8 1 1 119 0 0 0 0 0 0
4 14 17 0 0 0 0 0 0 0 0 0 0 0 0 1 7 8 1 2 119 0 0 0 0 0 0
4 14 18 0 0 0 0 0 0 0 0 0 0 0 0 0 0 0 0 0 0 0 0 0 0 0 0
4 14 19 0 0 0 0 0 0 0 0 0 0 0 0 0 0 0 0 0 0 0 0 0 0 0 0
4 14 20 0 0 0 0 0 0 0 0 0 0 0 0 0 0 0 0 0 0 0 0 0 0 0 0
4 14 21 0 0 0 0 0 0 0 0 0 0 0 0 0 0 0 0 0 0 0 0 0 0 0 0
4 14 22 0 0 0 0 0 0 0 0 0 0 0 0 0 0 0 0 0 0 0 0 0 0 0 0
4 14 23 0 0 0 0 0 0 0 0 0 0 0 0 0 0 0 0 0 0 0 0 0 0 0 0
4 14 24 0 0 0 0 0 0 0 0 0 0 0 0 0 0 0 0 0 0 0 0 0 0 0 0
4 14 25 0 0 0 0 0 0 0 0 0 0 0 0 0 0 0 0 0 0 0 0 0 0 0 0
4 14 26 0 0 0 0 0 0 0 0 0 0 0 0 0 0 0 0 0 0 0 0 0 0 0 0
4 14 27 0 0 0 0 0 0 0 0 0 0 0 0 0 0 0 0 0 0 0 0 0 0 0 0
4 14 28 0 0 0 0 0 0 0 0 0 0 0 0 0 0 0 0 0 0 0 0 0 0 0 0
4 14 29 0 0 0 0 0 0 0 0 0 0 0 0 0 0 0 0 0 0 0 0 0 0 0 0
4 14 30 0 0 0 0 0 0 0 0 0 0 0 0 0 0 0 0 0 0 0 0 0 0 0 0
4 14 31 0 0 0 0 0 0 0 0 0 0 0 0 0 0 0 0 0 0 0 0 0 0 0 0
4 15 0 1 8 0 0 1 120 0 0 0 0 0 0 1 7 0 2 1 115 0 0 0 0 0 0
4 15 1 1 8 0 0 2 120 1 8 1 0 0 120 1 7 0 2 2 115 1 7 1 2 0 115
4 15 2 0 0 0 0 0 0 1 8 1 0 1 120 0 0 0 0 0 0 1 7 1 2 1 115
4 15 3 1 8 2 0 0 121 1 8 1 0 2 120 1 7 2 2 0 116 1 7 1 2 2 115
4 15 4 1 8 2 0 1 121 0 0 0 0 0 0 1 7 2 2 1 116 0 0 0 0 0 0
4 15 5 1 8 2 0 2 121 1 8 3 0 0 121 1 7 2 2 2 116 1 7 3 2 0 116
4 15 6 0 0 0 0 0 0 1 8 3 0 1 121 0 0 0 0 0 0 1 7 3 2 1 116
4 15 7 1 8 4 0 0 122 1 8 3 0 2 121 1 7 4 2 0 117 1 7 3 2 2 116
4 15 8 1 8 4 0 1 122 0 0 0 0 0 0 1 7 4 2 1 117 0 0 0 0 0 0
4 15 9 1 8 4 0 2 122 1 8 5 0 0 122 1 7 4 2 2 117 1 7 5 2 0 117
4 15 10 0 0 0 0 0 0 1 8 5 0 1 122 0 0 0 0 0 0 1 7 5 2 1 117
4 15 11 1 8 6 0 0 123 1 8 5 0 2 122 1 7 6 2 0 118 1 7 5 2 2 117
4 15 12 1 8 6 0 1 123 0 0 0 0 0 0 1 7 6 2 1 118 0 0 0 0 0 0
4 15 13 1 8 6 0 2 123 1 8 7 0 0 123 1 7 6 2 2 118 1 7 7 2 0 118
4 15 14 0 0 0 0 0 0 1 8 7 0 1 123 0 0 0 0 0 0 1 7 7 2 1 118
4 15 15 1 8 8 0 0 124 1 8 7 0 2 123 1 7 8 2 0 119 1 7 7 2 2 118
4 15 16 1 8 8 0 1 124 0 0 0 0 0 0 1 7 8 2 1 119 0 0 0 0 0 0
4 15 17 1 8 8 0 2 124 0 0 0 0 0 0 1 7 8 2 2 119 0 0 0 0 0 0
4 15 18 0 0 0 0 0 0 0 0 0 0 0 0 0 0 0 0 0 0 0 0 0 0 0 0
4 15 19 0 0 0 0 0 0 0 0 0 0 0 0 0 0 0 0 0 0 0 0 0 0 0 0
4 15 20 0 0 0 0 0 0 0 0 0 0 0 0 0 0 0 0 0 0 0 0 0 0 0 0
4 15 21 0 0 0 0 0 0 0 0 0 0 0 0 0 0 0 0 0 0 0 0 0 0 0 0
4 15 22 0 0 0 0 0 0 0 0 0 0 0 0 0 0 0 0 0 0 0 0 0 0 0 0
4 15 23 0 0 0 0 0 0 0 0 0 0 0 0 0 0 0 0 0 0 0 0 0 0 0 0
4 15 24 0 0 0 0 0 0 0 0 0 0 0 0 0 0 0 0 0 0 0 0 0 0 0 0
4 15 25 0 0 0 0 0 0 0 0 0 0 0 0 0 0 0 0 0 0 0 0 0 0 0 0
4 15 26 0 0 0 0 0 0 0 0 0 0 0 0 0 0 0 0 0 0 0 0 0 0 0 0
4 15 27 0 0 0 0 0 0 0 0 0 0 0 0 0 0 0 0 0 0 0 0 0 0 0 0
4 15 28 0 0 0 0 0 0 0 0 0 0 0 0 0 0 0 0 0 0 0 0 0 0 0 0
4 15 29 0 0 0 0 0 0 0 0 0 0 0 0 0 0 0 0 0 0 0 0 0 0 0 0
4 15 30 0 0 0 0 0 0 0 0 0 0 0 0 0 0 0 0 0 0 0 0 0 0 0 0
4 15 31 0 0 0 0 0 0 0 0 0 0 0 0 0 0 0 0 0 0 0 0 0 0 0 0
4 16 0 1 8 0 1 1 120 0 0 0 0 0 0 0 0 0 0 0 0 0 0 0 0 0 0
4 16 1 1 8 0 1 2 120 1 8 1 1 0 120 0 0 0 0 0 0 0 0 0 0 0 0
4 16 2 0 0 0 0 0 0 1 8 1 1 1 120 0 0 0 0 0 0 0 0 0 0 0 0
4 16 3 1 8 2 1 0 121 1 8 1 1 2 120 0 0 0 0 0 0 0 0 0 0 0 0
4 16 4 1 8 2 1 1 121 0 0 0 0 0 0 0 0 0 0 0 0 0 0 0 0 0 0
4 16 5 1 8 2 1 2 121 1 8 3 1 0 121 0 0 0 0 0 0 0 0 0 0 0 0
4 16 6 0 0 0 0 0 0 1 8 3 1 1 121 0 0 0 0 0 0 0 0 0 0 0 0
4 16 7 1 8 4 1 0 122 1 8 3 1 2 121 0 0 0 0 0 0 0 0 0 0 0 0
4 16 8 1 8 4 1 1 122 0 0 0 0 0 0 0 0 0 0 0 0 0 0 0 0 0 0
4 16 9 1 8 4 1 2 122 1 8 5 1 0 122 0 0 0 0 0 0 0 0 0 0 0 0
4 16 10 0 0 0 0 0 0 1 8 5 1 1 122 0 0 0 0 0 0 0 0 0 0 0 0
4 16 11 1 8 6 1 0 123 1 8 5 1 2 122 0 0 0 0 0 0 0 0 0 0 0 0
4 16 12 1 8 6 1 1 123 0 0 0 0 0 0 0 0 0 0 0 0 0 0 0 0 0 0
4 16 13 1 8 6 1 2 123 1 8 7 1 0 123 0 0 0 0 0 0 0 0 0 0 0 0
4 16 14 0 0 0 0 0 0 1 8 7 1 1 123 0 0 0 0 0 0 0 0 0 0 0 0
4 16 15 1 8 8 1 0 124 1 8 7 1 2 123 0 0 0 0 0 0 0 0 0 0 0 0
4 16 16 1 8 8 1 1 124 0 0 0 0 0 0 0 0 0 0 0 0 0 0 0 0 0 0
4 16 17 1 8 8 1 2 124 0 0 0 0 0 0 0 0 0 0 0 0 0 0 0 0 0 0
4 16 18 0 0 0 0 0 0 0 0 0 0 0 0 0 0 0 0 0 0 0 0 0 0 0 0
4 16 19 0 0 0 0 0 0 0 0 0 0 0 0 0 0 0 0 0 0 0 0 0 0 0 0
4 16 20 0 0 0 0 0 0 0 0 0 0 0 0 0 0 0 0 0 0 0 0 0 0 0 0
4 16 21 0 0 0 0 0 0 0 0 0 0 0 0 0 0 0 0 0 0 0 0 0 0 0 0
4 16 22 0 0 0 0 0 0 0 0 0 0 0 0 0 0 0 0 0 0 0 0 0 0 0 0
4 16 23 0 0 0 0 0 0 0 0 0 0 0 0 0 0 0 0 0 0 0 0 0 0 0 0
4 16 24 0 0 0 0 0 0 0 0 0 0 0 0 0 0 0 0 0 0 0 0 0 0 0 0
4 16 25 0 0 0 0 0 0 0 0 0 0 0 0 0 0 0 0 0 0 0 0 0 0 0 0
4 16 26 0 0 0 0 0 0 0 0 0 0 0 0 0 0 0 0 0 0 0 0 0 0 0 0
4 16 27 0 0 0 0 0 0 0 0 0 0 0 0 0 0 0 0 0 0 0 0 0 0 0 0
4 16 28 0 0 0 0 0 0 0 0 0 0 0 0 0 0 0 0 0 0 0 0 0 0 0 0
4 16 29 0 0 0 0 0 0 0 0 0 0 0 0 0 0 0 0 0 0 0 0 0 0 0 0
4 16 30 0 0 0 0 0 0 0 0 0 0 0 0 0 0 0 0 0 0 0 0 0 0 0 0
4 16 31 0 0 0 0 0 0 0 0 0 0 0 0 0 0 0 0 0 0 0 0 0 0 0 0
4 17 0 1 8 0 2 1 120 0 0 0 0 0 0 0 0 0 0 0 0 0 0 0 0 0 0
4 17 1 1 8 0 2 2 120 1 8 1 2 0 120 0 0 0 0 0 0 0 0 0 0 0 0
4 17 2 0 0 0 0 0 0 1 8 1 2 1 120 0 0 0 0 0 0 0 0 0 0 0 0
4 17 3 1 8 2 2 0 121 1 8 1 2 2 120 0 0 0 0 0 0 0 0 0 0 0 0
4 17 4 1 8 2 2 1 121 0 0 0 0 0 0 0 0 0 0 0 0 0 0 0 0 0 0
4 17 5 1 8 2 2 2 121 1 8 3 2 0 121 0 0 0 0 0 0 0 0 0 0 0 0
4 17 6 0 0 0 0 0 0 1 8 3 2 1 121 0 0 0 0 0 0 0 0 0 0 0 0
4 17 7 1 8 4 2 0 122 1 8 3 2 2 121 0 0 0 0 0 0 0 0 0 0 0 0
4 17 8 1 8 4 2 1 122 0 0 0 0 0 0 0 0 0 0 0 0 0 0 0 0 0 0
4 17 9 1 8 4 2 2 122 1 8 5 2 0 122 0 0 0 0 0 0 0 0 0 0 0 0
4 17 10 0 0 0 0 0 0 1 8 5 2 1 122 0 0 0 0 0 0 0 0 0 0 0 0
4 17 11 1 8 6 2 0 123 1 8 5 2 2 122 0 0 0 0 0 0 0 0 0 0 0 0
4 17 12 1 8 6 2 1 123 0 0 0 0 0 0 0 0 0 0 0 0 0 0 0 0 0 0
4 17 13 1 8 6 2 2 123 1 8 7 2 0 123 0 0 0 0 0 0 0 0 0 0 0 0
4 17 14 0 0 0 0 0 0 1 8 7 2 1 123 0 0 0 0 0 0 0 0 0 0 0 0
4 17 15 1 8 8 2 0 124 1 8 7 2 2 123 0 0 0 0 0 0 0 0 0 0 0 0
4 17 16 1 8 8 2 1 124 0 0 0 0 0 0 0 0 0 0 0 0 0 0 0 0 0 0
4 17 17 1 8 8 2 2 124 0 0 0 0 0 0 0 0 0 0 0 0 0 0 0 0 0 0
4 17 18 0 0 0 0 0 0 0 0 0 0 0 0 0 0 0 0 0 0 0 0 0 0 0 0
4 17 19 0 0 0 0 0 0 0 0 0 0 0 0 0 0 0 0 0 0 0 0 0 0 0 0
4 17 20 0 0 0 0 0 0 0 0 0 0 0 0 0 0 0 0 0 0 0 0 0 0 0 0
4 17 21 0 0 0 0 0 0 0 0 0 0 0 0 0 0 0 0 0 0 0 0 0 0 0 0
4 17 22 0 0 0 0 0 0 0 0 0 0 0 0 0 0 0 0 0 0 0 0 0 0 0 0
4 17 23 0 0 0 0 0 0 0 0 0 0 0 0 0 0 0 0 0 0 0 0 0 0 0 0
4 17 24 0 0 0 0 0 0 0 0 0 0 0 0 0 0 0 0 0 0 0 0 0 0 0 0
4 17 25 0 0 0 0 0 0 0 0 0 0 0 0 0 0 0 0 0 0 0 0 0 0 0 0
4 17 26 0 0 0 0 0 0 0 0 0 0 0 0 0 0 0 0 0 0 0 0 0 0 0 0
4 17 27 0 0 0 0 0 0 0 0 0 0 0 0 0 0 0 0 0 0 0 0 0 0 0 0
4 17 28 0 0 0 0 0 0 0 0 0 0 0 0 0 0 0 0 0 0 0 0 0 0 0 0
4 17 29 0 0 0 0 0 0 0 0 0 0 0 0 0 0 0 0 0 0 0 0 0 0 0 0
4 17 30 0 0 0 0 0 0 0 0 0 0 0 0 0 0 0 0 0 0 0 0 0 0 0 0
4 17 31 0 0 0 0 0 0 0 0 0 0 0 0 0 0 0 0 0 0 0 0 0 0 0 0
4 18 0 0 0 0 0 0 0 0 0 0 0 0 0 0 0 0 0 0 0 0 0 0 0 0 0
4 18 1 0 0 0 0 0 0 0 0 0 0 0 0 0 0 0 0 0 0 0 0 0 0 0 0
4 18 2 0 0 0 0 0 0 0 0 0 0 0 0 0 0 0 0 0 0 0 0 0 0 0 0
4 18 3 0 0 0 0 0 0 0 0 0 0 0 0 0 0 0 0 0 0 0 0 0 0 0 0
4 18 4 0 0 0 0 0 0 0 0 0 0 0 0 0 0 0 0 0 0 0 0 0 0 0 0
4 18 5 0 0 0 0 0 0 0 0 0 0 0 0 0 0 0 0 0 0 0 0 0 0 0 0
4 18 6 0 0 0 0 0 0 0 0 0 0 0 0 0 0 0 0 0 0 0 0 0 0 0 0
4 18 7 0 0 0 0 0 0 0 0 0 0 0 0 0 0 0 0 0 0 0 0 0 0 0 0
4 18 8 0 0 0 0 0 0 0 0 0 0 0 0 0 0 0 0 0 0 0 0 0 0 0 0
4 18 9 0 0 0 0 0 0 0 0 0 0 0 0 0 0 0 0 0 0 0 0 0 0 0 0
4 18 10 0 0 0 0 0 0 0 0 0 0 0 0 0 0 0 0 0 0 0 0 0 0 0 0
4 18 11 0 0 0 0 0 0 0 0 0 0 0 0 0 0 0 0 0 0 0 0 0 0 0 0
4 18 12 0 0 0 0 0 0 0 0 0 0 0 0 0 0 0 0 0 0 0 0 0 0 0 0
4 18 13 0 0 0 0 0 0 0 0 0 0 0 0 0 0 0 0 0 0 0 0 0 0 0 0
4 18 14 0 0 0 0 0 0 0 0 0 0 0 0 0 0 0 0 0 0 0 0 0 0 0 0
4 18 15 0 0 0 0 0 0 0 0 0 0 0 0 0 0 0 0 0 0 0 0 0 0 0 0
4 18 16 0 0 0 0 0 0 0 0 0 0 0 0 0 0 0 0 0 0 0 0 0 0 0 0
4 18 17 0 0 0 0 0 0 0 0 0 0 0 0 0 0 0 0 0 0 0 0 0 0 0 0
4 18 18 0 0 0 0 0 0 0 0 0 0 0 0 0 0 0 0 0 0 0 0 0 0 0 0
4 18 19 0 0 0 0 0 0 0 0 0 0 0 0 0 0 0 0 0 0 0 0 0 0 0 0
4 18 20 0 0 0 0 0 0 0 0 0 0 0 0 0 0 0 0 0 0 0 0 0 0 0 0
4 18 21 0 0 0 0 0 0 0 0 0 0 0 0 0 0 0 0 0 0 0 0 0 0 0 0
4 18 22 0 0 0 0 0 0 0 0 0 0 0 0 0 0 0 0 0 0 0 0 0 0 0 0
4 18 23 0 0 0 0 0 0 0 0 0 0 0 0 0 0 0 0 0 0 0 0 0 0 0 0
4 18 24 0 0 0 0 0 0 0 0 0 0 0 0 0 0 0 0 0 0 0 0 0 0 0 0
4 18 25 0 0 0 0 0 0 0 0 0 0 0 0 0 0 0 0 0 0 0 0 0 0 0 0
4 18 26 0 0 0 0 0 0 0 0 0 0 0 0 0 0 0 0 0 0 0 0 0 0 0 0
4 18 27 0 0 0 0 0 0 0 0 0 0 0 0 0 0 0 0 0 0 0 0 0 0 0 0
4 18 28 0 0 0 0 0 0 0 0 0 0 0 0 0 0 0 0 0 0 0 0 0 0 0 0
4 18 29 0 0 0 0 0 0 0 0 0 0 0 0 0 0 0 0 0 0 0 0 0 0 0 0
4 18 30 0 0 0 0 0 0 0 0 0 0 0 0 0 0 0 0 0 0 0 0 0 0 0 0
4 18 31 0 0 0 0 0 0 0 0 0 0 0 0 0 0 0 0 0 0 0 0 0 0 0 0
4 19 0 0 0 0 0 0 0 0 0 0 0 0 0 0 0 0 0 0 0 0 0 0 0 0 0
4 19 1 0 0 0 0 0 0 0 0 0 0 0 0 0 0 0 0 0 0 0 0 0 0 0 0
4 19 2 0 0 0 0 0 0 0 0 0 0 0 0 0 0 0 0 0 0 0 0 0 0 0 0
4 19 3 0 0 0 0 0 0 0 0 0 0 0 0 0 0 0 0 0 0 0 0 0 0 0 0
4 19 4 0 0 0 0 0 0 0 0 0 0 0 0 0 0 0 0 0 0 0 0 0 0 0 0
4 19 5 0 0 0 0 0 0 0 0 0 0 0 0 0 0 0 0 0 0 0 0 0 0 0 0
4 19 6 0 0 0 0 0 0 0 0 0 0 0 0 0 0 0 0 0 0 0 0 0 0 0 0
4 19 7 0 0 0 0 0 0 0 0 0 0 0 0 0 0 0 0 0 0 0 0 0 0 0 0
4 19 8 0 0 0 0 0 0 0 0 0 0 0 0 0 0 0 0 0 0 0 0 0 0 0 0
4 19 9 0 0 0 0 0 0 0 0 0 0 0 0 0 0 0 0 0 0 0 0 0 0 0 0
4 19 10 0 0 0 0 0 0 0 0 0 0 0 0 0 0 0 0 0 0 0 0 0 0 0 0
4 19 11 0 0 0 0 0 0 0 0 0 0 0 0 0 0 0 0 0 0 0 0 0 0 0 0
4 19 12 0 0 0 0 0 0 0 0 0 0 0 0 0 0 0 0 0 0 0 0 0 0 0 0
4 19 13 0 0 0 0 0 0 0 0 0 0 0 0 0 0 0 0 0 0 0 0 0 0 0 0
4 19 14 0 0 0 0 0 0 0 0 0 0 0 0 0 0 0 0 0 0 0 0 0 0 0 0
4 19 15 0 0 0 0 0 0 0 0 0 0 0 0 0 0 0 0 0 0 0 0 0 0 0 0
4 19 16 0 0 0 0 0 0 0 0 0 0 0 0 0 0 0 0 0 0 0 0 0 0 0 0
4 19 17 0 0 0 0 0 0 0 0 0 0 0 0 0 0 0 0 0 0 0 0 0 0 0 0
4 19 18 0 0 0 0 0 0 0 0 0 0 0 0 0 0 0 0 0 0 0 0 0 0 0 0
4 19 19 0 0 0 0 0 0 0 0 0 0 0 0 0 0 0 0 0 0 0 0 0 0 0 0
4 19 20 0 0 0 0 0 0 0 0 0 0 0 0 0 0 0 0 0 0 0 0 0 0 0 0
4 19 21 0 0 0 0 0 0 0 0 0 0 0 0 0 0 0 0 0 0 0 0 0 0 0 0
4 19 22 0 0 0 0 0 0 0 0 0 0 0 0 0 0 0 0 0 0 0 0 0 0 0 0
4 19 23 0 0 0 0 0 0 0 0 0 0 0 0 0 0 0 0 0 0 0 0 0 0 0 0
4 19 24 0 0 0 0 0 0 0 0 0 0 0 0 0 0 0 0 0 0 0 0 0 0 0 0
4 19 25 0 0 0 0 0 0 0 0 0 0 0 0 0 0 0 0 0 0 0 0 0 0 0 0
4 19 26 0 0 0 0 0 0 0 0 0 0 0 0 0 0 0 0 0 0 0 0 0 0 0 0
4 19 27 0 0 0 0 0 0 0 0 0 0 0 0 0 0 0 0 0 0 0 0 0 0 0 0
4 19 28 0 0 0 0 0 0 0 0 0 0 0 0 0 0 0 0 0 0 0 0 0 0 0 0
4 19 29 0 0 0 0 0 0 0 0 0 0 0 0 0 0 0 0 0 0 0 0 0 0 0 0
4 19 30 0 0 0 0 0 0 0 0 0 0 0 0 0 0 0 0 0 0 0 0 0 0 0 0
4 19 31 0 0 0 0 0 0 0 0 0 0 0 0 0 0 0 0 0 0 0 0 0 0 0 0
4 20 0 0 0 0 0 0 0 0 0 0 0 0 0 0 0 0 0 0 0 0 0 0 0 0 0
4 20 1 0 0 0 0 0 0 0 0 0 0 0 0 0 0 0 0 0 0 0 0 0 0 0 0
4 20 2 0 0 0 0 0 0 0 0 0 0 0 0 0 0 0 0 0 0 0 0 0 0 0 0
4 20 3 0 0 0 0 0 0 0 0 0 0 0 0 0 0 0 0 0 0 0 0 0 0 0 0
4 20 4 0 0 0 0 0 0 0 0 0 0 0 0 0 0 0 0 0 0 0 0 0 0 0 0
4 20 5 0 0 0 0 0 0 0 0 0 0 0 0 0 0 0 0 0 0 0 0 0 0 0 0
4 20 6 0 0 0 0 0 0 0 0 0 0 0 0 0 0 0 0 0 0 0 0 0 0 0 0
4 20 7 0 0 0 0 0 0 0 0 0 0 0 0 0 0 0 0 0 0 0 0 0 0 0 0
4 20 8 0 0 0 0 0 0 0 0 0 0 0 0 0 0 0 0 0 0 0 0 0 0 0 0
4 20 9 0 0 0 0 0 0 0 0 0 0 0 0 0 0 0 0 0 0 0 0 0 0 0 0
4 20 10 0 0 0 0 0 0 0 0 0 0 0 0 0 0 0 0 0 0 0 0 0 0 0 0
4 20 11 0 0 0 0 0 0 0 0 0 0 0 0 0 0 0 0 0 0 0 0 0 0 0 0
4 20 12 0 0 0 0 0 0 0 0 0 0 0 0 0 0 0 0 0 0 0 0 0 0 0 0
4 20 13 0 0 0 0 0 0 0 0 0 0 0 0 0 0 0 0 0 0 0 0 0 0 0 0
4 20 14 0 0 0 0 0 0 0 0 0 0 0 0 0 0 0 0 0 0 0 0 0 0 0 0
4 20 15 0 0 0 0 0 0 0 0 0 0 0 0 0 0 0 0 0 0 0 0 0 0 0 0
4 20 16 0 0 0 0 0 0 0 0 0 0 0 0 0 0 0 0 0 0 0 0 0 0 0 0
4 20 17 0 0 0 0 0 0 0 0 0 0 0 0 0 0 0 0 0 0 0 0 0 0 0 0
4 20 18 0 0 0 0 0 0 0 0 0 0 0 0 0 0 0 0 0 0 0 0 0 0 0 0
4 20 19 0 0 0 0 0 0 0 0 0 0 0 0 0 0 0 0 0 0 0 0 0 0 0 0
4 20 20 0 0 0 0 0 0 0 0 0 0 0 0 0 0 0 0 0 0 0 0 0 0 0 0
4 20 21 0 0 0 0 0 0 0 0 0 0 0 0 0 0 0 0 0 0 0 0 0 0 0 0
4 20 22 0 0 0 0 0 0 0 0 0 0 0 0 0 0 0 0 0 0 0 0 0 0 0 0
4 20 23 0 0 0 0 0 0 0 0 0 0 0 0 0 0 0 0 0 0 0 0 0 0 0 0
4 20 24 0 0 0 0 0 0 0 0 0 0 0 0 0 0 0 0 0 0 0 0 0 0 0 0
4 20 25 0 0 0 0 0 0 0 0 0 0 0 0 0 0 0 0 0 0 0 0 0 0 0 0
4 20 26 0 0 0 0 0 0 0 0 0 0 0 0 0 0 0 0 0 0 0 0 0 0 0 0
4 20 27 0 0 0 0 0 0 0 0 0 0 0 0 0 0 0 0 0 0 0 0 0 0 0 0
4 20 28 0 0 0 0 0 0 0 0 0 0 0 0 0 0 0 0 0 0 0 0 0 0 0 0
4 20 29 0 0 0 0 0 0 0 0 0 0 0 0 0 0 0 0 0 0 0 0 0 0 0 0
4 20 30 0 0 0 0 0 0 0 0 0 0 0 0 0 0 0 0 0 0 0 0 0 0 0 0
4 20 31 0 0 0 0 0 0 0 0 0 0 0 0 0 0 0 0 0 0 0 0 0 0 0 0
4 21 0 0 0 0 0 0 0 0 0 0 0 0 0 0 0 0 0 0 0 0 0 0 0 0 0
4 21 1 0 0 0 0 0 0 0 0 0 0 0 0 0 0 0 0 0 0 0 0 0 0 0 0
4 21 2 0 0 0 0 0 0 0 0 0 0 0 0 0 0 0 0 0 0 0 0 0 0 0 0
4 21 3 0 0 0 0 0 0 0 0 0 0 0 0 0 0 0 0 0 0 0 0 0 0 0 0
4 21 4 0 0 0 0 0 0 0 0 0 0 0 0 0 0 0 0 0 0 0 0 0 0 0 0
4 21 5 0 0 0 0 0 0 0 0 0 0 0 0 0 0 0 0 0 0 0 0 0 0 0 0
4 21 6 0 0 0 0 0 0 0 0 0 0 0 0 0 0 0 0 0 0 0 0 0 0 0 0
4 21 7 0 0 0 0 0 0 0 0 0 0 0 0 0 0 0 0 0 0 0 0 0 0 0 0
4 21 8 0 0 0 0 0 0 0 0 0 0 0 0 0 0 0 0 0 0 0 0 0 0 0 0
4 21 9 0 0 0 0 0 0 0 0 0 0 0 0 0 0 0 0 0 0 0 0 0 0 0 0
4 21 10 0 0 0 0 0 0 0 0 0 0 0 0 0 0 0 0 0 0 0 0 0 0 0 0
4 21 11 0 0 0 0 0 0 0 0 0 0 0 0 0 0 0 0 0 0 0 0 0 0 0 0
4 21 12 0 0 0 0 0 0 0 0 0 0 0 0 0 0 0 0 0 0 0 0 0 0 0 0
4 21 13 0 0 0 0 0 0 0 0 0 0 0 0 0 0 0 0 0 0 0 0 0 0 0 0
4 21 14 0 0 0 0 0 0 0 0 0 0 0 0 0 0 0 0 0 0 0 0 0 0 0 0
4 21 15 0 0 0 0 0 0 0 0 0 0 0 0 0 0 0 0 0 0 0 0 0 0 0 0
4 21 16 0 0 0 0 0 0 0 0 0 0 0 0 0 0 0 0 0 0 0 0 0 0 0 0
4 21 17 0 0 0 0 0 0 0 0 0 0 0 0 0 0 0 0 0 0 0 0 0 0 0 0
4 21 18 0 0 0 0 0 0 0 0 0 0 0 0 0 0 0 0 0 0 0 0 0 0 0 0
4 21 19 0 0 0 0 0 0 0 0 0 0 0 0 0 0 0 0 0 0 0 0 0 0 0 0
4 21 20 0 0 0 0 0 0 0 0 0 0 0 0 0 0 0 0 0 0 0 0 0 0 0 0
4 21 21 0 0 0 0 0 0 0 0 0 0 0 0 0 0 0 0 0 0 0 0 0 0 0 0
4 21 22 0 0 0 0 0 0 0 0 0 0 0 0 0 0 0 0 0 0 0 0 0 0 0 0
4 21 23 0 0 0 0 0 0 0 0 0 0 0 0 0 0 0 0 0 0 0 0 0 0 0 0
4 21 24 0 0 0 0 0 0 0 0 0 0 0 0 0 0 0 0 0 0 0 0 0 0 0 0
4 21 25 0 0 0 0 0 0 0 0 0 0 0 0 0 0 0 0 0 0 0 0 0 0 0 0
4 21 26 0 0 0 0 0 0 0 0 0 0 0 0 0 0 0 0 0 0 0 0 0 0 0 0
4 21 27 0 0 0 0 0 0 0 0 0 0 0 0 0 0 0 0 0 0 0 0 0 0 0 0
4 21 28 0 0 0 0 0 0 0 0 0 0 0 0 0 0 0 0 0 0 0 0 0 0 0 0
4 21 29 0 0 0 0 0 0 0 0 0 0 0 0 0 0 0 0 0 0 0 0 0 0 0 0
4 21 30 0 0 0 0 0 0 0 0 0 0 0 0 0 0 0 0 0 0 0 0 0 0 0 0
4 21 31 0 0 0 0 0 0 0 0 0 0 0 0 0 0 0 0 0 0 0 0 0 0 0 0
4 22 0 0 0 0 0 0 0 0 0 0 0 0 0 0 0 0 0 0 0 0 0 0 0 0 0
4 22 1 0 0 0 0 0 0 0 0 0 0 0 0 0 0 0 0 0 0 0 0 0 0 0 0
4 22 2 0 0 0 0 0 0 0 0 0 0 0 0 0 0 0 0 0 0 0 0 0 0 0 0
4 22 3 0 0 0 0 0 0 0 0 0 0 0 0 0 0 0 0 0 0 0 0 0 0 0 0
4 22 4 0 0 0 0 0 0 0 0 0 0 0 0 0 0 0 0 0 0 0 0 0 0 0 0
4 22 5 0 0 0 0 0 0 0 0 0 0 0 0 0 0 0 0 0 0 0 0 0 0 0 0
4 22 6 0 0 0 0 0 0 0 0 0 0 0 0 0 0 0 0 0 0 0 0 0 0 0 0
4 22 7 0 0 0 0 0 0 0 0 0 0 0 0 0 0 0 0 0 0 0 0 0 0 0 0
4 22 8 0 0 0 0 0 0 0 0 0 0 0 0 0 0 0 0 0 0 0 0 0 0 0 0
4 22 9 0 0 0 0 0 0 0 0 0 0 0 0 0 0 0 0 0 0 0 0 0 0 0 0
4 22 10 0 0 0 0 0 0 0 0 0 0 0 0 0 0 0 0 0 0 0 0 0 0 0 0
4 22 11 0 0 0 0 0 0 0 0 0 0 0 0 0 0 0 0 0 0 0 0 0 0 0 0
4 22 12 0 0 0 0 0 0 0 0 0 0 0 0 0 0 0 0 0 0 0 0 0 0 0 0
4 22 13 0 0 0 0 0 0 0 0 0 0 0 0 0 0 0 0 0 0 0 0 0 0 0 0
4 22 14 0 0 0 0 0 0 0 0 0 0 0 0 0 0 0 0 0 0 0 0 0 0 0 0
4 22 15 0 0 0 0 0 0 0 0 0 0 0 0 0 0 0 0 0 0 0 0 0 0 0 0
4 22 16 0 0 0 0 0 0 0 0 0 0 0 0 0 0 0 0 0 0 0 0 0 0 0 0
4 22 17 0 0 0 0 0 0 0 0 0 0 0 0 0 0 0 0 0 0 0 0 0 0 0 0
4 22 18 0 0 0 0 0 0 0 0 0 0 0 0 0 0 0 0 0 0 0 0 0 0 0 0
4 22 19 0 0 0 0 0 0 0 0 0 0 0 0 0 0 0 0 0 0 0 0 0 0 0 0
4 22 20 0 0 0 0 0 0 0 0 0 0 0 0 0 0 0 0 0 0 0 0 0 0 0 0
4 22 21 0 0 0 0 0 0 0 0 0 0 0 0 0 0 0 0 0 0 0 0 0 0 0 0
4 22 22 0 0 0 0 0 0 0 0 0 0 0 0 0 0 0 0 0 0 0 0 0 0 0 0
4 22 23 0 0 0 0 0 0 0 0 0 0 0 0 0 0 0 0 0 0 0 0 0 0 0 0
4 22 24 0 0 0 0 0 0 0 0 0 0 0 0 0 0 0 0 0 0 0 0 0 0 0 0
4 22 25 0 0 0 0 0 0 0 0 0 0 0 0 0 0 0 0 0 0 0 0 0 0 0 0
4 22 26 0 0 0 0 0 0 0 0 0 0 0 0 0 0 0 0 0 0 0 0 0 0 0 0
4 22 27 0 0 0 0 0 0 0 0 0 0 0 0 0 0 0 0 0 0 0 0 0 0 0 0
4 22 28 0 0 0 0 0 0 0 0 0 0 0 0 0 0 0 0 0 0 0 0 0 0 0 0
4 22 29 0 0 0 0 0 0 0 0 0 0 0 0 0 0 0 0 0 0 0 0 0 0 0 0
4 22 30 0 0 0 0 0 0 0 0 0 0 0 0 0 0 0 0 0 0 0 0 0 0 0 0
4 22 31 0 0 0 0 0 0 0 0 0 0 0 0 0 0 0 0 0 0 0 0 0 0 0 0
4 23 0 0 0 0 0 0 0 0 0 0 0 0 0 0 0 0 0 0 0 0 0 0 0 0 0
4 23 1 0 0 0 0 0 0 0 0 0 0 0 0 0 0 0 0 0 0 0 0 0 0 0 0
4 23 2 0 0 0 0 0 0 0 0 0 0 0 0 0 0 0 0 0 0 0 0 0 0 0 0
4 23 3 0 0 0 0 0 0 0 0 0 0 0 0 0 0 0 0 0 0 0 0 0 0 0 0
4 23 4 0 0 0 0 0 0 0 0 0 0 0 0 0 0 0 0 0 0 0 0 0 0 0 0
4 23 5 0 0 0 0 0 0 0 0 0 0 0 0 0 0 0 0 0 0 0 0 0 0 0 0
4 23 6 0 0 0 0 0 0 0 0 0 0 0 0 0 0 0 0 0 0 0 0 0 0 0 0
4 23 7 0 0 0 0 0 0 0 0 0 0 0 0 0 0 0 0 0 0 0 0 0 0 0 0
4 23 8 0 0 0 0 0 0 0 0 0 0 0 0 0 0 0 0 0 0 0 0 0 0 0 0
4 23 9 0 0 0 0 0 0 0 0 0 0 0 0 0 0 0 0 0 0 0 0 0 0 0 0
4 23 10 0 0 0 0 0 0 0 0 0 0 0 0 0 0 0 0 0 0 0 0 0 0 0 0
4 23 11 0 0 0 0 0 0 0 0 0 0 0 0 0 0 0 0 0 0 0 0 0 0 0 0
4 23 12 0 0 0 0 0 0 0 0 0 0 0 0 0 0 0 0 0 0 0 0 0 0 0 0
4 23 13 0 0 0 0 0 0 0 0 0 0 0 0 0 0 0 0 0 0 0 0 0 0 0 0
4 23 14 0 0 0 0 0 0 0 0 0 0 0 0 0 0 0 0 0 0 0 0 0 0 0 0
4 23 15 0 0 0 0 0 0 0 0 0 0 0 0 0 0 0 0 0 0 0 0 0 0 0 0
4 23 16 0 0 0 0 0 0 0 0 0 0 0 0 0 0 0 0 0 0 0 0 0 0 0 0
4 23 17 0 0 0 0 0 0 0 0 0 0 0 0 0 0 0 0 0 0 0 0 0 0 0 0
4 23 18 0 0 0 0 0 0 0 0 0 0 0 0 0 0 0 0 0 0 0 0 0 0 0 0
4 23 19 0 0 0 0 0 0 0 0 0 0 0 0 0 0 0 0 0 0 0 0 0 0 0 0
4 23 20 0 0 0 0 0 0 0 0 0 0 0 0 0 0 0 0 0 0 0 0 0 0 0 0
4 23 21 0 0 0 0 0 0 0 0 0 0 0 0 0 0 0 0 0 0 0 0 0 0 0 0
4 23 22 0 0 0 0 0 0 0 0 0 0 0 0 0 0 0 0 0 0 0 0 0 0 0 0
4 23 23 0 0 0 0 0 0 0 0 0 0 0 0 0 0 0 0 0 0 0 0 0 0 0 0
4 23 24 0 0 0 0 0 0 0 0 0 0 0 0 0 0 0 0 0 0 0 0 0 0 0 0
4 23 25 0 0 0 0 0 0 0 0 0 0 0 0 0 0 0 0 0 0 0 0 0 0 0 0
4 23 26 0 0 0 0 0 0 0 0 0 0 0 0 0 0 0 0 0 0 0 0 0 0 0 0
4 23 27 0 0 0 0 0 0 0 0 0 0 0 0 0 0 0 0 0 0 0 0 0 0 0 0
4 23 28 0 0 0 0 0 0 0 0 0 0 0 0 0 0 0 0 0 0 0 0 0 0 0 0
4 23 29 0 0 0 0 0 0 0 0 0 0 0 0 0 0 0 0 0 0 0 0 0 0 0 0
4 23 30 0 0 0 0 0 0 0 0 0 0 0 0 0 0 0 0 0 0 0 0 0 0 0 0
4 23 31 0 0 0 0 0 0 0 0 0 0 0 0 0 0 0 0 0 0 0 0 0 0 0 0
4 24 0 0 0 0 0 0 0 0 0 0 0 0 0 0 0 0 0 0 0 0 0 0 0 0 0
4 24 1 0 0 0 0 0 0 0 0 0 0 0 0 0 0 0 0 0 0 0 0 0 0 0 0
4 24 2 0 0 0 0 0 0 0 0 0 0 0 0 0 0 0 0 0 0 0 0 0 0 0 0
4 24 3 0 0 0 0 0 0 0 0 0 0 0 0 0 0 0 0 0 0 0 0 0 0 0 0
4 24 4 0 0 0 0 0 0 0 0 0 0 0 0 0 0 0 0 0 0 0 0 0 0 0 0
4 24 5 0 0 0 0 0 0 0 0 0 0 0 0 0 0 0 0 0 0 0 0 0 0 0 0
4 24 6 0 0 0 0 0 0 0 0 0 0 0 0 0 0 0 0 0 0 0 0 0 0 0 0
4 24 7 0 0 0 0 0 0 0 0 0 0 0 0 0 0 0 0 0 0 0 0 0 0 0 0
4 24 8 0 0 0 0 0 0 0 0 0 0 0 0 0 0 0 0 0 0 0 0 0 0 0 0
4 24 9 0 0 0 0 0 0 0 0 0 0 0 0 0 0 0 0 0 0 0 0 0 0 0 0
4 24 10 0 0 0 0 0 0 0 0 0 0 0 0 0 0 0 0 0 0 0 0 0 0 0 0
4 24 11 0 0 0 0 0 0 0 0 0 0 0 0 0 0 0 0 0 0 0 0 0 0 0 0
4 24 12 0 0 0 0 0 0 0 0 0 0 0 0 0 0 0 0 0 0 0 0 0 0 0 0
4 24 13 0 0 0 0 0 0 0 0 0 0 0 0 0 0 0 0 0 0 0 0 0 0 0 0
4 24 14 0 0 0 0 0 0 0 0 0 0 0 0 0 0 0 0 0 0 0 0 0 0 0 0
4 24 15 0 0 0 0 0 0 0 0 0 0 0 0 0 0 0 0 0 0 0 0 0 0 0 0
4 24 16 0 0 0 0 0 0 0 0 0 0 0 0 0 0 0 0 0 0 0 0 0 0 0 0
4 24 17 0 0 0 0 0 0 0 0 0 0 0 0 0 0 0 0 0 0 0 0 0 0 0 0
4 24 18 0 0 0 0 0 0 0 0 0 0 0 0 0 0 0 0 0 0 0 0 0 0 0 0
4 24 19 0 0 0 0 0 0 0 0 0 0 0 0 0 0 0 0 0 0 0 0 0 0 0 0
4 24 20 0 0 0 0 0 0 0 0 0 0 0 0 0 0 0 0 0 0 0 0 0 0 0 0
4 24 21 0 0 0 0 0 0 0 0 0 0 0 0 0 0 0 0 0 0 0 0 0 0 0 0
4 24 22 0 0 0 0 0 0 0 0 0 0 0 0 0 0 0 0 0 0 0 0 0 0 0 0
4 24 23 0 0 0 0 0 0 0 0 0 0 0 0 0 0 0 0 0 0 0 0 0 0 0 0
4 24 24 0 0 0 0 0 0 0 0 0 0 0 0 0 0 0 0 0 0 0 0 0 0 0 0
4 24 25 0 0 0 0 0 0 0 0 0 0 0 0 0 0 0 0 0 0 0 0 0 0 0 0
4 24 26 0 0 0 0 0 0 0 0 0 0 0 0 0 0 0 0 0 0 0 0 0 0 0 0
4 24 27 0 0 0 0 0 0 0 0 0 0 0 0 0 0 0 0 0 0 0 0 0 0 0 0
4 24 28 0 0 0 0 0 0 0 0 0 0 0 0 0 0 0 0 0 0 0 0 0 0 0 0
4 24 29 0 0 0 0 0 0 0 0 0 0 0 0 0 0 0 0 0 0 0 0 0 0 0 0
4 24 30 0 0 0 0 0 0 0 0 0 0 0 0 0 0 0 0 0 0 0 0 0 0 0 0
4 24 31 0 0 0 0 0 0 0 0 0 0 0 0 0 0 0 0 0 0 0 0 0 0 0 0
4 25 0 0 0 0 0 0 0 0 0 0 0 0 0 0 0 0 0 0 0 0 0 0 0 0 0
4 25 1 0 0 0 0 0 0 0 0 0 0 0 0 0 0 0 0 0 0 0 0 0 0 0 0
4 25 2 0 0 0 0 0 0 0 0 0 0 0 0 0 0 0 0 0 0 0 0 0 0 0 0
4 25 3 0 0 0 0 0 0 0 0 0 0 0 0 0 0 0 0 0 0 0 0 0 0 0 0
4 25 4 0 0 0 0 0 0 0 0 0 0 0 0 0 0 0 0 0 0 0 0 0 0 0 0
4 25 5 0 0 0 0 0 0 0 0 0 0 0 0 0 0 0 0 0 0 0 0 0 0 0 0
4 25 6 0 0 0 0 0 0 0 0 0 0 0 0 0 0 0 0 0 0 0 0 0 0 0 0
4 25 7 0 0 0 0 0 0 0 0 0 0 0 0 0 0 0 0 0 0 0 0 0 0 0 0
4 25 8 0 0 0 0 0 0 0 0 0 0 0 0 0 0 0 0 0 0 0 0 0 0 0 0
4 25 9 0 0 0 0 0 0 0 0 0 0 0 0 0 0 0 0 0 0 0 0 0 0 0 0
4 25 10 0 0 0 0 0 0 0 0 0 0 0 0 0 0 0 0 0 0 0 0 0 0 0 0
4 25 11 0 0 0 0 0 0 0 0 0 0 0 0 0 0 0 0 0 0 0 0 0 0 0 0
4 25 12 0 0 0 0 0 0 0 0 0 0 0 0 0 0 0 0 0 0 0 0 0 0 0 0
4 25 13 0 0 0 0 0 0 0 0 0 0 0 0 0 0 0 0 0 0 0 0 0 0 0 0
4 25 14 0 0 0 0 0 0 0 0 0 0 0 0 0 0 0 0 0 0 0 0 0 0 0 0
4 25 15 0 0 0 0 0 0 0 0 0 0 0 0 0 0 0 0 0 0 0 0 0 0 0 0
4 25 16 0 0 0 0 0 0 0 0 0 0 0 0 0 0 0 0 0 0 0 0 0 0 0 0
4 25 17 0 0 0 0 0 0 0 0 0 0 0 0 0 0 0 0 0 0 0 0 0 0 0 0
4 25 18 0 0 0 0 0 0 0 0 0 0 0 0 0 0 0 0 0 0 0 0 0 0 0 0
4 25 19 0 0 0 0 0 0 0 0 0 0 0 0 0 0 0 0 0 0 0 0 0 0 0 0
4 25 20 0 0 0 0 0 0 0 0 0 0 0 0 0 0 0 0 0 0 0 0 0 0 0 0
4 25 21 0 0 0 0 0 0 0 0 0 0 0 0 0 0 0 0 0 0 0 0 0 0 0 0
4 25 22 0 0 0 0 0 0 0 0 0 0 0 0 0 0 0 0 0 0 0 0 0 0 0 0
4 25 23 0 0 0 0 0 0 0 0 0 0 0 0 0 0 0 0 0 0 0 0 0 0 0 0
4 25 24 0 0 0 0 0 0 0 0 0 0 0 0 0 0 0 0 0 0 0 0 0 0 0 0
4 25 25 0 0 0 0 0 0 0 0 0 0 0 0 0 0 0 0 0 0 0 0 0 0 0 0
4 25 26 0 0 0 0 0 0 0 0 0 0 0 0 0 0 0 0 0 0 0 0 0 0 0 0
4 25 27 0 0 0 0 0 0 0 0 0 0 0 0 0 0 0 0 0 0 0 0 0 0 0 0
4 25 28 0 0 0 0 0 0 0 0 0 0 0 0 0 0 0 0 0 0 0 0 0 0 0 0
4 25 29 0 0 0 0 0 0 0 0 0 0 0 0 0 0 0 0 0 0 0 0 0 0 0 0
4 25 30 0 0 0 0 0 0 0 0 0 0 0 0 0 0 0 0 0 0 0 0 0 0 0 0
4 25 31 0 0 0 0 0 0 0 0 0 0 0 0 0 0 0 0 0 0 0 0 0 0 0 0
4 26 0 0 0 0 0 0 0 0 0 0 0 0 0 0 0 0 0 0 0 0 0 0 0 0 0
4 26 1 0 0 0 0 0 0 0 0 0 0 0 0 0 0 0 0 0 0 0 0 0 0 0 0
4 26 2 0 0 0 0 0 0 0 0 0 0 0 0 0 0 0 0 0 0 0 0 0 0 0 0
4 26 3 0 0 0 0 0 0 0 0 0 0 0 0 0 0 0 0 0 0 0 0 0 0 0 0
4 26 4 0 0 0 0 0 0 0 0 0 0 0 0 0 0 0 0 0 0 0 0 0 0 0 0
4 26 5 0 0 0 0 0 0 0 0 0 0 0 0 0 0 0 0 0 0 0 0 0 0 0 0
4 26 6 0 0 0 0 0 0 0 0 0 0 0 0 0 0 0 0 0 0 0 0 0 0 0 0
4 26 7 0 0 0 0 0 0 0 0 0 0 0 0 0 0 0 0 0 0 0 0 0 0 0 0
4 26 8 0 0 0 0 0 0 0 0 0 0 0 0 0 0 0 0 0 0 0 0 0 0 0 0
4 26 9 0 0 0 0 0 0 0 0 0 0 0 0 0 0 0 0 0 0 0 0 0 0 0 0
4 26 10 0 0 0 0 0 0 0 0 0 0 0 0 0 0 0 0 0 0 0 0 0 0 0 0
4 26 11 0 0 0 0 0 0 0 0 0 0 0 0 0 0 0 0 0 0 0 0 0 0 0 0
4 26 12 0 0 0 0 0 0 0 0 0 0 0 0 0 0 0 0 0 0 0 0 0 0 0 0
4 26 13 0 0 0 0 0 0 0 0 0 0 0 0 0 0 0 0 0 0 0 0 0 0 0 0
4 26 14 0 0 0 0 0 0 0 0 0 0 0 0 0 0 0 0 0 0 0 0 0 0 0 0
4 26 15 0 0 0 0 0 0 0 0 0 0 0 0 0 0 0 0 0 0 0 0 0 0 0 0
4 26 16 0 0 0 0 0 0 0 0 0 0 0 0 0 0 0 0 0 0 0 0 0 0 0 0
4 26 17 0 0 0 0 0 0 0 0 0 0 0 0 0 0 0 0 0 0 0 0 0 0 0 0
4 26 18 0 0 0 0 0 0 0 0 0 0 0 0 0 0 0 0 0 0 0 0 0 0 0 0
4 26 19 0 0 0 0 0 0 0 0 0 0 0 0 0 0 0 0 0 0 0 0 0 0 0 0
4 26 20 0 0 0 0 0 0 0 0 0 0 0 0 0 0 0 0 0 0 0 0 0 0 0 0
4 26 21 0 0 0 0 0 0 0 0 0 0 0 0 0 0 0 0 0 0 0 0 0 0 0 0
4 26 22 0 0 0 0 0 0 0 0 0 0 0 0 0 0 0 0 0 0 0 0 0 0 0 0
4 26 23 0 0 0 0 0 0 0 0 0 0 0 0 0 0 0 0 0 0 0 0 0 0 0 0
4 26 24 0 0 0 0 0 0 0 0 0 0 0 0 0 0 0 0 0 0 0 0 0 0 0 0
4 26 25 0 0 0 0 0 0 0 0 0 0 0 0 0 0 0 0 0 0 0 0 0 0 0 0
4 26 26 0 0 0 0 0 0 0 0 0 0 0 0 0 0 0 0 0 0 0 0 0 0 0 0
4 26 27 0 0 0 0 0 0 0 0 0 0 0 0 0 0 0 0 0 0 0 0 0 0 0 0
4 26 28 0 0 0 0 0 0 0 0 0 0 0 0 0 0 0 0 0 0 0 0 0 0 0 0
4 26 29 0 0 0 0 0 0 0 0 0 0 0 0 0 0 0 0 0 0 0 0 0 0 0 0
4 26 30 0 0 0 0 0 0 0 0 0 0 0 0 0 0 0 0 0 0 0 0 0 0 0 0
4 26 31 0 0 0 0 0 0 0 0 0 0 0 0 0 0 0 0 0 0 0 0 0 0 0 0
4 27 0 0 0 0 0 0 0 0 0 0 0 0 0 0 0 0 0 0 0 0 0 0 0 0 0
4 27 1 0 0 0 0 0 0 0 0 0 0 0 0 0 0 0 0 0 0 0 0 0 0 0 0
4 27 2 0 0 0 0 0 0 0 0 0 0 0 0 0 0 0 0 0 0 0 0 0 0 0 0
4 27 3 0 0 0 0 0 0 0 0 0 0 0 0 0 0 0 0 0 0 0 0 0 0 0 0
4 27 4 0 0 0 0 0 0 0 0 0 0 0 0 0 0 0 0 0 0 0 0 0 0 0 0
4 27 5 0 0 0 0 0 0 0 0 0 0 0 0 0 0 0 0 0 0 0 0 0 0 0 0
4 27 6 0 0 0 0 0 0 0 0 0 0 0 0 0 0 0 0 0 0 0 0 0 0 0 0
4 27 7 0 0 0 0 0 0 0 0 0 0 0 0 0 0 0 0 0 0 0 0 0 0 0 0
4 27 8 0 0 0 0 0 0 0 0 0 0 0 0 0 0 0 0 0 0 0 0 0 0 0 0
4 27 9 0 0 0 0 0 0 0 0 0 0 0 0 0 0 0 0 0 0 0 0 0 0 0 0
4 27 10 0 0 0 0 0 0 0 0 0 0 0 0 0 0 0 0 0 0 0 0 0 0 0 0
4 27 11 0 0 0 0 0 0 0 0 0 0 0 0 0 0 0 0 0 0 0 0 0 0 0 0
4 27 12 0 0 0 0 0 0 0 0 0 0 0 0 0 0 0 0 0 0 0 0 0 0 0 0
4 27 13 0 0 0 0 0 0 0 0 0 0 0 0 0 0 0 0 0 0 0 0 0 0 0 0
4 27 14 0 0 0 0 0 0 0 0 0 0 0 0 0 0 0 0 0 0 0 0 0 0 0 0
4 27 15 0 0 0 0 0 0 0 0 0 0 0 0 0 0 0 0 0 0 0 0 0 0 0 0
4 27 16 0 0 0 0 0 0 0 0 0 0 0 0 0 0 0 0 0 0 0 0 0 0 0 0
4 27 17 0 0 0 0 0 0 0 0 0 0 0 0 0 0 0 0 0 0 0 0 0 0 0 0
4 27 18 0 0 0 0 0 0 0 0 0 0 0 0 0 0 0 0 0 0 0 0 0 0 0 0
4 27 19 0 0 0 0 0 0 0 0 0 0 0 0 0 0 0 0 0 0 0 0 0 0 0 0
4 27 20 0 0 0 0 0 0 0 0 0 0 0 0 0 0 0 0 0 0 0 0 0 0 0 0
4 27 21 0 0 0 0 0 0 0 0 0 0 0 0 0 0 0 0 0 0 0 0 0 0 0 0
4 27 22 0 0 0 0 0 0 0 0 0 0 0 0 0 0 0 0 0 0 0 0 0 0 0 0
4 27 23 0 0 0 0 0 0 0 0 0 0 0 0 0 0 0 0 0 0 0 0 0 0 0 0
4 27 24 0 0 0 0 0 0 0 0 0 0 0 0 0 0 0 0 0 0 0 0 0 0 0 0
4 27 25 0 0 0 0 0 0 0 0 0 0 0 0 0 0 0 0 0 0 0 0 0 0 0 0
4 27 26 0 0 0 0 0 0 0 0 0 0 0 0 0 0 0 0 0 0 0 0 0 0 0 0
4 27 27 0 0 0 0 0 0 0 0 0 0 0 0 0 0 0 0 0 0 0 0 0 0 0 0
4 27 28 0 0 0 0 0 0 0 0 0 0 0 0 0 0 0 0 0 0 0 0 0 0 0 0
4 27 29 0 0 0 0 0 0 0 0 0 0 0 0 0 0 0 0 0 0 0 0 0 0 0 0
4 27 30 0 0 0 0 0 0 0 0 0 0 0 0 0 0 0 0 0 0 0 0 0 0 0 0
4 27 31 0 0 0 0 0 0 0 0 0 0 0 0 0 0 0 0 0 0 0 0 0 0 0 0
4 28 0 0 0 0 0 0 0 0 0 0 0 0 0 0 0 0 0 0 0 0 0 0 0 0 0
4 28 1 0 0 0 0 0 0 0 0 0 0 0 0 0 0 0 0 0 0 0 0 0 0 0 0
4 28 2 0 0 0 0 0 0 0 0 0 0 0 0 0 0 0 0 0 0 0 0 0 0 0 0
4 28 3 0 0 0 0 0 0 0 0 0 0 0 0 0 0 0 0 0 0 0 0 0 0 0 0
4 28 4 0 0 0 0 0 0 0 0 0 0 0 0 0 0 0 0 0 0 0 0 0 0 0 0
4 28 5 0 0 0 0 0 0 0 0 0 0 0 0 0 0 0 0 0 0 0 0 0 0 0 0
4 28 6 0 0 0 0 0 0 0 0 0 0 0 0 0 0 0 0 0 0 0 0 0 0 0 0
4 28 7 0 0 0 0 0 0 0 0 0 0 0 0 0 0 0 0 0 0 0 0 0 0 0 0
4 28 8 0 0 0 0 0 0 0 0 0 0 0 0 0 0 0 0 0 0 0 0 0 0 0 0
4 28 9 0 0 0 0 0 0 0 0 0 0 0 0 0 0 0 0 0 0 0 0 0 0 0 0
4 28 10 0 0 0 0 0 0 0 0 0 0 0 0 0 0 0 0 0 0 0 0 0 0 0 0
4 28 11 0 0 0 0 0 0 0 0 0 0 0 0 0 0 0 0 0 0 0 0 0 0 0 0
4 28 12 0 0 0 0 0 0 0 0 0 0 0 0 0 0 0 0 0 0 0 0 0 0 0 0
4 28 13 0 0 0 0 0 0 0 0 0 0 0 0 0 0 0 0 0 0 0 0 0 0 0 0
4 28 14 0 0 0 0 0 0 0 0 0 0 0 0 0 0 0 0 0 0 0 0 0 0 0 0
4 28 15 0 0 0 0 0 0 0 0 0 0 0 0 0 0 0 0 0 0 0 0 0 0 0 0
4 28 16 0 0 0 0 0 0 0 0 0 0 0 0 0 0 0 0 0 0 0 0 0 0 0 0
4 28 17 0 0 0 0 0 0 0 0 0 0 0 0 0 0 0 0 0 0 0 0 0 0 0 0
4 28 18 0 0 0 0 0 0 0 0 0 0 0 0 0 0 0 0 0 0 0 0 0 0 0 0
4 28 19 0 0 0 0 0 0 0 0 0 0 0 0 0 0 0 0 0 0 0 0 0 0 0 0
4 28 20 0 0 0 0 0 0 0 0 0 0 0 0 0 0 0 0 0 0 0 0 0 0 0 0
4 28 21 0 0 0 0 0 0 0 0 0 0 0 0 0 0 0 0 0 0 0 0 0 0 0 0
4 28 22 0 0 0 0 0 0 0 0 0 0 0 0 0 0 0 0 0 0 0 0 0 0 0 0
4 28 23 0 0 0 0 0 0 0 0 0 0 0 0 0 0 0 0 0 0 0 0 0 0 0 0
4 28 24 0 0 0 0 0 0 0 0 0 0 0 0 0 0 0 0 0 0 0 0 0 0 0 0
4 28 25 0 0 0 0 0 0 0 0 0 0 0 0 0 0 0 0 0 0 0 0 0 0 0 0
4 28 26 0 0 0 0 0 0 0 0 0 0 0 0 0 0 0 0 0 0 0 0 0 0 0 0
4 28 27 0 0 0 0 0 0 0 0 0 0 0 0 0 0 0 0 0 0 0 0 0 0 0 0
4 28 28 0 0 0 0 0 0 0 0 0 0 0 0 0 0 0 0 0 0 0 0 0 0 0 0
4 28 29 0 0 0 0 0 0 0 0 0 0 0 0 0 0 0 0 0 0 0 0 0 0 0 0
4 28 30 0 0 0 0 0 0 0 0 0 0 0 0 0 0 0 0 0 0 0 0 0 0 0 0
4 28 31 0 0 0 0 0 0 0 0 0 0 0 0 0 0 0 0 0 0 0 0 0 0 0 0
4 29 0 0 0 0 0 0 0 0 0 0 0 0 0 0 0 0 0 0 0 0 0 0 0 0 0
4 29 1 0 0 0 0 0 0 0 0 0 0 0 0 0 0 0 0 0 0 0 0 0 0 0 0
4 29 2 0 0 0 0 0 0 0 0 0 0 0 0 0 0 0 0 0 0 0 0 0 0 0 0
4 29 3 0 0 0 0 0 0 0 0 0 0 0 0 0 0 0 0 0 0 0 0 0 0 0 0
4 29 4 0 0 0 0 0 0 0 0 0 0 0 0 0 0 0 0 0 0 0 0 0 0 0 0
4 29 5 0 0 0 0 0 0 0 0 0 0 0 0 0 0 0 0 0 0 0 0 0 0 0 0
4 29 6 0 0 0 0 0 0 0 0 0 0 0 0 0 0 0 0 0 0 0 0 0 0 0 0
4 29 7 0 0 0 0 0 0 0 0 0 0 0 0 0 0 0 0 0 0 0 0 0 0 0 0
4 29 8 0 0 0 0 0 0 0 0 0 0 0 0 0 0 0 0 0 0 0 0 0 0 0 0
4 29 9 0 0 0 0 0 0 0 0 0 0 0 0 0 0 0 0 0 0 0 0 0 0 0 0
4 29 10 0 0 0 0 0 0 0 0 0 0 0 0 0 0 0 0 0 0 0 0 0 0 0 0
4 29 11 0 0 0 0 0 0 0 0 0 0 0 0 0 0 0 0 0 0 0 0 0 0 0 0
4 29 12 0 0 0 0 0 0 0 0 0 0 0 0 0 0 0 0 0 0 0 0 0 0 0 0
4 29 13 0 0 0 0 0 0 0 0 0 0 0 0 0 0 0 0 0 0 0 0 0 0 0 0
4 29 14 0 0 0 0 0 0 0 0 0 0 0 0 0 0 0 0 0 0 0 0 0 0 0 0
4 29 15 0 0 0 0 0 0 0 0 0 0 0 0 0 0 0 0 0 0 0 0 0 0 0 0
4 29 16 0 0 0 0 0 0 0 0 0 0 0 0 0 0 0 0 0 0 0 0 0 0 0 0
4 29 17 0 0 0 0 0 0 0 0 0 0 0 0 0 0 0 0 0 0 0 0 0 0 0 0
4 29 18 0 0 0 0 0 0 0 0 0 0 0 0 0 0 0 0 0 0 0 0 0 0 0 0
4 29 19 0 0 0 0 0 0 0 0 0 0 0 0 0 0 0 0 0 0 0 0 0 0 0 0
4 29 20 0 0 0 0 0 0 0 0 0 0 0 0 0 0 0 0 0 0 0 0 0 0 0 0
4 29 21 0 0 0 0 0 0 0 0 0 0 0 0 0 0 0 0 0 0 0 0 0 0 0 0
4 29 22 0 0 0 0 0 0 0 0 0 0 0 0 0 0 0 0 0 0 0 0 0 0 0 0
4 29 23 0 0 0 0 0 0 0 0 0 0 0 0 0 0 0 0 0 0 0 0 0 0 0 0
4 29 24 0 0 0 0 0 0 0 0 0 0 0 0 0 0 0 0 0 0 0 0 0 0 0 0
4 29 25 0 0 0 0 0 0 0 0 0 0 0 0 0 0 0 0 0 0 0 0 0 0 0 0
4 29 26 0 0 0 0 0 0 0 0 0 0 0 0 0 0 0 0 0 0 0 0 0 0 0 0
4 29 27 0 0 0 0 0 0 0 0 0 0 0 0 0 0 0 0 0 0 0 0 0 0 0 0
4 29 28 0 0 0 0 0 0 0 0 0 0 0 0 0 0 0 0 0 0 0 0 0 0 0 0
4 29 29 0 0 0 0 0 0 0 0 0 0 0 0 0 0 0 0 0 0 0 0 0 0 0 0
4 29 30 0 0 0 0 0 0 0 0 0 0 0 0 0 0 0 0 0 0 0 0 0 0 0 0
4 29 31 0 0 0 0 0 0 0 0 0 0 0 0 0 0 0 0 0 0 0 0 0 0 0 0
4 30 0 0 0 0 0 0 0 0 0 0 0 0 0 0 0 0 0 0 0 0 0 0 0 0 0
4 30 1 0 0 0 0 0 0 0 0 0 0 0 0 0 0 0 0 0 0 0 0 0 0 0 0
4 30 2 0 0 0 0 0 0 0 0 0 0 0 0 0 0 0 0 0 0 0 0 0 0 0 0
4 30 3 0 0 0 0 0 0 0 0 0 0 0 0 0 0 0 0 0 0 0 0 0 0 0 0
4 30 4 0 0 0 0 0 0 0 0 0 0 0 0 0 0 0 0 0 0 0 0 0 0 0 0
4 30 5 0 0 0 0 0 0 0 0 0 0 0 0 0 0 0 0 0 0 0 0 0 0 0 0
4 30 6 0 0 0 0 0 0 0 0 0 0 0 0 0 0 0 0 0 0 0 0 0 0 0 0
4 30 7 0 0 0 0 0 0 0 0 0 0 0 0 0 0 0 0 0 0 0 0 0 0 0 0
4 30 8 0 0 0 0 0 0 0 0 0 0 0 0 0 0 0 0 0 0 0 0 0 0 0 0
4 30 9 0 0 0 0 0 0 0 0 0 0 0 0 0 0 0 0 0 0 0 0 0 0 0 0
4 30 10 0 0 0 0 0 0 0 0 0 0 0 0 0 0 0 0 0 0 0 0 0 0 0 0
4 30 11 0 0 0 0 0 0 0 0 0 0 0 0 0 0 0 0 0 0 0 0 0 0 0 0
4 30 12 0 0 0 0 0 0 0 0 0 0 0 0 0 0 0 0 0 0 0 0 0 0 0 0
4 30 13 0 0 0 0 0 0 0 0 0 0 0 0 0 0 0 0 0 0 0 0 0 0 0 0
4 30 14 0 0 0 0 0 0 0 0 0 0 0 0 0 0 0 0 0 0 0 0 0 0 0 0
4 30 15 0 0 0 0 0 0 0 0 0 0 0 0 0 0 0 0 0 0 0 0 0 0 0 0
4 30 16 0 0 0 0 0 0 0 0 0 0 0 0 0 0 0 0 0 0 0 0 0 0 0 0
4 30 17 0 0 0 0 0 0 0 0 0 0 0 0 0 0 0 0 0 0 0 0 0 0 0 0
4 30 18 0 0 0 0 0 0 0 0 0 0 0 0 0 0 0 0 0 0 0 0 0 0 0 0
4 30 19 0 0 0 0 0 0 0 0 0 0 0 0 0 0 0 0 0 0 0 0 0 0 0 0
4 30 20 0 0 0 0 0 0 0 0 0 0 0 0 0 0 0 0 0 0 0 0 0 0 0 0
4 30 21 0 0 0 0 0 0 0 0 0 0 0 0 0 0 0 0 0 0 0 0 0 0 0 0
4 30 22 0 0 0 0 0 0 0 0 0 0 0 0 0 0 0 0 0 0 0 0 0 0 0 0
4 30 23 0 0 0 0 0 0 0 0 0 0 0 0 0 0 0 0 0 0 0 0 0 0 0 0
4 30 24 0 0 0 0 0 0 0 0 0 0 0 0 0 0 0 0 0 0 0 0 0 0 0 0
4 30 25 0 0 0 0 0 0 0 0 0 0 0 0 0 0 0 0 0 0 0 0 0 0 0 0
4 30 26 0 0 0 0 0 0 0 0 0 0 0 0 0 0 0 0 0 0 0 0 0 0 0 0
4 30 27 0 0 0 0 0 0 0 0 0 0 0 0 0 0 0 0 0 0 0 0 0 0 0 0
4 30 28 0 0 0 0 0 0 0 0 0 0 0 0 0 0 0 0 0 0 0 0 0 0 0 0
4 30 29 0 0 0 0 0 0 0 0 0 0 0 0 0 0 0 0 0 0 0 0 0 0 0 0
4 30 30 0 0 0 0 0 0 0 0 0 0 0 0 0 0 0 0 0 0 0 0 0 0 0 0
4 30 31 0 0 0 0 0 0 0 0 0 0 0 0 0 0 0 0 0 0 0 0 0 0 0 0
4 31 0 0 0 0 0 0 0 0 0 0 0 0 0 0 0 0 0 0 0 0 0 0 0 0 0
4 31 1 0 0 0 0 0 0 0 0 0 0 0 0 0 0 0 0 0 0 0 0 0 0 0 0
4 31 2 0 0 0 0 0 0 0 0 0 0 0 0 0 0 0 0 0 0 0 0 0 0 0 0
4 31 3 0 0 0 0 0 0 0 0 0 0 0 0 0 0 0 0 0 0 0 0 0 0 0 0
4 31 4 0 0 0 0 0 0 0 0 0 0 0 0 0 0 0 0 0 0 0 0 0 0 0 0
4 31 5 0 0 0 0 0 0 0 0 0 0 0 0 0 0 0 0 0 0 0 0 0 0 0 0
4 31 6 0 0 0 0 0 0 0 0 0 0 0 0 0 0 0 0 0 0 0 0 0 0 0 0
4 31 7 0 0 0 0 0 0 0 0 0 0 0 0 0 0 0 0 0 0 0 0 0 0 0 0
4 31 8 0 0 0 0 0 0 0 0 0 0 0 0 0 0 0 0 0 0 0 0 0 0 0 0
4 31 9 0 0 0 0 0 0 0 0 0 0 0 0 0 0 0 0 0 0 0 0 0 0 0 0
4 31 10 0 0 0 0 0 0 0 0 0 0 0 0 0 0 0 0 0 0 0 0 0 0 0 0
4 31 11 0 0 0 0 0 0 0 0 0 0 0 0 0 0 0 0 0 0 0 0 0 0 0 0
4 31 12 0 0 0 0 0 0 0 0 0 0 0 0 0 0 0 0 0 0 0 0 0 0 0 0
4 31 13 0 0 0 0 0 0 0 0 0 0 0 0 0 0 0 0 0 0 0 0 0 0 0 0
4 31 14 0 0 0 0 0 0 0 0 0 0 0 0 0 0 0 0 0 0 0 0 0 0 0 0
4 31 15 0 0 0 0 0 0 0 0 0 0 0 0 0 0 0 0 0 0 0 0 0 0 0 0
4 31 16 0 0 0 0 0 0 0 0 0 0 0 0 0 0 0 0 0 0 0 0 0 0 0 0
4 31 17 0 0 0 0 0 0 0 0 0 0 0 0 0 0 0 0 0 0 0 0 0 0 0 0
4 31 18 0 0 0 0 0 0 0 0 0 0 0 0 0 0 0 0 0 0 0 0 0 0 0 0
4 31 19 0 0 0 0 0 0 0 0 0 0 0 0 0 0 0 0 0 0 0 0 0 0 0 0
4 31 20 0 0 0 0 0 0 0 0 0 0 0 0 0 0 0 0 0 0 0 0 0 0 0 0
4 31 21 0 0 0 0 0 0 0 0 0 0 0 0 0 0 0 0 0 0 0 0 0 0 0 0
4 31 22 0 0 0 0 0 0 0 0 0 0 0 0 0 0 0 0 0 0 0 0 0 0 0 0
4 31 23 0 0 0 0 0 0 0 0 0 0 0 0 0 0 0 0 0 0 0 0 0 0 0 0
4 31 24 0 0 0 0 0 0 0 0 0 0 0 0 0 0 0 0 0 0 0 0 0 0 0 0
4 31 25 0 0 0 0 0 0 0 0 0 0 0 0 0 0 0 0 0 0 0 0 0 0 0 0
4 31 26 0 0 0 0 0 0 0 0 0 0 0 0 0 0 0 0 0 0 0 0 0 0 0 0
4 31 27 0 0 0 0 0 0 0 0 0 0 0 0 0 0 0 0 0 0 0 0 0 0 0 0
4 31 28 0 0 0 0 0 0 0 0 0 0 0 0 0 0 0 0 0 0 0 0 0 0 0 0
4 31 29 0 0 0 0 0 0 0 0 0 0 0 0 0 0 0 0 0 0 0 0 0 0 0 0
4 31 30 0 0 0 0 0 0 0 0 0 0 0 0 0 0 0 0 0 0 0 0 0 0 0 0
4 31 31 0 0 0 0 0 0 0 0 0 0 0 0 0 0 0 0 0 0 0 0 0 0 0 0
5 0 0 1 0 0 1 1 125 0 0 0 0 0 0 0 0 0 0 0 0 0 0 0 0 0 0
5 0 1 1 0 0 1 2 125 1 0 1 1 0 125 0 0 0 0 0 0 0 0 0 0 0 0
5 0 2 0 0 0 0 0 0 1 0 1 1 1 125 0 0 0 0 0 0 0 0 0 0 0 0
5 0 3 1 0 2 1 0 126 1 0 1 1 2 125 0 0 0 0 0 0 0 0 0 0 0 0
5 0 4 1 0 2 1 1 126 0 0 0 0 0 0 0 0 0 0 0 0 0 0 0 0 0 0
5 0 5 1 0 2 1 2 126 1 0 3 1 0 126 0 0 0 0 0 0 0 0 0 0 0 0
5 0 6 0 0 0 0 0 0 1 0 3 1 1 126 0 0 0 0 0 0 0 0 0 0 0 0
5 0 7 1 0 4 1 0 127 1 0 3 1 2 126 0 0 0 0 0 0 0 0 0 0 0 0
5 0 8 1 0 4 1 1 127 0 0 0 0 0 0 0 0 0 0 0 0 0 0 0 0 0 0
5 0 9 1 0 4 1 2 127 1 0 5 1 0 127 0 0 0 0 0 0 0 0 0 0 0 0
5 0 10 0 0 0 0 0 0 1 0 5 1 1 127 0 0 0 0 0 0 0 0 0 0 0 0
5 0 11 1 0 6 1 0 128 1 0 5 1 2 127 0 0 0 0 0 0 0 0 0 0 0 0
5 0 12 1 0 6 1 1 128 0 0 0 0 0 0 0 0 0 0 0 0 0 0 0 0 0 0
5 0 13 1 0 6 1 2 128 1 0 7 1 0 128 0 0 0 0 0 0 0 0 0 0 0 0
5 0 14 0 0 0 0 0 0 1 0 7 1 1 128 0 0 0 0 0 0 0 0 0 0 0 0
5 0 15 1 0 8 1 0 129 1 0 7 1 2 128 0 0 0 0 0 0 0 0 0 0 0 0
5 0 16 1 0 8 1 1 129 0 0 0 0 0 0 0 0 0 0 0 0 0 0 0 0 0 0
5 0 17 1 0 8 1 2 129 0 0 0 0 0 0 0 0 0 0 0 0 0 0 0 0 0 0
5 0 18 0 0 0 0 0 0 0 0 0 0 0 0 0 0 0 0 0 0 0 0 0 0 0 0
5 0 19 0 0 0 0 0 0 0 0 0 0 0 0 0 0 0 0 0 0 0 0 0 0 0 0
5 0 20 0 0 0 0 0 0 0 0 0 0 0 0 0 0 0 0 0 0 0 0 0 0 0 0
5 0 21 0 0 0 0 0 0 0 0 0 0 0 0 0 0 0 0 0 0 0 0 0 0 0 0
5 0 22 0 0 0 0 0 0 0 0 0 0 0 0 0 0 0 0 0 0 0 0 0 0 0 0
5 0 23 0 0 0 0 0 0 0 0 0 0 0 0 0 0 0 0 0 0 0 0 0 0 0 0
5 0 24 0 0 0 0 0 0 0 0 0 0 0 0 0 0 0 0 0 0 0 0 0 0 0 0
5 0 25 0 0 0 0 0 0 0 0 0 0 0 0 0 0 0 0 0 0 0 0 0 0 0 0
5 0 26 0 0 0 0 0 0 0 0 0 0 0 0 0 0 0 0 0 0 0 0 0 0 0 0
5 0 27 0 0 0 0 0 0 0 0 0 0 0 0 0 0 0 0 0 0 0 0 0 0 0 0
5 0 28 0 0 0 0 0 0 0 0 0 0 0 0 0 0 0 0 0 0 0 0 0 0 0 0
5 0 29 0 0 0 0 0 0 0 0 0 0 0 0 0 0 0 0 0 0 0 0 0 0 0 0
5 0 30 0 0 0 0 0 0 0 0 0 0 0 0 0 0 0 0 0 0 0 0 0 0 0 0
5 0 31 0 0 0 0 0 0 0 0 0 0 0 0 0 0 0 0 0 0 0 0 0 0 0 0
5 1 0 1 0 0 2 1 125 0 0 0 0 0 0 1 1 0 0 1 125 0 0 0 0 0 0
5 1 1 1 0 0 2 2 125 1 0 1 2 0 125 1 1 0 0 2 125 1 1 1 0 0 125
5 1 2 0 0 0 0 0 0 1 0 1 2 1 125 0 0 0 0 0 0 1 1 1 0 1 125
5 1 3 1 0 2 2 0 126 1 0 1 2 2 125 1 1 2 0 0 126 1 1 1 0 2 125
5 1 4 1 0 2 2 1 126 0 0 0 0 0 0 1 1 2 0 1 126 0 0 0 0 0 0
5 1 5 1 0 2 2 2 126 1 0 3 2 0 126 1 1 2 0 2 126 1 1 3 0 0 126
5 1 6 0 0 0 0 0 0 1 0 3 2 1 126 0 0 0 0 0 0 1 1 3 0 1 126
5 1 7 1 0 4 2 0 127 1 0 3 2 2 126 1 1 4 0 0 127 1 1 3 0 2 126
5 1 8 1 0 4 2 1 127 0 0 0 0 0 0 1 1 4 0 1 127 0 0 0 0 0 0
5 1 9 1 0 4 2 2 127 1 0 5 2 0 127 1 1 4 0 2 127 1 1 5 0 0 127
5 1 10 0 0 0 0 0 0 1 0 5 2 1 127 0 0 0 0 0 0 1 1 5 0 1 127
5 1 11 1 0 6 2 0 128 1 0 5 2 2 127 1 1 6 0 0 128 1 1 5 0 2 127
5 1 12 1 0 6 2 1 128 0 0 0 0 0 0 1 1 6 0 1 128 0 0 0 0 0 0
5 1 13 1 0 6 2 2 128 1 0 7 2 0 128 1 1 6 0 2 128 1 1 7 0 0 128
5 1 14 0 0 0 0 0 0 1 0 7 2 1 128 0 0 0 0 0 0 1 1 7 0 1 128
5 1 15 1 0 8 2 0 129 1 0 7 2 2 128 1 1 8 0 0 129 1 1 7 0 2 128
5 1 16 1 0 8 2 1 129 0 0 0 0 0 0 1 1 8 0 1 129 0 0 0 0 0 0
5 1 17 1 0 8 2 2 129 0 0 0 0 0 0 1 1 8 0 2 129 0 0 0 0 0 0
5 1 18 0 0 0 0 0 0 0 0 0 0 0 0 0 0 0 0 0 0 0 0 0 0 0 0
5 1 19 0 0 0 0 0 0 0 0 0 0 0 0 0 0 0 0 0 0 0 0 0 0 0 0
5 1 20 0 0 0 0 0 0 0 0 0 0 0 0 0 0 0 0 0 0 0 0 0 0 0 0
5 1 21 0 0 0 0 0 0 0 0 0 0 0 0 0 0 0 0 0 0 0 0 0 0 0 0
5 1 22 0 0 0 0 0 0 0 0 0 0 0 0 0 0 0 0 0 0 0 0 0 0 0 0
5 1 23 0 0 0 0 0 0 0 0 0 0 0 0 0 0 0 0 0 0 0 0 0 0 0 0
5 1 24 0 0 0 0 0 0 0 0 0 0 0 0 0 0 0 0 0 0 0 0 0 0 0 0
5 1 25 0 0 0 0 0 0 0 0 0 0 0 0 0 0 0 0 0 0 0 0 0 0 0 0
5 1 26 0 0 0 0 0 0 0 0 0 0 0 0 0 0 0 0 0 0 0 0 0 0 0 0
5 1 27 0 0 0 0 0 0 0 0 0 0 0 0 0 0 0 0 0 0 0 0 0 0 0 0
5 1 28 0 0 0 0 0 0 0 0 0 0 0 0 0 0 0 0 0 0 0 0 0 0 0 0
5 1 29 0 0 0 0 0 0 0 0 0 0 0 0 0 0 0 0 0 0 0 0 0 0 0 0
5 1 30 0 0 0 0 0 0 0 0 0 0 0 0 0 0 0 0 0 0 0 0 0 0 0 0
5 1 31 0 0 0 0 0 0 0 0 0 0 0 0 0 0 0 0 0 0 0 0 0 0 0 0
5 2 0 0 0 0 0 0 0 0 0 0 0 0 0 1 1 0 1 1 125 0 0 0 0 0 0
5 2 1 0 0 0 0 0 0 0 0 0 0 0 0 1 1 0 1 2 125 1 1 1 1 0 125
5 2 2 0 0 0 0 0 0 0 0 0 0 0 0 0 0 0 0 0 0 1 1 1 1 1 125
5 2 3 0 0 0 0 0 0 0 0 0 0 0 0 1 1 2 1 0 126 1 1 1 1 2 125
5 2 4 0 0 0 0 0 0 0 0 0 0 0 0 1 1 2 1 1 126 0 0 0 0 0 0
5 2 5 0 0 0 0 0 0 0 0 0 0 0 0 1 1 2 1 2 126 1 1 3 1 0 126
5 2 6 0 0 0 0 0 0 0 0 0 0 0 0 0 0 0 0 0 0 1 1 3 1 1 126
5 2 7 0 0 0 0 0 0 0 0 0 0 0 0 1 1 4 1 0 127 1 1 3 1 2 126
5 2 8 0 0 0 0 0 0 0 0 0 0 0 0 1 1 4 1 1 127 0 0 0 0 0 0
5 2 9 0 0 0 0 0 0 0 0 0 0 0 0 1 1 4 1 2 127 1 1 5 1 0 127
5 2 10 0 0 0 0 0 0 0 0 0 0 0 0 0 0 0 0 0 0 1 1 5 1 1 127
5 2 11 0 0 0 0 0 0 0 0 0 0 0 0 1 1 6 1 0 128 1 1 5 1 2 127
5 2 12 0 0 0 0 0 0 0 0 0 0 0 0 1 1 6 1 1 128 0 0 0 0 0 0
5 2 13 0 0 0 0 0 0 0 0 0 0 0 0 1 1 6 1 2 128 1 1 7 1 0 128
5 2 14 0 0 0 0 0 0 0 0 0 0 0 0 0 0 0 0 0 0 1 1 7 1 1 128
5 2 15 0 0 0 0 0 0 0 0 0 0 0 0 1 1 8 1 0 129 1 1 7 1 2 128
5 2 16 0 0 0 0 0 0 0 0 0 0 0 0 1 1 8 1 1 129 0 0 0 0 0 0
5 2 17 0 0 0 0 0 0 0 0 0 0 0 0 1 1 8 1 2 129 0 0 0 0 0 0
5 2 18 0 0 0 0 0 0 0 0 0 0 0 0 0 0 0 0 0 0 0 0 0 0 0 0
5 2 19 0 0 0 0 0 0 0 0 0 0 0 0 0 0 0 0 0 0 0 0 0 0 0 0
5 2 20 0 0 0 0 0 0 0 0 0 0 0 0 0 0 0 0 0 0 0 0 0 0 0 0
5 2 21 0 0 0 0 0 0 0 0 0 0 0 0 0 0 0 0 0 0 0 0 0 0 0 0
5 2 22 0 0 0 0 0 0 0 0 0 0 0 0 0 0 0 0 0 0 0 0 0 0 0 0
5 2 23 0 0 0 0 0 0 0 0 0 0 0 0 0 0 0 0 0 0 0 0 0 0 0 0
5 2 24 0 0 0 0 0 0 0 0 0 0 0 0 0 0 0 0 0 0 0 0 0 0 0 0
5 2 25 0 0 0 0 0 0 0 0 0 0 0 0 0 0 0 0 0 0 0 0 0 0 0 0
5 2 26 0 0 0 0 0 0 0 0 0 0 0 0 0 0 0 0 0 0 0 0 0 0 0 0
5 2 27 0 0 0 0 0 0 0 0 0 0 0 0 0 0 0 0 0 0 0 0 0 0 0 0
5 2 28 0 0 0 0 0 0 0 0 0 0 0 0 0 0 0 0 0 0 0 0 0 0 0 0
5 2 29 0 0 0 0 0 0 0 0 0 0 0 0 0 0 0 0 0 0 0 0 0 0 0 0
5 2 30 0 0 0 0 0 0 0 0 0 0 0 0 0 0 0 0 0 0 0 0 0 0 0 0
5 2 31 0 0 0 0 0 0 0 0 0 0 0 0 0 0 0 0 0 0 0 0 0 0 0 0
5 3 0 1 2 0 0 1 130 0 0 0 0 0 0 1 1 0 2 1 125 0 0 0 0 0 0
5 3 1 1 2 0 0 2 130 1 2 1 0 0 130 1 1 0 2 2 125 1 1 1 2 0 125
5 3 2 0 0 0 0 0 0 1 2 1 0 1 130 0 0 0 0 0 0 1 1 1 2 1 125
5 3 3 1 2 2 0 0 131 1 2 1 0 2 130 1 1 2 2 0 126 1 1 1 2 2 125
5 3 4 1 2 2 0 1 131 0 0 0 0 0 0 1 1 2 2 1 126 0 0 0 0 0 0
5 3 5 1 2 2 0 2 131 1 2 3 0 0 131 1 1 2 2 2 126 1 1 3 2 0 126
5 3 6 0 0 0 0 0 0 1 2 3 0 1 131 0 0 0 0 0 0 1 1 3 2 1 126
5 3 7 1 2 4 0 0 132 1 2 3 0 2 131 1 1 4 2 0 127 1 1 3 2 2 126
5 3 8 1 2 4 0 1 132 0 0 0 0 0 0 1 1 4 2 1 127 0 0 0 0 0 0
5 3 9 1 2 4 0 2 132 1 2 5 0 0 132 1 1 4 2 2 127 1 1 5 2 0 127
5 3 10 0 0 0 0 0 0 1 2 5 0 1 132 0 0 0 0 0 0 1 1 5 2 1 127
5 3 11 1 2 6 0 0 133 1 2 5 0 2 132 1 1 6 2 0 128 1 1 5 2 2 127
5 3 12 1 2 6 0 1 133 0 0 0 0 0 0 1 1 6 2 1 128 0 0 0 0 0 0
5 3 13 1 2 6 0 2 133 1 2 7 0 0 133 1 1 6 2 2 128 1 1 7 2 0 128
5 3 14 0 0 0 0 0 0 1 2 7 0 1 133 0 0 0 0 0 0 1 1 7 2 1 128
5 3 15 1 2 8 0 0 134 1 2 7 0 2 133 1 1 8 2 0 129 1 1 7 2 2 128
5 3 16 1 2 8 0 1 134 0 0 0 0 0 0 1 1 8 2 1 129 0 0 0 0 0 0
5 3 17 1 2 8 0 2 134 0 0 0 0 0 0 1 1 8 2 2 129 0 0 0 0 0 0
5 3 18 0 0 0 0 0 0 0 0 0 0 0 0 0 0 0 0 0 0 0 0 0 0 0 0
5 3 19 0 0 0 0 0 0 0 0 0 0 0 0 0 0 0 0 0 0 0 0 0 0 0 0
5 3 20 0 0 0 0 0 0 0 0 0 0 0 0 0 0 0 0 0 0 0 0 0 0 0 0
5 3 21 0 0 0 0 0 0 0 0 0 0 0 0 0 0 0 0 0 0 0 0 0 0 0 0
5 3 22 0 0 0 0 0 0 0 0 0 0 0 0 0 0 0 0 0 0 0 0 0 0 0 0
5 3 23 0 0 0 0 0 0 0 0 0 0 0 0 0 0 0 0 0 0 0 0 0 0 0 0
5 3 24 0 0 0 0 0 0 0 0 0 0 0 0 0 0 0 0 0 0 0 0 0 0 0 0
5 3 25 0 0 0 0 0 0 0 0 0 0 0 0 0 0 0 0 0 0 0 0 0 0 0 0
5 3 26 0 0 0 0 0 0 0 0 0 0 0 0 0 0 0 0 0 0 0 0 0 0 0 0
5 3 27 0 0 0 0 0 0 0 0 0 0 0 0 0 0 0 0 0 0 0 0 0 0 0 0
5 3 28 0 0 0 0 0 0 0 0 0 0 0 0 0 0 0 0 0 0 0 0 0 0 0 0
5 3 29 0 0 0 0 0 0 0 0 0 0 0 0 0 0 0 0 0 0 0 0 0 0 0 0
5 3 30 0 0 0 0 0 0 0 0 0 0 0 0 0 0 0 0 0 0 0 0 0 0 0 0
5 3 31 0 0 0 0 0 0 0 0 0 0 0 0 0 0 0 0 0 0 0 0 0 0 0 0
5 4 0 1 2 0 1 1 130 0 0 0 0 0 0 0 0 0 0 0 0 0 0 0 0 0 0
5 4 1 1 2 0 1 2 130 1 2 1 1 0 130 0 0 0 0 0 0 0 0 0 0 0 0
5 4 2 0 0 0 0 0 0 1 2 1 1 1 130 0 0 0 0 0 0 0 0 0 0 0 0
5 4 3 1 2 2 1 0 131 1 2 1 1 2 130 0 0 0 0 0 0 0 0 0 0 0 0
5 4 4 1 2 2 1 1 131 0 0 0 0 0 0 0 0 0 0 0 0 0 0 0 0 0 0
5 4 5 1 2 2 1 2 131 1 2 3 1 0 131 0 0 0 0 0 0 0 0 0 0 0 0
5 4 6 0 0 0 0 0 0 1 2 3 1 1 131 0 0 0 0 0 0 0 0 0 0 0 0
5 4 7 1 2 4 1 0 132 1 2 3 1 2 131 0 0 0 0 0 0 0 0 0 0 0 0
5 4 8 1 2 4 1 1 132 0 0 0 0 0 0 0 0 0 0 0 0 0 0 0 0 0 0
5 4 9 1 2 4 1 2 132 1 2 5 1 0 132 0 0 0 0 0 0 0 0 0 0 0 0
5 4 10 0 0 0 0 0 0 1 2 5 1 1 132 0 0 0 0 0 0 0 0 0 0 0 0
5 4 11 1 2 6 1 0 133 1 2 5 1 2 132 0 0 0 0 0 0 0 0 0 0 0 0
5 4 12 1 2 6 1 1 133 0 0 0 0 0 0 0 0 0 0 0 0 0 0 0 0 0 0
5 4 13 1 2 6 1 2 133 1 2 7 1 0 133 0 0 0 0 0 0 0 0 0 0 0 0
5 4 14 0 0 0 0 0 0 1 2 7 1 1 133 0 0 0 0 0 0 0 0 0 0 0 0
5 4 15 1 2 8 1 0 134 1 2 7 1 2 133 0 0 0 0 0 0 0 0 0 0 0 0
5 4 16 1 2 8 1 1 134 0 0 0 0 0 0 0 0 0 0 0 0 0 0 0 0 0 0
5 4 17 1 2 8 1 2 134 0 0 0 0 0 0 0 0 0 0 0 0 0 0 0 0 0 0
5 4 18 0 0 0 0 0 0 0 0 0 0 0 0 0 0 0 0 0 0 0 0 0 0 0 0
5 4 19 0 0 0 0 0 0 0 0 0 0 0 0 0 0 0 0 0 0 0 0 0 0 0 0
5 4 20 0 0 0 0 0 0 0 0 0 0 0 0 0 0 0 0 0 0 0 0 0 0 0 0
5 4 21 0 0 0 0 0 0 0 0 0 0 0 0 0 0 0 0 0 0 0 0 0 0 0 0
5 4 22 0 0 0 0 0 0 0 0 0 0 0 0 0 0 0 0 0 0 0 0 0 0 0 0
5 4 23 0 0 0 0 0 0 0 0 0 0 0 0 0 0 0 0 0 0 0 0 0 0 0 0
5 4 24 0 0 0 0 0 0 0 0 0 0 0 0 0 0 0 0 0 0 0 0 0 0 0 0
5 4 25 0 0 0 0 0 0 0 0 0 0 0 0 0 0 0 0 0 0 0 0 0 0 0 0
5 4 26 0 0 0 0 0 0 0 0 0 0 0 0 0 0 0 0 0 0 0 0 0 0 0 0
5 4 27 0 0 0 0 0 0 0 0 0 0 0 0 0 0 0 0 0 0 0 0 0 0 0 0
5 4 28 0 0 0 0 0 0 0 0 0 0 0 0 0 0 0 0 0 0 0 0 0 0 0 0
5 4 29 0 0 0 0 0 0 0 0 0 0 0 0 0 0 0 0 0 0 0 0 0 0 0 0
5 4 30 0 0 0 0 0 0 0 0 0 0 0 0 0 0 0 0 0 0 0 0 0 0 0 0
5 4 31 0 0 0 0 0 0 0 0 0 0 0 0 0 0 0 0 0 0 0 0 0 0 0 0
5 5 0 1 2 0 2 1 130 0 0 0 0 0 0 1 3 0 0 1 130 0 0 0 0 0 0
5 5 1 1 2 0 2 2 130 1 2 1 2 0 130 1 3 0 0 2 130 1 3 1 0 0 130
5 5 2 0 0 0 0 0 0 1 2 1 2 1 130 0 0 0 0 0 0 1 3 1 0 1 130
5 5 3 1 2 2 2 0 131 1 2 1 2 2 130 1 3 2 0 0 131 1 3 1 0 2 130
5 5 4 1 2 2 2 1 131 0 0 0 0 0 0 1 3 2 0 1 131 0 0 0 0 0 0
5 5 5 1 2 2 2 2 131 1 2 3 2 0 131 1 3 2 0 2 131 1 3 3 0 0 131
5 5 6 0 0 0 0 0 0 1 2 3 2 1 131 0 0 0 0 0 0 1 3 3 0 1 131
5 5 7 1 2 4 2 0 132 1 2 3 2 2 131 1 3 4 0 0 132 1 3 3 0 2 131
5 5 8 1 2 4 2 1 132 0 0 0 0 0 0 1 3 4 0 1 132 0 0 0 0 0 0
5 5 9 1 2 4 2 2 132 1 2 5 2 0 132 1 3 4 0 2 132 1 3 5 0 0 132
5 5 10 0 0 0 0 0 0 1 2 5 2 1 132 0 0 0 0 0 0 1 3 5 0 1 132
5 5 11 1 2 6 2 0 133 1 2 5 2 2 132 1 3 6 0 0 133 1 3 5 0 2 132
5 5 12 1 2 6 2 1 133 0 0 0 0 0 0 1 3 6 0 1 133 0 0 0 0 0 0
5 5 13 1 2 6 2 2 133 1 2 7 2 0 133 1 3 6 0 2 133 1 3 7 0 0 133
5 5 14 0 0 0 0 0 0 1 2 7 2 1 133 0 0 0 0 0 0 1 3 7 0 1 133
5 5 15 1 2 8 2 0 134 1 2 7 2 2 133 1 3 8 0 0 134 1 3 7 0 2 133
5 5 16 1 2 8 2 1 134 0 0 0 0 0 0 1 3 8 0 1 134 0 0 0 0 0 0
5 5 17 1 2 8 2 2 134 0 0 0 0 0 0 1 3 8 0 2 134 0 0 0 0 0 0
5 5 18 0 0 0 0 0 0 0 0 0 0 0 0 0 0 0 0 0 0 0 0 0 0 0 0
5 5 19 0 0 0 0 0 0 0 0 0 0 0 0 0 0 0 0 0 0 0 0 0 0 0 0
5 5 20 0 0 0 0 0 0 0 0 0 0 0 0 0 0 0 0 0 0 0 0 0 0 0 0
5 5 21 0 0 0 0 0 0 0 0 0 0 0 0 0 0 0 0 0 0 0 0 0 0 0 0
5 5 22 0 0 0 0 0 0 0 0 0 0 0 0 0 0 0 0 0 0 0 0 0 0 0 0
5 5 23 0 0 0 0 0 0 0 0 0 0 0 0 0 0 0 0 0 0 0 0 0 0 0 0
5 5 24 0 0 0 0 0 0 0 0 0 0 0 0 0 0 0 0 0 0 0 0 0 0 0 0
5 5 25 0 0 0 0 0 0 0 0 0 0 0 0 0 0 0 0 0 0 0 0 0 0 0 0
5 5 26 0 0 0 0 0 0 0 0 0 0 0 0 0 0 0 0 0 0 0 0 0 0 0 0
5 5 27 0 0 0 0 0 0 0 0 0 0 0 0 0 0 0 0 0 0 0 0 0 0 0 0
5 5 28 0 0 0 0 0 0 0 0 0 0 0 0 0 0 0 0 0 0 0 0 0 0 0 0
5 5 29 0 0 0 0 0 0 0 0 0 0 0 0 0 0 0 0 0 0 0 0 0 0 0 0
5 5 30 0 0 0 0 0 0 0 0 0 0 0 0 0 0 0 0 0 0 0 0 0 0 0 0
5 5 31 0 0 0 0 0 0 0 0 0 0 0 0 0 0 0 0 0 0 0 0 0 0 0 0
5 6 0 0 0 0 0 0 0 0 0 0 0 0 0 1 3 0 1 1 130 0 0 0 0 0 0
5 6 1 0 0 0 0 0 0 0 0 0 0 0 0 1 3 0 1 2 130 1 3 1 1 0 130
5 6 2 0 0 0 0 0 0 0 0 0 0 0 0 0 0 0 0 0 0 1 3 1 1 1 130
5 6 3 0 0 0 0 0 0 0 0 0 0 0 0 1 3 2 1 0 131 1 3 1 1 2 130
5 6 4 0 0 0 0 0 0 0 0 0 0 0 0 1 3 2 1 1 131 0 0 0 0 0 0
5 6 5 0 0 0 0 0 0 0 0 0 0 0 0 1 3 2 1 2 131 1 3 3 1 0 131
5 6 6 0 0 0 0 0 0 0 0 0 0 0 0 0 0 0 0 0 0 1 3 3 1 1 131
5 6 7 0 0 0 0 0 0 0 0 0 0 0 0 1 3 4 1 0 132 1 3 3 1 2 131
5 6 8 0 0 0 0 0 0 0 0 0 0 0 0 1 3 4 1 1 132 0 0 0 0 0 0
5 6 9 0 0 0 0 0 0 0 0 0 0 0 0 1 3 4 1 2 132 1 3 5 1 0 132
5 6 10 0 0 0 0 0 0 0 0 0 0 0 0 0 0 0 0 0 0 1 3 5 1 1 132
5 6 11 0 0 0 0 0 0 0 0 0 0 0 0 1 3 6 1 0 133 1 3 5 1 2 132
5 6 12 0 0 0 0 0 0 0 0 0 0 0 0 1 3 6 1 1 133 0 0 0 0 0 0
5 6 13 0 0 0 0 0 0 0 0 0 0 0 0 1 3 6 1 2 133 1 3 7 1 0 133
5 6 14 0 0 0 0 0 0 0 0 0 0 0 0 0 0 0 0 0 0 1 3 7 1 1 133
5 6 15 0 0 0 0 0 0 0 0 0 0 0 0 1 3 8 1 0 134 1 3 7 1 2 133
5 6 16 0 0 0 0 0 0 0 0 0 0 0 0 1 3 8 1 1 134 0 0 0 0 0 0
5 6 17 0 0 0 0 0 0 0 0 0 0 0 0 1 3 8 1 2 134 0 0 0 0 0 0
5 6 18 0 0 0 0 0 0 0 0 0 0 0 0 0 0 0 0 0 0 0 0 0 0 0 0
5 6 19 0 0 0 0 0 0 0 0 0 0 0 0 0 0 0 0 0 0 0 0 0 0 0 0
5 6 20 0 0 0 0 0 0 0 0 0 0 0 0 0 0 0 0 0 0 0 0 0 0 0 0
5 6 21 0 0 0 0 0 0 0 0 0 0 0 0 0 0 0 0 0 0 0 0 0 0 0 0
5 6 22 0 0 0 0 0 0 0 0 0 0 0 0 0 0 0 0 0 0 0 0 0 0 0 0
5 6 23 0 0 0 0 0 0 0 0 0 0 0 0 0 0 0 0 0 0 0 0 0 0 0 0
5 6 24 0 0 0 0 0 0 0 0 0 0 0 0 0 0 0 0 0 0 0 0 0 0 0 0
5 6 25 0 0 0 0 0 0 0 0 0 0 0 0 0 0 0 0 0 0 0 0 0 0 0 0
5 6 26 0 0 0 0 0 0 0 0 0 0 0 0 0 0 0 0 0 0 0 0 0 0 0 0
5 6 27 0 0 0 0 0 0 0 0 0 0 0 0 0 0 0 0 0 0 0 0 0 0 0 0
5 6 28 0 0 0 0 0 0 0 0 0 0 0 0 0 0 0 0 0 0 0 0 0 0 0 0
5 6 29 0 0 0 0 0 0 0 0 0 0 0 0 0 0 0 0 0 0 0 0 0 0 0 0
5 6 30 0 0 0 0 0 0 0 0 0 0 0 0 0 0 0 0 0 0 0 0 0 0 0 0
5 6 31 0 0 0 0 0 0 0 0 0 0 0 0 0 0 0 0 0 0 0 0 0 0 0 0
5 7 0 1 4 0 0 1 135 0 0 0 0 0 0 1 3 0 2 1 130 0 0 0 0 0 0
5 7 1 1 4 0 0 2 135 1 4 1 0 0 135 1 3 0 2 2 130 1 3 1 2 0 130
5 7 2 0 0 0 0 0 0 1 4 1 0 1 135 0 0 0 0 0 0 1 3 1 2 1 130
5 7 3 1 4 2 0 0 136 1 4 1 0 2 135 1 3 2 2 0 131 1 3 1 2 2 130
5 7 4 1 4 2 0 1 136 0 0 0 0 0 0 1 3 2 2 1 131 0 0 0 0 0 0
5 7 5 1 4 2 0 2 136 1 4 3 0 0 136 1 3 2 2 2 131 1 3 3 2 0 131
5 7 6 0 0 0 0 0 0 1 4 3 0 1 136 0 0 0 0 0 0 1 3 3 2 1 131
5 7 7 1 4 4 0 0 137 1 4 3 0 2 136 1 3 4 2 0 132 1 3 3 2 2 131
5 7 8 1 4 4 0 1 137 0 0 0 0 0 0 1 3 4 2 1 132 0 0 0 0 0 0
5 7 9 1 4 4 0 2 137 1 4 5 0 0 137 1 3 4 2 2 132 1 3 5 2 0 132
5 7 10 0 0 0 0 0 0 1 4 5 0 1 137 0 0 0 0 0 0 1 3 5 2 1 132
5 7 11 1 4 6 0 0 138 1 4 5 0 2 137 1 3 6 2 0 133 1 3 5 2 2 132
5 7 12 1 4 6 0 1 138 0 0 0 0 0 0 1 3 6 2 1 133 0 0 0 0 0 0
5 7 13 1 4 6 0 2 138 1 4 7 0 0 138 1 3 6 2 2 133 1 3 7 2 0 133
5 7 14 0 0 0 0 0 0 1 4 7 0 1 138 0 0 0 0 0 0 1 3 7 2 1 133
5 7 15 1 4 8 0 0 139 1 4 7 0 2 138 1 3 8 2 0 134 1 3 7 2 2 133
5 7 16 1 4 8 0 1 139 0 0 0 0 0 0 1 3 8 2 1 134 0 0 0 0 0 0
5 7 17 1 4 8 0 2 139 0 0 0 0 0 0 1 3 8 2 2 134 0 0 0 0 0 0
5 7 18 0 0 0 0 0 0 0 0 0 0 0 0 0 0 0 0 0 0 0 0 0 0 0 0
5 7 19 0 0 0 0 0 0 0 0 0 0 0 0 0 0 0 0 0 0 0 0 0 0 0 0
5 7 20 0 0 0 0 0 0 0 0 0 0 0 0 0 0 0 0 0 0 0 0 0 0 0 0
5 7 21 0 0 0 0 0 0 0 0 0 0 0 0 0 0 0 0 0 0 0 0 0 0 0 0
5 7 22 0 0 0 0 0 0 0 0 0 0 0 0 0 0 0 0 0 0 0 0 0 0 0 0
5 7 23 0 0 0 0 0 0 0 0 0 0 0 0 0 0 0 0 0 0 0 0 0 0 0 0
5 7 24 0 0 0 0 0 0 0 0 0 0 0 0 0 0 0 0 0 0 0 0 0 0 0 0
5 7 25 0 0 0 0 0 0 0 0 0 0 0 0 0 0 0 0 0 0 0 0 0 0 0 0
5 7 26 0 0 0 0 0 0 0 0 0 0 0 0 0 0 0 0 0 0 0 0 0 0 0 0
5 7 27 0 0 0 0 0 0 0 0 0 0 0 0 0 0 0 0 0 0 0 0 0 0 0 0
5 7 28 0 0 0 0 0 0 0 0 0 0 0 0 0 0 0 0 0 0 0 0 0 0 0 0
5 7 29 0 0 0 0 0 0 0 0 0 0 0 0 0 0 0 0 0 0 0 0 0 0 0 0
5 7 30 0 0 0 0 0 0 0 0 0 0 0 0 0 0 0 0 0 0 0 0 0 0 0 0
5 7 31 0 0 0 0 0 0 0 0 0 0 0 0 0 0 0 0 0 0 0 0 0 0 0 0
5 8 0 1 4 0 1 1 135 0 0 0 0 0 0 0 0 0 0 0 0 0 0 0 0 0 0
5 8 1 1 4 0 1 2 135 1 4 1 1 0 135 0 0 0 0 0 0 0 0 0 0 0 0
5 8 2 0 0 0 0 0 0 1 4 1 1 1 135 0 0 0 0 0 0 0 0 0 0 0 0
5 8 3 1 4 2 1 0 136 1 4 1 1 2 135 0 0 0 0 0 0 0 0 0 0 0 0
5 8 4 1 4 2 1 1 136 0 0 0 0 0 0 0 0 0 0 0 0 0 0 0 0 0 0
5 8 5 1 4 2 1 2 136 1 4 3 1 0 136 0 0 0 0 0 0 0 0 0 0 0 0
5 8 6 0 0 0 0 0 0 1 4 3 1 1 136 0 0 0 0 0 0 0 0 0 0 0 0
5 8 7 1 4 4 1 0 137 1 4 3 1 2 136 0 0 0 0 0 0 0 0 0 0 0 0
5 8 8 1 4 4 1 1 137 0 0 0 0 0 0 0 0 0 0 0 0 0 0 0 0 0 0
5 8 9 1 4 4 1 2 137 1 4 5 1 0 137 0 0 0 0 0 0 0 0 0 0 0 0
5 8 10 0 0 0 0 0 0 1 4 5 1 1 137 0 0 0 0 0 0 0 0 0 0 0 0
5 8 11 1 4 6 1 0 138 1 4 5 1 2 137 0 0 0 0 0 0 0 0 0 0 0 0
5 8 12 1 4 6 1 1 138 0 0 0 0 0 0 0 0 0 0 0 0 0 0 0 0 0 0
5 8 13 1 4 6 1 2 138 1 4 7 1 0 138 0 0 0 0 0 0 0 0 0 0 0 0
5 8 14 0 0 0 0 0 0 1 4 7 1 1 138 0 0 0 0 0 0 0 0 0 0 0 0
5 8 15 1 4 8 1 0 139 1 4 7 1 2 138 0 0 0 0 0 0 0 0 0 0 0 0
5 8 16 1 4 8 1 1 139 0 0 0 0 0 0 0 0 0 0 0 0 0 0 0 0 0 0
5 8 17 1 4 8 1 2 139 0 0 0 0 0 0 0 0 0 0 0 0 0 0 0 0 0 0
5 8 18 0 0 0 0 0 0 0 0 0 0 0 0 0 0 0 0 0 0 0 0 0 0 0 0
5 8 19 0 0 0 0 0 0 0 0 0 0 0 0 0 0 0 0 0 0 0 0 0 0 0 0
5 8 20 0 0 0 0 0 0 0 0 0 0 0 0 0 0 0 0 0 0 0 0 0 0 0 0
5 8 21 0 0 0 0 0 0 0 0 0 0 0 0 0 0 0 0 0 0 0 0 0 0 0 0
5 8 22 0 0 0 0 0 0 0 0 0 0 0 0 0 0 0 0 0 0 0 0 0 0 0 0
5 8 23 0 0 0 0 0 0 0 0 0 0 0 0 0 0 0 0 0 0 0 0 0 0 0 0
5 8 24 0 0 0 0 0 0 0 0 0 0 0 0 0 0 0 0 0 0 0 0 0 0 0 0
5 8 25 0 0 0 0 0 0 0 0 0 0 0 0 0 0 0 0 0 0 0 0 0 0 0 0
5 8 26 0 0 0 0 0 0 0 0 0 0 0 0 0 0 0 0 0 0 0 0 0 0 0 0
5 8 27 0 0 0 0 0 0 0 0 0 0 0 0 0 0 0 0 0 0 0 0 0 0 0 0
5 8 28 0 0 0 0 0 0 0 0 0 0 0 0 0 0 0 0 0 0 0 0 0 0 0 0
5 8 29 0 0 0 0 0 0 0 0 0 0 0 0 0 0 0 0 0 0 0 0 0 0 0 0
5 8 30 0 0 0 0 0 0 0 0 0 0 0 0 0 0 0 0 0 0 0 0 0 0 0 0
5 8 31 0 0 0 0 0 0 0 0 0 0 0 0 0 0 0 0 0 0 0 0 0 0 0 0
5 9 0 1 4 0 2 1 135 0 0 0 0 0 0 1 5 0 0 1 135 0 0 0 0 0 0
5 9 1 1 4 0 2 2 135 1 4 1 2 0 135 1 5 0 0 2 135 1 5 1 0 0 135
5 9 2 0 0 0 0 0 0 1 4 1 2 1 135 0 0 0 0 0 0 1 5 1 0 1 135
5 9 3 1 4 2 2 0 136 1 4 1 2 2 135 1 5 2 0 0 136 1 5 1 0 2 135
5 9 4 1 4 2 2 1 136 0 0 0 0 0 0 1 5 2 0 1 136 0 0 0 0 0 0
5 9 5 1 4 2 2 2 136 1 4 3 2 0 136 1 5 2 0 2 136 1 5 3 0 0 136
5 9 6 0 0 0 0 0 0 1 4 3 2 1 136 0 0 0 0 0 0 1 5 3 0 1 136
5 9 7 1 4 4 2 0 137 1 4 3 2 2 136 1 5 4 0 0 137 1 5 3 0 2 136
5 9 8 1 4 4 2 1 137 0 0 0 0 0 0 1 5 4 0 1 137 0 0 0 0 0 0
5 9 9 1 4 4 2 2 137 1 4 5 2 0 137 1 5 4 0 2 137 1 5 5 0 0 137
5 9 10 0 0 0 0 0 0 1 4 5 2 1 137 0 0 0 0 0 0 1 5 5 0 1 137
5 9 11 1 4 6 2 0 138 1 4 5 2 2 137 1 5 6 0 0 138 1 5 5 0 2 137
5 9 12 1 4 6 2 1 138 0 0 0 0 0 0 1 5 6 0 1 138 0 0 0 0 0 0
5 9 13 1 4 6 2 2 138 1 4 7 2 0 138 1 5 6 0 2 138 1 5 7 0 0 138
5 9 14 0 0 0 0 0 0 1 4 7 2 1 138 0 0 0 0 0 0 1 5 7 0 1 138
5 9 15 1 4 8 2 0 139 1 4 7 2 2 138 1 5 8 0 0 139 1 5 7 0 2 138
5 9 16 1 4 8 2 1 139 0 0 0 0 0 0 1 5 8 0 1 139 0 0 0 0 0 0
5 9 17 1 4 8 2 2 139 0 0 0 0 0 0 1 5 8 0 2 139 0 0 0 0 0 0
5 9 18 0 0 0 0 0 0 0 0 0 0 0 0 0 0 0 0 0 0 0 0 0 0 0 0
5 9 19 0 0 0 0 0 0 0 0 0 0 0 0 0 0 0 0 0 0 0 0 0 0 0 0
5 9 20 0 0 0 0 0 0 0 0 0 0 0 0 0 0 0 0 0 0 0 0 0 0 0 0
5 9 21 0 0 0 0 0 0 0 0 0 0 0 0 0 0 0 0 0 0 0 0 0 0 0 0
5 9 22 0 0 0 0 0 0 0 0 0 0 0 0 0 0 0 0 0 0 0 0 0 0 0 0
5 9 23 0 0 0 0 0 0 0 0 0 0 0 0 0 0 0 0 0 0 0 0 0 0 0 0
5 9 24 0 0 0 0 0 0 0 0 0 0 0 0 0 0 0 0 0 0 0 0 0 0 0 0
5 9 25 0 0 0 0 0 0 0 0 0 0 0 0 0 0 0 0 0 0 0 0 0 0 0 0
5 9 26 0 0 0 0 0 0 0 0 0 0 0 0 0 0 0 0 0 0 0 0 0 0 0 0
5 9 27 0 0 0 0 0 0 0 0 0 0 0 0 0 0 0 0 0 0 0 0 0 0 0 0
5 9 28 0 0 0 0 0 0 0 0 0 0 0 0 0 0 0 0 0 0 0 0 0 0 0 0
5 9 29 0 0 0 0 0 0 0 0 0 0 0 0 0 0 0 0 0 0 0 0 0 0 0 0
5 9 30 0 0 0 0 0 0 0 0 0 0 0 0 0 0 0 0 0 0 0 0 0 0 0 0
5 9 31 0 0 0 0 0 0 0 0 0 0 0 0 0 0 0 0 0 0 0 0 0 0 0 0
5 10 0 0 0 0 0 0 0 0 0 0 0 0 0 1 5 0 1 1 135 0 0 0 0 0 0
5 10 1 0 0 0 0 0 0 0 0 0 0 0 0 1 5 0 1 2 135 1 5 1 1 0 135
5 10 2 0 0 0 0 0 0 0 0 0 0 0 0 0 0 0 0 0 0 1 5 1 1 1 135
5 10 3 0 0 0 0 0 0 0 0 0 0 0 0 1 5 2 1 0 136 1 5 1 1 2 135
5 10 4 0 0 0 0 0 0 0 0 0 0 0 0 1 5 2 1 1 136 0 0 0 0 0 0
5 10 5 0 0 0 0 0 0 0 0 0 0 0 0 1 5 2 1 2 136 1 5 3 1 0 136
5 10 6 0 0 0 0 0 0 0 0 0 0 0 0 0 0 0 0 0 0 1 5 3 1 1 136
5 10 7 0 0 0 0 0 0 0 0 0 0 0 0 1 5 4 1 0 137 1 5 3 1 2 136
5 10 8 0 0 0 0 0 0 0 0 0 0 0 0 1 5 4 1 1 137 0 0 0 0 0 0
5 10 9 0 0 0 0 0 0 0 0 0 0 0 0 1 5 4 1 2 137 1 5 5 1 0 137
5 10 10 0 0 0 0 0 0 0 0 0 0 0 0 0 0 0 0 0 0 1 5 5 1 1 137
5 10 11 0 0 0 0 0 0 0 0 0 0 0 0 1 5 6 1 0 138 1 5 5 1 2 137
5 10 12 0 0 0 0 0 0 0 0 0 0 0 0 1 5 6 1 1 138 0 0 0 0 0 0
5 10 13 0 0 0 0 0 0 0 0 0 0 0 0 1 5 6 1 2 138 1 5 7 1 0 138
5 10 14 0 0 0 0 0 0 0 0 0 0 0 0 0 0 0 0 0 0 1 5 7 1 1 138
5 10 15 0 0 0 0 0 0 0 0 0 0 0 0 1 5 8 1 0 139 1 5 7 1 2 138
5 10 16 0 0 0 0 0 0 0 0 0 0 0 0 1 5 8 1 1 139 0 0 0 0 0 0
5 10 17 0 0 0 0 0 0 0 0 0 0 0 0 1 5 8 1 2 139 0 0 0 0 0 0
5 10 18 0 0 0 0 0 0 0 0 0 0 0 0 0 0 0 0 0 0 0 0 0 0 0 0
5 10 19 0 0 0 0 0 0 0 0 0 0 0 0 0 0 0 0 0 0 0 0 0 0 0 0
5 10 20 0 0 0 0 0 0 0 0 0 0 0 0 0 0 0 0 0 0 0 0 0 0 0 0
5 10 21 0 0 0 0 0 0 0 0 0 0 0 0 0 0 0 0 0 0 0 0 0 0 0 0
5 10 22 0 0 0 0 0 0 0 0 0 0 0 0 0 0 0 0 0 0 0 0 0 0 0 0
5 10 23 0 0 0 0 0 0 0 0 0 0 0 0 0 0 0 0 0 0 0 0 0 0 0 0
5 10 24 0 0 0 0 0 0 0 0 0 0 0 0 0 0 0 0 0 0 0 0 0 0 0 0
5 10 25 0 0 0 0 0 0 0 0 0 0 0 0 0 0 0 0 0 0 0 0 0 0 0 0
5 10 26 0 0 0 0 0 0 0 0 0 0 0 0 0 0 0 0 0 0 0 0 0 0 0 0
5 10 27 0 0 0 0 0 0 0 0 0 0 0 0 0 0 0 0 0 0 0 0 0 0 0 0
5 10 28 0 0 0 0 0 0 0 0 0 0 0 0 0 0 0 0 0 0 0 0 0 0 0 0
5 10 29 0 0 0 0 0 0 0 0 0 0 0 0 0 0 0 0 0 0 0 0 0 0 0 0
5 10 30 0 0 0 0 0 0 0 0 0 0 0 0 0 0 0 0 0 0 0 0 0 0 0 0
5 10 31 0 0 0 0 0 0 0 0 0 0 0 0 0 0 0 0 0 0 0 0 0 0 0 0
5 11 0 1 6 0 0 1 140 0 0 0 0 0 0 1 5 0 2 1 135 0 0 0 0 0 0
5 11 1 1 6 0 0 2 140 1 6 1 0 0 140 1 5 0 2 2 135 1 5 1 2 0 135
5 11 2 0 0 0 0 0 0 1 6 1 0 1 140 0 0 0 0 0 0 1 5 1 2 1 135
5 11 3 1 6 2 0 0 141 1 6 1 0 2 140 1 5 2 2 0 136 1 5 1 2 2 135
5 11 4 1 6 2 0 1 141 0 0 0 0 0 0 1 5 2 2 1 136 0 0 0 0 0 0
5 11 5 1 6 2 0 2 141 1 6 3 0 0 141 1 5 2 2 2 136 1 5 3 2 0 136
5 11 6 0 0 0 0 0 0 1 6 3 0 1 141 0 0 0 0 0 0 1 5 3 2 1 136
5 11 7 1 6 4 0 0 142 1 6 3 0 2 141 1 5 4 2 0 137 1 5 3 2 2 136
5 11 8 1 6 4 0 1 142 0 0 0 0 0 0 1 5 4 2 1 137 0 0 0 0 0 0
5 11 9 1 6 4 0 2 142 1 6 5 0 0 142 1 5 4 2 2 137 1 5 5 2 0 137
5 11 10 0 0 0 0 0 0 1 6 5 0 1 142 0 0 0 0 0 0 1 5 5 2 1 137
5 11 11 1 6 6 0 0 143 1 6 5 0 2 142 1 5 6 2 0 138 1 5 5 2 2 137
5 11 12 1 6 6 0 1 143 0 0 0 0 0 0 1 5 6 2 1 138 0 0 0 0 0 0
5 11 13 1 6 6 0 2 143 1 6 7 0 0 143 1 5 6 2 2 138 1 5 7 2 0 138
5 11 14 0 0 0 0 0 0 1 6 7 0 1 143 0 0 0 0 0 0 1 5 7 2 1 138
5 11 15 1 6 8 0 0 144 1 6 7 0 2 143 1 5 8 2 0 139 1 5 7 2 2 138
5 11 16 1 6 8 0 1 144 0 0 0 0 0 0 1 5 8 2 1 139 0 0 0 0 0 0
5 11 17 1 6 8 0 2 144 0 0 0 0 0 0 1 5 8 2 2 139 0 0 0 0 0 0
5 11 18 0 0 0 0 0 0 0 0 0 0 0 0 0 0 0 0 0 0 0 0 0 0 0 0
5 11 19 0 0 0 0 0 0 0 0 0 0 0 0 0 0 0 0 0 0 0 0 0 0 0 0
5 11 20 0 0 0 0 0 0 0 0 0 0 0 0 0 0 0 0 0 0 0 0 0 0 0 0
5 11 21 0 0 0 0 0 0 0 0 0 0 0 0 0 0 0 0 0 0 0 0 0 0 0 0
5 11 22 0 0 0 0 0 0 0 0 0 0 0 0 0 0 0 0 0 0 0 0 0 0 0 0
5 11 23 0 0 0 0 0 0 0 0 0 0 0 0 0 0 0 0 0 0 0 0 0 0 0 0
5 11 24 0 0 0 0 0 0 0 0 0 0 0 0 0 0 0 0 0 0 0 0 0 0 0 0
5 11 25 0 0 0 0 0 0 0 0 0 0 0 0 0 0 0 0 0 0 0 0 0 0 0 0
5 11 26 0 0 0 0 0 0 0 0 0 0 0 0 0 0 0 0 0 0 0 0 0 0 0 0
5 11 27 0 0 0 0 0 0 0 0 0 0 0 0 0 0 0 0 0 0 0 0 0 0 0 0
5 11 28 0 0 0 0 0 0 0 0 0 0 0 0 0 0 0 0 0 0 0 0 0 0 0 0
5 11 29 0 0 0 0 0 0 0 0 0 0 0 0 0 0 0 0 0 0 0 0 0 0 0 0
5 11 30 0 0 0 0 0 0 0 0 0 0 0 0 0 0 0 0 0 0 0 0 0 0 0 0
5 11 31 0 0 0 0 0 0 0 0 0 0 0 0 0 0 0 0 0 0 0 0 0 0 0 0
5 12 0 1 6 0 1 1 140 0 0 0 0 0 0 0 0 0 0 0 0 0 0 0 0 0 0
5 12 1 1 6 0 1 2 140 1 6 1 1 0 140 0 0 0 0 0 0 0 0 0 0 0 0
5 12 2 0 0 0 0 0 0 1 6 1 1 1 140 0 0 0 0 0 0 0 0 0 0 0 0
5 12 3 1 6 2 1 0 141 1 6 1 1 2 140 0 0 0 0 0 0 0 0 0 0 0 0
5 12 4 1 6 2 1 1 141 0 0 0 0 0 0 0 0 0 0 0 0 0 0 0 0 0 0
5 12 5 1 6 2 1 2 141 1 6 3 1 0 141 0 0 0 0 0 0 0 0 0 0 0 0
5 12 6 0 0 0 0 0 0 1 6 3 1 1 141 0 0 0 0 0 0 0 0 0 0 0 0
5 12 7 1 6 4 1 0 142 1 6 3 1 2 141 0 0 0 0 0 0 0 0 0 0 0 0
5 12 8 1 6 4 1 1 142 0 0 0 0 0 0 0 0 0 0 0 0 0 0 0 0 0 0
5 12 9 1 6 4 1 2 142 1 6 5 1 0 142 0 0 0 0 0 0 0 0 0 0 0 0
5 12 10 0 0 0 0 0 0 1 6 5 1 1 142 0 0 0 0 0 0 0 0 0 0 0 0
5 12 11 1 6 6 1 0 143 1 6 5 1 2 142 0 0 0 0 0 0 0 0 0 0 0 0
5 12 12 1 6 6 1 1 143 0 0 0 0 0 0 0 0 0 0 0 0 0 0 0 0 0 0
5 12 13 1 6 6 1 2 143 1 6 7 1 0 143 0 0 0 0 0 0 0 0 0 0 0 0
5 12 14 0 0 0 0 0 0 1 6 7 1 1 143 0 0 0 0 0 0 0 0 0 0 0 0
5 12 15 1 6 8 1 0 144 1 6 7 1 2 143 0 0 0 0 0 0 0 0 0 0 0 0
5 12 16 1 6 8 1 1 144 0 0 0 0 0 0 0 0 0 0 0 0 0 0 0 0 0 0
5 12 17 1 6 8 1 2 144 0 0 0 0 0 0 0 0 0 0 0 0 0 0 0 0 0 0
5 12 18 0 0 0 0 0 0 0 0 0 0 0 0 0 0 0 0 0 0 0 0 0 0 0 0
5 12 19 0 0 0 0 0 0 0 0 0 0 0 0 0 0 0 0 0 0 0 0 0 0 0 0
5 12 20 0 0 0 0 0 0 0 0 0 0 0 0 0 0 0 0 0 0 0 0 0 0 0 0
5 12 21 0 0 0 0 0 0 0 0 0 0 0 0 0 0 0 0 0 0 0 0 0 0 0 0
5 12 22 0 0 0 0 0 0 0 0 0 0 0 0 0 0 0 0 0 0 0 0 0 0 0 0
5 12 23 0 0 0 0 0 0 0 0 0 0 0 0 0 0 0 0 0 0 0 0 0 0 0 0
5 12 24 0 0 0 0 0 0 0 0 0 0 0 0 0 0 0 0 0 0 0 0 0 0 0 0
5 12 25 0 0 0 0 0 0 0 0 0 0 0 0 0 0 0 0 0 0 0 0 0 0 0 0
5 12 26 0 0 0 0 0 0 0 0 0 0 0 0 0 0 0 0 0 0 0 0 0 0 0 0
5 12 27 0 0 0 0 0 0 0 0 0 0 0 0 0 0 0 0 0 0 0 0 0 0 0 0
5 12 28 0 0 0 0 0 0 0 0 0 0 0 0 0 0 0 0 0 0 0 0 0 0 0 0
5 12 29 0 0 0 0 0 0 0 0 0 0 0 0 0 0 0 0 0 0 0 0 0 0 0 0
5 12 30 0 0 0 0 0 0 0 0 0 0 0 0 0 0 0 0 0 0 0 0 0 0 0 0
5 12 31 0 0 0 0 0 0 0 0 0 0 0 0 0 0 0 0 0 0 0 0 0 0 0 0
5 13 0 1 6 0 2 1 140 0 0 0 0 0 0 1 7 0 0 1 140 0 0 0 0 0 0
5 13 1 1 6 0 2 2 140 1 6 1 2 0 140 1 7 0 0 2 140 1 7 1 0 0 140
5 13 2 0 0 0 0 0 0 1 6 1 2 1 140 0 0 0 0 0 0 1 7 1 0 1 140
5 13 3 1 6 2 2 0 141 1 6 1 2 2 140 1 7 2 0 0 141 1 7 1 0 2 140
5 13 4 1 6 2 2 1 141 0 0 0 0 0 0 1 7 2 0 1 141 0 0 0 0 0 0
5 13 5 1 6 2 2 2 141 1 6 3 2 0 141 1 7 2 0 2 141 1 7 3 0 0 141
5 13 6 0 0 0 0 0 0 1 6 3 2 1 141 0 0 0 0 0 0 1 7 3 0 1 141
5 13 7 1 6 4 2 0 142 1 6 3 2 2 141 1 7 4 0 0 142 1 7 3 0 2 141
5 13 8 1 6 4 2 1 142 0 0 0 0 0 0 1 7 4 0 1 142 0 0 0 0 0 0
5 13 9 1 6 4 2 2 142 1 6 5 2 0 142 1 7 4 0 2 142 1 7 5 0 0 142
5 13 10 0 0 0 0 0 0 1 6 5 2 1 142 0 0 0 0 0 0 1 7 5 0 1 142
5 13 11 1 6 6 2 0 143 1 6 5 2 2 142 1 7 6 0 0 143 1 7 5 0 2 142
5 13 12 1 6 6 2 1 143 0 0 0 0 0 0 1 7 6 0 1 143 0 0 0 0 0 0
5 13 13 1 6 6 2 2 143 1 6 7 2 0 143 1 7 6 0 2 143 1 7 7 0 0 143
5 13 14 0 0 0 0 0 0 1 6 7 2 1 143 0 0 0 0 0 0 1 7 7 0 1 143
5 13 15 1 6 8 2 0 144 1 6 7 2 2 143 1 7 8 0 0 144 1 7 7 0 2 143
5 13 16 1 6 8 2 1 144 0 0 0 0 0 0 1 7 8 0 1 144 0 0 0 0 0 0
5 13 17 1 6 8 2 2 144 0 0 0 0 0 0 1 7 8 0 2 144 0 0 0 0 0 0
5 13 18 0 0 0 0 0 0 0 0 0 0 0 0 0 0 0 0 0 0 0 0 0 0 0 0
5 13 19 0 0 0 0 0 0 0 0 0 0 0 0 0 0 0 0 0 0 0 0 0 0 0 0
5 13 20 0 0 0 0 0 0 0 0 0 0 0 0 0 0 0 0 0 0 0 0 0 0 0 0
5 13 21 0 0 0 0 0 0 0 0 0 0 0 0 0 0 0 0 0 0 0 0 0 0 0 0
5 13 22 0 0 0 0 0 0 0 0 0 0 0 0 0 0 0 0 0 0 0 0 0 0 0 0
5 13 23 0 0 0 0 0 0 0 0 0 0 0 0 0 0 0 0 0 0 0 0 0 0 0 0
5 13 24 0 0 0 0 0 0 0 0 0 0 0 0 0 0 0 0 0 0 0 0 0 0 0 0
5 13 25 0 0 0 0 0 0 0 0 0 0 0 0 0 0 0 0 0 0 0 0 0 0 0 0
5 13 26 0 0 0 0 0 0 0 0 0 0 0 0 0 0 0 0 0 0 0 0 0 0 0 0
5 13 27 0 0 0 0 0 0 0 0 0 0 0 0 0 0 0 0 0 0 0 0 0 0 0 0
5 13 28 0 0 0 0 0 0 0 0 0 0 0 0 0 0 0 0 0 0 0 0 0 0 0 0
5 13 29 0 0 0 0 0 0 0 0 0 0 0 0 0 0 0 0 0 0 0 0 0 0 0 0
5 13 30 0 0 0 0 0 0 0 0 0 0 0 0 0 0 0 0 0 0 0 0 0 0 0 0
5 13 31 0 0 0 0 0 0 0 0 0 0 0 0 0 0 0 0 0 0 0 0 0 0 0 0
5 14 0 0 0 0 0 0 0 0 0 0 0 0 0 1 7 0 1 1 140 0 0 0 0 0 0
5 14 1 0 0 0 0 0 0 0 0 0 0 0 0 1 7 0 1 2 140 1 7 1 1 0 140
5 14 2 0 0 0 0 0 0 0 0 0 0 0 0 0 0 0 0 0 0 1 7 1 1 1 140
5 14 3 0 0 0 0 0 0 0 0 0 0 0 0 1 7 2 1 0 141 1 7 1 1 2 140
5 14 4 0 0 0 0 0 0 0 0 0 0 0 0 1 7 2 1 1 141 0 0 0 0 0 0
5 14 5 0 0 0 0 0 0 0 0 0 0 0 0 1 7 2 1 2 141 1 7 3 1 0 141
5 14 6 0 0 0 0 0 0 0 0 0 0 0 0 0 0 0 0 0 0 1 7 3 1 1 141
5 14 7 0 0 0 0 0 0 0 0 0 0 0 0 1 7 4 1 0 142 1 7 3 1 2 141
5 14 8 0 0 0 0 0 0 0 0 0 0 0 0 1 7 4 1 1 142 0 0 0 0 0 0
5 14 9 0 0 0 0 0 0 0 0 0 0 0 0 1 7 4 1 2 142 1 7 5 1 0 142
5 14 10 0 0 0 0 0 0 0 0 0 0 0 0 0 0 0 0 0 0 1 7 5 1 1 142
5 14 11 0 0 0 0 0 0 0 0 0 0 0 0 1 7 6 1 0 143 1 7 5 1 2 142
5 14 12 0 0 0 0 0 0 0 0 0 0 0 0 1 7 6 1 1 143 0 0 0 0 0 0
5 14 13 0 0 0 0 0 0 0 0 0 0 0 0 1 7 6 1 2 143 1 7 7 1 0 143
5 14 14 0 0 0 0 0 0 0 0 0 0 0 0 0 0 0 0 0 0 1 7 7 1 1 143
5 14 15 0 0 0 0 0 0 0 0 0 0 0 0 1 7 8 1 0 144 1 7 7 1 2 143
5 14 16 0 0 0 0 0 0 0 0 0 0 0 0 1 7 8 1 1 144 0 0 0 0 0 0
5 14 17 0 0 0 0 0 0 0 0 0 0 0 0 1 7 8 1 2 144 0 0 0 0 0 0
5 14 18 0 0 0 0 0 0 0 0 0 0 0 0 0 0 0 0 0 0 0 0 0 0 0 0
5 14 19 0 0 0 0 0 0 0 0 0 0 0 0 0 0 0 0 0 0 0 0 0 0 0 0
5 14 20 0 0 0 0 0 0 0 0 0 0 0 0 0 0 0 0 0 0 0 0 0 0 0 0
5 14 21 0 0 0 0 0 0 0 0 0 0 0 0 0 0 0 0 0 0 0 0 0 0 0 0
5 14 22 0 0 0 0 0 0 0 0 0 0 0 0 0 0 0 0 0 0 0 0 0 0 0 0
5 14 23 0 0 0 0 0 0 0 0 0 0 0 0 0 0 0 0 0 0 0 0 0 0 0 0
5 14 24 0 0 0 0 0 0 0 0 0 0 0 0 0 0 0 0 0 0 0 0 0 0 0 0
5 14 25 0 0 0 0 0 0 0 0 0 0 0 0 0 0 0 0 0 0 0 0 0 0 0 0
5 14 26 0 0 0 0 0 0 0 0 0 0 0 0 0 0 0 0 0 0 0 0 0 0 0 0
5 14 27 0 0 0 0 0 0 0 0 0 0 0 0 0 0 0 0 0 0 0 0 0 0 0 0
5 14 28 0 0 0 0 0 0 0 0 0 0 0 0 0 0 0 0 0 0 0 0 0 0 0 0
5 14 29 0 0 0 0 0 0 0 0 0 0 0 0 0 0 0 0 0 0 0 0 0 0 0 0
5 14 30 0 0 0 0 0 0 0 0 0 0 0 0 0 0 0 0 0 0 0 0 0 0 0 0
5 14 31 0 0 0 0 0 0 0 0 0 0 0 0 0 0 0 0 0 0 0 0 0 0 0 0
5 15 0 1 8 0 0 1 145 0 0 0 0 0 0 1 7 0 2 1 140 0 0 0 0 0 0
5 15 1 1 8 0 0 2 145 1 8 1 0 0 145 1 7 0 2 2 140 1 7 1 2 0 140
5 15 2 0 0 0 0 0 0 1 8 1 0 1 145 0 0 0 0 0 0 1 7 1 2 1 140
5 15 3 1 8 2 0 0 146 1 8 1 0 2 145 1 7 2 2 0 141 1 7 1 2 2 140
5 15 4 1 8 2 0 1 146 0 0 0 0 0 0 1 7 2 2 1 141 0 0 0 0 0 0
5 15 5 1 8 2 0 2 146 1 8 3 0 0 146 1 7 2 2 2 141 1 7 3 2 0 141
5 15 6 0 0 0 0 0 0 1 8 3 0 1 146 0 0 0 0 0 0 1 7 3 2 1 141
5 15 7 1 8 4 0 0 147 1 8 3 0 2 146 1 7 4 2 0 142 1 7 3 2 2 141
5 15 8 1 8 4 0 1 147 0 0 0 0 0 0 1 7 4 2 1 142 0 0 0 0 0 0
5 15 9 1 8 4 0 2 147 1 8 5 0 0 147 1 7 4 2 2 142 1 7 5 2 0 142
5 15 10 0 0 0 0 0 0 1 8 5 0 1 147 0 0 0 0 0 0 1 7 5 2 1 142
5 15 11 1 8 6 0 0 148 1 8 5 0 2 147 1 7 6 2 0 143 1 7 5 2 2 142
5 15 12 1 8 6 0 1 148 0 0 0 0 0 0 1 7 6 2 1 143 0 0 0 0 0 0
5 15 13 1 8 6 0 2 148 1 8 7 0 0 148 1 7 6 2 2 143 1 7 7 2 0 143
5 15 14 0 0 0 0 0 0 1 8 7 0 1 148 0 0 0 0 0 0 1 7 7 2 1 143
5 15 15 1 8 8 0 0 149 1 8 7 0 2 148 1 7 8 2 0 144 1 7 7 2 2 143
5 15 16 1 8 8 0 1 149 0 0 0 0 0 0 1 7 8 2 1 144 0 0 0 0 0 0
5 15 17 1 8 8 0 2 149 0 0 0 0 0 0 1 7 8 2 2 144 0 0 0 0 0 0
5 15 18 0 0 0 0 0 0 0 0 0 0 0 0 0 0 0 0 0 0 0 0 0 0 0 0
5 15 19 0 0 0 0 0 0 0 0 0 0 0 0 0 0 0 0 0 0 0 0 0 0 0 0
5 15 20 0 0 0 0 0 0 0 0 0 0 0 0 0 0 0 0 0 0 0 0 0 0 0 0
5 15 21 0 0 0 0 0 0 0 0 0 0 0 0 0 0 0 0 0 0 0 0 0 0 0 0
5 15 22 0 0 0 0 0 0 0 0 0 0 0 0 0 0 0 0 0 0 0 0 0 0 0 0
5 15 23 0 0 0 0 0 0 0 0 0 0 0 0 0 0 0 0 0 0 0 0 0 0 0 0
5 15 24 0 0 0 0 0 0 0 0 0 0 0 0 0 0 0 0 0 0 0 0 0 0 0 0
5 15 25 0 0 0 0 0 0 0 0 0 0 0 0 0 0 0 0 0 0 0 0 0 0 0 0
5 15 26 0 0 0 0 0 0 0 0 0 0 0 0 0 0 0 0 0 0 0 0 0 0 0 0
5 15 27 0 0 0 0 0 0 0 0 0 0 0 0 0 0 0 0 0 0 0 0 0 0 0 0
5 15 28 0 0 0 0 0 0 0 0 0 0 0 0 0 0 0 0 0 0 0 0 0 0 0 0
5 15 29 0 0 0 0 0 0 0 0 0 0 0 0 0 0 0 0 0 0 0 0 0 0 0 0
5 15 30 0 0 0 0 0 0 0 0 0 0 0 0 0 0 0 0 0 0 0 0 0 0 0 0
5 15 31 0 0 0 0 0 0 0 0 0 0 0 0 0 0 0 0 0 0 0 0 0 0 0 0
5 16 0 1 8 0 1 1 145 0 0 0 0 0 0 0 0 0 0 0 0 0 0 0 0 0 0
5 16 1 1 8 0 1 2 145 1 8 1 1 0 145 0 0 0 0 0 0 0 0 0 0 0 0
5 16 2 0 0 0 0 0 0 1 8 1 1 1 145 0 0 0 0 0 0 0 0 0 0 0 0
5 16 3 1 8 2 1 0 146 1 8 1 1 2 145 0 0 0 0 0 0 0 0 0 0 0 0
5 16 4 1 8 2 1 1 146 0 0 0 0 0 0 0 0 0 0 0 0 0 0 0 0 0 0
5 16 5 1 8 2 1 2 146 1 8 3 1 0 146 0 0 0 0 0 0 0 0 0 0 0 0
5 16 6 0 0 0 0 0 0 1 8 3 1 1 146 0 0 0 0 0 0 0 0 0 0 0 0
5 16 7 1 8 4 1 0 147 1 8 3 1 2 146 0 0 0 0 0 0 0 0 0 0 0 0
5 16 8 1 8 4 1 1 147 0 0 0 0 0 0 0 0 0 0 0 0 0 0 0 0 0 0
5 16 9 1 8 4 1 2 147 1 8 5 1 0 147 0 0 0 0 0 0 0 0 0 0 0 0
5 16 10 0 0 0 0 0 0 1 8 5 1 1 147 0 0 0 0 0 0 0 0 0 0 0 0
5 16 11 1 8 6 1 0 148 1 8 5 1 2 147 0 0 0 0 0 0 0 0 0 0 0 0
5 16 12 1 8 6 1 1 148 0 0 0 0 0 0 0 0 0 0 0 0 0 0 0 0 0 0
5 16 13 1 8 6 1 2 148 1 8 7 1 0 148 0 0 0 0 0 0 0 0 0 0 0 0
5 16 14 0 0 0 0 0 0 1 8 7 1 1 148 0 0 0 0 0 0 0 0 0 0 0 0
5 16 15 1 8 8 1 0 149 1 8 7 1 2 148 0 0 0 0 0 0 0 0 0 0 0 0
5 16 16 1 8 8 1 1 149 0 0 0 0 0 0 0 0 0 0 0 0 0 0 0 0 0 0
5 16 17 1 8 8 1 2 149 0 0 0 0 0 0 0 0 0 0 0 0 0 0 0 0 0 0
5 16 18 0 0 0 0 0 0 0 0 0 0 0 0 0 0 0 0 0 0 0 0 0 0 0 0
5 16 19 0 0 0 0 0 0 0 0 0 0 0 0 0 0 0 0 0 0 0 0 0 0 0 0
5 16 20 0 0 0 0 0 0 0 0 0 0 0 0 0 0 0 0 0 0 0 0 0 0 0 0
5 16 21 0 0 0 0 0 0 0 0 0 0 0 0 0 0 0 0 0 0 0 0 0 0 0 0
5 16 22 0 0 0 0 0 0 0 0 0 0 0 0 0 0 0 0 0 0 0 0 0 0 0 0
5 16 23 0 0 0 0 0 0 0 0 0 0 0 0 0 0 0 0 0 0 0 0 0 0 0 0
5 16 24 0 0 0 0 0 0 0 0 0 0 0 0 0 0 0 0 0 0 0 0 0 0 0 0
5 16 25 0 0 0 0 0 0 0 0 0 0 0 0 0 0 0 0 0 0 0 0 0 0 0 0
5 16 26 0 0 0 0 0 0 0 0 0 0 0 0 0 0 0 0 0 0 0 0 0 0 0 0
5 16 27 0 0 0 0 0 0 0 0 0 0 0 0 0 0 0 0 0 0 0 0 0 0 0 0
5 16 28 0 0 0 0 0 0 0 0 0 0 0 0 0 0 0 0 0 0 0 0 0 0 0 0
5 16 29 0 0 0 0 0 0 0 0 0 0 0 0 0 0 0 0 0 0 0 0 0 0 0 0
5 16 30 0 0 0 0 0 0 0 0 0 0 0 0 0 0 0 0 0 0 0 0 0 0 0 0
5 16 31 0 0 0 0 0 0 0 0 0 0 0 0 0 0 0 0 0 0 0 0 0 0 0 0
5 17 0 1 8 0 2 1 145 0 0 0 0 0 0 0 0 0 0 0 0 0 0 0 0 0 0
5 17 1 1 8 0 2 2 145 1 8 1 2 0 145 0 0 0 0 0 0 0 0 0 0 0 0
5 17 2 0 0 0 0 0 0 1 8 1 2 1 145 0 0 0 0 0 0 0 0 0 0 0 0
5 17 3 1 8 2 2 0 146 1 8 1 2 2 145 0 0 0 0 0 0 0 0 0 0 0 0
5 17 4 1 8 2 2 1 146 0 0 0 0 0 0 0 0 0 0 0 0 0 0 0 0 0 0
5 17 5 1 8 2 2 2 146 1 8 3 2 0 146 0 0 0 0 0 0 0 0 0 0 0 0
5 17 6 0 0 0 0 0 0 1 8 3 2 1 146 0 0 0 0 0 0 0 0 0 0 0 0
5 17 7 1 8 4 2 0 147 1 8 3 2 2 146 0 0 0 0 0 0 0 0 0 0 0 0
5 17 8 1 8 4 2 1 147 0 0 0 0 0 0 0 0 0 0 0 0 0 0 0 0 0 0
5 17 9 1 8 4 2 2 147 1 8 5 2 0 147 0 0 0 0 0 0 0 0 0 0 0 0
5 17 10 0 0 0 0 0 0 1 8 5 2 1 147 0 0 0 0 0 0 0 0 0 0 0 0
5 17 11 1 8 6 2 0 148 1 8 5 2 2 147 0 0 0 0 0 0 0 0 0 0 0 0
5 17 12 1 8 6 2 1 148 0 0 0 0 0 0 0 0 0 0 0 0 0 0 0 0 0 0
5 17 13 1 8 6 2 2 148 1 8 7 2 0 148 0 0 0 0 0 0 0 0 0 0 0 0
5 17 14 0 0 0 0 0 0 1 8 7 2 1 148 0 0 0 0 0 0 0 0 0 0 0 0
5 17 15 1 8 8 2 0 149 1 8 7 2 2 148 0 0 0 0 0 0 0 0 0 0 0 0
5 17 16 1 8 8 2 1 149 0 0 0 0 0 0 0 0 0 0 0 0 0 0 0 0 0 0
5 17 17 1 8 8 2 2 149 0 0 0 0 0 0 0 0 0 0 0 0 0 0 0 0 0 0
5 17 18 0 0 0 0 0 0 0 0 0 0 0 0 0 0 0 0 0 0 0 0 0 0 0 0
5 17 19 0 0 0 0 0 0 0 0 0 0 0 0 0 0 0 0 0 0 0 0 0 0 0 0
5 17 20 0 0 0 0 0 0 0 0 0 0 0 0 0 0 0 0 0 0 0 0 0 0 0 0
5 17 21 0 0 0 0 0 0 0 0 0 0 0 0 0 0 0 0 0 0 0 0 0 0 0 0
5 17 22 0 0 0 0 0 0 0 0 0 0 0 0 0 0 0 0 0 0 0 0 0 0 0 0
5 17 23 0 0 0 0 0 0 0 0 0 0 0 0 0 0 0 0 0 0 0 0 0 0 0 0
5 17 24 0 0 0 0 0 0 0 0 0 0 0 0 0 0 0 0 0 0 0 0 0 0 0 0
5 17 25 0 0 0 0 0 0 0 0 0 0 0 0 0 0 0 0 0 0 0 0 0 0 0 0
5 17 26 0 0 0 0 0 0 0 0 0 0 0 0 0 0 0 0 0 0 0 0 0 0 0 0
5 17 27 0 0 0 0 0 0 0 0 0 0 0 0 0 0 0 0 0 0 0 0 0 0 0 0
5 17 28 0 0 0 0 0 0 0 0 0 0 0 0 0 0 0 0 0 0 0 0 0 0 0 0
5 17 29 0 0 0 0 0 0 0 0 0 0 0 0 0 0 0 0 0 0 0 0 0 0 0 0
5 17 30 0 0 0 0 0 0 0 0 0 0 0 0 0 0 0 0 0 0 0 0 0 0 0 0
5 17 31 0 0 0 0 0 0 0 0 0 0 0 0 0 0 0 0 0 0 0 0 0 0 0 0
5 18 0 0 0 0 0 0 0 0 0 0 0 0 0 0 0 0 0 0 0 0 0 0 0 0 0
5 18 1 0 0 0 0 0 0 0 0 0 0 0 0 0 0 0 0 0 0 0 0 0 0 0 0
5 18 2 0 0 0 0 0 0 0 0 0 0 0 0 0 0 0 0 0 0 0 0 0 0 0 0
5 18 3 0 0 0 0 0 0 0 0 0 0 0 0 0 0 0 0 0 0 0 0 0 0 0 0
5 18 4 0 0 0 0 0 0 0 0 0 0 0 0 0 0 0 0 0 0 0 0 0 0 0 0
5 18 5 0 0 0 0 0 0 0 0 0 0 0 0 0 0 0 0 0 0 0 0 0 0 0 0
5 18 6 0 0 0 0 0 0 0 0 0 0 0 0 0 0 0 0 0 0 0 0 0 0 0 0
5 18 7 0 0 0 0 0 0 0 0 0 0 0 0 0 0 0 0 0 0 0 0 0 0 0 0
5 18 8 0 0 0 0 0 0 0 0 0 0 0 0 0 0 0 0 0 0 0 0 0 0 0 0
5 18 9 0 0 0 0 0 0 0 0 0 0 0 0 0 0 0 0 0 0 0 0 0 0 0 0
5 18 10 0 0 0 0 0 0 0 0 0 0 0 0 0 0 0 0 0 0 0 0 0 0 0 0
5 18 11 0 0 0 0 0 0 0 0 0 0 0 0 0 0 0 0 0 0 0 0 0 0 0 0
5 18 12 0 0 0 0 0 0 0 0 0 0 0 0 0 0 0 0 0 0 0 0 0 0 0 0
5 18 13 0 0 0 0 0 0 0 0 0 0 0 0 0 0 0 0 0 0 0 0 0 0 0 0
5 18 14 0 0 0 0 0 0 0 0 0 0 0 0 0 0 0 0 0 0 0 0 0 0 0 0
5 18 15 0 0 0 0 0 0 0 0 0 0 0 0 0 0 0 0 0 0 0 0 0 0 0 0
5 18 16 0 0 0 0 0 0 0 0 0 0 0 0 0 0 0 0 0 0 0 0 0 0 0 0
5 18 17 0 0 0 0 0 0 0 0 0 0 0 0 0 0 0 0 0 0 0 0 0 0 0 0
5 18 18 0 0 0 0 0 0 0 0 0 0 0 0 0 0 0 0 0 0 0 0 0 0 0 0
5 18 19 0 0 0 0 0 0 0 0 0 0 0 0 0 0 0 0 0 0 0 0 0 0 0 0
5 18 20 0 0 0 0 0 0 0 0 0 0 0 0 0 0 0 0 0 0 0 0 0 0 0 0
5 18 21 0 0 0 0 0 0 0 0 0 0 0 0 0 0 0 0 0 0 0 0 0 0 0 0
5 18 22 0 0 0 0 0 0 0 0 0 0 0 0 0 0 0 0 0 0 0 0 0 0 0 0
5 18 23 0 0 0 0 0 0 0 0 0 0 0 0 0 0 0 0 0 0 0 0 0 0 0 0
5 18 24 0 0 0 0 0 0 0 0 0 0 0 0 0 0 0 0 0 0 0 0 0 0 0 0
5 18 25 0 0 0 0 0 0 0 0 0 0 0 0 0 0 0 0 0 0 0 0 0 0 0 0
5 18 26 0 0 0 0 0 0 0 0 0 0 0 0 0 0 0 0 0 0 0 0 0 0 0 0
5 18 27 0 0 0 0 0 0 0 0 0 0 0 0 0 0 0 0 0 0 0 0 0 0 0 0
5 18 28 0 0 0 0 0 0 0 0 0 0 0 0 0 0 0 0 0 0 0 0 0 0 0 0
5 18 29 0 0 0 0 0 0 0 0 0 0 0 0 0 0 0 0 0 0 0 0 0 0 0 0
5 18 30 0 0 0 0 0 0 0 0 0 0 0 0 0 0 0 0 0 0 0 0 0 0 0 0
5 18 31 0 0 0 0 0 0 0 0 0 0 0 0 0 0 0 0 0 0 0 0 0 0 0 0
5 19 0 0 0 0 0 0 0 0 0 0 0 0 0 0 0 0 0 0 0 0 0 0 0 0 0
5 19 1 0 0 0 0 0 0 0 0 0 0 0 0 0 0 0 0 0 0 0 0 0 0 0 0
5 19 2 0 0 0 0 0 0 0 0 0 0 0 0 0 0 0 0 0 0 0 0 0 0 0 0
5 19 3 0 0 0 0 0 0 0 0 0 0 0 0 0 0 0 0 0 0 0 0 0 0 0 0
5 19 4 0 0 0 0 0 0 0 0 0 0 0 0 0 0 0 0 0 0 0 0 0 0 0 0
5 19 5 0 0 0 0 0 0 0 0 0 0 0 0 0 0 0 0 0 0 0 0 0 0 0 0
5 19 6 0 0 0 0 0 0 0 0 0 0 0 0 0 0 0 0 0 0 0 0 0 0 0 0
5 19 7 0 0 0 0 0 0 0 0 0 0 0 0 0 0 0 0 0 0 0 0 0 0 0 0
5 19 8 0 0 0 0 0 0 0 0 0 0 0 0 0 0 0 0 0 0 0 0 0 0 0 0
5 19 9 0 0 0 0 0 0 0 0 0 0 0 0 0 0 0 0 0 0 0 0 0 0 0 0
5 19 10 0 0 0 0 0 0 0 0 0 0 0 0 0 0 0 0 0 0 0 0 0 0 0 0
5 19 11 0 0 0 0 0 0 0 0 0 0 0 0 0 0 0 0 0 0 0 0 0 0 0 0
5 19 12 0 0 0 0 0 0 0 0 0 0 0 0 0 0 0 0 0 0 0 0 0 0 0 0
5 19 13 0 0 0 0 0 0 0 0 0 0 0 0 0 0 0 0 0 0 0 0 0 0 0 0
5 19 14 0 0 0 0 0 0 0 0 0 0 0 0 0 0 0 0 0 0 0 0 0 0 0 0
5 19 15 0 0 0 0 0 0 0 0 0 0 0 0 0 0 0 0 0 0 0 0 0 0 0 0
5 19 16 0 0 0 0 0 0 0 0 0 0 0 0 0 0 0 0 0 0 0 0 0 0 0 0
5 19 17 0 0 0 0 0 0 0 0 0 0 0 0 0 0 0 0 0 0 0 0 0 0 0 0
5 19 18 0 0 0 0 0 0 0 0 0 0 0 0 0 0 0 0 0 0 0 0 0 0 0 0
5 19 19 0 0 0 0 0 0 0 0 0 0 0 0 0 0 0 0 0 0 0 0 0 0 0 0
5 19 20 0 0 0 0 0 0 0 0 0 0 0 0 0 0 0 0 0 0 0 0 0 0 0 0
5 19 21 0 0 0 0 0 0 0 0 0 0 0 0 0 0 0 0 0 0 0 0 0 0 0 0
5 19 22 0 0 0 0 0 0 0 0 0 0 0 0 0 0 0 0 0 0 0 0 0 0 0 0
5 19 23 0 0 0 0 0 0 0 0 0 0 0 0 0 0 0 0 0 0 0 0 0 0 0 0
5 19 24 0 0 0 0 0 0 0 0 0 0 0 0 0 0 0 0 0 0 0 0 0 0 0 0
5 19 25 0 0 0 0 0 0 0 0 0 0 0 0 0 0 0 0 0 0 0 0 0 0 0 0
5 19 26 0 0 0 0 0 0 0 0 0 0 0 0 0 0 0 0 0 0 0 0 0 0 0 0
5 19 27 0 0 0 0 0 0 0 0 0 0 0 0 0 0 0 0 0 0 0 0 0 0 0 0
5 19 28 0 0 0 0 0 0 0 0 0 0 0 0 0 0 0 0 0 0 0 0 0 0 0 0
5 19 29 0 0 0 0 0 0 0 0 0 0 0 0 0 0 0 0 0 0 0 0 0 0 0 0
5 19 30 0 0 0 0 0 0 0 0 0 0 0 0 0 0 0 0 0 0 0 0 0 0 0 0
5 19 31 0 0 0 0 0 0 0 0 0 0 0 0 0 0 0 0 0 0 0 0 0 0 0 0
5 20 0 0 0 0 0 0 0 0 0 0 0 0 0 0 0 0 0 0 0 0 0 0 0 0 0
5 20 1 0 0 0 0 0 0 0 0 0 0 0 0 0 0 0 0 0 0 0 0 0 0 0 0
5 20 2 0 0 0 0 0 0 0 0 0 0 0 0 0 0 0 0 0 0 0 0 0 0 0 0
5 20 3 0 0 0 0 0 0 0 0 0 0 0 0 0 0 0 0 0 0 0 0 0 0 0 0
5 20 4 0 0 0 0 0 0 0 0 0 0 0 0 0 0 0 0 0 0 0 0 0 0 0 0
5 20 5 0 0 0 0 0 0 0 0 0 0 0 0 0 0 0 0 0 0 0 0 0 0 0 0
5 20 6 0 0 0 0 0 0 0 0 0 0 0 0 0 0 0 0 0 0 0 0 0 0 0 0
5 20 7 0 0 0 0 0 0 0 0 0 0 0 0 0 0 0 0 0 0 0 0 0 0 0 0
5 20 8 0 0 0 0 0 0 0 0 0 0 0 0 0 0 0 0 0 0 0 0 0 0 0 0
5 20 9 0 0 0 0 0 0 0 0 0 0 0 0 0 0 0 0 0 0 0 0 0 0 0 0
5 20 10 0 0 0 0 0 0 0 0 0 0 0 0 0 0 0 0 0 0 0 0 0 0 0 0
5 20 11 0 0 0 0 0 0 0 0 0 0 0 0 0 0 0 0 0 0 0 0 0 0 0 0
5 20 12 0 0 0 0 0 0 0 0 0 0 0 0 0 0 0 0 0 0 0 0 0 0 0 0
5 20 13 0 0 0 0 0 0 0 0 0 0 0 0 0 0 0 0 0 0 0 0 0 0 0 0
5 20 14 0 0 0 0 0 0 0 0 0 0 0 0 0 0 0 0 0 0 0 0 0 0 0 0
5 20 15 0 0 0 0 0 0 0 0 0 0 0 0 0 0 0 0 0 0 0 0 0 0 0 0
5 20 16 0 0 0 0 0 0 0 0 0 0 0 0 0 0 0 0 0 0 0 0 0 0 0 0
5 20 17 0 0 0 0 0 0 0 0 0 0 0 0 0 0 0 0 0 0 0 0 0 0 0 0
5 20 18 0 0 0 0 0 0 0 0 0 0 0 0 0 0 0 0 0 0 0 0 0 0 0 0
5 20 19 0 0 0 0 0 0 0 0 0 0 0 0 0 0 0 0 0 0 0 0 0 0 0 0
5 20 20 0 0 0 0 0 0 0 0 0 0 0 0 0 0 0 0 0 0 0 0 0 0 0 0
5 20 21 0 0 0 0 0 0 0 0 0 0 0 0 0 0 0 0 0 0 0 0 0 0 0 0
5 20 22 0 0 0 0 0 0 0 0 0 0 0 0 0 0 0 0 0 0 0 0 0 0 0 0
5 20 23 0 0 0 0 0 0 0 0 0 0 0 0 0 0 0 0 0 0 0 0 0 0 0 0
5 20 24 0 0 0 0 0 0 0 0 0 0 0 0 0 0 0 0 0 0 0 0 0 0 0 0
5 20 25 0 0 0 0 0 0 0 0 0 0 0 0 0 0 0 0 0 0 0 0 0 0 0 0
5 20 26 0 0 0 0 0 0 0 0 0 0 0 0 0 0 0 0 0 0 0 0 0 0 0 0
5 20 27 0 0 0 0 0 0 0 0 0 0 0 0 0 0 0 0 0 0 0 0 0 0 0 0
5 20 28 0 0 0 0 0 0 0 0 0 0 0 0 0 0 0 0 0 0 0 0 0 0 0 0
5 20 29 0 0 0 0 0 0 0 0 0 0 0 0 0 0 0 0 0 0 0 0 0 0 0 0
5 20 30 0 0 0 0 0 0 0 0 0 0 0 0 0 0 0 0 0 0 0 0 0 0 0 0
5 20 31 0 0 0 0 0 0 0 0 0 0 0 0 0 0 0 0 0 0 0 0 0 0 0 0
5 21 0 0 0 0 0 0 0 0 0 0 0 0 0 0 0 0 0 0 0 0 0 0 0 0 0
5 21 1 0 0 0 0 0 0 0 0 0 0 0 0 0 0 0 0 0 0 0 0 0 0 0 0
5 21 2 0 0 0 0 0 0 0 0 0 0 0 0 0 0 0 0 0 0 0 0 0 0 0 0
5 21 3 0 0 0 0 0 0 0 0 0 0 0 0 0 0 0 0 0 0 0 0 0 0 0 0
5 21 4 0 0 0 0 0 0 0 0 0 0 0 0 0 0 0 0 0 0 0 0 0 0 0 0
5 21 5 0 0 0 0 0 0 0 0 0 0 0 0 0 0 0 0 0 0 0 0 0 0 0 0
5 21 6 0 0 0 0 0 0 0 0 0 0 0 0 0 0 0 0 0 0 0 0 0 0 0 0
5 21 7 0 0 0 0 0 0 0 0 0 0 0 0 0 0 0 0 0 0 0 0 0 0 0 0
5 21 8 0 0 0 0 0 0 0 0 0 0 0 0 0 0 0 0 0 0 0 0 0 0 0 0
5 21 9 0 0 0 0 0 0 0 0 0 0 0 0 0 0 0 0 0 0 0 0 0 0 0 0
5 21 10 0 0 0 0 0 0 0 0 0 0 0 0 0 0 0 0 0 0 0 0 0 0 0 0
5 21 11 0 0 0 0 0 0 0 0 0 0 0 0 0 0 0 0 0 0 0 0 0 0 0 0
5 21 12 0 0 0 0 0 0 0 0 0 0 0 0 0 0 0 0 0 0 0 0 0 0 0 0
5 21 13 0 0 0 0 0 0 0 0 0 0 0 0 0 0 0 0 0 0 0 0 0 0 0 0
5 21 14 0 0 0 0 0 0 0 0 0 0 0 0 0 0 0 0 0 0 0 0 0 0 0 0
5 21 15 0 0 0 0 0 0 0 0 0 0 0 0 0 0 0 0 0 0 0 0 0 0 0 0
5 21 16 0 0 0 0 0 0 0 0 0 0 0 0 0 0 0 0 0 0 0 0 0 0 0 0
5 21 17 0 0 0 0 0 0 0 0 0 0 0 0 0 0 0 0 0 0 0 0 0 0 0 0
5 21 18 0 0 0 0 0 0 0 0 0 0 0 0 0 0 0 0 0 0 0 0 0 0 0 0
5 21 19 0 0 0 0 0 0 0 0 0 0 0 0 0 0 0 0 0 0 0 0 0 0 0 0
5 21 20 0 0 0 0 0 0 0 0 0 0 0 0 0 0 0 0 0 0 0 0 0 0 0 0
5 21 21 0 0 0 0 0 0 0 0 0 0 0 0 0 0 0 0 0 0 0 0 0 0 0 0
5 21 22 0 0 0 0 0 0 0 0 0 0 0 0 0 0 0 0 0 0 0 0 0 0 0 0
5 21 23 0 0 0 0 0 0 0 0 0 0 0 0 0 0 0 0 0 0 0 0 0 0 0 0
5 21 24 0 0 0 0 0 0 0 0 0 0 0 0 0 0 0 0 0 0 0 0 0 0 0 0
5 21 25 0 0 0 0 0 0 0 0 0 0 0 0 0 0 0 0 0 0 0 0 0 0 0 0
5 21 26 0 0 0 0 0 0 0 0 0 0 0 0 0 0 0 0 0 0 0 0 0 0 0 0
5 21 27 0 0 0 0 0 0 0 0 0 0 0 0 0 0 0 0 0 0 0 0 0 0 0 0
5 21 28 0 0 0 0 0 0 0 0 0 0 0 0 0 0 0 0 0 0 0 0 0 0 0 0
5 21 29 0 0 0 0 0 0 0 0 0 0 0 0 0 0 0 0 0 0 0 0 0 0 0 0
5 21 30 0 0 0 0 0 0 0 0 0 0 0 0 0 0 0 0 0 0 0 0 0 0 0 0
5 21 31 0 0 0 0 0 0 0 0 0 0 0 0 0 0 0 0 0 0 0 0 0 0 0 0
5 22 0 0 0 0 0 0 0 0 0 0 0 0 0 0 0 0 0 0 0 0 0 0 0 0 0
5 22 1 0 0 0 0 0 0 0 0 0 0 0 0 0 0 0 0 0 0 0 0 0 0 0 0
5 22 2 0 0 0 0 0 0 0 0 0 0 0 0 0 0 0 0 0 0 0 0 0 0 0 0
5 22 3 0 0 0 0 0 0 0 0 0 0 0 0 0 0 0 0 0 0 0 0 0 0 0 0
5 22 4 0 0 0 0 0 0 0 0 0 0 0 0 0 0 0 0 0 0 0 0 0 0 0 0
5 22 5 0 0 0 0 0 0 0 0 0 0 0 0 0 0 0 0 0 0 0 0 0 0 0 0
5 22 6 0 0 0 0 0 0 0 0 0 0 0 0 0 0 0 0 0 0 0 0 0 0 0 0
5 22 7 0 0 0 0 0 0 0 0 0 0 0 0 0 0 0 0 0 0 0 0 0 0 0 0
5 22 8 0 0 0 0 0 0 0 0 0 0 0 0 0 0 0 0 0 0 0 0 0 0 0 0
5 22 9 0 0 0 0 0 0 0 0 0 0 0 0 0 0 0 0 0 0 0 0 0 0 0 0
5 22 10 0 0 0 0 0 0 0 0 0 0 0 0 0 0 0 0 0 0 0 0 0 0 0 0
5 22 11 0 0 0 0 0 0 0 0 0 0 0 0 0 0 0 0 0 0 0 0 0 0 0 0
5 22 12 0 0 0 0 0 0 0 0 0 0 0 0 0 0 0 0 0 0 0 0 0 0 0 0
5 22 13 0 0 0 0 0 0 0 0 0 0 0 0 0 0 0 0 0 0 0 0 0 0 0 0
5 22 14 0 0 0 0 0 0 0 0 0 0 0 0 0 0 0 0 0 0 0 0 0 0 0 0
5 22 15 0 0 0 0 0 0 0 0 0 0 0 0 0 0 0 0 0 0 0 0 0 0 0 0
5 22 16 0 0 0 0 0 0 0 0 0 0 0 0 0 0 0 0 0 0 0 0 0 0 0 0
5 22 17 0 0 0 0 0 0 0 0 0 0 0 0 0 0 0 0 0 0 0 0 0 0 0 0
5 22 18 0 0 0 0 0 0 0 0 0 0 0 0 0 0 0 0 0 0 0 0 0 0 0 0
5 22 19 0 0 0 0 0 0 0 0 0 0 0 0 0 0 0 0 0 0 0 0 0 0 0 0
5 22 20 0 0 0 0 0 0 0 0 0 0 0 0 0 0 0 0 0 0 0 0 0 0 0 0
5 22 21 0 0 0 0 0 0 0 0 0 0 0 0 0 0 0 0 0 0 0 0 0 0 0 0
5 22 22 0 0 0 0 0 0 0 0 0 0 0 0 0 0 0 0 0 0 0 0 0 0 0 0
5 22 23 0 0 0 0 0 0 0 0 0 0 0 0 0 0 0 0 0 0 0 0 0 0 0 0
5 22 24 0 0 0 0 0 0 0 0 0 0 0 0 0 0 0 0 0 0 0 0 0 0 0 0
5 22 25 0 0 0 0 0 0 0 0 0 0 0 0 0 0 0 0 0 0 0 0 0 0 0 0
5 22 26 0 0 0 0 0 0 0 0 0 0 0 0 0 0 0 0 0 0 0 0 0 0 0 0
5 22 27 0 0 0 0 0 0 0 0 0 0 0 0 0 0 0 0 0 0 0 0 0 0 0 0
5 22 28 0 0 0 0 0 0 0 0 0 0 0 0 0 0 0 0 0 0 0 0 0 0 0 0
5 22 29 0 0 0 0 0 0 0 0 0 0 0 0 0 0 0 0 0 0 0 0 0 0 0 0
5 22 30 0 0 0 0 0 0 0 0 0 0 0 0 0 0 0 0 0 0 0 0 0 0 0 0
5 22 31 0 0 0 0 0 0 0 0 0 0 0 0 0 0 0 0 0 0 0 0 0 0 0 0
5 23 0 0 0 0 0 0 0 0 0 0 0 0 0 0 0 0 0 0 0 0 0 0 0 0 0
5 23 1 0 0 0 0 0 0 0 0 0 0 0 0 0 0 0 0 0 0 0 0 0 0 0 0
5 23 2 0 0 0 0 0 0 0 0 0 0 0 0 0 0 0 0 0 0 0 0 0 0 0 0
5 23 3 0 0 0 0 0 0 0 0 0 0 0 0 0 0 0 0 0 0 0 0 0 0 0 0
5 23 4 0 0 0 0 0 0 0 0 0 0 0 0 0 0 0 0 0 0 0 0 0 0 0 0
5 23 5 0 0 0 0 0 0 0 0 0 0 0 0 0 0 0 0 0 0 0 0 0 0 0 0
5 23 6 0 0 0 0 0 0 0 0 0 0 0 0 0 0 0 0 0 0 0 0 0 0 0 0
5 23 7 0 0 0 0 0 0 0 0 0 0 0 0 0 0 0 0 0 0 0 0 0 0 0 0
5 23 8 0 0 0 0 0 0 0 0 0 0 0 0 0 0 0 0 0 0 0 0 0 0 0 0
5 23 9 0 0 0 0 0 0 0 0 0 0 0 0 0 0 0 0 0 0 0 0 0 0 0 0
5 23 10 0 0 0 0 0 0 0 0 0 0 0 0 0 0 0 0 0 0 0 0 0 0 0 0
5 23 11 0 0 0 0 0 0 0 0 0 0 0 0 0 0 0 0 0 0 0 0 0 0 0 0
5 23 12 0 0 0 0 0 0 0 0 0 0 0 0 0 0 0 0 0 0 0 0 0 0 0 0
5 23 13 0 0 0 0 0 0 0 0 0 0 0 0 0 0 0 0 0 0 0 0 0 0 0 0
5 23 14 0 0 0 0 0 0 0 0 0 0 0 0 0 0 0 0 0 0 0 0 0 0 0 0
5 23 15 0 0 0 0 0 0 0 0 0 0 0 0 0 0 0 0 0 0 0 0 0 0 0 0
5 23 16 0 0 0 0 0 0 0 0 0 0 0 0 0 0 0 0 0 0 0 0 0 0 0 0
5 23 17 0 0 0 0 0 0 0 0 0 0 0 0 0 0 0 0 0 0 0 0 0 0 0 0
5 23 18 0 0 0 0 0 0 0 0 0 0 0 0 0 0 0 0 0 0 0 0 0 0 0 0
5 23 19 0 0 0 0 0 0 0 0 0 0 0 0 0 0 0 0 0 0 0 0 0 0 0 0
5 23 20 0 0 0 0 0 0 0 0 0 0 0 0 0 0 0 0 0 0 0 0 0 0 0 0
5 23 21 0 0 0 0 0 0 0 0 0 0 0 0 0 0 0 0 0 0 0 0 0 0 0 0
5 23 22 0 0 0 0 0 0 0 0 0 0 0 0 0 0 0 0 0 0 0 0 0 0 0 0
5 23 23 0 0 0 0 0 0 0 0 0 0 0 0 0 0 0 0 0 0 0 0 0 0 0 0
5 23 24 0 0 0 0 0 0 0 0 0 0 0 0 0 0 0 0 0 0 0 0 0 0 0 0
5 23 25 0 0 0 0 0 0 0 0 0 0 0 0 0 0 0 0 0 0 0 0 0 0 0 0
5 23 26 0 0 0 0 0 0 0 0 0 0 0 0 0 0 0 0 0 0 0 0 0 0 0 0
5 23 27 0 0 0 0 0 0 0 0 0 0 0 0 0 0 0 0 0 0 0 0 0 0 0 0
5 23 28 0 0 0 0 0 0 0 0 0 0 0 0 0 0 0 0 0 0 0 0 0 0 0 0
5 23 29 0 0 0 0 0 0 0 0 0 0 0 0 0 0 0 0 0 0 0 0 0 0 0 0
5 23 30 0 0 0 0 0 0 0 0 0 0 0 0 0 0 0 0 0 0 0 0 0 0 0 0
5 23 31 0 0 0 0 0 0 0 0 0 0 0 0 0 0 0 0 0 0 0 0 0 0 0 0
5 24 0 0 0 0 0 0 0 0 0 0 0 0 0 0 0 0 0 0 0 0 0 0 0 0 0
5 24 1 0 0 0 0 0 0 0 0 0 0 0 0 0 0 0 0 0 0 0 0 0 0 0 0
5 24 2 0 0 0 0 0 0 0 0 0 0 0 0 0 0 0 0 0 0 0 0 0 0 0 0
5 24 3 0 0 0 0 0 0 0 0 0 0 0 0 0 0 0 0 0 0 0 0 0 0 0 0
5 24 4 0 0 0 0 0 0 0 0 0 0 0 0 0 0 0 0 0 0 0 0 0 0 0 0
5 24 5 0 0 0 0 0 0 0 0 0 0 0 0 0 0 0 0 0 0 0 0 0 0 0 0
5 24 6 0 0 0 0 0 0 0 0 0 0 0 0 0 0 0 0 0 0 0 0 0 0 0 0
5 24 7 0 0 0 0 0 0 0 0 0 0 0 0 0 0 0 0 0 0 0 0 0 0 0 0
5 24 8 0 0 0 0 0 0 0 0 0 0 0 0 0 0 0 0 0 0 0 0 0 0 0 0
5 24 9 0 0 0 0 0 0 0 0 0 0 0 0 0 0 0 0 0 0 0 0 0 0 0 0
5 24 10 0 0 0 0 0 0 0 0 0 0 0 0 0 0 0 0 0 0 0 0 0 0 0 0
5 24 11 0 0 0 0 0 0 0 0 0 0 0 0 0 0 0 0 0 0 0 0 0 0 0 0
5 24 12 0 0 0 0 0 0 0 0 0 0 0 0 0 0 0 0 0 0 0 0 0 0 0 0
5 24 13 0 0 0 0 0 0 0 0 0 0 0 0 0 0 0 0 0 0 0 0 0 0 0 0
5 24 14 0 0 0 0 0 0 0 0 0 0 0 0 0 0 0 0 0 0 0 0 0 0 0 0
5 24 15 0 0 0 0 0 0 0 0 0 0 0 0 0 0 0 0 0 0 0 0 0 0 0 0
5 24 16 0 0 0 0 0 0 0 0 0 0 0 0 0 0 0 0 0 0 0 0 0 0 0 0
5 24 17 0 0 0 0 0 0 0 0 0 0 0 0 0 0 0 0 0 0 0 0 0 0 0 0
5 24 18 0 0 0 0 0 0 0 0 0 0 0 0 0 0 0 0 0 0 0 0 0 0 0 0
5 24 19 0 0 0 0 0 0 0 0 0 0 0 0 0 0 0 0 0 0 0 0 0 0 0 0
5 24 20 0 0 0 0 0 0 0 0 0 0 0 0 0 0 0 0 0 0 0 0 0 0 0 0
5 24 21 0 0 0 0 0 0 0 0 0 0 0 0 0 0 0 0 0 0 0 0 0 0 0 0
5 24 22 0 0 0 0 0 0 0 0 0 0 0 0 0 0 0 0 0 0 0 0 0 0 0 0
5 24 23 0 0 0 0 0 0 0 0 0 0 0 0 0 0 0 0 0 0 0 0 0 0 0 0
5 24 24 0 0 0 0 0 0 0 0 0 0 0 0 0 0 0 0 0 0 0 0 0 0 0 0
5 24 25 0 0 0 0 0 0 0 0 0 0 0 0 0 0 0 0 0 0 0 0 0 0 0 0
5 24 26 0 0 0 0 0 0 0 0 0 0 0 0 0 0 0 0 0 0 0 0 0 0 0 0
5 24 27 0 0 0 0 0 0 0 0 0 0 0 0 0 0 0 0 0 0 0 0 0 0 0 0
5 24 28 0 0 0 0 0 0 0 0 0 0 0 0 0 0 0 0 0 0 0 0 0 0 0 0
5 24 29 0 0 0 0 0 0 0 0 0 0 0 0 0 0 0 0 0 0 0 0 0 0 0 0
5 24 30 0 0 0 0 0 0 0 0 0 0 0 0 0 0 0 0 0 0 0 0 0 0 0 0
5 24 31 0 0 0 0 0 0 0 0 0 0 0 0 0 0 0 0 0 0 0 0 0 0 0 0
5 25 0 0 0 0 0 0 0 0 0 0 0 0 0 0 0 0 0 0 0 0 0 0 0 0 0
5 25 1 0 0 0 0 0 0 0 0 0 0 0 0 0 0 0 0 0 0 0 0 0 0 0 0
5 25 2 0 0 0 0 0 0 0 0 0 0 0 0 0 0 0 0 0 0 0 0 0 0 0 0
5 25 3 0 0 0 0 0 0 0 0 0 0 0 0 0 0 0 0 0 0 0 0 0 0 0 0
5 25 4 0 0 0 0 0 0 0 0 0 0 0 0 0 0 0 0 0 0 0 0 0 0 0 0
5 25 5 0 0 0 0 0 0 0 0 0 0 0 0 0 0 0 0 0 0 0 0 0 0 0 0
5 25 6 0 0 0 0 0 0 0 0 0 0 0 0 0 0 0 0 0 0 0 0 0 0 0 0
5 25 7 0 0 0 0 0 0 0 0 0 0 0 0 0 0 0 0 0 0 0 0 0 0 0 0
5 25 8 0 0 0 0 0 0 0 0 0 0 0 0 0 0 0 0 0 0 0 0 0 0 0 0
5 25 9 0 0 0 0 0 0 0 0 0 0 0 0 0 0 0 0 0 0 0 0 0 0 0 0
5 25 10 0 0 0 0 0 0 0 0 0 0 0 0 0 0 0 0 0 0 0 0 0 0 0 0
5 25 11 0 0 0 0 0 0 0 0 0 0 0 0 0 0 0 0 0 0 0 0 0 0 0 0
5 25 12 0 0 0 0 0 0 0 0 0 0 0 0 0 0 0 0 0 0 0 0 0 0 0 0
5 25 13 0 0 0 0 0 0 0 0 0 0 0 0 0 0 0 0 0 0 0 0 0 0 0 0
5 25 14 0 0 0 0 0 0 0 0 0 0 0 0 0 0 0 0 0 0 0 0 0 0 0 0
5 25 15 0 0 0 0 0 0 0 0 0 0 0 0 0 0 0 0 0 0 0 0 0 0 0 0
5 25 16 0 0 0 0 0 0 0 0 0 0 0 0 0 0 0 0 0 0 0 0 0 0 0 0
5 25 17 0 0 0 0 0 0 0 0 0 0 0 0 0 0 0 0 0 0 0 0 0 0 0 0
5 25 18 0 0 0 0 0 0 0 0 0 0 0 0 0 0 0 0 0 0 0 0 0 0 0 0
5 25 19 0 0 0 0 0 0 0 0 0 0 0 0 0 0 0 0 0 0 0 0 0 0 0 0
5 25 20 0 0 0 0 0 0 0 0 0 0 0 0 0 0 0 0 0 0 0 0 0 0 0 0
5 25 21 0 0 0 0 0 0 0 0 0 0 0 0 0 0 0 0 0 0 0 0 0 0 0 0
5 25 22 0 0 0 0 0 0 0 0 0 0 0 0 0 0 0 0 0 0 0 0 0 0 0 0
5 25 23 0 0 0 0 0 0 0 0 0 0 0 0 0 0 0 0 0 0 0 0 0 0 0 0
5 25 24 0 0 0 0 0 0 0 0 0 0 0 0 0 0 0 0 0 0 0 0 0 0 0 0
5 25 25 0 0 0 0 0 0 0 0 0 0 0 0 0 0 0 0 0 0 0 0 0 0 0 0
5 25 26 0 0 0 0 0 0 0 0 0 0 0 0 0 0 0 0 0 0 0 0 0 0 0 0
5 25 27 0 0 0 0 0 0 0 0 0 0 0 0 0 0 0 0 0 0 0 0 0 0 0 0
5 25 28 0 0 0 0 0 0 0 0 0 0 0 0 0 0 0 0 0 0 0 0 0 0 0 0
5 25 29 0 0 0 0 0 0 0 0 0 0 0 0 0 0 0 0 0 0 0 0 0 0 0 0
5 25 30 0 0 0 0 0 0 0 0 0 0 0 0 0 0 0 0 0 0 0 0 0 0 0 0
5 25 31 0 0 0 0 0 0 0 0 0 0 0 0 0 0 0 0 0 0 0 0 0 0 0 0
5 26 0 0 0 0 0 0 0 0 0 0 0 0 0 0 0 0 0 0 0 0 0 0 0 0 0
5 26 1 0 0 0 0 0 0 0 0 0 0 0 0 0 0 0 0 0 0 0 0 0 0 0 0
5 26 2 0 0 0 0 0 0 0 0 0 0 0 0 0 0 0 0 0 0 0 0 0 0 0 0
5 26 3 0 0 0 0 0 0 0 0 0 0 0 0 0 0 0 0 0 0 0 0 0 0 0 0
5 26 4 0 0 0 0 0 0 0 0 0 0 0 0 0 0 0 0 0 0 0 0 0 0 0 0
5 26 5 0 0 0 0 0 0 0 0 0 0 0 0 0 0 0 0 0 0 0 0 0 0 0 0
5 26 6 0 0 0 0 0 0 0 0 0 0 0 0 0 0 0 0 0 0 0 0 0 0 0 0
5 26 7 0 0 0 0 0 0 0 0 0 0 0 0 0 0 0 0 0 0 0 0 0 0 0 0
5 26 8 0 0 0 0 0 0 0 0 0 0 0 0 0 0 0 0 0 0 0 0 0 0 0 0
5 26 9 0 0 0 0 0 0 0 0 0 0 0 0 0 0 0 0 0 0 0 0 0 0 0 0
5 26 10 0 0 0 0 0 0 0 0 0 0 0 0 0 0 0 0 0 0 0 0 0 0 0 0
5 26 11 0 0 0 0 0 0 0 0 0 0 0 0 0 0 0 0 0 0 0 0 0 0 0 0
5 26 12 0 0 0 0 0 0 0 0 0 0 0 0 0 0 0 0 0 0 0 0 0 0 0 0
5 26 13 0 0 0 0 0 0 0 0 0 0 0 0 0 0 0 0 0 0 0 0 0 0 0 0
5 26 14 0 0 0 0 0 0 0 0 0 0 0 0 0 0 0 0 0 0 0 0 0 0 0 0
5 26 15 0 0 0 0 0 0 0 0 0 0 0 0 0 0 0 0 0 0 0 0 0 0 0 0
5 26 16 0 0 0 0 0 0 0 0 0 0 0 0 0 0 0 0 0 0 0 0 0 0 0 0
5 26 17 0 0 0 0 0 0 0 0 0 0 0 0 0 0 0 0 0 0 0 0 0 0 0 0
5 26 18 0 0 0 0 0 0 0 0 0 0 0 0 0 0 0 0 0 0 0 0 0 0 0 0
5 26 19 0 0 0 0 0 0 0 0 0 0 0 0 0 0 0 0 0 0 0 0 0 0 0 0
5 26 20 0 0 0 0 0 0 0 0 0 0 0 0 0 0 0 0 0 0 0 0 0 0 0 0
5 26 21 0 0 0 0 0 0 0 0 0 0 0 0 0 0 0 0 0 0 0 0 0 0 0 0
5 26 22 0 0 0 0 0 0 0 0 0 0 0 0 0 0 0 0 0 0 0 0 0 0 0 0
5 26 23 0 0 0 0 0 0 0 0 0 0 0 0 0 0 0 0 0 0 0 0 0 0 0 0
5 26 24 0 0 0 0 0 0 0 0 0 0 0 0 0 0 0 0 0 0 0 0 0 0 0 0
5 26 25 0 0 0 0 0 0 0 0 0 0 0 0 0 0 0 0 0 0 0 0 0 0 0 0
5 26 26 0 0 0 0 0 0 0 0 0 0 0 0 0 0 0 0 0 0 0 0 0 0 0 0
5 26 27 0 0 0 0 0 0 0 0 0 0 0 0 0 0 0 0 0 0 0 0 0 0 0 0
5 26 28 0 0 0 0 0 0 0 0 0 0 0 0 0 0 0 0 0 0 0 0 0 0 0 0
5 26 29 0 0 0 0 0 0 0 0 0 0 0 0 0 0 0 0 0 0 0 0 0 0 0 0
5 26 30 0 0 0 0 0 0 0 0 0 0 0 0 0 0 0 0 0 0 0 0 0 0 0 0
5 26 31 0 0 0 0 0 0 0 0 0 0 0 0 0 0 0 0 0 0 0 0 0 0 0 0
5 27 0 0 0 0 0 0 0 0 0 0 0 0 0 0 0 0 0 0 0 0 0 0 0 0 0
5 27 1 0 0 0 0 0 0 0 0 0 0 0 0 0 0 0 0 0 0 0 0 0 0 0 0
5 27 2 0 0 0 0 0 0 0 0 0 0 0 0 0 0 0 0 0 0 0 0 0 0 0 0
5 27 3 0 0 0 0 0 0 0 0 0 0 0 0 0 0 0 0 0 0 0 0 0 0 0 0
5 27 4 0 0 0 0 0 0 0 0 0 0 0 0 0 0 0 0 0 0 0 0 0 0 0 0
5 27 5 0 0 0 0 0 0 0 0 0 0 0 0 0 0 0 0 0 0 0 0 0 0 0 0
5 27 6 0 0 0 0 0 0 0 0 0 0 0 0 0 0 0 0 0 0 0 0 0 0 0 0
5 27 7 0 0 0 0 0 0 0 0 0 0 0 0 0 0 0 0 0 0 0 0 0 0 0 0
5 27 8 0 0 0 0 0 0 0 0 0 0 0 0 0 0 0 0 0 0 0 0 0 0 0 0
5 27 9 0 0 0 0 0 0 0 0 0 0 0 0 0 0 0 0 0 0 0 0 0 0 0 0
5 27 10 0 0 0 0 0 0 0 0 0 0 0 0 0 0 0 0 0 0 0 0 0 0 0 0
5 27 11 0 0 0 0 0 0 0 0 0 0 0 0 0 0 0 0 0 0 0 0 0 0 0 0
5 27 12 0 0 0 0 0 0 0 0 0 0 0 0 0 0 0 0 0 0 0 0 0 0 0 0
5 27 13 0 0 0 0 0 0 0 0 0 0 0 0 0 0 0 0 0 0 0 0 0 0 0 0
5 27 14 0 0 0 0 0 0 0 0 0 0 0 0 0 0 0 0 0 0 0 0 0 0 0 0
5 27 15 0 0 0 0 0 0 0 0 0 0 0 0 0 0 0 0 0 0 0 0 0 0 0 0
5 27 16 0 0 0 0 0 0 0 0 0 0 0 0 0 0 0 0 0 0 0 0 0 0 0 0
5 27 17 0 0 0 0 0 0 0 0 0 0 0 0 0 0 0 0 0 0 0 0 0 0 0 0
5 27 18 0 0 0 0 0 0 0 0 0 0 0 0 0 0 0 0 0 0 0 0 0 0 0 0
5 27 19 0 0 0 0 0 0 0 0 0 0 0 0 0 0 0 0 0 0 0 0 0 0 0 0
5 27 20 0 0 0 0 0 0 0 0 0 0 0 0 0 0 0 0 0 0 0 0 0 0 0 0
5 27 21 0 0 0 0 0 0 0 0 0 0 0 0 0 0 0 0 0 0 0 0 0 0 0 0
5 27 22 0 0 0 0 0 0 0 0 0 0 0 0 0 0 0 0 0 0 0 0 0 0 0 0
5 27 23 0 0 0 0 0 0 0 0 0 0 0 0 0 0 0 0 0 0 0 0 0 0 0 0
5 27 24 0 0 0 0 0 0 0 0 0 0 0 0 0 0 0 0 0 0 0 0 0 0 0 0
5 27 25 0 0 0 0 0 0 0 0 0 0 0 0 0 0 0 0 0 0 0 0 0 0 0 0
5 27 26 0 0 0 0 0 0 0 0 0 0 0 0 0 0 0 0 0 0 0 0 0 0 0 0
5 27 27 0 0 0 0 0 0 0 0 0 0 0 0 0 0 0 0 0 0 0 0 0 0 0 0
5 27 28 0 0 0 0 0 0 0 0 0 0 0 0 0 0 0 0 0 0 0 0 0 0 0 0
5 27 29 0 0 0 0 0 0 0 0 0 0 0 0 0 0 0 0 0 0 0 0 0 0 0 0
5 27 30 0 0 0 0 0 0 0 0 0 0 0 0 0 0 0 0 0 0 0 0 0 0 0 0
5 27 31 0 0 0 0 0 0 0 0 0 0 0 0 0 0 0 0 0 0 0 0 0 0 0 0
5 28 0 0 0 0 0 0 0 0 0 0 0 0 0 0 0 0 0 0 0 0 0 0 0 0 0
5 28 1 0 0 0 0 0 0 0 0 0 0 0 0 0 0 0 0 0 0 0 0 0 0 0 0
5 28 2 0 0 0 0 0 0 0 0 0 0 0 0 0 0 0 0 0 0 0 0 0 0 0 0
5 28 3 0 0 0 0 0 0 0 0 0 0 0 0 0 0 0 0 0 0 0 0 0 0 0 0
5 28 4 0 0 0 0 0 0 0 0 0 0 0 0 0 0 0 0 0 0 0 0 0 0 0 0
5 28 5 0 0 0 0 0 0 0 0 0 0 0 0 0 0 0 0 0 0 0 0 0 0 0 0
5 28 6 0 0 0 0 0 0 0 0 0 0 0 0 0 0 0 0 0 0 0 0 0 0 0 0
5 28 7 0 0 0 0 0 0 0 0 0 0 0 0 0 0 0 0 0 0 0 0 0 0 0 0
5 28 8 0 0 0 0 0 0 0 0 0 0 0 0 0 0 0 0 0 0 0 0 0 0 0 0
5 28 9 0 0 0 0 0 0 0 0 0 0 0 0 0 0 0 0 0 0 0 0 0 0 0 0
5 28 10 0 0 0 0 0 0 0 0 0 0 0 0 0 0 0 0 0 0 0 0 0 0 0 0
5 28 11 0 0 0 0 0 0 0 0 0 0 0 0 0 0 0 0 0 0 0 0 0 0 0 0
5 28 12 0 0 0 0 0 0 0 0 0 0 0 0 0 0 0 0 0 0 0 0 0 0 0 0
5 28 13 0 0 0 0 0 0 0 0 0 0 0 0 0 0 0 0 0 0 0 0 0 0 0 0
5 28 14 0 0 0 0 0 0 0 0 0 0 0 0 0 0 0 0 0 0 0 0 0 0 0 0
5 28 15 0 0 0 0 0 0 0 0 0 0 0 0 0 0 0 0 0 0 0 0 0 0 0 0
5 28 16 0 0 0 0 0 0 0 0 0 0 0 0 0 0 0 0 0 0 0 0 0 0 0 0
5 28 17 0 0 0 0 0 0 0 0 0 0 0 0 0 0 0 0 0 0 0 0 0 0 0 0
5 28 18 0 0 0 0 0 0 0 0 0 0 0 0 0 0 0 0 0 0 0 0 0 0 0 0
5 28 19 0 0 0 0 0 0 0 0 0 0 0 0 0 0 0 0 0 0 0 0 0 0 0 0
5 28 20 0 0 0 0 0 0 0 0 0 0 0 0 0 0 0 0 0 0 0 0 0 0 0 0
5 28 21 0 0 0 0 0 0 0 0 0 0 0 0 0 0 0 0 0 0 0 0 0 0 0 0
5 28 22 0 0 0 0 0 0 0 0 0 0 0 0 0 0 0 0 0 0 0 0 0 0 0 0
5 28 23 0 0 0 0 0 0 0 0 0 0 0 0 0 0 0 0 0 0 0 0 0 0 0 0
5 28 24 0 0 0 0 0 0 0 0 0 0 0 0 0 0 0 0 0 0 0 0 0 0 0 0
5 28 25 0 0 0 0 0 0 0 0 0 0 0 0 0 0 0 0 0 0 0 0 0 0 0 0
5 28 26 0 0 0 0 0 0 0 0 0 0 0 0 0 0 0 0 0 0 0 0 0 0 0 0
5 28 27 0 0 0 0 0 0 0 0 0 0 0 0 0 0 0 0 0 0 0 0 0 0 0 0
5 28 28 0 0 0 0 0 0 0 0 0 0 0 0 0 0 0 0 0 0 0 0 0 0 0 0
5 28 29 0 0 0 0 0 0 0 0 0 0 0 0 0 0 0 0 0 0 0 0 0 0 0 0
5 28 30 0 0 0 0 0 0 0 0 0 0 0 0 0 0 0 0 0 0 0 0 0 0 0 0
5 28 31 0 0 0 0 0 0 0 0 0 0 0 0 0 0 0 0 0 0 0 0 0 0 0 0
5 29 0 0 0 0 0 0 0 0 0 0 0 0 0 0 0 0 0 0 0 0 0 0 0 0 0
5 29 1 0 0 0 0 0 0 0 0 0 0 0 0 0 0 0 0 0 0 0 0 0 0 0 0
5 29 2 0 0 0 0 0 0 0 0 0 0 0 0 0 0 0 0 0 0 0 0 0 0 0 0
5 29 3 0 0 0 0 0 0 0 0 0 0 0 0 0 0 0 0 0 0 0 0 0 0 0 0
5 29 4 0 0 0 0 0 0 0 0 0 0 0 0 0 0 0 0 0 0 0 0 0 0 0 0
5 29 5 0 0 0 0 0 0 0 0 0 0 0 0 0 0 0 0 0 0 0 0 0 0 0 0
5 29 6 0 0 0 0 0 0 0 0 0 0 0 0 0 0 0 0 0 0 0 0 0 0 0 0
5 29 7 0 0 0 0 0 0 0 0 0 0 0 0 0 0 0 0 0 0 0 0 0 0 0 0
5 29 8 0 0 0 0 0 0 0 0 0 0 0 0 0 0 0 0 0 0 0 0 0 0 0 0
5 29 9 0 0 0 0 0 0 0 0 0 0 0 0 0 0 0 0 0 0 0 0 0 0 0 0
5 29 10 0 0 0 0 0 0 0 0 0 0 0 0 0 0 0 0 0 0 0 0 0 0 0 0
5 29 11 0 0 0 0 0 0 0 0 0 0 0 0 0 0 0 0 0 0 0 0 0 0 0 0
5 29 12 0 0 0 0 0 0 0 0 0 0 0 0 0 0 0 0 0 0 0 0 0 0 0 0
5 29 13 0 0 0 0 0 0 0 0 0 0 0 0 0 0 0 0 0 0 0 0 0 0 0 0
5 29 14 0 0 0 0 0 0 0 0 0 0 0 0 0 0 0 0 0 0 0 0 0 0 0 0
5 29 15 0 0 0 0 0 0 0 0 0 0 0 0 0 0 0 0 0 0 0 0 0 0 0 0
5 29 16 0 0 0 0 0 0 0 0 0 0 0 0 0 0 0 0 0 0 0 0 0 0 0 0
5 29 17 0 0 0 0 0 0 0 0 0 0 0 0 0 0 0 0 0 0 0 0 0 0 0 0
5 29 18 0 0 0 0 0 0 0 0 0 0 0 0 0 0 0 0 0 0 0 0 0 0 0 0
5 29 19 0 0 0 0 0 0 0 0 0 0 0 0 0 0 0 0 0 0 0 0 0 0 0 0
5 29 20 0 0 0 0 0 0 0 0 0 0 0 0 0 0 0 0 0 0 0 0 0 0 0 0
5 29 21 0 0 0 0 0 0 0 0 0 0 0 0 0 0 0 0 0 0 0 0 0 0 0 0
5 29 22 0 0 0 0 0 0 0 0 0 0 0 0 0 0 0 0 0 0 0 0 0 0 0 0
5 29 23 0 0 0 0 0 0 0 0 0 0 0 0 0 0 0 0 0 0 0 0 0 0 0 0
5 29 24 0 0 0 0 0 0 0 0 0 0 0 0 0 0 0 0 0 0 0 0 0 0 0 0
5 29 25 0 0 0 0 0 0 0 0 0 0 0 0 0 0 0 0 0 0 0 0 0 0 0 0
5 29 26 0 0 0 0 0 0 0 0 0 0 0 0 0 0 0 0 0 0 0 0 0 0 0 0
5 29 27 0 0 0 0 0 0 0 0 0 0 0 0 0 0 0 0 0 0 0 0 0 0 0 0
5 29 28 0 0 0 0 0 0 0 0 0 0 0 0 0 0 0 0 0 0 0 0 0 0 0 0
5 29 29 0 0 0 0 0 0 0 0 0 0 0 0 0 0 0 0 0 0 0 0 0 0 0 0
5 29 30 0 0 0 0 0 0 0 0 0 0 0 0 0 0 0 0 0 0 0 0 0 0 0 0
5 29 31 0 0 0 0 0 0 0 0 0 0 0 0 0 0 0 0 0 0 0 0 0 0 0 0
5 30 0 0 0 0 0 0 0 0 0 0 0 0 0 0 0 0 0 0 0 0 0 0 0 0 0
5 30 1 0 0 0 0 0 0 0 0 0 0 0 0 0 0 0 0 0 0 0 0 0 0 0 0
5 30 2 0 0 0 0 0 0 0 0 0 0 0 0 0 0 0 0 0 0 0 0 0 0 0 0
5 30 3 0 0 0 0 0 0 0 0 0 0 0 0 0 0 0 0 0 0 0 0 0 0 0 0
5 30 4 0 0 0 0 0 0 0 0 0 0 0 0 0 0 0 0 0 0 0 0 0 0 0 0
5 30 5 0 0 0 0 0 0 0 0 0 0 0 0 0 0 0 0 0 0 0 0 0 0 0 0
5 30 6 0 0 0 0 0 0 0 0 0 0 0 0 0 0 0 0 0 0 0 0 0 0 0 0
5 30 7 0 0 0 0 0 0 0 0 0 0 0 0 0 0 0 0 0 0 0 0 0 0 0 0
5 30 8 0 0 0 0 0 0 0 0 0 0 0 0 0 0 0 0 0 0 0 0 0 0 0 0
5 30 9 0 0 0 0 0 0 0 0 0 0 0 0 0 0 0 0 0 0 0 0 0 0 0 0
5 30 10 0 0 0 0 0 0 0 0 0 0 0 0 0 0 0 0 0 0 0 0 0 0 0 0
5 30 11 0 0 0 0 0 0 0 0 0 0 0 0 0 0 0 0 0 0 0 0 0 0 0 0
5 30 12 0 0 0 0 0 0 0 0 0 0 0 0 0 0 0 0 0 0 0 0 0 0 0 0
5 30 13 0 0 0 0 0 0 0 0 0 0 0 0 0 0 0 0 0 0 0 0 0 0 0 0
5 30 14 0 0 0 0 0 0 0 0 0 0 0 0 0 0 0 0 0 0 0 0 0 0 0 0
5 30 15 0 0 0 0 0 0 0 0 0 0 0 0 0 0 0 0 0 0 0 0 0 0 0 0
5 30 16 0 0 0 0 0 0 0 0 0 0 0 0 0 0 0 0 0 0 0 0 0 0 0 0
5 30 17 0 0 0 0 0 0 0 0 0 0 0 0 0 0 0 0 0 0 0 0 0 0 0 0
5 30 18 0 0 0 0 0 0 0 0 0 0 0 0 0 0 0 0 0 0 0 0 0 0 0 0
5 30 19 0 0 0 0 0 0 0 0 0 0 0 0 0 0 0 0 0 0 0 0 0 0 0 0
5 30 20 0 0 0 0 0 0 0 0 0 0 0 0 0 0 0 0 0 0 0 0 0 0 0 0
5 30 21 0 0 0 0 0 0 0 0 0 0 0 0 0 0 0 0 0 0 0 0 0 0 0 0
5 30 22 0 0 0 0 0 0 0 0 0 0 0 0 0 0 0 0 0 0 0 0 0 0 0 0
5 30 23 0 0 0 0 0 0 0 0 0 0 0 0 0 0 0 0 0 0 0 0 0 0 0 0
5 30 24 0 0 0 0 0 0 0 0 0 0 0 0 0 0 0 0 0 0 0 0 0 0 0 0
5 30 25 0 0 0 0 0 0 0 0 0 0 0 0 0 0 0 0 0 0 0 0 0 0 0 0
5 30 26 0 0 0 0 0 0 0 0 0 0 0 0 0 0 0 0 0 0 0 0 0 0 0 0
5 30 27 0 0 0 0 0 0 0 0 0 0 0 0 0 0 0 0 0 0 0 0 0 0 0 0
5 30 28 0 0 0 0 0 0 0 0 0 0 0 0 0 0 0 0 0 0 0 0 0 0 0 0
5 30 29 0 0 0 0 0 0 0 0 0 0 0 0 0 0 0 0 0 0 0 0 0 0 0 0
5 30 30 0 0 0 0 0 0 0 0 0 0 0 0 0 0 0 0 0 0 0 0 0 0 0 0
5 30 31 0 0 0 0 0 0 0 0 0 0 0 0 0 0 0 0 0 0 0 0 0 0 0 0
5 31 0 0 0 0 0 0 0 0 0 0 0 0 0 0 0 0 0 0 0 0 0 0 0 0 0
5 31 1 0 0 0 0 0 0 0 0 0 0 0 0 0 0 0 0 0 0 0 0 0 0 0 0
5 31 2 0 0 0 0 0 0 0 0 0 0 0 0 0 0 0 0 0 0 0 0 0 0 0 0
5 31 3 0 0 0 0 0 0 0 0 0 0 0 0 0 0 0 0 0 0 0 0 0 0 0 0
5 31 4 0 0 0 0 0 0 0 0 0 0 0 0 0 0 0 0 0 0 0 0 0 0 0 0
5 31 5 0 0 0 0 0 0 0 0 0 0 0 0 0 0 0 0 0 0 0 0 0 0 0 0
5 31 6 0 0 0 0 0 0 0 0 0 0 0 0 0 0 0 0 0 0 0 0 0 0 0 0
5 31 7 0 0 0 0 0 0 0 0 0 0 0 0 0 0 0 0 0 0 0 0 0 0 0 0
5 31 8 0 0 0 0 0 0 0 0 0 0 0 0 0 0 0 0 0 0 0 0 0 0 0 0
5 31 9 0 0 0 0 0 0 0 0 0 0 0 0 0 0 0 0 0 0 0 0 0 0 0 0
5 31 10 0 0 0 0 0 0 0 0 0 0 0 0 0 0 0 0 0 0 0 0 0 0 0 0
5 31 11 0 0 0 0 0 0 0 0 0 0 0 0 0 0 0 0 0 0 0 0 0 0 0 0
5 31 12 0 0 0 0 0 0 0 0 0 0 0 0 0 0 0 0 0 0 0 0 0 0 0 0
5 31 13 0 0 0 0 0 0 0 0 0 0 0 0 0 0 0 0 0 0 0 0 0 0 0 0
5 31 14 0 0 0 0 0 0 0 0 0 0 0 0 0 0 0 0 0 0 0 0 0 0 0 0
5 31 15 0 0 0 0 0 0 0 0 0 0 0 0 0 0 0 0 0 0 0 0 0 0 0 0
5 31 16 0 0 0 0 0 0 0 0 0 0 0 0 0 0 0 0 0 0 0 0 0 0 0 0
5 31 17 0 0 0 0 0 0 0 0 0 0 0 0 0 0 0 0 0 0 0 0 0 0 0 0
5 31 18 0 0 0 0 0 0 0 0 0 0 0 0 0 0 0 0 0 0 0 0 0 0 0 0
5 31 19 0 0 0 0 0 0 0 0 0 0 0 0 0 0 0 0 0 0 0 0 0 0 0 0
5 31 20 0 0 0 0 0 0 0 0 0 0 0 0 0 0 0 0 0 0 0 0 0 0 0 0
5 31 21 0 0 0 0 0 0 0 0 0 0 0 0 0 0 0 0 0 0 0 0 0 0 0 0
5 31 22 0 0 0 0 0 0 0 0 0 0 0 0 0 0 0 0 0 0 0 0 0 0 0 0
5 31 23 0 0 0 0 0 0 0 0 0 0 0 0 0 0 0 0 0 0 0 0 0 0 0 0
5 31 24 0 0 0 0 0 0 0 0 0 0 0 0 0 0 0 0 0 0 0 0 0 0 0 0
5 31 25 0 0 0 0 0 0 0 0 0 0 0 0 0 0 0 0 0 0 0 0 0 0 0 0
5 31 26 0 0 0 0 0 0 0 0 0 0 0 0 0 0 0 0 0 0 0 0 0 0 0 0
5 31 27 0 0 0 0 0 0 0 0 0 0 0 0 0 0 0 0 0 0 0 0 0 0 0 0
5 31 28 0 0 0 0 0 0 0 0 0 0 0 0 0 0 0 0 0 0 0 0 0 0 0 0
5 31 29 0 0 0 0 0 0 0 0 0 0 0 0 0 0 0 0 0 0 0 0 0 0 0 0
5 31 30 0 0 0 0 0 0 0 0 0 0 0 0 0 0 0 0 0 0 0 0 0 0 0 0
5 31 31 0 0 0 0 0 0 0 0 0 0 0 0 0 0 0 0 0 0 0 0 0 0 0 0
6 0 0 1 0 0 1 1 150 0 0 0 0 0 0 0 0 0 0 0 0 0 0 0 0 0 0
6 0 1 1 0 0 1 2 150 1 0 1 1 0 150 0 0 0 0 0 0 0 0 0 0 0 0
6 0 2 0 0 0 0 0 0 1 0 1 1 1 150 0 0 0 0 0 0 0 0 0 0 0 0
6 0 3 1 0 2 1 0 151 1 0 1 1 2 150 0 0 0 0 0 0 0 0 0 0 0 0
6 0 4 1 0 2 1 1 151 0 0 0 0 0 0 0 0 0 0 0 0 0 0 0 0 0 0
6 0 5 1 0 2 1 2 151 1 0 3 1 0 151 0 0 0 0 0 0 0 0 0 0 0 0
6 0 6 0 0 0 0 0 0 1 0 3 1 1 151 0 0 0 0 0 0 0 0 0 0 0 0
6 0 7 1 0 4 1 0 152 1 0 3 1 2 151 0 0 0 0 0 0 0 0 0 0 0 0
6 0 8 1 0 4 1 1 152 0 0 0 0 0 0 0 0 0 0 0 0 0 0 0 0 0 0
6 0 9 1 0 4 1 2 152 1 0 5 1 0 152 0 0 0 0 0 0 0 0 0 0 0 0
6 0 10 0 0 0 0 0 0 1 0 5 1 1 152 0 0 0 0 0 0 0 0 0 0 0 0
6 0 11 1 0 6 1 0 153 1 0 5 1 2 152 0 0 0 0 0 0 0 0 0 0 0 0
6 0 12 1 0 6 1 1 153 0 0 0 0 0 0 0 0 0 0 0 0 0 0 0 0 0 0
6 0 13 1 0 6 1 2 153 1 0 7 1 0 153 0 0 0 0 0 0 0 0 0 0 0 0
6 0 14 0 0 0 0 0 0 1 0 7 1 1 153 0 0 0 0 0 0 0 0 0 0 0 0
6 0 15 1 0 8 1 0 154 1 0 7 1 2 153 0 0 0 0 0 0 0 0 0 0 0 0
6 0 16 1 0 8 1 1 154 0 0 0 0 0 0 0 0 0 0 0 0 0 0 0 0 0 0
6 0 17 1 0 8 1 2 154 0 0 0 0 0 0 0 0 0 0 0 0 0 0 0 0 0 0
6 0 18 0 0 0 0 0 0 0 0 0 0 0 0 0 0 0 0 0 0 0 0 0 0 0 0
6 0 19 0 0 0 0 0 0 0 0 0 0 0 0 0 0 0 0 0 0 0 0 0 0 0 0
6 0 20 0 0 0 0 0 0 0 0 0 0 0 0 0 0 0 0 0 0 0 0 0 0 0 0
6 0 21 0 0 0 0 0 0 0 0 0 0 0 0 0 0 0 0 0 0 0 0 0 0 0 0
6 0 22 0 0 0 0 0 0 0 0 0 0 0 0 0 0 0 0 0 0 0 0 0 0 0 0
6 0 23 0 0 0 0 0 0 0 0 0 0 0 0 0 0 0 0 0 0 0 0 0 0 0 0
6 0 24 0 0 0 0 0 0 0 0 0 0 0 0 0 0 0 0 0 0 0 0 0 0 0 0
6 0 25 0 0 0 0 0 0 0 0 0 0 0 0 0 0 0 0 0 0 0 0 0 0 0 0
6 0 26 0 0 0 0 0 0 0 0 0 0 0 0 0 0 0 0 0 0 0 0 0 0 0 0
6 0 27 0 0 0 0 0 0 0 0 0 0 0 0 0 0 0 0 0 0 0 0 0 0 0 0
6 0 28 0 0 0 0 0 0 0 0 0 0 0 0 0 0 0 0 0 0 0 0 0 0 0 0
6 0 29 0 0 0 0 0 0 0 0 0 0 0 0 0 0 0 0 0 0 0 0 0 0 0 0
6 0 30 0 0 0 0 0 0 0 0 0 0 0 0 0 0 0 0 0 0 0 0 0 0 0 0
6 0 31 0 0 0 0 0 0 0 0 0 0 0 0 0 0 0 0 0 0 0 0 0 0 0 0
6 1 0 1 0 0 2 1 150 0 0 0 0 0 0 1 1 0 0 1 150 0 0 0 0 0 0
6 1 1 1 0 0 2 2 150 1 0 1 2 0 150 1 1 0 0 2 150 1 1 1 0 0 150
6 1 2 0 0 0 0 0 0 1 0 1 2 1 150 0 0 0 0 0 0 1 1 1 0 1 150
6 1 3 1 0 2 2 0 151 1 0 1 2 2 150 1 1 2 0 0 151 1 1 1 0 2 150
6 1 4 1 0 2 2 1 151 0 0 0 0 0 0 1 1 2 0 1 151 0 0 0 0 0 0
6 1 5 1 0 2 2 2 151 1 0 3 2 0 151 1 1 2 0 2 151 1 1 3 0 0 151
6 1 6 0 0 0 0 0 0 1 0 3 2 1 151 0 0 0 0 0 0 1 1 3 0 1 151
6 1 7 1 0 4 2 0 152 1 0 3 2 2 151 1 1 4 0 0 152 1 1 3 0 2 151
6 1 8 1 0 4 2 1 152 0 0 0 0 0 0 1 1 4 0 1 152 0 0 0 0 0 0
6 1 9 1 0 4 2 2 152 1 0 5 2 0 152 1 1 4 0 2 152 1 1 5 0 0 152
6 1 10 0 0 0 0 0 0 1 0 5 2 1 152 0 0 0 0 0 0 1 1 5 0 1 152
6 1 11 1 0 6 2 0 153 1 0 5 2 2 152 1 1 6 0 0 153 1 1 5 0 2 152
6 1 12 1 0 6 2 1 153 0 0 0 0 0 0 1 1 6 0 1 153 0 0 0 0 0 0
6 1 13 1 0 6 2 2 153 1 0 7 2 0 153 1 1 6 0 2 153 1 1 7 0 0 153
6 1 14 0 0 0 0 0 0 1 0 7 2 1 153 0 0 0 0 0 0 1 1 7 0 1 153
6 1 15 1 0 8 2 0 154 1 0 7 2 2 153 1 1 8 0 0 154 1 1 7 0 2 153
6 1 16 1 0 8 2 1 154 0 0 0 0 0 0 1 1 8 0 1 154 0 0 0 0 0 0
6 1 17 1 0 8 2 2 154 0 0 0 0 0 0 1 1 8 0 2 154 0 0 0 0 0 0
6 1 18 0 0 0 0 0 0 0 0 0 0 0 0 0 0 0 0 0 0 0 0 0 0 0 0
6 1 19 0 0 0 0 0 0 0 0 0 0 0 0 0 0 0 0 0 0 0 0 0 0 0 0
6 1 20 0 0 0 0 0 0 0 0 0 0 0 0 0 0 0 0 0 0 0 0 0 0 0 0
6 1 21 0 0 0 0 0 0 0 0 0 0 0 0 0 0 0 0 0 0 0 0 0 0 0 0
6 1 22 0 0 0 0 0 0 0 0 0 0 0 0 0 0 0 0 0 0 0 0 0 0 0 0
6 1 23 0 0 0 0 0 0 0 0 0 0 0 0 0 0 0 0 0 0 0 0 0 0 0 0
6 1 24 0 0 0 0 0 0 0 0 0 0 0 0 0 0 0 0 0 0 0 0 0 0 0 0
6 1 25 0 0 0 0 0 0 0 0 0 0 0 0 0 0 0 0 0 0 0 0 0 0 0 0
6 1 26 0 0 0 0 0 0 0 0 0 0 0 0 0 0 0 0 0 0 0 0 0 0 0 0
6 1 27 0 0 0 0 0 0 0 0 0 0 0 0 0 0 0 0 0 0 0 0 0 0 0 0
6 1 28 0 0 0 0 0 0 0 0 0 0 0 0 0 0 0 0 0 0 0 0 0 0 0 0
6 1 29 0 0 0 0 0 0 0 0 0 0 0 0 0 0 0 0 0 0 0 0 0 0 0 0
6 1 30 0 0 0 0 0 0 0 0 0 0 0 0 0 0 0 0 0 0 0 0 0 0 0 0
6 1 31 0 0 0 0 0 0 0 0 0 0 0 0 0 0 0 0 0 0 0 0 0 0 0 0
6 2 0 0 0 0 0 0 0 0 0 0 0 0 0 1 1 0 1 1 150 0 0 0 0 0 0
6 2 1 0 0 0 0 0 0 0 0 0 0 0 0 1 1 0 1 2 150 1 1 1 1 0 150
6 2 2 0 0 0 0 0 0 0 0 0 0 0 0 0 0 0 0 0 0 1 1 1 1 1 150
6 2 3 0 0 0 0 0 0 0 0 0 0 0 0 1 1 2 1 0 151 1 1 1 1 2 150
6 2 4 0 0 0 0 0 0 0 0 0 0 0 0 1 1 2 1 1 151 0 0 0 0 0 0
6 2 5 0 0 0 0 0 0 0 0 0 0 0 0 1 1 2 1 2 151 1 1 3 1 0 151
6 2 6 0 0 0 0 0 0 0 0 0 0 0 0 0 0 0 0 0 0 1 1 3 1 1 151
6 2 7 0 0 0 0 0 0 0 0 0 0 0 0 1 1 4 1 0 152 1 1 3 1 2 151
6 2 8 0 0 0 0 0 0 0 0 0 0 0 0 1 1 4 1 1 152 0 0 0 0 0 0
6 2 9 0 0 0 0 0 0 0 0 0 0 0 0 1 1 4 1 2 152 1 1 5 1 0 152
6 2 10 0 0 0 0 0 0 0 0 0 0 0 0 0 0 0 0 0 0 1 1 5 1 1 152
6 2 11 0 0 0 0 0 0 0 0 0 0 0 0 1 1 6 1 0 153 1 1 5 1 2 152
6 2 12 0 0 0 0 0 0 0 0 0 0 0 0 1 1 6 1 1 153 0 0 0 0 0 0
6 2 13 0 0 0 0 0 0 0 0 0 0 0 0 1 1 6 1 2 153 1 1 7 1 0 153
6 2 14 0 0 0 0 0 0 0 0 0 0 0 0 0 0 0 0 0 0 1 1 7 1 1 153
6 2 15 0 0 0 0 0 0 0 0 0 0 0 0 1 1 8 1 0 154 1 1 7 1 2 153
6 2 16 0 0 0 0 0 0 0 0 0 0 0 0 1 1 8 1 1 154 0 0 0 0 0 0
6 2 17 0 0 0 0 0 0 0 0 0 0 0 0 1 1 8 1 2 154 0 0 0 0 0 0
6 2 18 0 0 0 0 0 0 0 0 0 0 0 0 0 0 0 0 0 0 0 0 0 0 0 0
6 2 19 0 0 0 0 0 0 0 0 0 0 0 0 0 0 0 0 0 0 0 0 0 0 0 0
6 2 20 0 0 0 0 0 0 0 0 0 0 0 0 0 0 0 0 0 0 0 0 0 0 0 0
6 2 21 0 0 0 0 0 0 0 0 0 0 0 0 0 0 0 0 0 0 0 0 0 0 0 0
6 2 22 0 0 0 0 0 0 0 0 0 0 0 0 0 0 0 0 0 0 0 0 0 0 0 0
6 2 23 0 0 0 0 0 0 0 0 0 0 0 0 0 0 0 0 0 0 0 0 0 0 0 0
6 2 24 0 0 0 0 0 0 0 0 0 0 0 0 0 0 0 0 0 0 0 0 0 0 0 0
6 2 25 0 0 0 0 0 0 0 0 0 0 0 0 0 0 0 0 0 0 0 0 0 0 0 0
6 2 26 0 0 0 0 0 0 0 0 0 0 0 0 0 0 0 0 0 0 0 0 0 0 0 0
6 2 27 0 0 0 0 0 0 0 0 0 0 0 0 0 0 0 0 0 0 0 0 0 0 0 0
6 2 28 0 0 0 0 0 0 0 0 0 0 0 0 0 0 0 0 0 0 0 0 0 0 0 0
6 2 29 0 0 0 0 0 0 0 0 0 0 0 0 0 0 0 0 0 0 0 0 0 0 0 0
6 2 30 0 0 0 0 0 0 0 0 0 0 0 0 0 0 0 0 0 0 0 0 0 0 0 0
6 2 31 0 0 0 0 0 0 0 0 0 0 0 0 0 0 0 0 0 0 0 0 0 0 0 0
6 3 0 1 2 0 0 1 155 0 0 0 0 0 0 1 1 0 2 1 150 0 0 0 0 0 0
6 3 1 1 2 0 0 2 155 1 2 1 0 0 155 1 1 0 2 2 150 1 1 1 2 0 150
6 3 2 0 0 0 0 0 0 1 2 1 0 1 155 0 0 0 0 0 0 1 1 1 2 1 150
6 3 3 1 2 2 0 0 156 1 2 1 0 2 155 1 1 2 2 0 151 1 1 1 2 2 150
6 3 4 1 2 2 0 1 156 0 0 0 0 0 0 1 1 2 2 1 151 0 0 0 0 0 0
6 3 5 1 2 2 0 2 156 1 2 3 0 0 156 1 1 2 2 2 151 1 1 3 2 0 151
6 3 6 0 0 0 0 0 0 1 2 3 0 1 156 0 0 0 0 0 0 1 1 3 2 1 151
6 3 7 1 2 4 0 0 157 1 2 3 0 2 156 1 1 4 2 0 152 1 1 3 2 2 151
6 3 8 1 2 4 0 1 157 0 0 0 0 0 0 1 1 4 2 1 152 0 0 0 0 0 0
6 3 9 1 2 4 0 2 157 1 2 5 0 0 157 1 1 4 2 2 152 1 1 5 2 0 152
6 3 10 0 0 0 0 0 0 1 2 5 0 1 157 0 0 0 0 0 0 1 1 5 2 1 152
6 3 11 1 2 6 0 0 158 1 2 5 0 2 157 1 1 6 2 0 153 1 1 5 2 2 152
6 3 12 1 2 6 0 1 158 0 0 0 0 0 0 1 1 6 2 1 153 0 0 0 0 0 0
6 3 13 1 2 6 0 2 158 1 2 7 0 0 158 1 1 6 2 2 153 1 1 7 2 0 153
6 3 14 0 0 0 0 0 0 1 2 7 0 1 158 0 0 0 0 0 0 1 1 7 2 1 153
6 3 15 1 2 8 0 0 159 1 2 7 0 2 158 1 1 8 2 0 154 1 1 7 2 2 153
6 3 16 1 2 8 0 1 159 0 0 0 0 0 0 1 1 8 2 1 154 0 0 0 0 0 0
6 3 17 1 2 8 0 2 159 0 0 0 0 0 0 1 1 8 2 2 154 0 0 0 0 0 0
6 3 18 0 0 0 0 0 0 0 0 0 0 0 0 0 0 0 0 0 0 0 0 0 0 0 0
6 3 19 0 0 0 0 0 0 0 0 0 0 0 0 0 0 0 0 0 0 0 0 0 0 0 0
6 3 20 0 0 0 0 0 0 0 0 0 0 0 0 0 0 0 0 0 0 0 0 0 0 0 0
6 3 21 0 0 0 0 0 0 0 0 0 0 0 0 0 0 0 0 0 0 0 0 0 0 0 0
6 3 22 0 0 0 0 0 0 0 0 0 0 0 0 0 0 0 0 0 0 0 0 0 0 0 0
6 3 23 0 0 0 0 0 0 0 0 0 0 0 0 0 0 0 0 0 0 0 0 0 0 0 0
6 3 24 0 0 0 0 0 0 0 0 0 0 0 0 0 0 0 0 0 0 0 0 0 0 0 0
6 3 25 0 0 0 0 0 0 0 0 0 0 0 0 0 0 0 0 0 0 0 0 0 0 0 0
6 3 26 0 0 0 0 0 0 0 0 0 0 0 0 0 0 0 0 0 0 0 0 0 0 0 0
6 3 27 0 0 0 0 0 0 0 0 0 0 0 0 0 0 0 0 0 0 0 0 0 0 0 0
6 3 28 0 0 0 0 0 0 0 0 0 0 0 0 0 0 0 0 0 0 0 0 0 0 0 0
6 3 29 0 0 0 0 0 0 0 0 0 0 0 0 0 0 0 0 0 0 0 0 0 0 0 0
6 3 30 0 0 0 0 0 0 0 0 0 0 0 0 0 0 0 0 0 0 0 0 0 0 0 0
6 3 31 0 0 0 0 0 0 0 0 0 0 0 0 0 0 0 0 0 0 0 0 0 0 0 0
6 4 0 1 2 0 1 1 155 0 0 0 0 0 0 0 0 0 0 0 0 0 0 0 0 0 0
6 4 1 1 2 0 1 2 155 1 2 1 1 0 155 0 0 0 0 0 0 0 0 0 0 0 0
6 4 2 0 0 0 0 0 0 1 2 1 1 1 155 0 0 0 0 0 0 0 0 0 0 0 0
6 4 3 1 2 2 1 0 156 1 2 1 1 2 155 0 0 0 0 0 0 0 0 0 0 0 0
6 4 4 1 2 2 1 1 156 0 0 0 0 0 0 0 0 0 0 0 0 0 0 0 0 0 0
6 4 5 1 2 2 1 2 156 1 2 3 1 0 156 0 0 0 0 0 0 0 0 0 0 0 0
6 4 6 0 0 0 0 0 0 1 2 3 1 1 156 0 0 0 0 0 0 0 0 0 0 0 0
6 4 7 1 2 4 1 0 157 1 2 3 1 2 156 0 0 0 0 0 0 0 0 0 0 0 0
6 4 8 1 2 4 1 1 157 0 0 0 0 0 0 0 0 0 0 0 0 0 0 0 0 0 0
6 4 9 1 2 4 1 2 157 1 2 5 1 0 157 0 0 0 0 0 0 0 0 0 0 0 0
6 4 10 0 0 0 0 0 0 1 2 5 1 1 157 0 0 0 0 0 0 0 0 0 0 0 0
6 4 11 1 2 6 1 0 158 1 2 5 1 2 157 0 0 0 0 0 0 0 0 0 0 0 0
6 4 12 1 2 6 1 1 158 0 0 0 0 0 0 0 0 0 0 0 0 0 0 0 0 0 0
6 4 13 1 2 6 1 2 158 1 2 7 1 0 158 0 0 0 0 0 0 0 0 0 0 0 0
6 4 14 0 0 0 0 0 0 1 2 7 1 1 158 0 0 0 0 0 0 0 0 0 0 0 0
6 4 15 1 2 8 1 0 159 1 2 7 1 2 158 0 0 0 0 0 0 0 0 0 0 0 0
6 4 16 1 2 8 1 1 159 0 0 0 0 0 0 0 0 0 0 0 0 0 0 0 0 0 0
6 4 17 1 2 8 1 2 159 0 0 0 0 0 0 0 0 0 0 0 0 0 0 0 0 0 0
6 4 18 0 0 0 0 0 0 0 0 0 0 0 0 0 0 0 0 0 0 0 0 0 0 0 0
6 4 19 0 0 0 0 0 0 0 0 0 0 0 0 0 0 0 0 0 0 0 0 0 0 0 0
6 4 20 0 0 0 0 0 0 0 0 0 0 0 0 0 0 0 0 0 0 0 0 0 0 0 0
6 4 21 0 0 0 0 0 0 0 0 0 0 0 0 0 0 0 0 0 0 0 0 0 0 0 0
6 4 22 0 0 0 0 0 0 0 0 0 0 0 0 0 0 0 0 0 0 0 0 0 0 0 0
6 4 23 0 0 0 0 0 0 0 0 0 0 0 0 0 0 0 0 0 0 0 0 0 0 0 0
6 4 24 0 0 0 0 0 0 0 0 0 0 0 0 0 0 0 0 0 0 0 0 0 0 0 0
6 4 25 0 0 0 0 0 0 0 0 0 0 0 0 0 0 0 0 0 0 0 0 0 0 0 0
6 4 26 0 0 0 0 0 0 0 0 0 0 0 0 0 0 0 0 0 0 0 0 0 0 0 0
6 4 27 0 0 0 0 0 0 0 0 0 0 0 0 0 0 0 0 0 0 0 0 0 0 0 0
6 4 28 0 0 0 0 0 0 0 0 0 0 0 0 0 0 0 0 0 0 0 0 0 0 0 0
6 4 29 0 0 0 0 0 0 0 0 0 0 0 0 0 0 0 0 0 0 0 0 0 0 0 0
6 4 30 0 0 0 0 0 0 0 0 0 0 0 0 0 0 0 0 0 0 0 0 0 0 0 0
6 4 31 0 0 0 0 0 0 0 0 0 0 0 0 0 0 0 0 0 0 0 0 0 0 0 0
6 5 0 1 2 0 2 1 155 0 0 0 0 0 0 1 3 0 0 1 155 0 0 0 0 0 0
6 5 1 1 2 0 2 2 155 1 2 1 2 0 155 1 3 0 0 2 155 1 3 1 0 0 155
6 5 2 0 0 0 0 0 0 1 2 1 2 1 155 0 0 0 0 0 0 1 3 1 0 1 155
6 5 3 1 2 2 2 0 156 1 2 1 2 2 155 1 3 2 0 0 156 1 3 1 0 2 155
6 5 4 1 2 2 2 1 156 0 0 0 0 0 0 1 3 2 0 1 156 0 0 0 0 0 0
6 5 5 1 2 2 2 2 156 1 2 3 2 0 156 1 3 2 0 2 156 1 3 3 0 0 156
6 5 6 0 0 0 0 0 0 1 2 3 2 1 156 0 0 0 0 0 0 1 3 3 0 1 156
6 5 7 1 2 4 2 0 157 1 2 3 2 2 156 1 3 4 0 0 157 1 3 3 0 2 156
6 5 8 1 2 4 2 1 157 0 0 0 0 0 0 1 3 4 0 1 157 0 0 0 0 0 0
6 5 9 1 2 4 2 2 157 1 2 5 2 0 157 1 3 4 0 2 157 1 3 5 0 0 157
6 5 10 0 0 0 0 0 0 1 2 5 2 1 157 0 0 0 0 0 0 1 3 5 0 1 157
6 5 11 1 2 6 2 0 158 1 2 5 2 2 157 1 3 6 0 0 158 1 3 5 0 2 157
6 5 12 1 2 6 2 1 158 0 0 0 0 0 0 1 3 6 0 1 158 0 0 0 0 0 0
6 5 13 1 2 6 2 2 158 1 2 7 2 0 158 1 3 6 0 2 158 1 3 7 0 0 158
6 5 14 0 0 0 0 0 0 1 2 7 2 1 158 0 0 0 0 0 0 1 3 7 0 1 158
6 5 15 1 2 8 2 0 159 1 2 7 2 2 158 1 3 8 0 0 159 1 3 7 0 2 158
6 5 16 1 2 8 2 1 159 0 0 0 0 0 0 1 3 8 0 1 159 0 0 0 0 0 0
6 5 17 1 2 8 2 2 159 0 0 0 0 0 0 1 3 8 0 2 159 0 0 0 0 0 0
6 5 18 0 0 0 0 0 0 0 0 0 0 0 0 0 0 0 0 0 0 0 0 0 0 0 0
6 5 19 0 0 0 0 0 0 0 0 0 0 0 0 0 0 0 0 0 0 0 0 0 0 0 0
6 5 20 0 0 0 0 0 0 0 0 0 0 0 0 0 0 0 0 0 0 0 0 0 0 0 0
6 5 21 0 0 0 0 0 0 0 0 0 0 0 0 0 0 0 0 0 0 0 0 0 0 0 0
6 5 22 0 0 0 0 0 0 0 0 0 0 0 0 0 0 0 0 0 0 0 0 0 0 0 0
6 5 23 0 0 0 0 0 0 0 0 0 0 0 0 0 0 0 0 0 0 0 0 0 0 0 0
6 5 24 0 0 0 0 0 0 0 0 0 0 0 0 0 0 0 0 0 0 0 0 0 0 0 0
6 5 25 0 0 0 0 0 0 0 0 0 0 0 0 0 0 0 0 0 0 0 0 0 0 0 0
6 5 26 0 0 0 0 0 0 0 0 0 0 0 0 0 0 0 0 0 0 0 0 0 0 0 0
6 5 27 0 0 0 0 0 0 0 0 0 0 0 0 0 0 0 0 0 0 0 0 0 0 0 0
6 5 28 0 0 0 0 0 0 0 0 0 0 0 0 0 0 0 0 0 0 0 0 0 0 0 0
6 5 29 0 0 0 0 0 0 0 0 0 0 0 0 0 0 0 0 0 0 0 0 0 0 0 0
6 5 30 0 0 0 0 0 0 0 0 0 0 0 0 0 0 0 0 0 0 0 0 0 0 0 0
6 5 31 0 0 0 0 0 0 0 0 0 0 0 0 0 0 0 0 0 0 0 0 0 0 0 0
6 6 0 0 0 0 0 0 0 0 0 0 0 0 0 1 3 0 1 1 155 0 0 0 0 0 0
6 6 1 0 0 0 0 0 0 0 0 0 0 0 0 1 3 0 1 2 155 1 3 1 1 0 155
6 6 2 0 0 0 0 0 0 0 0 0 0 0 0 0 0 0 0 0 0 1 3 1 1 1 155
6 6 3 0 0 0 0 0 0 0 0 0 0 0 0 1 3 2 1 0 156 1 3 1 1 2 155
6 6 4 0 0 0 0 0 0 0 0 0 0 0 0 1 3 2 1 1 156 0 0 0 0 0 0
6 6 5 0 0 0 0 0 0 0 0 0 0 0 0 1 3 2 1 2 156 1 3 3 1 0 156
6 6 6 0 0 0 0 0 0 0 0 0 0 0 0 0 0 0 0 0 0 1 3 3 1 1 156
6 6 7 0 0 0 0 0 0 0 0 0 0 0 0 1 3 4 1 0 157 1 3 3 1 2 156
6 6 8 0 0 0 0 0 0 0 0 0 0 0 0 1 3 4 1 1 157 0 0 0 0 0 0
6 6 9 0 0 0 0 0 0 0 0 0 0 0 0 1 3 4 1 2 157 1 3 5 1 0 157
6 6 10 0 0 0 0 0 0 0 0 0 0 0 0 0 0 0 0 0 0 1 3 5 1 1 157
6 6 11 0 0 0 0 0 0 0 0 0 0 0 0 1 3 6 1 0 158 1 3 5 1 2 157
6 6 12 0 0 0 0 0 0 0 0 0 0 0 0 1 3 6 1 1 158 0 0 0 0 0 0
6 6 13 0 0 0 0 0 0 0 0 0 0 0 0 1 3 6 1 2 158 1 3 7 1 0 158
6 6 14 0 0 0 0 0 0 0 0 0 0 0 0 0 0 0 0 0 0 1 3 7 1 1 158
6 6 15 0 0 0 0 0 0 0 0 0 0 0 0 1 3 8 1 0 159 1 3 7 1 2 158
6 6 16 0 0 0 0 0 0 0 0 0 0 0 0 1 3 8 1 1 159 0 0 0 0 0 0
6 6 17 0 0 0 0 0 0 0 0 0 0 0 0 1 3 8 1 2 159 0 0 0 0 0 0
6 6 18 0 0 0 0 0 0 0 0 0 0 0 0 0 0 0 0 0 0 0 0 0 0 0 0
6 6 19 0 0 0 0 0 0 0 0 0 0 0 0 0 0 0 0 0 0 0 0 0 0 0 0
6 6 20 0 0 0 0 0 0 0 0 0 0 0 0 0 0 0 0 0 0 0 0 0 0 0 0
6 6 21 0 0 0 0 0 0 0 0 0 0 0 0 0 0 0 0 0 0 0 0 0 0 0 0
6 6 22 0 0 0 0 0 0 0 0 0 0 0 0 0 0 0 0 0 0 0 0 0 0 0 0
6 6 23 0 0 0 0 0 0 0 0 0 0 0 0 0 0 0 0 0 0 0 0 0 0 0 0
6 6 24 0 0 0 0 0 0 0 0 0 0 0 0 0 0 0 0 0 0 0 0 0 0 0 0
6 6 25 0 0 0 0 0 0 0 0 0 0 0 0 0 0 0 0 0 0 0 0 0 0 0 0
6 6 26 0 0 0 0 0 0 0 0 0 0 0 0 0 0 0 0 0 0 0 0 0 0 0 0
6 6 27 0 0 0 0 0 0 0 0 0 0 0 0 0 0 0 0 0 0 0 0 0 0 0 0
6 6 28 0 0 0 0 0 0 0 0 0 0 0 0 0 0 0 0 0 0 0 0 0 0 0 0
6 6 29 0 0 0 0 0 0 0 0 0 0 0 0 0 0 0 0 0 0 0 0 0 0 0 0
6 6 30 0 0 0 0 0 0 0 0 0 0 0 0 0 0 0 0 0 0 0 0 0 0 0 0
6 6 31 0 0 0 0 0 0 0 0 0 0 0 0 0 0 0 0 0 0 0 0 0 0 0 0
6 7 0 1 4 0 0 1 160 0 0 0 0 0 0 1 3 0 2 1 155 0 0 0 0 0 0
6 7 1 1 4 0 0 2 160 1 4 1 0 0 160 1 3 0 2 2 155 1 3 1 2 0 155
6 7 2 0 0 0 0 0 0 1 4 1 0 1 160 0 0 0 0 0 0 1 3 1 2 1 155
6 7 3 1 4 2 0 0 161 1 4 1 0 2 160 1 3 2 2 0 156 1 3 1 2 2 155
6 7 4 1 4 2 0 1 161 0 0 0 0 0 0 1 3 2 2 1 156 0 0 0 0 0 0
6 7 5 1 4 2 0 2 161 1 4 3 0 0 161 1 3 2 2 2 156 1 3 3 2 0 156
6 7 6 0 0 0 0 0 0 1 4 3 0 1 161 0 0 0 0 0 0 1 3 3 2 1 156
6 7 7 1 4 4 0 0 162 1 4 3 0 2 161 1 3 4 2 0 157 1 3 3 2 2 156
6 7 8 1 4 4 0 1 162 0 0 0 0 0 0 1 3 4 2 1 157 0 0 0 0 0 0
6 7 9 1 4 4 0 2 162 1 4 5 0 0 162 1 3 4 2 2 157 1 3 5 2 0 157
6 7 10 0 0 0 0 0 0 1 4 5 0 1 162 0 0 0 0 0 0 1 3 5 2 1 157
6 7 11 1 4 6 0 0 163 1 4 5 0 2 162 1 3 6 2 0 158 1 3 5 2 2 157
6 7 12 1 4 6 0 1 163 0 0 0 0 0 0 1 3 6 2 1 158 0 0 0 0 0 0
6 7 13 1 4 6 0 2 163 1 4 7 0 0 163 1 3 6 2 2 158 1 3 7 2 0 158
6 7 14 0 0 0 0 0 0 1 4 7 0 1 163 0 0 0 0 0 0 1 3 7 2 1 158
6 7 15 1 4 8 0 0 164 1 4 7 0 2 163 1 3 8 2 0 159 1 3 7 2 2 158
6 7 16 1 4 8 0 1 164 0 0 0 0 0 0 1 3 8 2 1 159 0 0 0 0 0 0
6 7 17 1 4 8 0 2 164 0 0 0 0 0 0 1 3 8 2 2 159 0 0 0 0 0 0
6 7 18 0 0 0 0 0 0 0 0 0 0 0 0 0 0 0 0 0 0 0 0 0 0 0 0
6 7 19 0 0 0 0 0 0 0 0 0 0 0 0 0 0 0 0 0 0 0 0 0 0 0 0
6 7 20 0 0 0 0 0 0 0 0 0 0 0 0 0 0 0 0 0 0 0 0 0 0 0 0
6 7 21 0 0 0 0 0 0 0 0 0 0 0 0 0 0 0 0 0 0 0 0 0 0 0 0
6 7 22 0 0 0 0 0 0 0 0 0 0 0 0 0 0 0 0 0 0 0 0 0 0 0 0
6 7 23 0 0 0 0 0 0 0 0 0 0 0 0 0 0 0 0 0 0 0 0 0 0 0 0
6 7 24 0 0 0 0 0 0 0 0 0 0 0 0 0 0 0 0 0 0 0 0 0 0 0 0
6 7 25 0 0 0 0 0 0 0 0 0 0 0 0 0 0 0 0 0 0 0 0 0 0 0 0
6 7 26 0 0 0 0 0 0 0 0 0 0 0 0 0 0 0 0 0 0 0 0 0 0 0 0
6 7 27 0 0 0 0 0 0 0 0 0 0 0 0 0 0 0 0 0 0 0 0 0 0 0 0
6 7 28 0 0 0 0 0 0 0 0 0 0 0 0 0 0 0 0 0 0 0 0 0 0 0 0
6 7 29 0 0 0 0 0 0 0 0 0 0 0 0 0 0 0 0 0 0 0 0 0 0 0 0
6 7 30 0 0 0 0 0 0 0 0 0 0 0 0 0 0 0 0 0 0 0 0 0 0 0 0
6 7 31 0 0 0 0 0 0 0 0 0 0 0 0 0 0 0 0 0 0 0 0 0 0 0 0
6 8 0 1 4 0 1 1 160 0 0 0 0 0 0 0 0 0 0 0 0 0 0 0 0 0 0
6 8 1 1 4 0 1 2 160 1 4 1 1 0 160 0 0 0 0 0 0 0 0 0 0 0 0
6 8 2 0 0 0 0 0 0 1 4 1 1 1 160 0 0 0 0 0 0 0 0 0 0 0 0
6 8 3 1 4 2 1 0 161 1 4 1 1 2 160 0 0 0 0 0 0 0 0 0 0 0 0
6 8 4 1 4 2 1 1 161 0 0 0 0 0 0 0 0 0 0 0 0 0 0 0 0 0 0
6 8 5 1 4 2 1 2 161 1 4 3 1 0 161 0 0 0 0 0 0 0 0 0 0 0 0
6 8 6 0 0 0 0 0 0 1 4 3 1 1 161 0 0 0 0 0 0 0 0 0 0 0 0
6 8 7 1 4 4 1 0 162 1 4 3 1 2 161 0 0 0 0 0 0 0 0 0 0 0 0
6 8 8 1 4 4 1 1 162 0 0 0 0 0 0 0 0 0 0 0 0 0 0 0 0 0 0
6 8 9 1 4 4 1 2 162 1 4 5 1 0 162 0 0 0 0 0 0 0 0 0 0 0 0
6 8 10 0 0 0 0 0 0 1 4 5 1 1 162 0 0 0 0 0 0 0 0 0 0 0 0
6 8 11 1 4 6 1 0 163 1 4 5 1 2 162 0 0 0 0 0 0 0 0 0 0 0 0
6 8 12 1 4 6 1 1 163 0 0 0 0 0 0 0 0 0 0 0 0 0 0 0 0 0 0
6 8 13 1 4 6 1 2 163 1 4 7 1 0 163 0 0 0 0 0 0 0 0 0 0 0 0
6 8 14 0 0 0 0 0 0 1 4 7 1 1 163 0 0 0 0 0 0 0 0 0 0 0 0
6 8 15 1 4 8 1 0 164 1 4 7 1 2 163 0 0 0 0 0 0 0 0 0 0 0 0
6 8 16 1 4 8 1 1 164 0 0 0 0 0 0 0 0 0 0 0 0 0 0 0 0 0 0
6 8 17 1 4 8 1 2 164 0 0 0 0 0 0 0 0 0 0 0 0 0 0 0 0 0 0
6 8 18 0 0 0 0 0 0 0 0 0 0 0 0 0 0 0 0 0 0 0 0 0 0 0 0
6 8 19 0 0 0 0 0 0 0 0 0 0 0 0 0 0 0 0 0 0 0 0 0 0 0 0
6 8 20 0 0 0 0 0 0 0 0 0 0 0 0 0 0 0 0 0 0 0 0 0 0 0 0
6 8 21 0 0 0 0 0 0 0 0 0 0 0 0 0 0 0 0 0 0 0 0 0 0 0 0
6 8 22 0 0 0 0 0 0 0 0 0 0 0 0 0 0 0 0 0 0 0 0 0 0 0 0
6 8 23 0 0 0 0 0 0 0 0 0 0 0 0 0 0 0 0 0 0 0 0 0 0 0 0
6 8 24 0 0 0 0 0 0 0 0 0 0 0 0 0 0 0 0 0 0 0 0 0 0 0 0
6 8 25 0 0 0 0 0 0 0 0 0 0 0 0 0 0 0 0 0 0 0 0 0 0 0 0
6 8 26 0 0 0 0 0 0 0 0 0 0 0 0 0 0 0 0 0 0 0 0 0 0 0 0
6 8 27 0 0 0 0 0 0 0 0 0 0 0 0 0 0 0 0 0 0 0 0 0 0 0 0
6 8 28 0 0 0 0 0 0 0 0 0 0 0 0 0 0 0 0 0 0 0 0 0 0 0 0
6 8 29 0 0 0 0 0 0 0 0 0 0 0 0 0 0 0 0 0 0 0 0 0 0 0 0
6 8 30 0 0 0 0 0 0 0 0 0 0 0 0 0 0 0 0 0 0 0 0 0 0 0 0
6 8 31 0 0 0 0 0 0 0 0 0 0 0 0 0 0 0 0 0 0 0 0 0 0 0 0
6 9 0 1 4 0 2 1 160 0 0 0 0 0 0 1 5 0 0 1 160 0 0 0 0 0 0
6 9 1 1 4 0 2 2 160 1 4 1 2 0 160 1 5 0 0 2 160 1 5 1 0 0 160
6 9 2 0 0 0 0 0 0 1 4 1 2 1 160 0 0 0 0 0 0 1 5 1 0 1 160
6 9 3 1 4 2 2 0 161 1 4 1 2 2 160 1 5 2 0 0 161 1 5 1 0 2 160
6 9 4 1 4 2 2 1 161 0 0 0 0 0 0 1 5 2 0 1 161 0 0 0 0 0 0
6 9 5 1 4 2 2 2 161 1 4 3 2 0 161 1 5 2 0 2 161 1 5 3 0 0 161
6 9 6 0 0 0 0 0 0 1 4 3 2 1 161 0 0 0 0 0 0 1 5 3 0 1 161
6 9 7 1 4 4 2 0 162 1 4 3 2 2 161 1 5 4 0 0 162 1 5 3 0 2 161
6 9 8 1 4 4 2 1 162 0 0 0 0 0 0 1 5 4 0 1 162 0 0 0 0 0 0
6 9 9 1 4 4 2 2 162 1 4 5 2 0 162 1 5 4 0 2 162 1 5 5 0 0 162
6 9 10 0 0 0 0 0 0 1 4 5 2 1 162 0 0 0 0 0 0 1 5 5 0 1 162
6 9 11 1 4 6 2 0 163 1 4 5 2 2 162 1 5 6 0 0 163 1 5 5 0 2 162
6 9 12 1 4 6 2 1 163 0 0 0 0 0 0 1 5 6 0 1 163 0 0 0 0 0 0
6 9 13 1 4 6 2 2 163 1 4 7 2 0 163 1 5 6 0 2 163 1 5 7 0 0 163
6 9 14 0 0 0 0 0 0 1 4 7 2 1 163 0 0 0 0 0 0 1 5 7 0 1 163
6 9 15 1 4 8 2 0 164 1 4 7 2 2 163 1 5 8 0 0 164 1 5 7 0 2 163
6 9 16 1 4 8 2 1 164 0 0 0 0 0 0 1 5 8 0 1 164 0 0 0 0 0 0
6 9 17 1 4 8 2 2 164 0 0 0 0 0 0 1 5 8 0 2 164 0 0 0 0 0 0
6 9 18 0 0 0 0 0 0 0 0 0 0 0 0 0 0 0 0 0 0 0 0 0 0 0 0
6 9 19 0 0 0 0 0 0 0 0 0 0 0 0 0 0 0 0 0 0 0 0 0 0 0 0
6 9 20 0 0 0 0 0 0 0 0 0 0 0 0 0 0 0 0 0 0 0 0 0 0 0 0
6 9 21 0 0 0 0 0 0 0 0 0 0 0 0 0 0 0 0 0 0 0 0 0 0 0 0
6 9 22 0 0 0 0 0 0 0 0 0 0 0 0 0 0 0 0 0 0 0 0 0 0 0 0
6 9 23 0 0 0 0 0 0 0 0 0 0 0 0 0 0 0 0 0 0 0 0 0 0 0 0
6 9 24 0 0 0 0 0 0 0 0 0 0 0 0 0 0 0 0 0 0 0 0 0 0 0 0
6 9 25 0 0 0 0 0 0 0 0 0 0 0 0 0 0 0 0 0 0 0 0 0 0 0 0
6 9 26 0 0 0 0 0 0 0 0 0 0 0 0 0 0 0 0 0 0 0 0 0 0 0 0
6 9 27 0 0 0 0 0 0 0 0 0 0 0 0 0 0 0 0 0 0 0 0 0 0 0 0
6 9 28 0 0 0 0 0 0 0 0 0 0 0 0 0 0 0 0 0 0 0 0 0 0 0 0
6 9 29 0 0 0 0 0 0 0 0 0 0 0 0 0 0 0 0 0 0 0 0 0 0 0 0
6 9 30 0 0 0 0 0 0 0 0 0 0 0 0 0 0 0 0 0 0 0 0 0 0 0 0
6 9 31 0 0 0 0 0 0 0 0 0 0 0 0 0 0 0 0 0 0 0 0 0 0 0 0
6 10 0 0 0 0 0 0 0 0 0 0 0 0 0 1 5 0 1 1 160 0 0 0 0 0 0
6 10 1 0 0 0 0 0 0 0 0 0 0 0 0 1 5 0 1 2 160 1 5 1 1 0 160
6 10 2 0 0 0 0 0 0 0 0 0 0 0 0 0 0 0 0 0 0 1 5 1 1 1 160
6 10 3 0 0 0 0 0 0 0 0 0 0 0 0 1 5 2 1 0 161 1 5 1 1 2 160
6 10 4 0 0 0 0 0 0 0 0 0 0 0 0 1 5 2 1 1 161 0 0 0 0 0 0
6 10 5 0 0 0 0 0 0 0 0 0 0 0 0 1 5 2 1 2 161 1 5 3 1 0 161
6 10 6 0 0 0 0 0 0 0 0 0 0 0 0 0 0 0 0 0 0 1 5 3 1 1 161
6 10 7 0 0 0 0 0 0 0 0 0 0 0 0 1 5 4 1 0 162 1 5 3 1 2 161
6 10 8 0 0 0 0 0 0 0 0 0 0 0 0 1 5 4 1 1 162 0 0 0 0 0 0
6 10 9 0 0 0 0 0 0 0 0 0 0 0 0 1 5 4 1 2 162 1 5 5 1 0 162
6 10 10 0 0 0 0 0 0 0 0 0 0 0 0 0 0 0 0 0 0 1 5 5 1 1 162
6 10 11 0 0 0 0 0 0 0 0 0 0 0 0 1 5 6 1 0 163 1 5 5 1 2 162
6 10 12 0 0 0 0 0 0 0 0 0 0 0 0 1 5 6 1 1 163 0 0 0 0 0 0
6 10 13 0 0 0 0 0 0 0 0 0 0 0 0 1 5 6 1 2 163 1 5 7 1 0 163
6 10 14 0 0 0 0 0 0 0 0 0 0 0 0 0 0 0 0 0 0 1 5 7 1 1 163
6 10 15 0 0 0 0 0 0 0 0 0 0 0 0 1 5 8 1 0 164 1 5 7 1 2 163
6 10 16 0 0 0 0 0 0 0 0 0 0 0 0 1 5 8 1 1 164 0 0 0 0 0 0
6 10 17 0 0 0 0 0 0 0 0 0 0 0 0 1 5 8 1 2 164 0 0 0 0 0 0
6 10 18 0 0 0 0 0 0 0 0 0 0 0 0 0 0 0 0 0 0 0 0 0 0 0 0
6 10 19 0 0 0 0 0 0 0 0 0 0 0 0 0 0 0 0 0 0 0 0 0 0 0 0
6 10 20 0 0 0 0 0 0 0 0 0 0 0 0 0 0 0 0 0 0 0 0 0 0 0 0
6 10 21 0 0 0 0 0 0 0 0 0 0 0 0 0 0 0 0 0 0 0 0 0 0 0 0
6 10 22 0 0 0 0 0 0 0 0 0 0 0 0 0 0 0 0 0 0 0 0 0 0 0 0
6 10 23 0 0 0 0 0 0 0 0 0 0 0 0 0 0 0 0 0 0 0 0 0 0 0 0
6 10 24 0 0 0 0 0 0 0 0 0 0 0 0 0 0 0 0 0 0 0 0 0 0 0 0
6 10 25 0 0 0 0 0 0 0 0 0 0 0 0 0 0 0 0 0 0 0 0 0 0 0 0
6 10 26 0 0 0 0 0 0 0 0 0 0 0 0 0 0 0 0 0 0 0 0 0 0 0 0
6 10 27 0 0 0 0 0 0 0 0 0 0 0 0 0 0 0 0 0 0 0 0 0 0 0 0
6 10 28 0 0 0 0 0 0 0 0 0 0 0 0 0 0 0 0 0 0 0 0 0 0 0 0
6 10 29 0 0 0 0 0 0 0 0 0 0 0 0 0 0 0 0 0 0 0 0 0 0 0 0
6 10 30 0 0 0 0 0 0 0 0 0 0 0 0 0 0 0 0 0 0 0 0 0 0 0 0
6 10 31 0 0 0 0 0 0 0 0 0 0 0 0 0 0 0 0 0 0 0 0 0 0 0 0
6 11 0 1 6 0 0 1 165 0 0 0 0 0 0 1 5 0 2 1 160 0 0 0 0 0 0
6 11 1 1 6 0 0 2 165 1 6 1 0 0 165 1 5 0 2 2 160 1 5 1 2 0 160
6 11 2 0 0 0 0 0 0 1 6 1 0 1 165 0 0 0 0 0 0 1 5 1 2 1 160
6 11 3 1 6 2 0 0 166 1 6 1 0 2 165 1 5 2 2 0 161 1 5 1 2 2 160
6 11 4 1 6 2 0 1 166 0 0 0 0 0 0 1 5 2 2 1 161 0 0 0 0 0 0
6 11 5 1 6 2 0 2 166 1 6 3 0 0 166 1 5 2 2 2 161 1 5 3 2 0 161
6 11 6 0 0 0 0 0 0 1 6 3 0 1 166 0 0 0 0 0 0 1 5 3 2 1 161
6 11 7 1 6 4 0 0 167 1 6 3 0 2 166 1 5 4 2 0 162 1 5 3 2 2 161
6 11 8 1 6 4 0 1 167 0 0 0 0 0 0 1 5 4 2 1 162 0 0 0 0 0 0
6 11 9 1 6 4 0 2 167 1 6 5 0 0 167 1 5 4 2 2 162 1 5 5 2 0 162
6 11 10 0 0 0 0 0 0 1 6 5 0 1 167 0 0 0 0 0 0 1 5 5 2 1 162
6 11 11 1 6 6 0 0 168 1 6 5 0 2 167 1 5 6 2 0 163 1 5 5 2 2 162
6 11 12 1 6 6 0 1 168 0 0 0 0 0 0 1 5 6 2 1 163 0 0 0 0 0 0
6 11 13 1 6 6 0 2 168 1 6 7 0 0 168 1 5 6 2 2 163 1 5 7 2 0 163
6 11 14 0 0 0 0 0 0 1 6 7 0 1 168 0 0 0 0 0 0 1 5 7 2 1 163
6 11 15 1 6 8 0 0 169 1 6 7 0 2 168 1 5 8 2 0 164 1 5 7 2 2 163
6 11 16 1 6 8 0 1 169 0 0 0 0 0 0 1 5 8 2 1 164 0 0 0 0 0 0
6 11 17 1 6 8 0 2 169 0 0 0 0 0 0 1 5 8 2 2 164 0 0 0 0 0 0
6 11 18 0 0 0 0 0 0 0 0 0 0 0 0 0 0 0 0 0 0 0 0 0 0 0 0
6 11 19 0 0 0 0 0 0 0 0 0 0 0 0 0 0 0 0 0 0 0 0 0 0 0 0
6 11 20 0 0 0 0 0 0 0 0 0 0 0 0 0 0 0 0 0 0 0 0 0 0 0 0
6 11 21 0 0 0 0 0 0 0 0 0 0 0 0 0 0 0 0 0 0 0 0 0 0 0 0
6 11 22 0 0 0 0 0 0 0 0 0 0 0 0 0 0 0 0 0 0 0 0 0 0 0 0
6 11 23 0 0 0 0 0 0 0 0 0 0 0 0 0 0 0 0 0 0 0 0 0 0 0 0
6 11 24 0 0 0 0 0 0 0 0 0 0 0 0 0 0 0 0 0 0 0 0 0 0 0 0
6 11 25 0 0 0 0 0 0 0 0 0 0 0 0 0 0 0 0 0 0 0 0 0 0 0 0
6 11 26 0 0 0 0 0 0 0 0 0 0 0 0 0 0 0 0 0 0 0 0 0 0 0 0
6 11 27 0 0 0 0 0 0 0 0 0 0 0 0 0 0 0 0 0 0 0 0 0 0 0 0
6 11 28 0 0 0 0 0 0 0 0 0 0 0 0 0 0 0 0 0 0 0 0 0 0 0 0
6 11 29 0 0 0 0 0 0 0 0 0 0 0 0 0 0 0 0 0 0 0 0 0 0 0 0
6 11 30 0 0 0 0 0 0 0 0 0 0 0 0 0 0 0 0 0 0 0 0 0 0 0 0
6 11 31 0 0 0 0 0 0 0 0 0 0 0 0 0 0 0 0 0 0 0 0 0 0 0 0
6 12 0 1 6 0 1 1 165 0 0 0 0 0 0 0 0 0 0 0 0 0 0 0 0 0 0
6 12 1 1 6 0 1 2 165 1 6 1 1 0 165 0 0 0 0 0 0 0 0 0 0 0 0
6 12 2 0 0 0 0 0 0 1 6 1 1 1 165 0 0 0 0 0 0 0 0 0 0 0 0
6 12 3 1 6 2 1 0 166 1 6 1 1 2 165 0 0 0 0 0 0 0 0 0 0 0 0
6 12 4 1 6 2 1 1 166 0 0 0 0 0 0 0 0 0 0 0 0 0 0 0 0 0 0
6 12 5 1 6 2 1 2 166 1 6 3 1 0 166 0 0 0 0 0 0 0 0 0 0 0 0
6 12 6 0 0 0 0 0 0 1 6 3 1 1 166 0 0 0 0 0 0 0 0 0 0 0 0
6 12 7 1 6 4 1 0 167 1 6 3 1 2 166 0 0 0 0 0 0 0 0 0 0 0 0
6 12 8 1 6 4 1 1 167 0 0 0 0 0 0 0 0 0 0 0 0 0 0 0 0 0 0
6 12 9 1 6 4 1 2 167 1 6 5 1 0 167 0 0 0 0 0 0 0 0 0 0 0 0
6 12 10 0 0 0 0 0 0 1 6 5 1 1 167 0 0 0 0 0 0 0 0 0 0 0 0
6 12 11 1 6 6 1 0 168 1 6 5 1 2 167 0 0 0 0 0 0 0 0 0 0 0 0
6 12 12 1 6 6 1 1 168 0 0 0 0 0 0 0 0 0 0 0 0 0 0 0 0 0 0
6 12 13 1 6 6 1 2 168 1 6 7 1 0 168 0 0 0 0 0 0 0 0 0 0 0 0
6 12 14 0 0 0 0 0 0 1 6 7 1 1 168 0 0 0 0 0 0 0 0 0 0 0 0
6 12 15 1 6 8 1 0 169 1 6 7 1 2 168 0 0 0 0 0 0 0 0 0 0 0 0
6 12 16 1 6 8 1 1 169 0 0 0 0 0 0 0 0 0 0 0 0 0 0 0 0 0 0
6 12 17 1 6 8 1 2 169 0 0 0 0 0 0 0 0 0 0 0 0 0 0 0 0 0 0
6 12 18 0 0 0 0 0 0 0 0 0 0 0 0 0 0 0 0 0 0 0 0 0 0 0 0
6 12 19 0 0 0 0 0 0 0 0 0 0 0 0 0 0 0 0 0 0 0 0 0 0 0 0
6 12 20 0 0 0 0 0 0 0 0 0 0 0 0 0 0 0 0 0 0 0 0 0 0 0 0
6 12 21 0 0 0 0 0 0 0 0 0 0 0 0 0 0 0 0 0 0 0 0 0 0 0 0
6 12 22 0 0 0 0 0 0 0 0 0 0 0 0 0 0 0 0 0 0 0 0 0 0 0 0
6 12 23 0 0 0 0 0 0 0 0 0 0 0 0 0 0 0 0 0 0 0 0 0 0 0 0
6 12 24 0 0 0 0 0 0 0 0 0 0 0 0 0 0 0 0 0 0 0 0 0 0 0 0
6 12 25 0 0 0 0 0 0 0 0 0 0 0 0 0 0 0 0 0 0 0 0 0 0 0 0
6 12 26 0 0 0 0 0 0 0 0 0 0 0 0 0 0 0 0 0 0 0 0 0 0 0 0
6 12 27 0 0 0 0 0 0 0 0 0 0 0 0 0 0 0 0 0 0 0 0 0 0 0 0
6 12 28 0 0 0 0 0 0 0 0 0 0 0 0 0 0 0 0 0 0 0 0 0 0 0 0
6 12 29 0 0 0 0 0 0 0 0 0 0 0 0 0 0 0 0 0 0 0 0 0 0 0 0
6 12 30 0 0 0 0 0 0 0 0 0 0 0 0 0 0 0 0 0 0 0 0 0 0 0 0
6 12 31 0 0 0 0 0 0 0 0 0 0 0 0 0 0 0 0 0 0 0 0 0 0 0 0
6 13 0 1 6 0 2 1 165 0 0 0 0 0 0 1 7 0 0 1 165 0 0 0 0 0 0
6 13 1 1 6 0 2 2 165 1 6 1 2 0 165 1 7 0 0 2 165 1 7 1 0 0 165
6 13 2 0 0 0 0 0 0 1 6 1 2 1 165 0 0 0 0 0 0 1 7 1 0 1 165
6 13 3 1 6 2 2 0 166 1 6 1 2 2 165 1 7 2 0 0 166 1 7 1 0 2 165
6 13 4 1 6 2 2 1 166 0 0 0 0 0 0 1 7 2 0 1 166 0 0 0 0 0 0
6 13 5 1 6 2 2 2 166 1 6 3 2 0 166 1 7 2 0 2 166 1 7 3 0 0 166
6 13 6 0 0 0 0 0 0 1 6 3 2 1 166 0 0 0 0 0 0 1 7 3 0 1 166
6 13 7 1 6 4 2 0 167 1 6 3 2 2 166 1 7 4 0 0 167 1 7 3 0 2 166
6 13 8 1 6 4 2 1 167 0 0 0 0 0 0 1 7 4 0 1 167 0 0 0 0 0 0
6 13 9 1 6 4 2 2 167 1 6 5 2 0 167 1 7 4 0 2 167 1 7 5 0 0 167
6 13 10 0 0 0 0 0 0 1 6 5 2 1 167 0 0 0 0 0 0 1 7 5 0 1 167
6 13 11 1 6 6 2 0 168 1 6 5 2 2 167 1 7 6 0 0 168 1 7 5 0 2 167
6 13 12 1 6 6 2 1 168 0 0 0 0 0 0 1 7 6 0 1 168 0 0 0 0 0 0
6 13 13 1 6 6 2 2 168 1 6 7 2 0 168 1 7 6 0 2 168 1 7 7 0 0 168
6 13 14 0 0 0 0 0 0 1 6 7 2 1 168 0 0 0 0 0 0 1 7 7 0 1 168
6 13 15 1 6 8 2 0 169 1 6 7 2 2 168 1 7 8 0 0 169 1 7 7 0 2 168
6 13 16 1 6 8 2 1 169 0 0 0 0 0 0 1 7 8 0 1 169 0 0 0 0 0 0
6 13 17 1 6 8 2 2 169 0 0 0 0 0 0 1 7 8 0 2 169 0 0 0 0 0 0
6 13 18 0 0 0 0 0 0 0 0 0 0 0 0 0 0 0 0 0 0 0 0 0 0 0 0
6 13 19 0 0 0 0 0 0 0 0 0 0 0 0 0 0 0 0 0 0 0 0 0 0 0 0
6 13 20 0 0 0 0 0 0 0 0 0 0 0 0 0 0 0 0 0 0 0 0 0 0 0 0
6 13 21 0 0 0 0 0 0 0 0 0 0 0 0 0 0 0 0 0 0 0 0 0 0 0 0
6 13 22 0 0 0 0 0 0 0 0 0 0 0 0 0 0 0 0 0 0 0 0 0 0 0 0
6 13 23 0 0 0 0 0 0 0 0 0 0 0 0 0 0 0 0 0 0 0 0 0 0 0 0
6 13 24 0 0 0 0 0 0 0 0 0 0 0 0 0 0 0 0 0 0 0 0 0 0 0 0
6 13 25 0 0 0 0 0 0 0 0 0 0 0 0 0 0 0 0 0 0 0 0 0 0 0 0
6 13 26 0 0 0 0 0 0 0 0 0 0 0 0 0 0 0 0 0 0 0 0 0 0 0 0
6 13 27 0 0 0 0 0 0 0 0 0 0 0 0 0 0 0 0 0 0 0 0 0 0 0 0
6 13 28 0 0 0 0 0 0 0 0 0 0 0 0 0 0 0 0 0 0 0 0 0 0 0 0
6 13 29 0 0 0 0 0 0 0 0 0 0 0 0 0 0 0 0 0 0 0 0 0 0 0 0
6 13 30 0 0 0 0 0 0 0 0 0 0 0 0 0 0 0 0 0 0 0 0 0 0 0 0
6 13 31 0 0 0 0 0 0 0 0 0 0 0 0 0 0 0 0 0 0 0 0 0 0 0 0
6 14 0 0 0 0 0 0 0 0 0 0 0 0 0 1 7 0 1 1 165 0 0 0 0 0 0
6 14 1 0 0 0 0 0 0 0 0 0 0 0 0 1 7 0 1 2 165 1 7 1 1 0 165
6 14 2 0 0 0 0 0 0 0 0 0 0 0 0 0 0 0 0 0 0 1 7 1 1 1 165
6 14 3 0 0 0 0 0 0 0 0 0 0 0 0 1 7 2 1 0 166 1 7 1 1 2 165
6 14 4 0 0 0 0 0 0 0 0 0 0 0 0 1 7 2 1 1 166 0 0 0 0 0 0
6 14 5 0 0 0 0 0 0 0 0 0 0 0 0 1 7 2 1 2 166 1 7 3 1 0 166
6 14 6 0 0 0 0 0 0 0 0 0 0 0 0 0 0 0 0 0 0 1 7 3 1 1 166
6 14 7 0 0 0 0 0 0 0 0 0 0 0 0 1 7 4 1 0 167 1 7 3 1 2 166
6 14 8 0 0 0 0 0 0 0 0 0 0 0 0 1 7 4 1 1 167 0 0 0 0 0 0
6 14 9 0 0 0 0 0 0 0 0 0 0 0 0 1 7 4 1 2 167 1 7 5 1 0 167
6 14 10 0 0 0 0 0 0 0 0 0 0 0 0 0 0 0 0 0 0 1 7 5 1 1 167
6 14 11 0 0 0 0 0 0 0 0 0 0 0 0 1 7 6 1 0 168 1 7 5 1 2 167
6 14 12 0 0 0 0 0 0 0 0 0 0 0 0 1 7 6 1 1 168 0 0 0 0 0 0
6 14 13 0 0 0 0 0 0 0 0 0 0 0 0 1 7 6 1 2 168 1 7 7 1 0 168
6 14 14 0 0 0 0 0 0 0 0 0 0 0 0 0 0 0 0 0 0 1 7 7 1 1 168
6 14 15 0 0 0 0 0 0 0 0 0 0 0 0 1 7 8 1 0 169 1 7 7 1 2 168
6 14 16 0 0 0 0 0 0 0 0 0 0 0 0 1 7 8 1 1 169 0 0 0 0 0 0
6 14 17 0 0 0 0 0 0 0 0 0 0 0 0 1 7 8 1 2 169 0 0 0 0 0 0
6 14 18 0 0 0 0 0 0 0 0 0 0 0 0 0 0 0 0 0 0 0 0 0 0 0 0
6 14 19 0 0 0 0 0 0 0 0 0 0 0 0 0 0 0 0 0 0 0 0 0 0 0 0
6 14 20 0 0 0 0 0 0 0 0 0 0 0 0 0 0 0 0 0 0 0 0 0 0 0 0
6 14 21 0 0 0 0 0 0 0 0 0 0 0 0 0 0 0 0 0 0 0 0 0 0 0 0
6 14 22 0 0 0 0 0 0 0 0 0 0 0 0 0 0 0 0 0 0 0 0 0 0 0 0
6 14 23 0 0 0 0 0 0 0 0 0 0 0 0 0 0 0 0 0 0 0 0 0 0 0 0
6 14 24 0 0 0 0 0 0 0 0 0 0 0 0 0 0 0 0 0 0 0 0 0 0 0 0
6 14 25 0 0 0 0 0 0 0 0 0 0 0 0 0 0 0 0 0 0 0 0 0 0 0 0
6 14 26 0 0 0 0 0 0 0 0 0 0 0 0 0 0 0 0 0 0 0 0 0 0 0 0
6 14 27 0 0 0 0 0 0 0 0 0 0 0 0 0 0 0 0 0 0 0 0 0 0 0 0
6 14 28 0 0 0 0 0 0 0 0 0 0 0 0 0 0 0 0 0 0 0 0 0 0 0 0
6 14 29 0 0 0 0 0 0 0 0 0 0 0 0 0 0 0 0 0 0 0 0 0 0 0 0
6 14 30 0 0 0 0 0 0 0 0 0 0 0 0 0 0 0 0 0 0 0 0 0 0 0 0
6 14 31 0 0 0 0 0 0 0 0 0 0 0 0 0 0 0 0 0 0 0 0 0 0 0 0
6 15 0 1 8 0 0 1 170 0 0 0 0 0 0 1 7 0 2 1 165 0 0 0 0 0 0
6 15 1 1 8 0 0 2 170 1 8 1 0 0 170 1 7 0 2 2 165 1 7 1 2 0 165
6 15 2 0 0 0 0 0 0 1 8 1 0 1 170 0 0 0 0 0 0 1 7 1 2 1 165
6 15 3 1 8 2 0 0 171 1 8 1 0 2 170 1 7 2 2 0 166 1 7 1 2 2 165
6 15 4 1 8 2 0 1 171 0 0 0 0 0 0 1 7 2 2 1 166 0 0 0 0 0 0
6 15 5 1 8 2 0 2 171 1 8 3 0 0 171 1 7 2 2 2 166 1 7 3 2 0 166
6 15 6 0 0 0 0 0 0 1 8 3 0 1 171 0 0 0 0 0 0 1 7 3 2 1 166
6 15 7 1 8 4 0 0 172 1 8 3 0 2 171 1 7 4 2 0 167 1 7 3 2 2 166
6 15 8 1 8 4 0 1 172 0 0 0 0 0 0 1 7 4 2 1 167 0 0 0 0 0 0
6 15 9 1 8 4 0 2 172 1 8 5 0 0 172 1 7 4 2 2 167 1 7 5 2 0 167
6 15 10 0 0 0 0 0 0 1 8 5 0 1 172 0 0 0 0 0 0 1 7 5 2 1 167
6 15 11 1 8 6 0 0 173 1 8 5 0 2 172 1 7 6 2 0 168 1 7 5 2 2 167
6 15 12 1 8 6 0 1 173 0 0 0 0 0 0 1 7 6 2 1 168 0 0 0 0 0 0
6 15 13 1 8 6 0 2 173 1 8 7 0 0 173 1 7 6 2 2 168 1 7 7 2 0 168
6 15 14 0 0 0 0 0 0 1 8 7 0 1 173 0 0 0 0 0 0 1 7 7 2 1 168
6 15 15 1 8 8 0 0 174 1 8 7 0 2 173 1 7 8 2 0 169 1 7 7 2 2 168
6 15 16 1 8 8 0 1 174 0 0 0 0 0 0 1 7 8 2 1 169 0 0 0 0 0 0
6 15 17 1 8 8 0 2 174 0 0 0 0 0 0 1 7 8 2 2 169 0 0 0 0 0 0
6 15 18 0 0 0 0 0 0 0 0 0 0 0 0 0 0 0 0 0 0 0 0 0 0 0 0
6 15 19 0 0 0 0 0 0 0 0 0 0 0 0 0 0 0 0 0 0 0 0 0 0 0 0
6 15 20 0 0 0 0 0 0 0 0 0 0 0 0 0 0 0 0 0 0 0 0 0 0 0 0
6 15 21 0 0 0 0 0 0 0 0 0 0 0 0 0 0 0 0 0 0 0 0 0 0 0 0
6 15 22 0 0 0 0 0 0 0 0 0 0 0 0 0 0 0 0 0 0 0 0 0 0 0 0
6 15 23 0 0 0 0 0 0 0 0 0 0 0 0 0 0 0 0 0 0 0 0 0 0 0 0
6 15 24 0 0 0 0 0 0 0 0 0 0 0 0 0 0 0 0 0 0 0 0 0 0 0 0
6 15 25 0 0 0 0 0 0 0 0 0 0 0 0 0 0 0 0 0 0 0 0 0 0 0 0
6 15 26 0 0 0 0 0 0 0 0 0 0 0 0 0 0 0 0 0 0 0 0 0 0 0 0
6 15 27 0 0 0 0 0 0 0 0 0 0 0 0 0 0 0 0 0 0 0 0 0 0 0 0
6 15 28 0 0 0 0 0 0 0 0 0 0 0 0 0 0 0 0 0 0 0 0 0 0 0 0
6 15 29 0 0 0 0 0 0 0 0 0 0 0 0 0 0 0 0 0 0 0 0 0 0 0 0
6 15 30 0 0 0 0 0 0 0 0 0 0 0 0 0 0 0 0 0 0 0 0 0 0 0 0
6 15 31 0 0 0 0 0 0 0 0 0 0 0 0 0 0 0 0 0 0 0 0 0 0 0 0
6 16 0 1 8 0 1 1 170 0 0 0 0 0 0 0 0 0 0 0 0 0 0 0 0 0 0
6 16 1 1 8 0 1 2 170 1 8 1 1 0 170 0 0 0 0 0 0 0 0 0 0 0 0
6 16 2 0 0 0 0 0 0 1 8 1 1 1 170 0 0 0 0 0 0 0 0 0 0 0 0
6 16 3 1 8 2 1 0 171 1 8 1 1 2 170 0 0 0 0 0 0 0 0 0 0 0 0
6 16 4 1 8 2 1 1 171 0 0 0 0 0 0 0 0 0 0 0 0 0 0 0 0 0 0
6 16 5 1 8 2 1 2 171 1 8 3 1 0 171 0 0 0 0 0 0 0 0 0 0 0 0
6 16 6 0 0 0 0 0 0 1 8 3 1 1 171 0 0 0 0 0 0 0 0 0 0 0 0
6 16 7 1 8 4 1 0 172 1 8 3 1 2 171 0 0 0 0 0 0 0 0 0 0 0 0
6 16 8 1 8 4 1 1 172 0 0 0 0 0 0 0 0 0 0 0 0 0 0 0 0 0 0
6 16 9 1 8 4 1 2 172 1 8 5 1 0 172 0 0 0 0 0 0 0 0 0 0 0 0
6 16 10 0 0 0 0 0 0 1 8 5 1 1 172 0 0 0 0 0 0 0 0 0 0 0 0
6 16 11 1 8 6 1 0 173 1 8 5 1 2 172 0 0 0 0 0 0 0 0 0 0 0 0
6 16 12 1 8 6 1 1 173 0 0 0 0 0 0 0 0 0 0 0 0 0 0 0 0 0 0
6 16 13 1 8 6 1 2 173 1 8 7 1 0 173 0 0 0 0 0 0 0 0 0 0 0 0
6 16 14 0 0 0 0 0 0 1 8 7 1 1 173 0 0 0 0 0 0 0 0 0 0 0 0
6 16 15 1 8 8 1 0 174 1 8 7 1 2 173 0 0 0 0 0 0 0 0 0 0 0 0
6 16 16 1 8 8 1 1 174 0 0 0 0 0 0 0 0 0 0 0 0 0 0 0 0 0 0
6 16 17 1 8 8 1 2 174 0 0 0 0 0 0 0 0 0 0 0 0 0 0 0 0 0 0
6 16 18 0 0 0 0 0 0 0 0 0 0 0 0 0 0 0 0 0 0 0 0 0 0 0 0
6 16 19 0 0 0 0 0 0 0 0 0 0 0 0 0 0 0 0 0 0 0 0 0 0 0 0
6 16 20 0 0 0 0 0 0 0 0 0 0 0 0 0 0 0 0 0 0 0 0 0 0 0 0
6 16 21 0 0 0 0 0 0 0 0 0 0 0 0 0 0 0 0 0 0 0 0 0 0 0 0
6 16 22 0 0 0 0 0 0 0 0 0 0 0 0 0 0 0 0 0 0 0 0 0 0 0 0
6 16 23 0 0 0 0 0 0 0 0 0 0 0 0 0 0 0 0 0 0 0 0 0 0 0 0
6 16 24 0 0 0 0 0 0 0 0 0 0 0 0 0 0 0 0 0 0 0 0 0 0 0 0
6 16 25 0 0 0 0 0 0 0 0 0 0 0 0 0 0 0 0 0 0 0 0 0 0 0 0
6 16 26 0 0 0 0 0 0 0 0 0 0 0 0 0 0 0 0 0 0 0 0 0 0 0 0
6 16 27 0 0 0 0 0 0 0 0 0 0 0 0 0 0 0 0 0 0 0 0 0 0 0 0
6 16 28 0 0 0 0 0 0 0 0 0 0 0 0 0 0 0 0 0 0 0 0 0 0 0 0
6 16 29 0 0 0 0 0 0 0 0 0 0 0 0 0 0 0 0 0 0 0 0 0 0 0 0
6 16 30 0 0 0 0 0 0 0 0 0 0 0 0 0 0 0 0 0 0 0 0 0 0 0 0
6 16 31 0 0 0 0 0 0 0 0 0 0 0 0 0 0 0 0 0 0 0 0 0 0 0 0
6 17 0 1 8 0 2 1 170 0 0 0 0 0 0 0 0 0 0 0 0 0 0 0 0 0 0
6 17 1 1 8 0 2 2 170 1 8 1 2 0 170 0 0 0 0 0 0 0 0 0 0 0 0
6 17 2 0 0 0 0 0 0 1 8 1 2 1 170 0 0 0 0 0 0 0 0 0 0 0 0
6 17 3 1 8 2 2 0 171 1 8 1 2 2 170 0 0 0 0 0 0 0 0 0 0 0 0
6 17 4 1 8 2 2 1 171 0 0 0 0 0 0 0 0 0 0 0 0 0 0 0 0 0 0
6 17 5 1 8 2 2 2 171 1 8 3 2 0 171 0 0 0 0 0 0 0 0 0 0 0 0
6 17 6 0 0 0 0 0 0 1 8 3 2 1 171 0 0 0 0 0 0 0 0 0 0 0 0
6 17 7 1 8 4 2 0 172 1 8 3 2 2 171 0 0 0 0 0 0 0 0 0 0 0 0
6 17 8 1 8 4 2 1 172 0 0 0 0 0 0 0 0 0 0 0 0 0 0 0 0 0 0
6 17 9 1 8 4 2 2 172 1 8 5 2 0 172 0 0 0 0 0 0 0 0 0 0 0 0
6 17 10 0 0 0 0 0 0 1 8 5 2 1 172 0 0 0 0 0 0 0 0 0 0 0 0
6 17 11 1 8 6 2 0 173 1 8 5 2 2 172 0 0 0 0 0 0 0 0 0 0 0 0
6 17 12 1 8 6 2 1 173 0 0 0 0 0 0 0 0 0 0 0 0 0 0 0 0 0 0
6 17 13 1 8 6 2 2 173 1 8 7 2 0 173 0 0 0 0 0 0 0 0 0 0 0 0
6 17 14 0 0 0 0 0 0 1 8 7 2 1 173 0 0 0 0 0 0 0 0 0 0 0 0
6 17 15 1 8 8 2 0 174 1 8 7 2 2 173 0 0 0 0 0 0 0 0 0 0 0 0
6 17 16 1 8 8 2 1 174 0 0 0 0 0 0 0 0 0 0 0 0 0 0 0 0 0 0
6 17 17 1 8 8 2 2 174 0 0 0 0 0 0 0 0 0 0 0 0 0 0 0 0 0 0
6 17 18 0 0 0 0 0 0 0 0 0 0 0 0 0 0 0 0 0 0 0 0 0 0 0 0
6 17 19 0 0 0 0 0 0 0 0 0 0 0 0 0 0 0 0 0 0 0 0 0 0 0 0
6 17 20 0 0 0 0 0 0 0 0 0 0 0 0 0 0 0 0 0 0 0 0 0 0 0 0
6 17 21 0 0 0 0 0 0 0 0 0 0 0 0 0 0 0 0 0 0 0 0 0 0 0 0
6 17 22 0 0 0 0 0 0 0 0 0 0 0 0 0 0 0 0 0 0 0 0 0 0 0 0
6 17 23 0 0 0 0 0 0 0 0 0 0 0 0 0 0 0 0 0 0 0 0 0 0 0 0
6 17 24 0 0 0 0 0 0 0 0 0 0 0 0 0 0 0 0 0 0 0 0 0 0 0 0
6 17 25 0 0 0 0 0 0 0 0 0 0 0 0 0 0 0 0 0 0 0 0 0 0 0 0
6 17 26 0 0 0 0 0 0 0 0 0 0 0 0 0 0 0 0 0 0 0 0 0 0 0 0
6 17 27 0 0 0 0 0 0 0 0 0 0 0 0 0 0 0 0 0 0 0 0 0 0 0 0
6 17 28 0 0 0 0 0 0 0 0 0 0 0 0 0 0 0 0 0 0 0 0 0 0 0 0
6 17 29 0 0 0 0 0 0 0 0 0 0 0 0 0 0 0 0 0 0 0 0 0 0 0 0
6 17 30 0 0 0 0 0 0 0 0 0 0 0 0 0 0 0 0 0 0 0 0 0 0 0 0
6 17 31 0 0 0 0 0 0 0 0 0 0 0 0 0 0 0 0 0 0 0 0 0 0 0 0
6 18 0 0 0 0 0 0 0 0 0 0 0 0 0 0 0 0 0 0 0 0 0 0 0 0 0
6 18 1 0 0 0 0 0 0 0 0 0 0 0 0 0 0 0 0 0 0 0 0 0 0 0 0
6 18 2 0 0 0 0 0 0 0 0 0 0 0 0 0 0 0 0 0 0 0 0 0 0 0 0
6 18 3 0 0 0 0 0 0 0 0 0 0 0 0 0 0 0 0 0 0 0 0 0 0 0 0
6 18 4 0 0 0 0 0 0 0 0 0 0 0 0 0 0 0 0 0 0 0 0 0 0 0 0
6 18 5 0 0 0 0 0 0 0 0 0 0 0 0 0 0 0 0 0 0 0 0 0 0 0 0
6 18 6 0 0 0 0 0 0 0 0 0 0 0 0 0 0 0 0 0 0 0 0 0 0 0 0
6 18 7 0 0 0 0 0 0 0 0 0 0 0 0 0 0 0 0 0 0 0 0 0 0 0 0
6 18 8 0 0 0 0 0 0 0 0 0 0 0 0 0 0 0 0 0 0 0 0 0 0 0 0
6 18 9 0 0 0 0 0 0 0 0 0 0 0 0 0 0 0 0 0 0 0 0 0 0 0 0
6 18 10 0 0 0 0 0 0 0 0 0 0 0 0 0 0 0 0 0 0 0 0 0 0 0 0
6 18 11 0 0 0 0 0 0 0 0 0 0 0 0 0 0 0 0 0 0 0 0 0 0 0 0
6 18 12 0 0 0 0 0 0 0 0 0 0 0 0 0 0 0 0 0 0 0 0 0 0 0 0
6 18 13 0 0 0 0 0 0 0 0 0 0 0 0 0 0 0 0 0 0 0 0 0 0 0 0
6 18 14 0 0 0 0 0 0 0 0 0 0 0 0 0 0 0 0 0 0 0 0 0 0 0 0
6 18 15 0 0 0 0 0 0 0 0 0 0 0 0 0 0 0 0 0 0 0 0 0 0 0 0
6 18 16 0 0 0 0 0 0 0 0 0 0 0 0 0 0 0 0 0 0 0 0 0 0 0 0
6 18 17 0 0 0 0 0 0 0 0 0 0 0 0 0 0 0 0 0 0 0 0 0 0 0 0
6 18 18 0 0 0 0 0 0 0 0 0 0 0 0 0 0 0 0 0 0 0 0 0 0 0 0
6 18 19 0 0 0 0 0 0 0 0 0 0 0 0 0 0 0 0 0 0 0 0 0 0 0 0
6 18 20 0 0 0 0 0 0 0 0 0 0 0 0 0 0 0 0 0 0 0 0 0 0 0 0
6 18 21 0 0 0 0 0 0 0 0 0 0 0 0 0 0 0 0 0 0 0 0 0 0 0 0
6 18 22 0 0 0 0 0 0 0 0 0 0 0 0 0 0 0 0 0 0 0 0 0 0 0 0
6 18 23 0 0 0 0 0 0 0 0 0 0 0 0 0 0 0 0 0 0 0 0 0 0 0 0
6 18 24 0 0 0 0 0 0 0 0 0 0 0 0 0 0 0 0 0 0 0 0 0 0 0 0
6 18 25 0 0 0 0 0 0 0 0 0 0 0 0 0 0 0 0 0 0 0 0 0 0 0 0
6 18 26 0 0 0 0 0 0 0 0 0 0 0 0 0 0 0 0 0 0 0 0 0 0 0 0
6 18 27 0 0 0 0 0 0 0 0 0 0 0 0 0 0 0 0 0 0 0 0 0 0 0 0
6 18 28 0 0 0 0 0 0 0 0 0 0 0 0 0 0 0 0 0 0 0 0 0 0 0 0
6 18 29 0 0 0 0 0 0 0 0 0 0 0 0 0 0 0 0 0 0 0 0 0 0 0 0
6 18 30 0 0 0 0 0 0 0 0 0 0 0 0 0 0 0 0 0 0 0 0 0 0 0 0
6 18 31 0 0 0 0 0 0 0 0 0 0 0 0 0 0 0 0 0 0 0 0 0 0 0 0
6 19 0 0 0 0 0 0 0 0 0 0 0 0 0 0 0 0 0 0 0 0 0 0 0 0 0
6 19 1 0 0 0 0 0 0 0 0 0 0 0 0 0 0 0 0 0 0 0 0 0 0 0 0
6 19 2 0 0 0 0 0 0 0 0 0 0 0 0 0 0 0 0 0 0 0 0 0 0 0 0
6 19 3 0 0 0 0 0 0 0 0 0 0 0 0 0 0 0 0 0 0 0 0 0 0 0 0
6 19 4 0 0 0 0 0 0 0 0 0 0 0 0 0 0 0 0 0 0 0 0 0 0 0 0
6 19 5 0 0 0 0 0 0 0 0 0 0 0 0 0 0 0 0 0 0 0 0 0 0 0 0
6 19 6 0 0 0 0 0 0 0 0 0 0 0 0 0 0 0 0 0 0 0 0 0 0 0 0
6 19 7 0 0 0 0 0 0 0 0 0 0 0 0 0 0 0 0 0 0 0 0 0 0 0 0
6 19 8 0 0 0 0 0 0 0 0 0 0 0 0 0 0 0 0 0 0 0 0 0 0 0 0
6 19 9 0 0 0 0 0 0 0 0 0 0 0 0 0 0 0 0 0 0 0 0 0 0 0 0
6 19 10 0 0 0 0 0 0 0 0 0 0 0 0 0 0 0 0 0 0 0 0 0 0 0 0
6 19 11 0 0 0 0 0 0 0 0 0 0 0 0 0 0 0 0 0 0 0 0 0 0 0 0
6 19 12 0 0 0 0 0 0 0 0 0 0 0 0 0 0 0 0 0 0 0 0 0 0 0 0
6 19 13 0 0 0 0 0 0 0 0 0 0 0 0 0 0 0 0 0 0 0 0 0 0 0 0
6 19 14 0 0 0 0 0 0 0 0 0 0 0 0 0 0 0 0 0 0 0 0 0 0 0 0
6 19 15 0 0 0 0 0 0 0 0 0 0 0 0 0 0 0 0 0 0 0 0 0 0 0 0
6 19 16 0 0 0 0 0 0 0 0 0 0 0 0 0 0 0 0 0 0 0 0 0 0 0 0
6 19 17 0 0 0 0 0 0 0 0 0 0 0 0 0 0 0 0 0 0 0 0 0 0 0 0
6 19 18 0 0 0 0 0 0 0 0 0 0 0 0 0 0 0 0 0 0 0 0 0 0 0 0
6 19 19 0 0 0 0 0 0 0 0 0 0 0 0 0 0 0 0 0 0 0 0 0 0 0 0
6 19 20 0 0 0 0 0 0 0 0 0 0 0 0 0 0 0 0 0 0 0 0 0 0 0 0
6 19 21 0 0 0 0 0 0 0 0 0 0 0 0 0 0 0 0 0 0 0 0 0 0 0 0
6 19 22 0 0 0 0 0 0 0 0 0 0 0 0 0 0 0 0 0 0 0 0 0 0 0 0
6 19 23 0 0 0 0 0 0 0 0 0 0 0 0 0 0 0 0 0 0 0 0 0 0 0 0
6 19 24 0 0 0 0 0 0 0 0 0 0 0 0 0 0 0 0 0 0 0 0 0 0 0 0
6 19 25 0 0 0 0 0 0 0 0 0 0 0 0 0 0 0 0 0 0 0 0 0 0 0 0
6 19 26 0 0 0 0 0 0 0 0 0 0 0 0 0 0 0 0 0 0 0 0 0 0 0 0
6 19 27 0 0 0 0 0 0 0 0 0 0 0 0 0 0 0 0 0 0 0 0 0 0 0 0
6 19 28 0 0 0 0 0 0 0 0 0 0 0 0 0 0 0 0 0 0 0 0 0 0 0 0
6 19 29 0 0 0 0 0 0 0 0 0 0 0 0 0 0 0 0 0 0 0 0 0 0 0 0
6 19 30 0 0 0 0 0 0 0 0 0 0 0 0 0 0 0 0 0 0 0 0 0 0 0 0
6 19 31 0 0 0 0 0 0 0 0 0 0 0 0 0 0 0 0 0 0 0 0 0 0 0 0
6 20 0 0 0 0 0 0 0 0 0 0 0 0 0 0 0 0 0 0 0 0 0 0 0 0 0
6 20 1 0 0 0 0 0 0 0 0 0 0 0 0 0 0 0 0 0 0 0 0 0 0 0 0
6 20 2 0 0 0 0 0 0 0 0 0 0 0 0 0 0 0 0 0 0 0 0 0 0 0 0
6 20 3 0 0 0 0 0 0 0 0 0 0 0 0 0 0 0 0 0 0 0 0 0 0 0 0
6 20 4 0 0 0 0 0 0 0 0 0 0 0 0 0 0 0 0 0 0 0 0 0 0 0 0
6 20 5 0 0 0 0 0 0 0 0 0 0 0 0 0 0 0 0 0 0 0 0 0 0 0 0
6 20 6 0 0 0 0 0 0 0 0 0 0 0 0 0 0 0 0 0 0 0 0 0 0 0 0
6 20 7 0 0 0 0 0 0 0 0 0 0 0 0 0 0 0 0 0 0 0 0 0 0 0 0
6 20 8 0 0 0 0 0 0 0 0 0 0 0 0 0 0 0 0 0 0 0 0 0 0 0 0
6 20 9 0 0 0 0 0 0 0 0 0 0 0 0 0 0 0 0 0 0 0 0 0 0 0 0
6 20 10 0 0 0 0 0 0 0 0 0 0 0 0 0 0 0 0 0 0 0 0 0 0 0 0
6 20 11 0 0 0 0 0 0 0 0 0 0 0 0 0 0 0 0 0 0 0 0 0 0 0 0
6 20 12 0 0 0 0 0 0 0 0 0 0 0 0 0 0 0 0 0 0 0 0 0 0 0 0
6 20 13 0 0 0 0 0 0 0 0 0 0 0 0 0 0 0 0 0 0 0 0 0 0 0 0
6 20 14 0 0 0 0 0 0 0 0 0 0 0 0 0 0 0 0 0 0 0 0 0 0 0 0
6 20 15 0 0 0 0 0 0 0 0 0 0 0 0 0 0 0 0 0 0 0 0 0 0 0 0
6 20 16 0 0 0 0 0 0 0 0 0 0 0 0 0 0 0 0 0 0 0 0 0 0 0 0
6 20 17 0 0 0 0 0 0 0 0 0 0 0 0 0 0 0 0 0 0 0 0 0 0 0 0
6 20 18 0 0 0 0 0 0 0 0 0 0 0 0 0 0 0 0 0 0 0 0 0 0 0 0
6 20 19 0 0 0 0 0 0 0 0 0 0 0 0 0 0 0 0 0 0 0 0 0 0 0 0
6 20 20 0 0 0 0 0 0 0 0 0 0 0 0 0 0 0 0 0 0 0 0 0 0 0 0
6 20 21 0 0 0 0 0 0 0 0 0 0 0 0 0 0 0 0 0 0 0 0 0 0 0 0
6 20 22 0 0 0 0 0 0 0 0 0 0 0 0 0 0 0 0 0 0 0 0 0 0 0 0
6 20 23 0 0 0 0 0 0 0 0 0 0 0 0 0 0 0 0 0 0 0 0 0 0 0 0
6 20 24 0 0 0 0 0 0 0 0 0 0 0 0 0 0 0 0 0 0 0 0 0 0 0 0
6 20 25 0 0 0 0 0 0 0 0 0 0 0 0 0 0 0 0 0 0 0 0 0 0 0 0
6 20 26 0 0 0 0 0 0 0 0 0 0 0 0 0 0 0 0 0 0 0 0 0 0 0 0
6 20 27 0 0 0 0 0 0 0 0 0 0 0 0 0 0 0 0 0 0 0 0 0 0 0 0
6 20 28 0 0 0 0 0 0 0 0 0 0 0 0 0 0 0 0 0 0 0 0 0 0 0 0
6 20 29 0 0 0 0 0 0 0 0 0 0 0 0 0 0 0 0 0 0 0 0 0 0 0 0
6 20 30 0 0 0 0 0 0 0 0 0 0 0 0 0 0 0 0 0 0 0 0 0 0 0 0
6 20 31 0 0 0 0 0 0 0 0 0 0 0 0 0 0 0 0 0 0 0 0 0 0 0 0
6 21 0 0 0 0 0 0 0 0 0 0 0 0 0 0 0 0 0 0 0 0 0 0 0 0 0
6 21 1 0 0 0 0 0 0 0 0 0 0 0 0 0 0 0 0 0 0 0 0 0 0 0 0
6 21 2 0 0 0 0 0 0 0 0 0 0 0 0 0 0 0 0 0 0 0 0 0 0 0 0
6 21 3 0 0 0 0 0 0 0 0 0 0 0 0 0 0 0 0 0 0 0 0 0 0 0 0
6 21 4 0 0 0 0 0 0 0 0 0 0 0 0 0 0 0 0 0 0 0 0 0 0 0 0
6 21 5 0 0 0 0 0 0 0 0 0 0 0 0 0 0 0 0 0 0 0 0 0 0 0 0
6 21 6 0 0 0 0 0 0 0 0 0 0 0 0 0 0 0 0 0 0 0 0 0 0 0 0
6 21 7 0 0 0 0 0 0 0 0 0 0 0 0 0 0 0 0 0 0 0 0 0 0 0 0
6 21 8 0 0 0 0 0 0 0 0 0 0 0 0 0 0 0 0 0 0 0 0 0 0 0 0
6 21 9 0 0 0 0 0 0 0 0 0 0 0 0 0 0 0 0 0 0 0 0 0 0 0 0
6 21 10 0 0 0 0 0 0 0 0 0 0 0 0 0 0 0 0 0 0 0 0 0 0 0 0
6 21 11 0 0 0 0 0 0 0 0 0 0 0 0 0 0 0 0 0 0 0 0 0 0 0 0
6 21 12 0 0 0 0 0 0 0 0 0 0 0 0 0 0 0 0 0 0 0 0 0 0 0 0
6 21 13 0 0 0 0 0 0 0 0 0 0 0 0 0 0 0 0 0 0 0 0 0 0 0 0
6 21 14 0 0 0 0 0 0 0 0 0 0 0 0 0 0 0 0 0 0 0 0 0 0 0 0
6 21 15 0 0 0 0 0 0 0 0 0 0 0 0 0 0 0 0 0 0 0 0 0 0 0 0
6 21 16 0 0 0 0 0 0 0 0 0 0 0 0 0 0 0 0 0 0 0 0 0 0 0 0
6 21 17 0 0 0 0 0 0 0 0 0 0 0 0 0 0 0 0 0 0 0 0 0 0 0 0
6 21 18 0 0 0 0 0 0 0 0 0 0 0 0 0 0 0 0 0 0 0 0 0 0 0 0
6 21 19 0 0 0 0 0 0 0 0 0 0 0 0 0 0 0 0 0 0 0 0 0 0 0 0
6 21 20 0 0 0 0 0 0 0 0 0 0 0 0 0 0 0 0 0 0 0 0 0 0 0 0
6 21 21 0 0 0 0 0 0 0 0 0 0 0 0 0 0 0 0 0 0 0 0 0 0 0 0
6 21 22 0 0 0 0 0 0 0 0 0 0 0 0 0 0 0 0 0 0 0 0 0 0 0 0
6 21 23 0 0 0 0 0 0 0 0 0 0 0 0 0 0 0 0 0 0 0 0 0 0 0 0
6 21 24 0 0 0 0 0 0 0 0 0 0 0 0 0 0 0 0 0 0 0 0 0 0 0 0
6 21 25 0 0 0 0 0 0 0 0 0 0 0 0 0 0 0 0 0 0 0 0 0 0 0 0
6 21 26 0 0 0 0 0 0 0 0 0 0 0 0 0 0 0 0 0 0 0 0 0 0 0 0
6 21 27 0 0 0 0 0 0 0 0 0 0 0 0 0 0 0 0 0 0 0 0 0 0 0 0
6 21 28 0 0 0 0 0 0 0 0 0 0 0 0 0 0 0 0 0 0 0 0 0 0 0 0
6 21 29 0 0 0 0 0 0 0 0 0 0 0 0 0 0 0 0 0 0 0 0 0 0 0 0
6 21 30 0 0 0 0 0 0 0 0 0 0 0 0 0 0 0 0 0 0 0 0 0 0 0 0
6 21 31 0 0 0 0 0 0 0 0 0 0 0 0 0 0 0 0 0 0 0 0 0 0 0 0
6 22 0 0 0 0 0 0 0 0 0 0 0 0 0 0 0 0 0 0 0 0 0 0 0 0 0
6 22 1 0 0 0 0 0 0 0 0 0 0 0 0 0 0 0 0 0 0 0 0 0 0 0 0
6 22 2 0 0 0 0 0 0 0 0 0 0 0 0 0 0 0 0 0 0 0 0 0 0 0 0
6 22 3 0 0 0 0 0 0 0 0 0 0 0 0 0 0 0 0 0 0 0 0 0 0 0 0
6 22 4 0 0 0 0 0 0 0 0 0 0 0 0 0 0 0 0 0 0 0 0 0 0 0 0
6 22 5 0 0 0 0 0 0 0 0 0 0 0 0 0 0 0 0 0 0 0 0 0 0 0 0
6 22 6 0 0 0 0 0 0 0 0 0 0 0 0 0 0 0 0 0 0 0 0 0 0 0 0
6 22 7 0 0 0 0 0 0 0 0 0 0 0 0 0 0 0 0 0 0 0 0 0 0 0 0
6 22 8 0 0 0 0 0 0 0 0 0 0 0 0 0 0 0 0 0 0 0 0 0 0 0 0
6 22 9 0 0 0 0 0 0 0 0 0 0 0 0 0 0 0 0 0 0 0 0 0 0 0 0
6 22 10 0 0 0 0 0 0 0 0 0 0 0 0 0 0 0 0 0 0 0 0 0 0 0 0
6 22 11 0 0 0 0 0 0 0 0 0 0 0 0 0 0 0 0 0 0 0 0 0 0 0 0
6 22 12 0 0 0 0 0 0 0 0 0 0 0 0 0 0 0 0 0 0 0 0 0 0 0 0
6 22 13 0 0 0 0 0 0 0 0 0 0 0 0 0 0 0 0 0 0 0 0 0 0 0 0
6 22 14 0 0 0 0 0 0 0 0 0 0 0 0 0 0 0 0 0 0 0 0 0 0 0 0
6 22 15 0 0 0 0 0 0 0 0 0 0 0 0 0 0 0 0 0 0 0 0 0 0 0 0
6 22 16 0 0 0 0 0 0 0 0 0 0 0 0 0 0 0 0 0 0 0 0 0 0 0 0
6 22 17 0 0 0 0 0 0 0 0 0 0 0 0 0 0 0 0 0 0 0 0 0 0 0 0
6 22 18 0 0 0 0 0 0 0 0 0 0 0 0 0 0 0 0 0 0 0 0 0 0 0 0
6 22 19 0 0 0 0 0 0 0 0 0 0 0 0 0 0 0 0 0 0 0 0 0 0 0 0
6 22 20 0 0 0 0 0 0 0 0 0 0 0 0 0 0 0 0 0 0 0 0 0 0 0 0
6 22 21 0 0 0 0 0 0 0 0 0 0 0 0 0 0 0 0 0 0 0 0 0 0 0 0
6 22 22 0 0 0 0 0 0 0 0 0 0 0 0 0 0 0 0 0 0 0 0 0 0 0 0
6 22 23 0 0 0 0 0 0 0 0 0 0 0 0 0 0 0 0 0 0 0 0 0 0 0 0
6 22 24 0 0 0 0 0 0 0 0 0 0 0 0 0 0 0 0 0 0 0 0 0 0 0 0
6 22 25 0 0 0 0 0 0 0 0 0 0 0 0 0 0 0 0 0 0 0 0 0 0 0 0
6 22 26 0 0 0 0 0 0 0 0 0 0 0 0 0 0 0 0 0 0 0 0 0 0 0 0
6 22 27 0 0 0 0 0 0 0 0 0 0 0 0 0 0 0 0 0 0 0 0 0 0 0 0
6 22 28 0 0 0 0 0 0 0 0 0 0 0 0 0 0 0 0 0 0 0 0 0 0 0 0
6 22 29 0 0 0 0 0 0 0 0 0 0 0 0 0 0 0 0 0 0 0 0 0 0 0 0
6 22 30 0 0 0 0 0 0 0 0 0 0 0 0 0 0 0 0 0 0 0 0 0 0 0 0
6 22 31 0 0 0 0 0 0 0 0 0 0 0 0 0 0 0 0 0 0 0 0 0 0 0 0
6 23 0 0 0 0 0 0 0 0 0 0 0 0 0 0 0 0 0 0 0 0 0 0 0 0 0
6 23 1 0 0 0 0 0 0 0 0 0 0 0 0 0 0 0 0 0 0 0 0 0 0 0 0
6 23 2 0 0 0 0 0 0 0 0 0 0 0 0 0 0 0 0 0 0 0 0 0 0 0 0
6 23 3 0 0 0 0 0 0 0 0 0 0 0 0 0 0 0 0 0 0 0 0 0 0 0 0
6 23 4 0 0 0 0 0 0 0 0 0 0 0 0 0 0 0 0 0 0 0 0 0 0 0 0
6 23 5 0 0 0 0 0 0 0 0 0 0 0 0 0 0 0 0 0 0 0 0 0 0 0 0
6 23 6 0 0 0 0 0 0 0 0 0 0 0 0 0 0 0 0 0 0 0 0 0 0 0 0
6 23 7 0 0 0 0 0 0 0 0 0 0 0 0 0 0 0 0 0 0 0 0 0 0 0 0
6 23 8 0 0 0 0 0 0 0 0 0 0 0 0 0 0 0 0 0 0 0 0 0 0 0 0
6 23 9 0 0 0 0 0 0 0 0 0 0 0 0 0 0 0 0 0 0 0 0 0 0 0 0
6 23 10 0 0 0 0 0 0 0 0 0 0 0 0 0 0 0 0 0 0 0 0 0 0 0 0
6 23 11 0 0 0 0 0 0 0 0 0 0 0 0 0 0 0 0 0 0 0 0 0 0 0 0
6 23 12 0 0 0 0 0 0 0 0 0 0 0 0 0 0 0 0 0 0 0 0 0 0 0 0
6 23 13 0 0 0 0 0 0 0 0 0 0 0 0 0 0 0 0 0 0 0 0 0 0 0 0
6 23 14 0 0 0 0 0 0 0 0 0 0 0 0 0 0 0 0 0 0 0 0 0 0 0 0
6 23 15 0 0 0 0 0 0 0 0 0 0 0 0 0 0 0 0 0 0 0 0 0 0 0 0
6 23 16 0 0 0 0 0 0 0 0 0 0 0 0 0 0 0 0 0 0 0 0 0 0 0 0
6 23 17 0 0 0 0 0 0 0 0 0 0 0 0 0 0 0 0 0 0 0 0 0 0 0 0
6 23 18 0 0 0 0 0 0 0 0 0 0 0 0 0 0 0 0 0 0 0 0 0 0 0 0
6 23 19 0 0 0 0 0 0 0 0 0 0 0 0 0 0 0 0 0 0 0 0 0 0 0 0
6 23 20 0 0 0 0 0 0 0 0 0 0 0 0 0 0 0 0 0 0 0 0 0 0 0 0
6 23 21 0 0 0 0 0 0 0 0 0 0 0 0 0 0 0 0 0 0 0 0 0 0 0 0
6 23 22 0 0 0 0 0 0 0 0 0 0 0 0 0 0 0 0 0 0 0 0 0 0 0 0
6 23 23 0 0 0 0 0 0 0 0 0 0 0 0 0 0 0 0 0 0 0 0 0 0 0 0
6 23 24 0 0 0 0 0 0 0 0 0 0 0 0 0 0 0 0 0 0 0 0 0 0 0 0
6 23 25 0 0 0 0 0 0 0 0 0 0 0 0 0 0 0 0 0 0 0 0 0 0 0 0
6 23 26 0 0 0 0 0 0 0 0 0 0 0 0 0 0 0 0 0 0 0 0 0 0 0 0
6 23 27 0 0 0 0 0 0 0 0 0 0 0 0 0 0 0 0 0 0 0 0 0 0 0 0
6 23 28 0 0 0 0 0 0 0 0 0 0 0 0 0 0 0 0 0 0 0 0 0 0 0 0
6 23 29 0 0 0 0 0 0 0 0 0 0 0 0 0 0 0 0 0 0 0 0 0 0 0 0
6 23 30 0 0 0 0 0 0 0 0 0 0 0 0 0 0 0 0 0 0 0 0 0 0 0 0
6 23 31 0 0 0 0 0 0 0 0 0 0 0 0 0 0 0 0 0 0 0 0 0 0 0 0
6 24 0 0 0 0 0 0 0 0 0 0 0 0 0 0 0 0 0 0 0 0 0 0 0 0 0
6 24 1 0 0 0 0 0 0 0 0 0 0 0 0 0 0 0 0 0 0 0 0 0 0 0 0
6 24 2 0 0 0 0 0 0 0 0 0 0 0 0 0 0 0 0 0 0 0 0 0 0 0 0
6 24 3 0 0 0 0 0 0 0 0 0 0 0 0 0 0 0 0 0 0 0 0 0 0 0 0
6 24 4 0 0 0 0 0 0 0 0 0 0 0 0 0 0 0 0 0 0 0 0 0 0 0 0
6 24 5 0 0 0 0 0 0 0 0 0 0 0 0 0 0 0 0 0 0 0 0 0 0 0 0
6 24 6 0 0 0 0 0 0 0 0 0 0 0 0 0 0 0 0 0 0 0 0 0 0 0 0
6 24 7 0 0 0 0 0 0 0 0 0 0 0 0 0 0 0 0 0 0 0 0 0 0 0 0
6 24 8 0 0 0 0 0 0 0 0 0 0 0 0 0 0 0 0 0 0 0 0 0 0 0 0
6 24 9 0 0 0 0 0 0 0 0 0 0 0 0 0 0 0 0 0 0 0 0 0 0 0 0
6 24 10 0 0 0 0 0 0 0 0 0 0 0 0 0 0 0 0 0 0 0 0 0 0 0 0
6 24 11 0 0 0 0 0 0 0 0 0 0 0 0 0 0 0 0 0 0 0 0 0 0 0 0
6 24 12 0 0 0 0 0 0 0 0 0 0 0 0 0 0 0 0 0 0 0 0 0 0 0 0
6 24 13 0 0 0 0 0 0 0 0 0 0 0 0 0 0 0 0 0 0 0 0 0 0 0 0
6 24 14 0 0 0 0 0 0 0 0 0 0 0 0 0 0 0 0 0 0 0 0 0 0 0 0
6 24 15 0 0 0 0 0 0 0 0 0 0 0 0 0 0 0 0 0 0 0 0 0 0 0 0
6 24 16 0 0 0 0 0 0 0 0 0 0 0 0 0 0 0 0 0 0 0 0 0 0 0 0
6 24 17 0 0 0 0 0 0 0 0 0 0 0 0 0 0 0 0 0 0 0 0 0 0 0 0
6 24 18 0 0 0 0 0 0 0 0 0 0 0 0 0 0 0 0 0 0 0 0 0 0 0 0
6 24 19 0 0 0 0 0 0 0 0 0 0 0 0 0 0 0 0 0 0 0 0 0 0 0 0
6 24 20 0 0 0 0 0 0 0 0 0 0 0 0 0 0 0 0 0 0 0 0 0 0 0 0
6 24 21 0 0 0 0 0 0 0 0 0 0 0 0 0 0 0 0 0 0 0 0 0 0 0 0
6 24 22 0 0 0 0 0 0 0 0 0 0 0 0 0 0 0 0 0 0 0 0 0 0 0 0
6 24 23 0 0 0 0 0 0 0 0 0 0 0 0 0 0 0 0 0 0 0 0 0 0 0 0
6 24 24 0 0 0 0 0 0 0 0 0 0 0 0 0 0 0 0 0 0 0 0 0 0 0 0
6 24 25 0 0 0 0 0 0 0 0 0 0 0 0 0 0 0 0 0 0 0 0 0 0 0 0
6 24 26 0 0 0 0 0 0 0 0 0 0 0 0 0 0 0 0 0 0 0 0 0 0 0 0
6 24 27 0 0 0 0 0 0 0 0 0 0 0 0 0 0 0 0 0 0 0 0 0 0 0 0
6 24 28 0 0 0 0 0 0 0 0 0 0 0 0 0 0 0 0 0 0 0 0 0 0 0 0
6 24 29 0 0 0 0 0 0 0 0 0 0 0 0 0 0 0 0 0 0 0 0 0 0 0 0
6 24 30 0 0 0 0 0 0 0 0 0 0 0 0 0 0 0 0 0 0 0 0 0 0 0 0
6 24 31 0 0 0 0 0 0 0 0 0 0 0 0 0 0 0 0 0 0 0 0 0 0 0 0
6 25 0 0 0 0 0 0 0 0 0 0 0 0 0 0 0 0 0 0 0 0 0 0 0 0 0
6 25 1 0 0 0 0 0 0 0 0 0 0 0 0 0 0 0 0 0 0 0 0 0 0 0 0
6 25 2 0 0 0 0 0 0 0 0 0 0 0 0 0 0 0 0 0 0 0 0 0 0 0 0
6 25 3 0 0 0 0 0 0 0 0 0 0 0 0 0 0 0 0 0 0 0 0 0 0 0 0
6 25 4 0 0 0 0 0 0 0 0 0 0 0 0 0 0 0 0 0 0 0 0 0 0 0 0
6 25 5 0 0 0 0 0 0 0 0 0 0 0 0 0 0 0 0 0 0 0 0 0 0 0 0
6 25 6 0 0 0 0 0 0 0 0 0 0 0 0 0 0 0 0 0 0 0 0 0 0 0 0
6 25 7 0 0 0 0 0 0 0 0 0 0 0 0 0 0 0 0 0 0 0 0 0 0 0 0
6 25 8 0 0 0 0 0 0 0 0 0 0 0 0 0 0 0 0 0 0 0 0 0 0 0 0
6 25 9 0 0 0 0 0 0 0 0 0 0 0 0 0 0 0 0 0 0 0 0 0 0 0 0
6 25 10 0 0 0 0 0 0 0 0 0 0 0 0 0 0 0 0 0 0 0 0 0 0 0 0
6 25 11 0 0 0 0 0 0 0 0 0 0 0 0 0 0 0 0 0 0 0 0 0 0 0 0
6 25 12 0 0 0 0 0 0 0 0 0 0 0 0 0 0 0 0 0 0 0 0 0 0 0 0
6 25 13 0 0 0 0 0 0 0 0 0 0 0 0 0 0 0 0 0 0 0 0 0 0 0 0
6 25 14 0 0 0 0 0 0 0 0 0 0 0 0 0 0 0 0 0 0 0 0 0 0 0 0
6 25 15 0 0 0 0 0 0 0 0 0 0 0 0 0 0 0 0 0 0 0 0 0 0 0 0
6 25 16 0 0 0 0 0 0 0 0 0 0 0 0 0 0 0 0 0 0 0 0 0 0 0 0
6 25 17 0 0 0 0 0 0 0 0 0 0 0 0 0 0 0 0 0 0 0 0 0 0 0 0
6 25 18 0 0 0 0 0 0 0 0 0 0 0 0 0 0 0 0 0 0 0 0 0 0 0 0
6 25 19 0 0 0 0 0 0 0 0 0 0 0 0 0 0 0 0 0 0 0 0 0 0 0 0
6 25 20 0 0 0 0 0 0 0 0 0 0 0 0 0 0 0 0 0 0 0 0 0 0 0 0
6 25 21 0 0 0 0 0 0 0 0 0 0 0 0 0 0 0 0 0 0 0 0 0 0 0 0
6 25 22 0 0 0 0 0 0 0 0 0 0 0 0 0 0 0 0 0 0 0 0 0 0 0 0
6 25 23 0 0 0 0 0 0 0 0 0 0 0 0 0 0 0 0 0 0 0 0 0 0 0 0
6 25 24 0 0 0 0 0 0 0 0 0 0 0 0 0 0 0 0 0 0 0 0 0 0 0 0
6 25 25 0 0 0 0 0 0 0 0 0 0 0 0 0 0 0 0 0 0 0 0 0 0 0 0
6 25 26 0 0 0 0 0 0 0 0 0 0 0 0 0 0 0 0 0 0 0 0 0 0 0 0
6 25 27 0 0 0 0 0 0 0 0 0 0 0 0 0 0 0 0 0 0 0 0 0 0 0 0
6 25 28 0 0 0 0 0 0 0 0 0 0 0 0 0 0 0 0 0 0 0 0 0 0 0 0
6 25 29 0 0 0 0 0 0 0 0 0 0 0 0 0 0 0 0 0 0 0 0 0 0 0 0
6 25 30 0 0 0 0 0 0 0 0 0 0 0 0 0 0 0 0 0 0 0 0 0 0 0 0
6 25 31 0 0 0 0 0 0 0 0 0 0 0 0 0 0 0 0 0 0 0 0 0 0 0 0
6 26 0 0 0 0 0 0 0 0 0 0 0 0 0 0 0 0 0 0 0 0 0 0 0 0 0
6 26 1 0 0 0 0 0 0 0 0 0 0 0 0 0 0 0 0 0 0 0 0 0 0 0 0
6 26 2 0 0 0 0 0 0 0 0 0 0 0 0 0 0 0 0 0 0 0 0 0 0 0 0
6 26 3 0 0 0 0 0 0 0 0 0 0 0 0 0 0 0 0 0 0 0 0 0 0 0 0
6 26 4 0 0 0 0 0 0 0 0 0 0 0 0 0 0 0 0 0 0 0 0 0 0 0 0
6 26 5 0 0 0 0 0 0 0 0 0 0 0 0 0 0 0 0 0 0 0 0 0 0 0 0
6 26 6 0 0 0 0 0 0 0 0 0 0 0 0 0 0 0 0 0 0 0 0 0 0 0 0
6 26 7 0 0 0 0 0 0 0 0 0 0 0 0 0 0 0 0 0 0 0 0 0 0 0 0
6 26 8 0 0 0 0 0 0 0 0 0 0 0 0 0 0 0 0 0 0 0 0 0 0 0 0
6 26 9 0 0 0 0 0 0 0 0 0 0 0 0 0 0 0 0 0 0 0 0 0 0 0 0
6 26 10 0 0 0 0 0 0 0 0 0 0 0 0 0 0 0 0 0 0 0 0 0 0 0 0
6 26 11 0 0 0 0 0 0 0 0 0 0 0 0 0 0 0 0 0 0 0 0 0 0 0 0
6 26 12 0 0 0 0 0 0 0 0 0 0 0 0 0 0 0 0 0 0 0 0 0 0 0 0
6 26 13 0 0 0 0 0 0 0 0 0 0 0 0 0 0 0 0 0 0 0 0 0 0 0 0
6 26 14 0 0 0 0 0 0 0 0 0 0 0 0 0 0 0 0 0 0 0 0 0 0 0 0
6 26 15 0 0 0 0 0 0 0 0 0 0 0 0 0 0 0 0 0 0 0 0 0 0 0 0
6 26 16 0 0 0 0 0 0 0 0 0 0 0 0 0 0 0 0 0 0 0 0 0 0 0 0
6 26 17 0 0 0 0 0 0 0 0 0 0 0 0 0 0 0 0 0 0 0 0 0 0 0 0
6 26 18 0 0 0 0 0 0 0 0 0 0 0 0 0 0 0 0 0 0 0 0 0 0 0 0
6 26 19 0 0 0 0 0 0 0 0 0 0 0 0 0 0 0 0 0 0 0 0 0 0 0 0
6 26 20 0 0 0 0 0 0 0 0 0 0 0 0 0 0 0 0 0 0 0 0 0 0 0 0
6 26 21 0 0 0 0 0 0 0 0 0 0 0 0 0 0 0 0 0 0 0 0 0 0 0 0
6 26 22 0 0 0 0 0 0 0 0 0 0 0 0 0 0 0 0 0 0 0 0 0 0 0 0
6 26 23 0 0 0 0 0 0 0 0 0 0 0 0 0 0 0 0 0 0 0 0 0 0 0 0
6 26 24 0 0 0 0 0 0 0 0 0 0 0 0 0 0 0 0 0 0 0 0 0 0 0 0
6 26 25 0 0 0 0 0 0 0 0 0 0 0 0 0 0 0 0 0 0 0 0 0 0 0 0
6 26 26 0 0 0 0 0 0 0 0 0 0 0 0 0 0 0 0 0 0 0 0 0 0 0 0
6 26 27 0 0 0 0 0 0 0 0 0 0 0 0 0 0 0 0 0 0 0 0 0 0 0 0
6 26 28 0 0 0 0 0 0 0 0 0 0 0 0 0 0 0 0 0 0 0 0 0 0 0 0
6 26 29 0 0 0 0 0 0 0 0 0 0 0 0 0 0 0 0 0 0 0 0 0 0 0 0
6 26 30 0 0 0 0 0 0 0 0 0 0 0 0 0 0 0 0 0 0 0 0 0 0 0 0
6 26 31 0 0 0 0 0 0 0 0 0 0 0 0 0 0 0 0 0 0 0 0 0 0 0 0
6 27 0 0 0 0 0 0 0 0 0 0 0 0 0 0 0 0 0 0 0 0 0 0 0 0 0
6 27 1 0 0 0 0 0 0 0 0 0 0 0 0 0 0 0 0 0 0 0 0 0 0 0 0
6 27 2 0 0 0 0 0 0 0 0 0 0 0 0 0 0 0 0 0 0 0 0 0 0 0 0
6 27 3 0 0 0 0 0 0 0 0 0 0 0 0 0 0 0 0 0 0 0 0 0 0 0 0
6 27 4 0 0 0 0 0 0 0 0 0 0 0 0 0 0 0 0 0 0 0 0 0 0 0 0
6 27 5 0 0 0 0 0 0 0 0 0 0 0 0 0 0 0 0 0 0 0 0 0 0 0 0
6 27 6 0 0 0 0 0 0 0 0 0 0 0 0 0 0 0 0 0 0 0 0 0 0 0 0
6 27 7 0 0 0 0 0 0 0 0 0 0 0 0 0 0 0 0 0 0 0 0 0 0 0 0
6 27 8 0 0 0 0 0 0 0 0 0 0 0 0 0 0 0 0 0 0 0 0 0 0 0 0
6 27 9 0 0 0 0 0 0 0 0 0 0 0 0 0 0 0 0 0 0 0 0 0 0 0 0
6 27 10 0 0 0 0 0 0 0 0 0 0 0 0 0 0 0 0 0 0 0 0 0 0 0 0
6 27 11 0 0 0 0 0 0 0 0 0 0 0 0 0 0 0 0 0 0 0 0 0 0 0 0
6 27 12 0 0 0 0 0 0 0 0 0 0 0 0 0 0 0 0 0 0 0 0 0 0 0 0
6 27 13 0 0 0 0 0 0 0 0 0 0 0 0 0 0 0 0 0 0 0 0 0 0 0 0
6 27 14 0 0 0 0 0 0 0 0 0 0 0 0 0 0 0 0 0 0 0 0 0 0 0 0
6 27 15 0 0 0 0 0 0 0 0 0 0 0 0 0 0 0 0 0 0 0 0 0 0 0 0
6 27 16 0 0 0 0 0 0 0 0 0 0 0 0 0 0 0 0 0 0 0 0 0 0 0 0
6 27 17 0 0 0 0 0 0 0 0 0 0 0 0 0 0 0 0 0 0 0 0 0 0 0 0
6 27 18 0 0 0 0 0 0 0 0 0 0 0 0 0 0 0 0 0 0 0 0 0 0 0 0
6 27 19 0 0 0 0 0 0 0 0 0 0 0 0 0 0 0 0 0 0 0 0 0 0 0 0
6 27 20 0 0 0 0 0 0 0 0 0 0 0 0 0 0 0 0 0 0 0 0 0 0 0 0
6 27 21 0 0 0 0 0 0 0 0 0 0 0 0 0 0 0 0 0 0 0 0 0 0 0 0
6 27 22 0 0 0 0 0 0 0 0 0 0 0 0 0 0 0 0 0 0 0 0 0 0 0 0
6 27 23 0 0 0 0 0 0 0 0 0 0 0 0 0 0 0 0 0 0 0 0 0 0 0 0
6 27 24 0 0 0 0 0 0 0 0 0 0 0 0 0 0 0 0 0 0 0 0 0 0 0 0
6 27 25 0 0 0 0 0 0 0 0 0 0 0 0 0 0 0 0 0 0 0 0 0 0 0 0
6 27 26 0 0 0 0 0 0 0 0 0 0 0 0 0 0 0 0 0 0 0 0 0 0 0 0
6 27 27 0 0 0 0 0 0 0 0 0 0 0 0 0 0 0 0 0 0 0 0 0 0 0 0
6 27 28 0 0 0 0 0 0 0 0 0 0 0 0 0 0 0 0 0 0 0 0 0 0 0 0
6 27 29 0 0 0 0 0 0 0 0 0 0 0 0 0 0 0 0 0 0 0 0 0 0 0 0
6 27 30 0 0 0 0 0 0 0 0 0 0 0 0 0 0 0 0 0 0 0 0 0 0 0 0
6 27 31 0 0 0 0 0 0 0 0 0 0 0 0 0 0 0 0 0 0 0 0 0 0 0 0
6 28 0 0 0 0 0 0 0 0 0 0 0 0 0 0 0 0 0 0 0 0 0 0 0 0 0
6 28 1 0 0 0 0 0 0 0 0 0 0 0 0 0 0 0 0 0 0 0 0 0 0 0 0
6 28 2 0 0 0 0 0 0 0 0 0 0 0 0 0 0 0 0 0 0 0 0 0 0 0 0
6 28 3 0 0 0 0 0 0 0 0 0 0 0 0 0 0 0 0 0 0 0 0 0 0 0 0
6 28 4 0 0 0 0 0 0 0 0 0 0 0 0 0 0 0 0 0 0 0 0 0 0 0 0
6 28 5 0 0 0 0 0 0 0 0 0 0 0 0 0 0 0 0 0 0 0 0 0 0 0 0
6 28 6 0 0 0 0 0 0 0 0 0 0 0 0 0 0 0 0 0 0 0 0 0 0 0 0
6 28 7 0 0 0 0 0 0 0 0 0 0 0 0 0 0 0 0 0 0 0 0 0 0 0 0
6 28 8 0 0 0 0 0 0 0 0 0 0 0 0 0 0 0 0 0 0 0 0 0 0 0 0
6 28 9 0 0 0 0 0 0 0 0 0 0 0 0 0 0 0 0 0 0 0 0 0 0 0 0
6 28 10 0 0 0 0 0 0 0 0 0 0 0 0 0 0 0 0 0 0 0 0 0 0 0 0
6 28 11 0 0 0 0 0 0 0 0 0 0 0 0 0 0 0 0 0 0 0 0 0 0 0 0
6 28 12 0 0 0 0 0 0 0 0 0 0 0 0 0 0 0 0 0 0 0 0 0 0 0 0
6 28 13 0 0 0 0 0 0 0 0 0 0 0 0 0 0 0 0 0 0 0 0 0 0 0 0
6 28 14 0 0 0 0 0 0 0 0 0 0 0 0 0 0 0 0 0 0 0 0 0 0 0 0
6 28 15 0 0 0 0 0 0 0 0 0 0 0 0 0 0 0 0 0 0 0 0 0 0 0 0
6 28 16 0 0 0 0 0 0 0 0 0 0 0 0 0 0 0 0 0 0 0 0 0 0 0 0
6 28 17 0 0 0 0 0 0 0 0 0 0 0 0 0 0 0 0 0 0 0 0 0 0 0 0
6 28 18 0 0 0 0 0 0 0 0 0 0 0 0 0 0 0 0 0 0 0 0 0 0 0 0
6 28 19 0 0 0 0 0 0 0 0 0 0 0 0 0 0 0 0 0 0 0 0 0 0 0 0
6 28 20 0 0 0 0 0 0 0 0 0 0 0 0 0 0 0 0 0 0 0 0 0 0 0 0
6 28 21 0 0 0 0 0 0 0 0 0 0 0 0 0 0 0 0 0 0 0 0 0 0 0 0
6 28 22 0 0 0 0 0 0 0 0 0 0 0 0 0 0 0 0 0 0 0 0 0 0 0 0
6 28 23 0 0 0 0 0 0 0 0 0 0 0 0 0 0 0 0 0 0 0 0 0 0 0 0
6 28 24 0 0 0 0 0 0 0 0 0 0 0 0 0 0 0 0 0 0 0 0 0 0 0 0
6 28 25 0 0 0 0 0 0 0 0 0 0 0 0 0 0 0 0 0 0 0 0 0 0 0 0
6 28 26 0 0 0 0 0 0 0 0 0 0 0 0 0 0 0 0 0 0 0 0 0 0 0 0
6 28 27 0 0 0 0 0 0 0 0 0 0 0 0 0 0 0 0 0 0 0 0 0 0 0 0
6 28 28 0 0 0 0 0 0 0 0 0 0 0 0 0 0 0 0 0 0 0 0 0 0 0 0
6 28 29 0 0 0 0 0 0 0 0 0 0 0 0 0 0 0 0 0 0 0 0 0 0 0 0
6 28 30 0 0 0 0 0 0 0 0 0 0 0 0 0 0 0 0 0 0 0 0 0 0 0 0
6 28 31 0 0 0 0 0 0 0 0 0 0 0 0 0 0 0 0 0 0 0 0 0 0 0 0
6 29 0 0 0 0 0 0 0 0 0 0 0 0 0 0 0 0 0 0 0 0 0 0 0 0 0
6 29 1 0 0 0 0 0 0 0 0 0 0 0 0 0 0 0 0 0 0 0 0 0 0 0 0
6 29 2 0 0 0 0 0 0 0 0 0 0 0 0 0 0 0 0 0 0 0 0 0 0 0 0
6 29 3 0 0 0 0 0 0 0 0 0 0 0 0 0 0 0 0 0 0 0 0 0 0 0 0
6 29 4 0 0 0 0 0 0 0 0 0 0 0 0 0 0 0 0 0 0 0 0 0 0 0 0
6 29 5 0 0 0 0 0 0 0 0 0 0 0 0 0 0 0 0 0 0 0 0 0 0 0 0
6 29 6 0 0 0 0 0 0 0 0 0 0 0 0 0 0 0 0 0 0 0 0 0 0 0 0
6 29 7 0 0 0 0 0 0 0 0 0 0 0 0 0 0 0 0 0 0 0 0 0 0 0 0
6 29 8 0 0 0 0 0 0 0 0 0 0 0 0 0 0 0 0 0 0 0 0 0 0 0 0
6 29 9 0 0 0 0 0 0 0 0 0 0 0 0 0 0 0 0 0 0 0 0 0 0 0 0
6 29 10 0 0 0 0 0 0 0 0 0 0 0 0 0 0 0 0 0 0 0 0 0 0 0 0
6 29 11 0 0 0 0 0 0 0 0 0 0 0 0 0 0 0 0 0 0 0 0 0 0 0 0
6 29 12 0 0 0 0 0 0 0 0 0 0 0 0 0 0 0 0 0 0 0 0 0 0 0 0
6 29 13 0 0 0 0 0 0 0 0 0 0 0 0 0 0 0 0 0 0 0 0 0 0 0 0
6 29 14 0 0 0 0 0 0 0 0 0 0 0 0 0 0 0 0 0 0 0 0 0 0 0 0
6 29 15 0 0 0 0 0 0 0 0 0 0 0 0 0 0 0 0 0 0 0 0 0 0 0 0
6 29 16 0 0 0 0 0 0 0 0 0 0 0 0 0 0 0 0 0 0 0 0 0 0 0 0
6 29 17 0 0 0 0 0 0 0 0 0 0 0 0 0 0 0 0 0 0 0 0 0 0 0 0
6 29 18 0 0 0 0 0 0 0 0 0 0 0 0 0 0 0 0 0 0 0 0 0 0 0 0
6 29 19 0 0 0 0 0 0 0 0 0 0 0 0 0 0 0 0 0 0 0 0 0 0 0 0
6 29 20 0 0 0 0 0 0 0 0 0 0 0 0 0 0 0 0 0 0 0 0 0 0 0 0
6 29 21 0 0 0 0 0 0 0 0 0 0 0 0 0 0 0 0 0 0 0 0 0 0 0 0
6 29 22 0 0 0 0 0 0 0 0 0 0 0 0 0 0 0 0 0 0 0 0 0 0 0 0
6 29 23 0 0 0 0 0 0 0 0 0 0 0 0 0 0 0 0 0 0 0 0 0 0 0 0
6 29 24 0 0 0 0 0 0 0 0 0 0 0 0 0 0 0 0 0 0 0 0 0 0 0 0
6 29 25 0 0 0 0 0 0 0 0 0 0 0 0 0 0 0 0 0 0 0 0 0 0 0 0
6 29 26 0 0 0 0 0 0 0 0 0 0 0 0 0 0 0 0 0 0 0 0 0 0 0 0
6 29 27 0 0 0 0 0 0 0 0 0 0 0 0 0 0 0 0 0 0 0 0 0 0 0 0
6 29 28 0 0 0 0 0 0 0 0 0 0 0 0 0 0 0 0 0 0 0 0 0 0 0 0
6 29 29 0 0 0 0 0 0 0 0 0 0 0 0 0 0 0 0 0 0 0 0 0 0 0 0
6 29 30 0 0 0 0 0 0 0 0 0 0 0 0 0 0 0 0 0 0 0 0 0 0 0 0
6 29 31 0 0 0 0 0 0 0 0 0 0 0 0 0 0 0 0 0 0 0 0 0 0 0 0
6 30 0 0 0 0 0 0 0 0 0 0 0 0 0 0 0 0 0 0 0 0 0 0 0 0 0
6 30 1 0 0 0 0 0 0 0 0 0 0 0 0 0 0 0 0 0 0 0 0 0 0 0 0
6 30 2 0 0 0 0 0 0 0 0 0 0 0 0 0 0 0 0 0 0 0 0 0 0 0 0
6 30 3 0 0 0 0 0 0 0 0 0 0 0 0 0 0 0 0 0 0 0 0 0 0 0 0
6 30 4 0 0 0 0 0 0 0 0 0 0 0 0 0 0 0 0 0 0 0 0 0 0 0 0
6 30 5 0 0 0 0 0 0 0 0 0 0 0 0 0 0 0 0 0 0 0 0 0 0 0 0
6 30 6 0 0 0 0 0 0 0 0 0 0 0 0 0 0 0 0 0 0 0 0 0 0 0 0
6 30 7 0 0 0 0 0 0 0 0 0 0 0 0 0 0 0 0 0 0 0 0 0 0 0 0
6 30 8 0 0 0 0 0 0 0 0 0 0 0 0 0 0 0 0 0 0 0 0 0 0 0 0
6 30 9 0 0 0 0 0 0 0 0 0 0 0 0 0 0 0 0 0 0 0 0 0 0 0 0
6 30 10 0 0 0 0 0 0 0 0 0 0 0 0 0 0 0 0 0 0 0 0 0 0 0 0
6 30 11 0 0 0 0 0 0 0 0 0 0 0 0 0 0 0 0 0 0 0 0 0 0 0 0
6 30 12 0 0 0 0 0 0 0 0 0 0 0 0 0 0 0 0 0 0 0 0 0 0 0 0
6 30 13 0 0 0 0 0 0 0 0 0 0 0 0 0 0 0 0 0 0 0 0 0 0 0 0
6 30 14 0 0 0 0 0 0 0 0 0 0 0 0 0 0 0 0 0 0 0 0 0 0 0 0
6 30 15 0 0 0 0 0 0 0 0 0 0 0 0 0 0 0 0 0 0 0 0 0 0 0 0
6 30 16 0 0 0 0 0 0 0 0 0 0 0 0 0 0 0 0 0 0 0 0 0 0 0 0
6 30 17 0 0 0 0 0 0 0 0 0 0 0 0 0 0 0 0 0 0 0 0 0 0 0 0
6 30 18 0 0 0 0 0 0 0 0 0 0 0 0 0 0 0 0 0 0 0 0 0 0 0 0
6 30 19 0 0 0 0 0 0 0 0 0 0 0 0 0 0 0 0 0 0 0 0 0 0 0 0
6 30 20 0 0 0 0 0 0 0 0 0 0 0 0 0 0 0 0 0 0 0 0 0 0 0 0
6 30 21 0 0 0 0 0 0 0 0 0 0 0 0 0 0 0 0 0 0 0 0 0 0 0 0
6 30 22 0 0 0 0 0 0 0 0 0 0 0 0 0 0 0 0 0 0 0 0 0 0 0 0
6 30 23 0 0 0 0 0 0 0 0 0 0 0 0 0 0 0 0 0 0 0 0 0 0 0 0
6 30 24 0 0 0 0 0 0 0 0 0 0 0 0 0 0 0 0 0 0 0 0 0 0 0 0
6 30 25 0 0 0 0 0 0 0 0 0 0 0 0 0 0 0 0 0 0 0 0 0 0 0 0
6 30 26 0 0 0 0 0 0 0 0 0 0 0 0 0 0 0 0 0 0 0 0 0 0 0 0
6 30 27 0 0 0 0 0 0 0 0 0 0 0 0 0 0 0 0 0 0 0 0 0 0 0 0
6 30 28 0 0 0 0 0 0 0 0 0 0 0 0 0 0 0 0 0 0 0 0 0 0 0 0
6 30 29 0 0 0 0 0 0 0 0 0 0 0 0 0 0 0 0 0 0 0 0 0 0 0 0
6 30 30 0 0 0 0 0 0 0 0 0 0 0 0 0 0 0 0 0 0 0 0 0 0 0 0
6 30 31 0 0 0 0 0 0 0 0 0 0 0 0 0 0 0 0 0 0 0 0 0 0 0 0
6 31 0 0 0 0 0 0 0 0 0 0 0 0 0 0 0 0 0 0 0 0 0 0 0 0 0
6 31 1 0 0 0 0 0 0 0 0 0 0 0 0 0 0 0 0 0 0 0 0 0 0 0 0
6 31 2 0 0 0 0 0 0 0 0 0 0 0 0 0 0 0 0 0 0 0 0 0 0 0 0
6 31 3 0 0 0 0 0 0 0 0 0 0 0 0 0 0 0 0 0 0 0 0 0 0 0 0
6 31 4 0 0 0 0 0 0 0 0 0 0 0 0 0 0 0 0 0 0 0 0 0 0 0 0
6 31 5 0 0 0 0 0 0 0 0 0 0 0 0 0 0 0 0 0 0 0 0 0 0 0 0
6 31 6 0 0 0 0 0 0 0 0 0 0 0 0 0 0 0 0 0 0 0 0 0 0 0 0
6 31 7 0 0 0 0 0 0 0 0 0 0 0 0 0 0 0 0 0 0 0 0 0 0 0 0
6 31 8 0 0 0 0 0 0 0 0 0 0 0 0 0 0 0 0 0 0 0 0 0 0 0 0
6 31 9 0 0 0 0 0 0 0 0 0 0 0 0 0 0 0 0 0 0 0 0 0 0 0 0
6 31 10 0 0 0 0 0 0 0 0 0 0 0 0 0 0 0 0 0 0 0 0 0 0 0 0
6 31 11 0 0 0 0 0 0 0 0 0 0 0 0 0 0 0 0 0 0 0 0 0 0 0 0
6 31 12 0 0 0 0 0 0 0 0 0 0 0 0 0 0 0 0 0 0 0 0 0 0 0 0
6 31 13 0 0 0 0 0 0 0 0 0 0 0 0 0 0 0 0 0 0 0 0 0 0 0 0
6 31 14 0 0 0 0 0 0 0 0 0 0 0 0 0 0 0 0 0 0 0 0 0 0 0 0
6 31 15 0 0 0 0 0 0 0 0 0 0 0 0 0 0 0 0 0 0 0 0 0 0 0 0
6 31 16 0 0 0 0 0 0 0 0 0 0 0 0 0 0 0 0 0 0 0 0 0 0 0 0
6 31 17 0 0 0 0 0 0 0 0 0 0 0 0 0 0 0 0 0 0 0 0 0 0 0 0
6 31 18 0 0 0 0 0 0 0 0 0 0 0 0 0 0 0 0 0 0 0 0 0 0 0 0
6 31 19 0 0 0 0 0 0 0 0 0 0 0 0 0 0 0 0 0 0 0 0 0 0 0 0
6 31 20 0 0 0 0 0 0 0 0 0 0 0 0 0 0 0 0 0 0 0 0 0 0 0 0
6 31 21 0 0 0 0 0 0 0 0 0 0 0 0 0 0 0 0 0 0 0 0 0 0 0 0
6 31 22 0 0 0 0 0 0 0 0 0 0 0 0 0 0 0 0 0 0 0 0 0 0 0 0
6 31 23 0 0 0 0 0 0 0 0 0 0 0 0 0 0 0 0 0 0 0 0 0 0 0 0
6 31 24 0 0 0 0 0 0 0 0 0 0 0 0 0 0 0 0 0 0 0 0 0 0 0 0
6 31 25 0 0 0 0 0 0 0 0 0 0 0 0 0 0 0 0 0 0 0 0 0 0 0 0
6 31 26 0 0 0 0 0 0 0 0 0 0 0 0 0 0 0 0 0 0 0 0 0 0 0 0
6 31 27 0 0 0 0 0 0 0 0 0 0 0 0 0 0 0 0 0 0 0 0 0 0 0 0
6 31 28 0 0 0 0 0 0 0 0 0 0 0 0 0 0 0 0 0 0 0 0 0 0 0 0
6 31 29 0 0 0 0 0 0 0 0 0 0 0 0 0 0 0 0 0 0 0 0 0 0 0 0
6 31 30 0 0 0 0 0 0 0 0 0 0 0 0 0 0 0 0 0 0 0 0 0 0 0 0
6 31 31 0 0 0 0 0 0 0 0 0 0 0 0 0 0 0 0 0 0 0 0 0 0 0 0
7 0 0 1 0 0 1 1 175 0 0 0 0 0 0 0 0 0 0 0 0 0 0 0 0 0 0
7 0 1 1 0 0 1 2 175 1 0 1 1 0 175 0 0 0 0 0 0 0 0 0 0 0 0
7 0 2 0 0 0 0 0 0 1 0 1 1 1 175 0 0 0 0 0 0 0 0 0 0 0 0
7 0 3 1 0 2 1 0 176 1 0 1 1 2 175 0 0 0 0 0 0 0 0 0 0 0 0
7 0 4 1 0 2 1 1 176 0 0 0 0 0 0 0 0 0 0 0 0 0 0 0 0 0 0
7 0 5 1 0 2 1 2 176 1 0 3 1 0 176 0 0 0 0 0 0 0 0 0 0 0 0
7 0 6 0 0 0 0 0 0 1 0 3 1 1 176 0 0 0 0 0 0 0 0 0 0 0 0
7 0 7 1 0 4 1 0 177 1 0 3 1 2 176 0 0 0 0 0 0 0 0 0 0 0 0
7 0 8 1 0 4 1 1 177 0 0 0 0 0 0 0 0 0 0 0 0 0 0 0 0 0 0
7 0 9 1 0 4 1 2 177 1 0 5 1 0 177 0 0 0 0 0 0 0 0 0 0 0 0
7 0 10 0 0 0 0 0 0 1 0 5 1 1 177 0 0 0 0 0 0 0 0 0 0 0 0
7 0 11 1 0 6 1 0 178 1 0 5 1 2 177 0 0 0 0 0 0 0 0 0 0 0 0
7 0 12 1 0 6 1 1 178 0 0 0 0 0 0 0 0 0 0 0 0 0 0 0 0 0 0
7 0 13 1 0 6 1 2 178 1 0 7 1 0 178 0 0 0 0 0 0 0 0 0 0 0 0
7 0 14 0 0 0 0 0 0 1 0 7 1 1 178 0 0 0 0 0 0 0 0 0 0 0 0
7 0 15 1 0 8 1 0 179 1 0 7 1 2 178 0 0 0 0 0 0 0 0 0 0 0 0
7 0 16 1 0 8 1 1 179 0 0 0 0 0 0 0 0 0 0 0 0 0 0 0 0 0 0
7 0 17 1 0 8 1 2 179 0 0 0 0 0 0 0 0 0 0 0 0 0 0 0 0 0 0
7 0 18 0 0 0 0 0 0 0 0 0 0 0 0 0 0 0 0 0 0 0 0 0 0 0 0
7 0 19 0 0 0 0 0 0 0 0 0 0 0 0 0 0 0 0 0 0 0 0 0 0 0 0
7 0 20 0 0 0 0 0 0 0 0 0 0 0 0 0 0 0 0 0 0 0 0 0 0 0 0
7 0 21 0 0 0 0 0 0 0 0 0 0 0 0 0 0 0 0 0 0 0 0 0 0 0 0
7 0 22 0 0 0 0 0 0 0 0 0 0 0 0 0 0 0 0 0 0 0 0 0 0 0 0
7 0 23 0 0 0 0 0 0 0 0 0 0 0 0 0 0 0 0 0 0 0 0 0 0 0 0
7 0 24 0 0 0 0 0 0 0 0 0 0 0 0 0 0 0 0 0 0 0 0 0 0 0 0
7 0 25 0 0 0 0 0 0 0 0 0 0 0 0 0 0 0 0 0 0 0 0 0 0 0 0
7 0 26 0 0 0 0 0 0 0 0 0 0 0 0 0 0 0 0 0 0 0 0 0 0 0 0
7 0 27 0 0 0 0 0 0 0 0 0 0 0 0 0 0 0 0 0 0 0 0 0 0 0 0
7 0 28 0 0 0 0 0 0 0 0 0 0 0 0 0 0 0 0 0 0 0 0 0 0 0 0
7 0 29 0 0 0 0 0 0 0 0 0 0 0 0 0 0 0 0 0 0 0 0 0 0 0 0
7 0 30 0 0 0 0 0 0 0 0 0 0 0 0 0 0 0 0 0 0 0 0 0 0 0 0
7 0 31 0 0 0 0 0 0 0 0 0 0 0 0 0 0 0 0 0 0 0 0 0 0 0 0
7 1 0 1 0 0 2 1 175 0 0 0 0 0 0 1 1 0 0 1 175 0 0 0 0 0 0
7 1 1 1 0 0 2 2 175 1 0 1 2 0 175 1 1 0 0 2 175 1 1 1 0 0 175
7 1 2 0 0 0 0 0 0 1 0 1 2 1 175 0 0 0 0 0 0 1 1 1 0 1 175
7 1 3 1 0 2 2 0 176 1 0 1 2 2 175 1 1 2 0 0 176 1 1 1 0 2 175
7 1 4 1 0 2 2 1 176 0 0 0 0 0 0 1 1 2 0 1 176 0 0 0 0 0 0
7 1 5 1 0 2 2 2 176 1 0 3 2 0 176 1 1 2 0 2 176 1 1 3 0 0 176
7 1 6 0 0 0 0 0 0 1 0 3 2 1 176 0 0 0 0 0 0 1 1 3 0 1 176
7 1 7 1 0 4 2 0 177 1 0 3 2 2 176 1 1 4 0 0 177 1 1 3 0 2 176
7 1 8 1 0 4 2 1 177 0 0 0 0 0 0 1 1 4 0 1 177 0 0 0 0 0 0
7 1 9 1 0 4 2 2 177 1 0 5 2 0 177 1 1 4 0 2 177 1 1 5 0 0 177
7 1 10 0 0 0 0 0 0 1 0 5 2 1 177 0 0 0 0 0 0 1 1 5 0 1 177
7 1 11 1 0 6 2 0 178 1 0 5 2 2 177 1 1 6 0 0 178 1 1 5 0 2 177
7 1 12 1 0 6 2 1 178 0 0 0 0 0 0 1 1 6 0 1 178 0 0 0 0 0 0
7 1 13 1 0 6 2 2 178 1 0 7 2 0 178 1 1 6 0 2 178 1 1 7 0 0 178
7 1 14 0 0 0 0 0 0 1 0 7 2 1 178 0 0 0 0 0 0 1 1 7 0 1 178
7 1 15 1 0 8 2 0 179 1 0 7 2 2 178 1 1 8 0 0 179 1 1 7 0 2 178
7 1 16 1 0 8 2 1 179 0 0 0 0 0 0 1 1 8 0 1 179 0 0 0 0 0 0
7 1 17 1 0 8 2 2 179 0 0 0 0 0 0 1 1 8 0 2 179 0 0 0 0 0 0
7 1 18 0 0 0 0 0 0 0 0 0 0 0 0 0 0 0 0 0 0 0 0 0 0 0 0
7 1 19 0 0 0 0 0 0 0 0 0 0 0 0 0 0 0 0 0 0 0 0 0 0 0 0
7 1 20 0 0 0 0 0 0 0 0 0 0 0 0 0 0 0 0 0 0 0 0 0 0 0 0
7 1 21 0 0 0 0 0 0 0 0 0 0 0 0 0 0 0 0 0 0 0 0 0 0 0 0
7 1 22 0 0 0 0 0 0 0 0 0 0 0 0 0 0 0 0 0 0 0 0 0 0 0 0
7 1 23 0 0 0 0 0 0 0 0 0 0 0 0 0 0 0 0 0 0 0 0 0 0 0 0
7 1 24 0 0 0 0 0 0 0 0 0 0 0 0 0 0 0 0 0 0 0 0 0 0 0 0
7 1 25 0 0 0 0 0 0 0 0 0 0 0 0 0 0 0 0 0 0 0 0 0 0 0 0
7 1 26 0 0 0 0 0 0 0 0 0 0 0 0 0 0 0 0 0 0 0 0 0 0 0 0
7 1 27 0 0 0 0 0 0 0 0 0 0 0 0 0 0 0 0 0 0 0 0 0 0 0 0
7 1 28 0 0 0 0 0 0 0 0 0 0 0 0 0 0 0 0 0 0 0 0 0 0 0 0
7 1 29 0 0 0 0 0 0 0 0 0 0 0 0 0 0 0 0 0 0 0 0 0 0 0 0
7 1 30 0 0 0 0 0 0 0 0 0 0 0 0 0 0 0 0 0 0 0 0 0 0 0 0
7 1 31 0 0 0 0 0 0 0 0 0 0 0 0 0 0 0 0 0 0 0 0 0 0 0 0
7 2 0 0 0 0 0 0 0 0 0 0 0 0 0 1 1 0 1 1 175 0 0 0 0 0 0
7 2 1 0 0 0 0 0 0 0 0 0 0 0 0 1 1 0 1 2 175 1 1 1 1 0 175
7 2 2 0 0 0 0 0 0 0 0 0 0 0 0 0 0 0 0 0 0 1 1 1 1 1 175
7 2 3 0 0 0 0 0 0 0 0 0 0 0 0 1 1 2 1 0 176 1 1 1 1 2 175
7 2 4 0 0 0 0 0 0 0 0 0 0 0 0 1 1 2 1 1 176 0 0 0 0 0 0
7 2 5 0 0 0 0 0 0 0 0 0 0 0 0 1 1 2 1 2 176 1 1 3 1 0 176
7 2 6 0 0 0 0 0 0 0 0 0 0 0 0 0 0 0 0 0 0 1 1 3 1 1 176
7 2 7 0 0 0 0 0 0 0 0 0 0 0 0 1 1 4 1 0 177 1 1 3 1 2 176
7 2 8 0 0 0 0 0 0 0 0 0 0 0 0 1 1 4 1 1 177 0 0 0 0 0 0
7 2 9 0 0 0 0 0 0 0 0 0 0 0 0 1 1 4 1 2 177 1 1 5 1 0 177
7 2 10 0 0 0 0 0 0 0 0 0 0 0 0 0 0 0 0 0 0 1 1 5 1 1 177
7 2 11 0 0 0 0 0 0 0 0 0 0 0 0 1 1 6 1 0 178 1 1 5 1 2 177
7 2 12 0 0 0 0 0 0 0 0 0 0 0 0 1 1 6 1 1 178 0 0 0 0 0 0
7 2 13 0 0 0 0 0 0 0 0 0 0 0 0 1 1 6 1 2 178 1 1 7 1 0 178
7 2 14 0 0 0 0 0 0 0 0 0 0 0 0 0 0 0 0 0 0 1 1 7 1 1 178
7 2 15 0 0 0 0 0 0 0 0 0 0 0 0 1 1 8 1 0 179 1 1 7 1 2 178
7 2 16 0 0 0 0 0 0 0 0 0 0 0 0 1 1 8 1 1 179 0 0 0 0 0 0
7 2 17 0 0 0 0 0 0 0 0 0 0 0 0 1 1 8 1 2 179 0 0 0 0 0 0
7 2 18 0 0 0 0 0 0 0 0 0 0 0 0 0 0 0 0 0 0 0 0 0 0 0 0
7 2 19 0 0 0 0 0 0 0 0 0 0 0 0 0 0 0 0 0 0 0 0 0 0 0 0
7 2 20 0 0 0 0 0 0 0 0 0 0 0 0 0 0 0 0 0 0 0 0 0 0 0 0
7 2 21 0 0 0 0 0 0 0 0 0 0 0 0 0 0 0 0 0 0 0 0 0 0 0 0
7 2 22 0 0 0 0 0 0 0 0 0 0 0 0 0 0 0 0 0 0 0 0 0 0 0 0
7 2 23 0 0 0 0 0 0 0 0 0 0 0 0 0 0 0 0 0 0 0 0 0 0 0 0
7 2 24 0 0 0 0 0 0 0 0 0 0 0 0 0 0 0 0 0 0 0 0 0 0 0 0
7 2 25 0 0 0 0 0 0 0 0 0 0 0 0 0 0 0 0 0 0 0 0 0 0 0 0
7 2 26 0 0 0 0 0 0 0 0 0 0 0 0 0 0 0 0 0 0 0 0 0 0 0 0
7 2 27 0 0 0 0 0 0 0 0 0 0 0 0 0 0 0 0 0 0 0 0 0 0 0 0
7 2 28 0 0 0 0 0 0 0 0 0 0 0 0 0 0 0 0 0 0 0 0 0 0 0 0
7 2 29 0 0 0 0 0 0 0 0 0 0 0 0 0 0 0 0 0 0 0 0 0 0 0 0
7 2 30 0 0 0 0 0 0 0 0 0 0 0 0 0 0 0 0 0 0 0 0 0 0 0 0
7 2 31 0 0 0 0 0 0 0 0 0 0 0 0 0 0 0 0 0 0 0 0 0 0 0 0
7 3 0 1 2 0 0 1 180 0 0 0 0 0 0 1 1 0 2 1 175 0 0 0 0 0 0
7 3 1 1 2 0 0 2 180 1 2 1 0 0 180 1 1 0 2 2 175 1 1 1 2 0 175
7 3 2 0 0 0 0 0 0 1 2 1 0 1 180 0 0 0 0 0 0 1 1 1 2 1 175
7 3 3 1 2 2 0 0 181 1 2 1 0 2 180 1 1 2 2 0 176 1 1 1 2 2 175
7 3 4 1 2 2 0 1 181 0 0 0 0 0 0 1 1 2 2 1 176 0 0 0 0 0 0
7 3 5 1 2 2 0 2 181 1 2 3 0 0 181 1 1 2 2 2 176 1 1 3 2 0 176
7 3 6 0 0 0 0 0 0 1 2 3 0 1 181 0 0 0 0 0 0 1 1 3 2 1 176
7 3 7 1 2 4 0 0 182 1 2 3 0 2 181 1 1 4 2 0 177 1 1 3 2 2 176
7 3 8 1 2 4 0 1 182 0 0 0 0 0 0 1 1 4 2 1 177 0 0 0 0 0 0
7 3 9 1 2 4 0 2 182 1 2 5 0 0 182 1 1 4 2 2 177 1 1 5 2 0 177
7 3 10 0 0 0 0 0 0 1 2 5 0 1 182 0 0 0 0 0 0 1 1 5 2 1 177
7 3 11 1 2 6 0 0 183 1 2 5 0 2 182 1 1 6 2 0 178 1 1 5 2 2 177
7 3 12 1 2 6 0 1 183 0 0 0 0 0 0 1 1 6 2 1 178 0 0 0 0 0 0
7 3 13 1 2 6 0 2 183 1 2 7 0 0 183 1 1 6 2 2 178 1 1 7 2 0 178
7 3 14 0 0 0 0 0 0 1 2 7 0 1 183 0 0 0 0 0 0 1 1 7 2 1 178
7 3 15 1 2 8 0 0 184 1 2 7 0 2 183 1 1 8 2 0 179 1 1 7 2 2 178
7 3 16 1 2 8 0 1 184 0 0 0 0 0 0 1 1 8 2 1 179 0 0 0 0 0 0
7 3 17 1 2 8 0 2 184 0 0 0 0 0 0 1 1 8 2 2 179 0 0 0 0 0 0
7 3 18 0 0 0 0 0 0 0 0 0 0 0 0 0 0 0 0 0 0 0 0 0 0 0 0
7 3 19 0 0 0 0 0 0 0 0 0 0 0 0 0 0 0 0 0 0 0 0 0 0 0 0
7 3 20 0 0 0 0 0 0 0 0 0 0 0 0 0 0 0 0 0 0 0 0 0 0 0 0
7 3 21 0 0 0 0 0 0 0 0 0 0 0 0 0 0 0 0 0 0 0 0 0 0 0 0
7 3 22 0 0 0 0 0 0 0 0 0 0 0 0 0 0 0 0 0 0 0 0 0 0 0 0
7 3 23 0 0 0 0 0 0 0 0 0 0 0 0 0 0 0 0 0 0 0 0 0 0 0 0
7 3 24 0 0 0 0 0 0 0 0 0 0 0 0 0 0 0 0 0 0 0 0 0 0 0 0
7 3 25 0 0 0 0 0 0 0 0 0 0 0 0 0 0 0 0 0 0 0 0 0 0 0 0
7 3 26 0 0 0 0 0 0 0 0 0 0 0 0 0 0 0 0 0 0 0 0 0 0 0 0
7 3 27 0 0 0 0 0 0 0 0 0 0 0 0 0 0 0 0 0 0 0 0 0 0 0 0
7 3 28 0 0 0 0 0 0 0 0 0 0 0 0 0 0 0 0 0 0 0 0 0 0 0 0
7 3 29 0 0 0 0 0 0 0 0 0 0 0 0 0 0 0 0 0 0 0 0 0 0 0 0
7 3 30 0 0 0 0 0 0 0 0 0 0 0 0 0 0 0 0 0 0 0 0 0 0 0 0
7 3 31 0 0 0 0 0 0 0 0 0 0 0 0 0 0 0 0 0 0 0 0 0 0 0 0
7 4 0 1 2 0 1 1 180 0 0 0 0 0 0 0 0 0 0 0 0 0 0 0 0 0 0
7 4 1 1 2 0 1 2 180 1 2 1 1 0 180 0 0 0 0 0 0 0 0 0 0 0 0
7 4 2 0 0 0 0 0 0 1 2 1 1 1 180 0 0 0 0 0 0 0 0 0 0 0 0
7 4 3 1 2 2 1 0 181 1 2 1 1 2 180 0 0 0 0 0 0 0 0 0 0 0 0
7 4 4 1 2 2 1 1 181 0 0 0 0 0 0 0 0 0 0 0 0 0 0 0 0 0 0
7 4 5 1 2 2 1 2 181 1 2 3 1 0 181 0 0 0 0 0 0 0 0 0 0 0 0
7 4 6 0 0 0 0 0 0 1 2 3 1 1 181 0 0 0 0 0 0 0 0 0 0 0 0
7 4 7 1 2 4 1 0 182 1 2 3 1 2 181 0 0 0 0 0 0 0 0 0 0 0 0
7 4 8 1 2 4 1 1 182 0 0 0 0 0 0 0 0 0 0 0 0 0 0 0 0 0 0
7 4 9 1 2 4 1 2 182 1 2 5 1 0 182 0 0 0 0 0 0 0 0 0 0 0 0
7 4 10 0 0 0 0 0 0 1 2 5 1 1 182 0 0 0 0 0 0 0 0 0 0 0 0
7 4 11 1 2 6 1 0 183 1 2 5 1 2 182 0 0 0 0 0 0 0 0 0 0 0 0
7 4 12 1 2 6 1 1 183 0 0 0 0 0 0 0 0 0 0 0 0 0 0 0 0 0 0
7 4 13 1 2 6 1 2 183 1 2 7 1 0 183 0 0 0 0 0 0 0 0 0 0 0 0
7 4 14 0 0 0 0 0 0 1 2 7 1 1 183 0 0 0 0 0 0 0 0 0 0 0 0
7 4 15 1 2 8 1 0 184 1 2 7 1 2 183 0 0 0 0 0 0 0 0 0 0 0 0
7 4 16 1 2 8 1 1 184 0 0 0 0 0 0 0 0 0 0 0 0 0 0 0 0 0 0
7 4 17 1 2 8 1 2 184 0 0 0 0 0 0 0 0 0 0 0 0 0 0 0 0 0 0
7 4 18 0 0 0 0 0 0 0 0 0 0 0 0 0 0 0 0 0 0 0 0 0 0 0 0
7 4 19 0 0 0 0 0 0 0 0 0 0 0 0 0 0 0 0 0 0 0 0 0 0 0 0
7 4 20 0 0 0 0 0 0 0 0 0 0 0 0 0 0 0 0 0 0 0 0 0 0 0 0
7 4 21 0 0 0 0 0 0 0 0 0 0 0 0 0 0 0 0 0 0 0 0 0 0 0 0
7 4 22 0 0 0 0 0 0 0 0 0 0 0 0 0 0 0 0 0 0 0 0 0 0 0 0
7 4 23 0 0 0 0 0 0 0 0 0 0 0 0 0 0 0 0 0 0 0 0 0 0 0 0
7 4 24 0 0 0 0 0 0 0 0 0 0 0 0 0 0 0 0 0 0 0 0 0 0 0 0
7 4 25 0 0 0 0 0 0 0 0 0 0 0 0 0 0 0 0 0 0 0 0 0 0 0 0
7 4 26 0 0 0 0 0 0 0 0 0 0 0 0 0 0 0 0 0 0 0 0 0 0 0 0
7 4 27 0 0 0 0 0 0 0 0 0 0 0 0 0 0 0 0 0 0 0 0 0 0 0 0
7 4 28 0 0 0 0 0 0 0 0 0 0 0 0 0 0 0 0 0 0 0 0 0 0 0 0
7 4 29 0 0 0 0 0 0 0 0 0 0 0 0 0 0 0 0 0 0 0 0 0 0 0 0
7 4 30 0 0 0 0 0 0 0 0 0 0 0 0 0 0 0 0 0 0 0 0 0 0 0 0
7 4 31 0 0 0 0 0 0 0 0 0 0 0 0 0 0 0 0 0 0 0 0 0 0 0 0
7 5 0 1 2 0 2 1 180 0 0 0 0 0 0 1 3 0 0 1 180 0 0 0 0 0 0
7 5 1 1 2 0 2 2 180 1 2 1 2 0 180 1 3 0 0 2 180 1 3 1 0 0 180
7 5 2 0 0 0 0 0 0 1 2 1 2 1 180 0 0 0 0 0 0 1 3 1 0 1 180
7 5 3 1 2 2 2 0 181 1 2 1 2 2 180 1 3 2 0 0 181 1 3 1 0 2 180
7 5 4 1 2 2 2 1 181 0 0 0 0 0 0 1 3 2 0 1 181 0 0 0 0 0 0
7 5 5 1 2 2 2 2 181 1 2 3 2 0 181 1 3 2 0 2 181 1 3 3 0 0 181
7 5 6 0 0 0 0 0 0 1 2 3 2 1 181 0 0 0 0 0 0 1 3 3 0 1 181
7 5 7 1 2 4 2 0 182 1 2 3 2 2 181 1 3 4 0 0 182 1 3 3 0 2 181
7 5 8 1 2 4 2 1 182 0 0 0 0 0 0 1 3 4 0 1 182 0 0 0 0 0 0
7 5 9 1 2 4 2 2 182 1 2 5 2 0 182 1 3 4 0 2 182 1 3 5 0 0 182
7 5 10 0 0 0 0 0 0 1 2 5 2 1 182 0 0 0 0 0 0 1 3 5 0 1 182
7 5 11 1 2 6 2 0 183 1 2 5 2 2 182 1 3 6 0 0 183 1 3 5 0 2 182
7 5 12 1 2 6 2 1 183 0 0 0 0 0 0 1 3 6 0 1 183 0 0 0 0 0 0
7 5 13 1 2 6 2 2 183 1 2 7 2 0 183 1 3 6 0 2 183 1 3 7 0 0 183
7 5 14 0 0 0 0 0 0 1 2 7 2 1 183 0 0 0 0 0 0 1 3 7 0 1 183
7 5 15 1 2 8 2 0 184 1 2 7 2 2 183 1 3 8 0 0 184 1 3 7 0 2 183
7 5 16 1 2 8 2 1 184 0 0 0 0 0 0 1 3 8 0 1 184 0 0 0 0 0 0
7 5 17 1 2 8 2 2 184 0 0 0 0 0 0 1 3 8 0 2 184 0 0 0 0 0 0
7 5 18 0 0 0 0 0 0 0 0 0 0 0 0 0 0 0 0 0 0 0 0 0 0 0 0
7 5 19 0 0 0 0 0 0 0 0 0 0 0 0 0 0 0 0 0 0 0 0 0 0 0 0
7 5 20 0 0 0 0 0 0 0 0 0 0 0 0 0 0 0 0 0 0 0 0 0 0 0 0
7 5 21 0 0 0 0 0 0 0 0 0 0 0 0 0 0 0 0 0 0 0 0 0 0 0 0
7 5 22 0 0 0 0 0 0 0 0 0 0 0 0 0 0 0 0 0 0 0 0 0 0 0 0
7 5 23 0 0 0 0 0 0 0 0 0 0 0 0 0 0 0 0 0 0 0 0 0 0 0 0
7 5 24 0 0 0 0 0 0 0 0 0 0 0 0 0 0 0 0 0 0 0 0 0 0 0 0
7 5 25 0 0 0 0 0 0 0 0 0 0 0 0 0 0 0 0 0 0 0 0 0 0 0 0
7 5 26 0 0 0 0 0 0 0 0 0 0 0 0 0 0 0 0 0 0 0 0 0 0 0 0
7 5 27 0 0 0 0 0 0 0 0 0 0 0 0 0 0 0 0 0 0 0 0 0 0 0 0
7 5 28 0 0 0 0 0 0 0 0 0 0 0 0 0 0 0 0 0 0 0 0 0 0 0 0
7 5 29 0 0 0 0 0 0 0 0 0 0 0 0 0 0 0 0 0 0 0 0 0 0 0 0
7 5 30 0 0 0 0 0 0 0 0 0 0 0 0 0 0 0 0 0 0 0 0 0 0 0 0
7 5 31 0 0 0 0 0 0 0 0 0 0 0 0 0 0 0 0 0 0 0 0 0 0 0 0
7 6 0 0 0 0 0 0 0 0 0 0 0 0 0 1 3 0 1 1 180 0 0 0 0 0 0
7 6 1 0 0 0 0 0 0 0 0 0 0 0 0 1 3 0 1 2 180 1 3 1 1 0 180
7 6 2 0 0 0 0 0 0 0 0 0 0 0 0 0 0 0 0 0 0 1 3 1 1 1 180
7 6 3 0 0 0 0 0 0 0 0 0 0 0 0 1 3 2 1 0 181 1 3 1 1 2 180
7 6 4 0 0 0 0 0 0 0 0 0 0 0 0 1 3 2 1 1 181 0 0 0 0 0 0
7 6 5 0 0 0 0 0 0 0 0 0 0 0 0 1 3 2 1 2 181 1 3 3 1 0 181
7 6 6 0 0 0 0 0 0 0 0 0 0 0 0 0 0 0 0 0 0 1 3 3 1 1 181
7 6 7 0 0 0 0 0 0 0 0 0 0 0 0 1 3 4 1 0 182 1 3 3 1 2 181
7 6 8 0 0 0 0 0 0 0 0 0 0 0 0 1 3 4 1 1 182 0 0 0 0 0 0
7 6 9 0 0 0 0 0 0 0 0 0 0 0 0 1 3 4 1 2 182 1 3 5 1 0 182
7 6 10 0 0 0 0 0 0 0 0 0 0 0 0 0 0 0 0 0 0 1 3 5 1 1 182
7 6 11 0 0 0 0 0 0 0 0 0 0 0 0 1 3 6 1 0 183 1 3 5 1 2 182
7 6 12 0 0 0 0 0 0 0 0 0 0 0 0 1 3 6 1 1 183 0 0 0 0 0 0
7 6 13 0 0 0 0 0 0 0 0 0 0 0 0 1 3 6 1 2 183 1 3 7 1 0 183
7 6 14 0 0 0 0 0 0 0 0 0 0 0 0 0 0 0 0 0 0 1 3 7 1 1 183
7 6 15 0 0 0 0 0 0 0 0 0 0 0 0 1 3 8 1 0 184 1 3 7 1 2 183
7 6 16 0 0 0 0 0 0 0 0 0 0 0 0 1 3 8 1 1 184 0 0 0 0 0 0
7 6 17 0 0 0 0 0 0 0 0 0 0 0 0 1 3 8 1 2 184 0 0 0 0 0 0
7 6 18 0 0 0 0 0 0 0 0 0 0 0 0 0 0 0 0 0 0 0 0 0 0 0 0
7 6 19 0 0 0 0 0 0 0 0 0 0 0 0 0 0 0 0 0 0 0 0 0 0 0 0
7 6 20 0 0 0 0 0 0 0 0 0 0 0 0 0 0 0 0 0 0 0 0 0 0 0 0
7 6 21 0 0 0 0 0 0 0 0 0 0 0 0 0 0 0 0 0 0 0 0 0 0 0 0
7 6 22 0 0 0 0 0 0 0 0 0 0 0 0 0 0 0 0 0 0 0 0 0 0 0 0
7 6 23 0 0 0 0 0 0 0 0 0 0 0 0 0 0 0 0 0 0 0 0 0 0 0 0
7 6 24 0 0 0 0 0 0 0 0 0 0 0 0 0 0 0 0 0 0 0 0 0 0 0 0
7 6 25 0 0 0 0 0 0 0 0 0 0 0 0 0 0 0 0 0 0 0 0 0 0 0 0
7 6 26 0 0 0 0 0 0 0 0 0 0 0 0 0 0 0 0 0 0 0 0 0 0 0 0
7 6 27 0 0 0 0 0 0 0 0 0 0 0 0 0 0 0 0 0 0 0 0 0 0 0 0
7 6 28 0 0 0 0 0 0 0 0 0 0 0 0 0 0 0 0 0 0 0 0 0 0 0 0
7 6 29 0 0 0 0 0 0 0 0 0 0 0 0 0 0 0 0 0 0 0 0 0 0 0 0
7 6 30 0 0 0 0 0 0 0 0 0 0 0 0 0 0 0 0 0 0 0 0 0 0 0 0
7 6 31 0 0 0 0 0 0 0 0 0 0 0 0 0 0 0 0 0 0 0 0 0 0 0 0
7 7 0 1 4 0 0 1 185 0 0 0 0 0 0 1 3 0 2 1 180 0 0 0 0 0 0
7 7 1 1 4 0 0 2 185 1 4 1 0 0 185 1 3 0 2 2 180 1 3 1 2 0 180
7 7 2 0 0 0 0 0 0 1 4 1 0 1 185 0 0 0 0 0 0 1 3 1 2 1 180
7 7 3 1 4 2 0 0 186 1 4 1 0 2 185 1 3 2 2 0 181 1 3 1 2 2 180
7 7 4 1 4 2 0 1 186 0 0 0 0 0 0 1 3 2 2 1 181 0 0 0 0 0 0
7 7 5 1 4 2 0 2 186 1 4 3 0 0 186 1 3 2 2 2 181 1 3 3 2 0 181
7 7 6 0 0 0 0 0 0 1 4 3 0 1 186 0 0 0 0 0 0 1 3 3 2 1 181
7 7 7 1 4 4 0 0 187 1 4 3 0 2 186 1 3 4 2 0 182 1 3 3 2 2 181
7 7 8 1 4 4 0 1 187 0 0 0 0 0 0 1 3 4 2 1 182 0 0 0 0 0 0
7 7 9 1 4 4 0 2 187 1 4 5 0 0 187 1 3 4 2 2 182 1 3 5 2 0 182
7 7 10 0 0 0 0 0 0 1 4 5 0 1 187 0 0 0 0 0 0 1 3 5 2 1 182
7 7 11 1 4 6 0 0 188 1 4 5 0 2 187 1 3 6 2 0 183 1 3 5 2 2 182
7 7 12 1 4 6 0 1 188 0 0 0 0 0 0 1 3 6 2 1 183 0 0 0 0 0 0
7 7 13 1 4 6 0 2 188 1 4 7 0 0 188 1 3 6 2 2 183 1 3 7 2 0 183
7 7 14 0 0 0 0 0 0 1 4 7 0 1 188 0 0 0 0 0 0 1 3 7 2 1 183
7 7 15 1 4 8 0 0 189 1 4 7 0 2 188 1 3 8 2 0 184 1 3 7 2 2 183
7 7 16 1 4 8 0 1 189 0 0 0 0 0 0 1 3 8 2 1 184 0 0 0 0 0 0
7 7 17 1 4 8 0 2 189 0 0 0 0 0 0 1 3 8 2 2 184 0 0 0 0 0 0
7 7 18 0 0 0 0 0 0 0 0 0 0 0 0 0 0 0 0 0 0 0 0 0 0 0 0
7 7 19 0 0 0 0 0 0 0 0 0 0 0 0 0 0 0 0 0 0 0 0 0 0 0 0
7 7 20 0 0 0 0 0 0 0 0 0 0 0 0 0 0 0 0 0 0 0 0 0 0 0 0
7 7 21 0 0 0 0 0 0 0 0 0 0 0 0 0 0 0 0 0 0 0 0 0 0 0 0
7 7 22 0 0 0 0 0 0 0 0 0 0 0 0 0 0 0 0 0 0 0 0 0 0 0 0
7 7 23 0 0 0 0 0 0 0 0 0 0 0 0 0 0 0 0 0 0 0 0 0 0 0 0
7 7 24 0 0 0 0 0 0 0 0 0 0 0 0 0 0 0 0 0 0 0 0 0 0 0 0
7 7 25 0 0 0 0 0 0 0 0 0 0 0 0 0 0 0 0 0 0 0 0 0 0 0 0
7 7 26 0 0 0 0 0 0 0 0 0 0 0 0 0 0 0 0 0 0 0 0 0 0 0 0
7 7 27 0 0 0 0 0 0 0 0 0 0 0 0 0 0 0 0 0 0 0 0 0 0 0 0
7 7 28 0 0 0 0 0 0 0 0 0 0 0 0 0 0 0 0 0 0 0 0 0 0 0 0
7 7 29 0 0 0 0 0 0 0 0 0 0 0 0 0 0 0 0 0 0 0 0 0 0 0 0
7 7 30 0 0 0 0 0 0 0 0 0 0 0 0 0 0 0 0 0 0 0 0 0 0 0 0
7 7 31 0 0 0 0 0 0 0 0 0 0 0 0 0 0 0 0 0 0 0 0 0 0 0 0
7 8 0 1 4 0 1 1 185 0 0 0 0 0 0 0 0 0 0 0 0 0 0 0 0 0 0
7 8 1 1 4 0 1 2 185 1 4 1 1 0 185 0 0 0 0 0 0 0 0 0 0 0 0
7 8 2 0 0 0 0 0 0 1 4 1 1 1 185 0 0 0 0 0 0 0 0 0 0 0 0
7 8 3 1 4 2 1 0 186 1 4 1 1 2 185 0 0 0 0 0 0 0 0 0 0 0 0
7 8 4 1 4 2 1 1 186 0 0 0 0 0 0 0 0 0 0 0 0 0 0 0 0 0 0
7 8 5 1 4 2 1 2 186 1 4 3 1 0 186 0 0 0 0 0 0 0 0 0 0 0 0
7 8 6 0 0 0 0 0 0 1 4 3 1 1 186 0 0 0 0 0 0 0 0 0 0 0 0
7 8 7 1 4 4 1 0 187 1 4 3 1 2 186 0 0 0 0 0 0 0 0 0 0 0 0
7 8 8 1 4 4 1 1 187 0 0 0 0 0 0 0 0 0 0 0 0 0 0 0 0 0 0
7 8 9 1 4 4 1 2 187 1 4 5 1 0 187 0 0 0 0 0 0 0 0 0 0 0 0
7 8 10 0 0 0 0 0 0 1 4 5 1 1 187 0 0 0 0 0 0 0 0 0 0 0 0
7 8 11 1 4 6 1 0 188 1 4 5 1 2 187 0 0 0 0 0 0 0 0 0 0 0 0
7 8 12 1 4 6 1 1 188 0 0 0 0 0 0 0 0 0 0 0 0 0 0 0 0 0 0
7 8 13 1 4 6 1 2 188 1 4 7 1 0 188 0 0 0 0 0 0 0 0 0 0 0 0
7 8 14 0 0 0 0 0 0 1 4 7 1 1 188 0 0 0 0 0 0 0 0 0 0 0 0
7 8 15 1 4 8 1 0 189 1 4 7 1 2 188 0 0 0 0 0 0 0 0 0 0 0 0
7 8 16 1 4 8 1 1 189 0 0 0 0 0 0 0 0 0 0 0 0 0 0 0 0 0 0
7 8 17 1 4 8 1 2 189 0 0 0 0 0 0 0 0 0 0 0 0 0 0 0 0 0 0
7 8 18 0 0 0 0 0 0 0 0 0 0 0 0 0 0 0 0 0 0 0 0 0 0 0 0
7 8 19 0 0 0 0 0 0 0 0 0 0 0 0 0 0 0 0 0 0 0 0 0 0 0 0
7 8 20 0 0 0 0 0 0 0 0 0 0 0 0 0 0 0 0 0 0 0 0 0 0 0 0
7 8 21 0 0 0 0 0 0 0 0 0 0 0 0 0 0 0 0 0 0 0 0 0 0 0 0
7 8 22 0 0 0 0 0 0 0 0 0 0 0 0 0 0 0 0 0 0 0 0 0 0 0 0
7 8 23 0 0 0 0 0 0 0 0 0 0 0 0 0 0 0 0 0 0 0 0 0 0 0 0
7 8 24 0 0 0 0 0 0 0 0 0 0 0 0 0 0 0 0 0 0 0 0 0 0 0 0
7 8 25 0 0 0 0 0 0 0 0 0 0 0 0 0 0 0 0 0 0 0 0 0 0 0 0
7 8 26 0 0 0 0 0 0 0 0 0 0 0 0 0 0 0 0 0 0 0 0 0 0 0 0
7 8 27 0 0 0 0 0 0 0 0 0 0 0 0 0 0 0 0 0 0 0 0 0 0 0 0
7 8 28 0 0 0 0 0 0 0 0 0 0 0 0 0 0 0 0 0 0 0 0 0 0 0 0
7 8 29 0 0 0 0 0 0 0 0 0 0 0 0 0 0 0 0 0 0 0 0 0 0 0 0
7 8 30 0 0 0 0 0 0 0 0 0 0 0 0 0 0 0 0 0 0 0 0 0 0 0 0
7 8 31 0 0 0 0 0 0 0 0 0 0 0 0 0 0 0 0 0 0 0 0 0 0 0 0
7 9 0 1 4 0 2 1 185 0 0 0 0 0 0 1 5 0 0 1 185 0 0 0 0 0 0
7 9 1 1 4 0 2 2 185 1 4 1 2 0 185 1 5 0 0 2 185 1 5 1 0 0 185
7 9 2 0 0 0 0 0 0 1 4 1 2 1 185 0 0 0 0 0 0 1 5 1 0 1 185
7 9 3 1 4 2 2 0 186 1 4 1 2 2 185 1 5 2 0 0 186 1 5 1 0 2 185
7 9 4 1 4 2 2 1 186 0 0 0 0 0 0 1 5 2 0 1 186 0 0 0 0 0 0
7 9 5 1 4 2 2 2 186 1 4 3 2 0 186 1 5 2 0 2 186 1 5 3 0 0 186
7 9 6 0 0 0 0 0 0 1 4 3 2 1 186 0 0 0 0 0 0 1 5 3 0 1 186
7 9 7 1 4 4 2 0 187 1 4 3 2 2 186 1 5 4 0 0 187 1 5 3 0 2 186
7 9 8 1 4 4 2 1 187 0 0 0 0 0 0 1 5 4 0 1 187 0 0 0 0 0 0
7 9 9 1 4 4 2 2 187 1 4 5 2 0 187 1 5 4 0 2 187 1 5 5 0 0 187
7 9 10 0 0 0 0 0 0 1 4 5 2 1 187 0 0 0 0 0 0 1 5 5 0 1 187
7 9 11 1 4 6 2 0 188 1 4 5 2 2 187 1 5 6 0 0 188 1 5 5 0 2 187
7 9 12 1 4 6 2 1 188 0 0 0 0 0 0 1 5 6 0 1 188 0 0 0 0 0 0
7 9 13 1 4 6 2 2 188 1 4 7 2 0 188 1 5 6 0 2 188 1 5 7 0 0 188
7 9 14 0 0 0 0 0 0 1 4 7 2 1 188 0 0 0 0 0 0 1 5 7 0 1 188
7 9 15 1 4 8 2 0 189 1 4 7 2 2 188 1 5 8 0 0 189 1 5 7 0 2 188
7 9 16 1 4 8 2 1 189 0 0 0 0 0 0 1 5 8 0 1 189 0 0 0 0 0 0
7 9 17 1 4 8 2 2 189 0 0 0 0 0 0 1 5 8 0 2 189 0 0 0 0 0 0
7 9 18 0 0 0 0 0 0 0 0 0 0 0 0 0 0 0 0 0 0 0 0 0 0 0 0
7 9 19 0 0 0 0 0 0 0 0 0 0 0 0 0 0 0 0 0 0 0 0 0 0 0 0
7 9 20 0 0 0 0 0 0 0 0 0 0 0 0 0 0 0 0 0 0 0 0 0 0 0 0
7 9 21 0 0 0 0 0 0 0 0 0 0 0 0 0 0 0 0 0 0 0 0 0 0 0 0
7 9 22 0 0 0 0 0 0 0 0 0 0 0 0 0 0 0 0 0 0 0 0 0 0 0 0
7 9 23 0 0 0 0 0 0 0 0 0 0 0 0 0 0 0 0 0 0 0 0 0 0 0 0
7 9 24 0 0 0 0 0 0 0 0 0 0 0 0 0 0 0 0 0 0 0 0 0 0 0 0
7 9 25 0 0 0 0 0 0 0 0 0 0 0 0 0 0 0 0 0 0 0 0 0 0 0 0
7 9 26 0 0 0 0 0 0 0 0 0 0 0 0 0 0 0 0 0 0 0 0 0 0 0 0
7 9 27 0 0 0 0 0 0 0 0 0 0 0 0 0 0 0 0 0 0 0 0 0 0 0 0
7 9 28 0 0 0 0 0 0 0 0 0 0 0 0 0 0 0 0 0 0 0 0 0 0 0 0
7 9 29 0 0 0 0 0 0 0 0 0 0 0 0 0 0 0 0 0 0 0 0 0 0 0 0
7 9 30 0 0 0 0 0 0 0 0 0 0 0 0 0 0 0 0 0 0 0 0 0 0 0 0
7 9 31 0 0 0 0 0 0 0 0 0 0 0 0 0 0 0 0 0 0 0 0 0 0 0 0
7 10 0 0 0 0 0 0 0 0 0 0 0 0 0 1 5 0 1 1 185 0 0 0 0 0 0
7 10 1 0 0 0 0 0 0 0 0 0 0 0 0 1 5 0 1 2 185 1 5 1 1 0 185
7 10 2 0 0 0 0 0 0 0 0 0 0 0 0 0 0 0 0 0 0 1 5 1 1 1 185
7 10 3 0 0 0 0 0 0 0 0 0 0 0 0 1 5 2 1 0 186 1 5 1 1 2 185
7 10 4 0 0 0 0 0 0 0 0 0 0 0 0 1 5 2 1 1 186 0 0 0 0 0 0
7 10 5 0 0 0 0 0 0 0 0 0 0 0 0 1 5 2 1 2 186 1 5 3 1 0 186
7 10 6 0 0 0 0 0 0 0 0 0 0 0 0 0 0 0 0 0 0 1 5 3 1 1 186
7 10 7 0 0 0 0 0 0 0 0 0 0 0 0 1 5 4 1 0 187 1 5 3 1 2 186
7 10 8 0 0 0 0 0 0 0 0 0 0 0 0 1 5 4 1 1 187 0 0 0 0 0 0
7 10 9 0 0 0 0 0 0 0 0 0 0 0 0 1 5 4 1 2 187 1 5 5 1 0 187
7 10 10 0 0 0 0 0 0 0 0 0 0 0 0 0 0 0 0 0 0 1 5 5 1 1 187
7 10 11 0 0 0 0 0 0 0 0 0 0 0 0 1 5 6 1 0 188 1 5 5 1 2 187
7 10 12 0 0 0 0 0 0 0 0 0 0 0 0 1 5 6 1 1 188 0 0 0 0 0 0
7 10 13 0 0 0 0 0 0 0 0 0 0 0 0 1 5 6 1 2 188 1 5 7 1 0 188
7 10 14 0 0 0 0 0 0 0 0 0 0 0 0 0 0 0 0 0 0 1 5 7 1 1 188
7 10 15 0 0 0 0 0 0 0 0 0 0 0 0 1 5 8 1 0 189 1 5 7 1 2 188
7 10 16 0 0 0 0 0 0 0 0 0 0 0 0 1 5 8 1 1 189 0 0 0 0 0 0
7 10 17 0 0 0 0 0 0 0 0 0 0 0 0 1 5 8 1 2 189 0 0 0 0 0 0
7 10 18 0 0 0 0 0 0 0 0 0 0 0 0 0 0 0 0 0 0 0 0 0 0 0 0
7 10 19 0 0 0 0 0 0 0 0 0 0 0 0 0 0 0 0 0 0 0 0 0 0 0 0
7 10 20 0 0 0 0 0 0 0 0 0 0 0 0 0 0 0 0 0 0 0 0 0 0 0 0
7 10 21 0 0 0 0 0 0 0 0 0 0 0 0 0 0 0 0 0 0 0 0 0 0 0 0
7 10 22 0 0 0 0 0 0 0 0 0 0 0 0 0 0 0 0 0 0 0 0 0 0 0 0
7 10 23 0 0 0 0 0 0 0 0 0 0 0 0 0 0 0 0 0 0 0 0 0 0 0 0
7 10 24 0 0 0 0 0 0 0 0 0 0 0 0 0 0 0 0 0 0 0 0 0 0 0 0
7 10 25 0 0 0 0 0 0 0 0 0 0 0 0 0 0 0 0 0 0 0 0 0 0 0 0
7 10 26 0 0 0 0 0 0 0 0 0 0 0 0 0 0 0 0 0 0 0 0 0 0 0 0
7 10 27 0 0 0 0 0 0 0 0 0 0 0 0 0 0 0 0 0 0 0 0 0 0 0 0
7 10 28 0 0 0 0 0 0 0 0 0 0 0 0 0 0 0 0 0 0 0 0 0 0 0 0
7 10 29 0 0 0 0 0 0 0 0 0 0 0 0 0 0 0 0 0 0 0 0 0 0 0 0
7 10 30 0 0 0 0 0 0 0 0 0 0 0 0 0 0 0 0 0 0 0 0 0 0 0 0
7 10 31 0 0 0 0 0 0 0 0 0 0 0 0 0 0 0 0 0 0 0 0 0 0 0 0
7 11 0 1 6 0 0 1 190 0 0 0 0 0 0 1 5 0 2 1 185 0 0 0 0 0 0
7 11 1 1 6 0 0 2 190 1 6 1 0 0 190 1 5 0 2 2 185 1 5 1 2 0 185
7 11 2 0 0 0 0 0 0 1 6 1 0 1 190 0 0 0 0 0 0 1 5 1 2 1 185
7 11 3 1 6 2 0 0 191 1 6 1 0 2 190 1 5 2 2 0 186 1 5 1 2 2 185
7 11 4 1 6 2 0 1 191 0 0 0 0 0 0 1 5 2 2 1 186 0 0 0 0 0 0
7 11 5 1 6 2 0 2 191 1 6 3 0 0 191 1 5 2 2 2 186 1 5 3 2 0 186
7 11 6 0 0 0 0 0 0 1 6 3 0 1 191 0 0 0 0 0 0 1 5 3 2 1 186
7 11 7 1 6 4 0 0 192 1 6 3 0 2 191 1 5 4 2 0 187 1 5 3 2 2 186
7 11 8 1 6 4 0 1 192 0 0 0 0 0 0 1 5 4 2 1 187 0 0 0 0 0 0
7 11 9 1 6 4 0 2 192 1 6 5 0 0 192 1 5 4 2 2 187 1 5 5 2 0 187
7 11 10 0 0 0 0 0 0 1 6 5 0 1 192 0 0 0 0 0 0 1 5 5 2 1 187
7 11 11 1 6 6 0 0 193 1 6 5 0 2 192 1 5 6 2 0 188 1 5 5 2 2 187
7 11 12 1 6 6 0 1 193 0 0 0 0 0 0 1 5 6 2 1 188 0 0 0 0 0 0
7 11 13 1 6 6 0 2 193 1 6 7 0 0 193 1 5 6 2 2 188 1 5 7 2 0 188
7 11 14 0 0 0 0 0 0 1 6 7 0 1 193 0 0 0 0 0 0 1 5 7 2 1 188
7 11 15 1 6 8 0 0 194 1 6 7 0 2 193 1 5 8 2 0 189 1 5 7 2 2 188
7 11 16 1 6 8 0 1 194 0 0 0 0 0 0 1 5 8 2 1 189 0 0 0 0 0 0
7 11 17 1 6 8 0 2 194 0 0 0 0 0 0 1 5 8 2 2 189 0 0 0 0 0 0
7 11 18 0 0 0 0 0 0 0 0 0 0 0 0 0 0 0 0 0 0 0 0 0 0 0 0
7 11 19 0 0 0 0 0 0 0 0 0 0 0 0 0 0 0 0 0 0 0 0 0 0 0 0
7 11 20 0 0 0 0 0 0 0 0 0 0 0 0 0 0 0 0 0 0 0 0 0 0 0 0
7 11 21 0 0 0 0 0 0 0 0 0 0 0 0 0 0 0 0 0 0 0 0 0 0 0 0
7 11 22 0 0 0 0 0 0 0 0 0 0 0 0 0 0 0 0 0 0 0 0 0 0 0 0
7 11 23 0 0 0 0 0 0 0 0 0 0 0 0 0 0 0 0 0 0 0 0 0 0 0 0
7 11 24 0 0 0 0 0 0 0 0 0 0 0 0 0 0 0 0 0 0 0 0 0 0 0 0
7 11 25 0 0 0 0 0 0 0 0 0 0 0 0 0 0 0 0 0 0 0 0 0 0 0 0
7 11 26 0 0 0 0 0 0 0 0 0 0 0 0 0 0 0 0 0 0 0 0 0 0 0 0
7 11 27 0 0 0 0 0 0 0 0 0 0 0 0 0 0 0 0 0 0 0 0 0 0 0 0
7 11 28 0 0 0 0 0 0 0 0 0 0 0 0 0 0 0 0 0 0 0 0 0 0 0 0
7 11 29 0 0 0 0 0 0 0 0 0 0 0 0 0 0 0 0 0 0 0 0 0 0 0 0
7 11 30 0 0 0 0 0 0 0 0 0 0 0 0 0 0 0 0 0 0 0 0 0 0 0 0
7 11 31 0 0 0 0 0 0 0 0 0 0 0 0 0 0 0 0 0 0 0 0 0 0 0 0
7 12 0 1 6 0 1 1 190 0 0 0 0 0 0 0 0 0 0 0 0 0 0 0 0 0 0
7 12 1 1 6 0 1 2 190 1 6 1 1 0 190 0 0 0 0 0 0 0 0 0 0 0 0
7 12 2 0 0 0 0 0 0 1 6 1 1 1 190 0 0 0 0 0 0 0 0 0 0 0 0
7 12 3 1 6 2 1 0 191 1 6 1 1 2 190 0 0 0 0 0 0 0 0 0 0 0 0
7 12 4 1 6 2 1 1 191 0 0 0 0 0 0 0 0 0 0 0 0 0 0 0 0 0 0
7 12 5 1 6 2 1 2 191 1 6 3 1 0 191 0 0 0 0 0 0 0 0 0 0 0 0
7 12 6 0 0 0 0 0 0 1 6 3 1 1 191 0 0 0 0 0 0 0 0 0 0 0 0
7 12 7 1 6 4 1 0 192 1 6 3 1 2 191 0 0 0 0 0 0 0 0 0 0 0 0
7 12 8 1 6 4 1 1 192 0 0 0 0 0 0 0 0 0 0 0 0 0 0 0 0 0 0
7 12 9 1 6 4 1 2 192 1 6 5 1 0 192 0 0 0 0 0 0 0 0 0 0 0 0
7 12 10 0 0 0 0 0 0 1 6 5 1 1 192 0 0 0 0 0 0 0 0 0 0 0 0
7 12 11 1 6 6 1 0 193 1 6 5 1 2 192 0 0 0 0 0 0 0 0 0 0 0 0
7 12 12 1 6 6 1 1 193 0 0 0 0 0 0 0 0 0 0 0 0 0 0 0 0 0 0
7 12 13 1 6 6 1 2 193 1 6 7 1 0 193 0 0 0 0 0 0 0 0 0 0 0 0
7 12 14 0 0 0 0 0 0 1 6 7 1 1 193 0 0 0 0 0 0 0 0 0 0 0 0
7 12 15 1 6 8 1 0 194 1 6 7 1 2 193 0 0 0 0 0 0 0 0 0 0 0 0
7 12 16 1 6 8 1 1 194 0 0 0 0 0 0 0 0 0 0 0 0 0 0 0 0 0 0
7 12 17 1 6 8 1 2 194 0 0 0 0 0 0 0 0 0 0 0 0 0 0 0 0 0 0
7 12 18 0 0 0 0 0 0 0 0 0 0 0 0 0 0 0 0 0 0 0 0 0 0 0 0
7 12 19 0 0 0 0 0 0 0 0 0 0 0 0 0 0 0 0 0 0 0 0 0 0 0 0
7 12 20 0 0 0 0 0 0 0 0 0 0 0 0 0 0 0 0 0 0 0 0 0 0 0 0
7 12 21 0 0 0 0 0 0 0 0 0 0 0 0 0 0 0 0 0 0 0 0 0 0 0 0
7 12 22 0 0 0 0 0 0 0 0 0 0 0 0 0 0 0 0 0 0 0 0 0 0 0 0
7 12 23 0 0 0 0 0 0 0 0 0 0 0 0 0 0 0 0 0 0 0 0 0 0 0 0
7 12 24 0 0 0 0 0 0 0 0 0 0 0 0 0 0 0 0 0 0 0 0 0 0 0 0
7 12 25 0 0 0 0 0 0 0 0 0 0 0 0 0 0 0 0 0 0 0 0 0 0 0 0
7 12 26 0 0 0 0 0 0 0 0 0 0 0 0 0 0 0 0 0 0 0 0 0 0 0 0
7 12 27 0 0 0 0 0 0 0 0 0 0 0 0 0 0 0 0 0 0 0 0 0 0 0 0
7 12 28 0 0 0 0 0 0 0 0 0 0 0 0 0 0 0 0 0 0 0 0 0 0 0 0
7 12 29 0 0 0 0 0 0 0 0 0 0 0 0 0 0 0 0 0 0 0 0 0 0 0 0
7 12 30 0 0 0 0 0 0 0 0 0 0 0 0 0 0 0 0 0 0 0 0 0 0 0 0
7 12 31 0 0 0 0 0 0 0 0 0 0 0 0 0 0 0 0 0 0 0 0 0 0 0 0
7 13 0 1 6 0 2 1 190 0 0 0 0 0 0 1 7 0 0 1 190 0 0 0 0 0 0
7 13 1 1 6 0 2 2 190 1 6 1 2 0 190 1 7 0 0 2 190 1 7 1 0 0 190
7 13 2 0 0 0 0 0 0 1 6 1 2 1 190 0 0 0 0 0 0 1 7 1 0 1 190
7 13 3 1 6 2 2 0 191 1 6 1 2 2 190 1 7 2 0 0 191 1 7 1 0 2 190
7 13 4 1 6 2 2 1 191 0 0 0 0 0 0 1 7 2 0 1 191 0 0 0 0 0 0
7 13 5 1 6 2 2 2 191 1 6 3 2 0 191 1 7 2 0 2 191 1 7 3 0 0 191
7 13 6 0 0 0 0 0 0 1 6 3 2 1 191 0 0 0 0 0 0 1 7 3 0 1 191
7 13 7 1 6 4 2 0 192 1 6 3 2 2 191 1 7 4 0 0 192 1 7 3 0 2 191
7 13 8 1 6 4 2 1 192 0 0 0 0 0 0 1 7 4 0 1 192 0 0 0 0 0 0
7 13 9 1 6 4 2 2 192 1 6 5 2 0 192 1 7 4 0 2 192 1 7 5 0 0 192
7 13 10 0 0 0 0 0 0 1 6 5 2 1 192 0 0 0 0 0 0 1 7 5 0 1 192
7 13 11 1 6 6 2 0 193 1 6 5 2 2 192 1 7 6 0 0 193 1 7 5 0 2 192
7 13 12 1 6 6 2 1 193 0 0 0 0 0 0 1 7 6 0 1 193 0 0 0 0 0 0
7 13 13 1 6 6 2 2 193 1 6 7 2 0 193 1 7 6 0 2 193 1 7 7 0 0 193
7 13 14 0 0 0 0 0 0 1 6 7 2 1 193 0 0 0 0 0 0 1 7 7 0 1 193
7 13 15 1 6 8 2 0 194 1 6 7 2 2 193 1 7 8 0 0 194 1 7 7 0 2 193
7 13 16 1 6 8 2 1 194 0 0 0 0 0 0 1 7 8 0 1 194 0 0 0 0 0 0
7 13 17 1 6 8 2 2 194 0 0 0 0 0 0 1 7 8 0 2 194 0 0 0 0 0 0
7 13 18 0 0 0 0 0 0 0 0 0 0 0 0 0 0 0 0 0 0 0 0 0 0 0 0
7 13 19 0 0 0 0 0 0 0 0 0 0 0 0 0 0 0 0 0 0 0 0 0 0 0 0
7 13 20 0 0 0 0 0 0 0 0 0 0 0 0 0 0 0 0 0 0 0 0 0 0 0 0
7 13 21 0 0 0 0 0 0 0 0 0 0 0 0 0 0 0 0 0 0 0 0 0 0 0 0
7 13 22 0 0 0 0 0 0 0 0 0 0 0 0 0 0 0 0 0 0 0 0 0 0 0 0
7 13 23 0 0 0 0 0 0 0 0 0 0 0 0 0 0 0 0 0 0 0 0 0 0 0 0
7 13 24 0 0 0 0 0 0 0 0 0 0 0 0 0 0 0 0 0 0 0 0 0 0 0 0
7 13 25 0 0 0 0 0 0 0 0 0 0 0 0 0 0 0 0 0 0 0 0 0 0 0 0
7 13 26 0 0 0 0 0 0 0 0 0 0 0 0 0 0 0 0 0 0 0 0 0 0 0 0
7 13 27 0 0 0 0 0 0 0 0 0 0 0 0 0 0 0 0 0 0 0 0 0 0 0 0
7 13 28 0 0 0 0 0 0 0 0 0 0 0 0 0 0 0 0 0 0 0 0 0 0 0 0
7 13 29 0 0 0 0 0 0 0 0 0 0 0 0 0 0 0 0 0 0 0 0 0 0 0 0
7 13 30 0 0 0 0 0 0 0 0 0 0 0 0 0 0 0 0 0 0 0 0 0 0 0 0
7 13 31 0 0 0 0 0 0 0 0 0 0 0 0 0 0 0 0 0 0 0 0 0 0 0 0
7 14 0 0 0 0 0 0 0 0 0 0 0 0 0 1 7 0 1 1 190 0 0 0 0 0 0
7 14 1 0 0 0 0 0 0 0 0 0 0 0 0 1 7 0 1 2 190 1 7 1 1 0 190
7 14 2 0 0 0 0 0 0 0 0 0 0 0 0 0 0 0 0 0 0 1 7 1 1 1 190
7 14 3 0 0 0 0 0 0 0 0 0 0 0 0 1 7 2 1 0 191 1 7 1 1 2 190
7 14 4 0 0 0 0 0 0 0 0 0 0 0 0 1 7 2 1 1 191 0 0 0 0 0 0
7 14 5 0 0 0 0 0 0 0 0 0 0 0 0 1 7 2 1 2 191 1 7 3 1 0 191
7 14 6 0 0 0 0 0 0 0 0 0 0 0 0 0 0 0 0 0 0 1 7 3 1 1 191
7 14 7 0 0 0 0 0 0 0 0 0 0 0 0 1 7 4 1 0 192 1 7 3 1 2 191
7 14 8 0 0 0 0 0 0 0 0 0 0 0 0 1 7 4 1 1 192 0 0 0 0 0 0
7 14 9 0 0 0 0 0 0 0 0 0 0 0 0 1 7 4 1 2 192 1 7 5 1 0 192
7 14 10 0 0 0 0 0 0 0 0 0 0 0 0 0 0 0 0 0 0 1 7 5 1 1 192
7 14 11 0 0 0 0 0 0 0 0 0 0 0 0 1 7 6 1 0 193 1 7 5 1 2 192
7 14 12 0 0 0 0 0 0 0 0 0 0 0 0 1 7 6 1 1 193 0 0 0 0 0 0
7 14 13 0 0 0 0 0 0 0 0 0 0 0 0 1 7 6 1 2 193 1 7 7 1 0 193
7 14 14 0 0 0 0 0 0 0 0 0 0 0 0 0 0 0 0 0 0 1 7 7 1 1 193
7 14 15 0 0 0 0 0 0 0 0 0 0 0 0 1 7 8 1 0 194 1 7 7 1 2 193
7 14 16 0 0 0 0 0 0 0 0 0 0 0 0 1 7 8 1 1 194 0 0 0 0 0 0
7 14 17 0 0 0 0 0 0 0 0 0 0 0 0 1 7 8 1 2 194 0 0 0 0 0 0
7 14 18 0 0 0 0 0 0 0 0 0 0 0 0 0 0 0 0 0 0 0 0 0 0 0 0
7 14 19 0 0 0 0 0 0 0 0 0 0 0 0 0 0 0 0 0 0 0 0 0 0 0 0
7 14 20 0 0 0 0 0 0 0 0 0 0 0 0 0 0 0 0 0 0 0 0 0 0 0 0
7 14 21 0 0 0 0 0 0 0 0 0 0 0 0 0 0 0 0 0 0 0 0 0 0 0 0
7 14 22 0 0 0 0 0 0 0 0 0 0 0 0 0 0 0 0 0 0 0 0 0 0 0 0
7 14 23 0 0 0 0 0 0 0 0 0 0 0 0 0 0 0 0 0 0 0 0 0 0 0 0
7 14 24 0 0 0 0 0 0 0 0 0 0 0 0 0 0 0 0 0 0 0 0 0 0 0 0
7 14 25 0 0 0 0 0 0 0 0 0 0 0 0 0 0 0 0 0 0 0 0 0 0 0 0
7 14 26 0 0 0 0 0 0 0 0 0 0 0 0 0 0 0 0 0 0 0 0 0 0 0 0
7 14 27 0 0 0 0 0 0 0 0 0 0 0 0 0 0 0 0 0 0 0 0 0 0 0 0
7 14 28 0 0 0 0 0 0 0 0 0 0 0 0 0 0 0 0 0 0 0 0 0 0 0 0
7 14 29 0 0 0 0 0 0 0 0 0 0 0 0 0 0 0 0 0 0 0 0 0 0 0 0
7 14 30 0 0 0 0 0 0 0 0 0 0 0 0 0 0 0 0 0 0 0 0 0 0 0 0
7 14 31 0 0 0 0 0 0 0 0 0 0 0 0 0 0 0 0 0 0 0 0 0 0 0 0
7 15 0 1 8 0 0 1 195 0 0 0 0 0 0 1 7 0 2 1 190 0 0 0 0 0 0
7 15 1 1 8 0 0 2 195 1 8 1 0 0 195 1 7 0 2 2 190 1 7 1 2 0 190
7 15 2 0 0 0 0 0 0 1 8 1 0 1 195 0 0 0 0 0 0 1 7 1 2 1 190
7 15 3 1 8 2 0 0 196 1 8 1 0 2 195 1 7 2 2 0 191 1 7 1 2 2 190
7 15 4 1 8 2 0 1 196 0 0 0 0 0 0 1 7 2 2 1 191 0 0 0 0 0 0
7 15 5 1 8 2 0 2 196 1 8 3 0 0 196 1 7 2 2 2 191 1 7 3 2 0 191
7 15 6 0 0 0 0 0 0 1 8 3 0 1 196 0 0 0 0 0 0 1 7 3 2 1 191
7 15 7 1 8 4 0 0 197 1 8 3 0 2 196 1 7 4 2 0 192 1 7 3 2 2 191
7 15 8 1 8 4 0 1 197 0 0 0 0 0 0 1 7 4 2 1 192 0 0 0 0 0 0
7 15 9 1 8 4 0 2 197 1 8 5 0 0 197 1 7 4 2 2 192 1 7 5 2 0 192
7 15 10 0 0 0 0 0 0 1 8 5 0 1 197 0 0 0 0 0 0 1 7 5 2 1 192
7 15 11 1 8 6 0 0 198 1 8 5 0 2 197 1 7 6 2 0 193 1 7 5 2 2 192
7 15 12 1 8 6 0 1 198 0 0 0 0 0 0 1 7 6 2 1 193 0 0 0 0 0 0
7 15 13 1 8 6 0 2 198 1 8 7 0 0 198 1 7 6 2 2 193 1 7 7 2 0 193
7 15 14 0 0 0 0 0 0 1 8 7 0 1 198 0 0 0 0 0 0 1 7 7 2 1 193
7 15 15 1 8 8 0 0 199 1 8 7 0 2 198 1 7 8 2 0 194 1 7 7 2 2 193
7 15 16 1 8 8 0 1 199 0 0 0 0 0 0 1 7 8 2 1 194 0 0 0 0 0 0
7 15 17 1 8 8 0 2 199 0 0 0 0 0 0 1 7 8 2 2 194 0 0 0 0 0 0
7 15 18 0 0 0 0 0 0 0 0 0 0 0 0 0 0 0 0 0 0 0 0 0 0 0 0
7 15 19 0 0 0 0 0 0 0 0 0 0 0 0 0 0 0 0 0 0 0 0 0 0 0 0
7 15 20 0 0 0 0 0 0 0 0 0 0 0 0 0 0 0 0 0 0 0 0 0 0 0 0
7 15 21 0 0 0 0 0 0 0 0 0 0 0 0 0 0 0 0 0 0 0 0 0 0 0 0
7 15 22 0 0 0 0 0 0 0 0 0 0 0 0 0 0 0 0 0 0 0 0 0 0 0 0
7 15 23 0 0 0 0 0 0 0 0 0 0 0 0 0 0 0 0 0 0 0 0 0 0 0 0
7 15 24 0 0 0 0 0 0 0 0 0 0 0 0 0 0 0 0 0 0 0 0 0 0 0 0
7 15 25 0 0 0 0 0 0 0 0 0 0 0 0 0 0 0 0 0 0 0 0 0 0 0 0
7 15 26 0 0 0 0 0 0 0 0 0 0 0 0 0 0 0 0 0 0 0 0 0 0 0 0
7 15 27 0 0 0 0 0 0 0 0 0 0 0 0 0 0 0 0 0 0 0 0 0 0 0 0
7 15 28 0 0 0 0 0 0 0 0 0 0 0 0 0 0 0 0 0 0 0 0 0 0 0 0
7 15 29 0 0 0 0 0 0 0 0 0 0 0 0 0 0 0 0 0 0 0 0 0 0 0 0
7 15 30 0 0 0 0 0 0 0 0 0 0 0 0 0 0 0 0 0 0 0 0 0 0 0 0
7 15 31 0 0 0 0 0 0 0 0 0 0 0 0 0 0 0 0 0 0 0 0 0 0 0 0
7 16 0 1 8 0 1 1 195 0 0 0 0 0 0 0 0 0 0 0 0 0 0 0 0 0 0
7 16 1 1 8 0 1 2 195 1 8 1 1 0 195 0 0 0 0 0 0 0 0 0 0 0 0
7 16 2 0 0 0 0 0 0 1 8 1 1 1 195 0 0 0 0 0 0 0 0 0 0 0 0
7 16 3 1 8 2 1 0 196 1 8 1 1 2 195 0 0 0 0 0 0 0 0 0 0 0 0
7 16 4 1 8 2 1 1 196 0 0 0 0 0 0 0 0 0 0 0 0 0 0 0 0 0 0
7 16 5 1 8 2 1 2 196 1 8 3 1 0 196 0 0 0 0 0 0 0 0 0 0 0 0
7 16 6 0 0 0 0 0 0 1 8 3 1 1 196 0 0 0 0 0 0 0 0 0 0 0 0
7 16 7 1 8 4 1 0 197 1 8 3 1 2 196 0 0 0 0 0 0 0 0 0 0 0 0
7 16 8 1 8 4 1 1 197 0 0 0 0 0 0 0 0 0 0 0 0 0 0 0 0 0 0
7 16 9 1 8 4 1 2 197 1 8 5 1 0 197 0 0 0 0 0 0 0 0 0 0 0 0
7 16 10 0 0 0 0 0 0 1 8 5 1 1 197 0 0 0 0 0 0 0 0 0 0 0 0
7 16 11 1 8 6 1 0 198 1 8 5 1 2 197 0 0 0 0 0 0 0 0 0 0 0 0
7 16 12 1 8 6 1 1 198 0 0 0 0 0 0 0 0 0 0 0 0 0 0 0 0 0 0
7 16 13 1 8 6 1 2 198 1 8 7 1 0 198 0 0 0 0 0 0 0 0 0 0 0 0
7 16 14 0 0 0 0 0 0 1 8 7 1 1 198 0 0 0 0 0 0 0 0 0 0 0 0
7 16 15 1 8 8 1 0 199 1 8 7 1 2 198 0 0 0 0 0 0 0 0 0 0 0 0
7 16 16 1 8 8 1 1 199 0 0 0 0 0 0 0 0 0 0 0 0 0 0 0 0 0 0
7 16 17 1 8 8 1 2 199 0 0 0 0 0 0 0 0 0 0 0 0 0 0 0 0 0 0
7 16 18 0 0 0 0 0 0 0 0 0 0 0 0 0 0 0 0 0 0 0 0 0 0 0 0
7 16 19 0 0 0 0 0 0 0 0 0 0 0 0 0 0 0 0 0 0 0 0 0 0 0 0
7 16 20 0 0 0 0 0 0 0 0 0 0 0 0 0 0 0 0 0 0 0 0 0 0 0 0
7 16 21 0 0 0 0 0 0 0 0 0 0 0 0 0 0 0 0 0 0 0 0 0 0 0 0
7 16 22 0 0 0 0 0 0 0 0 0 0 0 0 0 0 0 0 0 0 0 0 0 0 0 0
7 16 23 0 0 0 0 0 0 0 0 0 0 0 0 0 0 0 0 0 0 0 0 0 0 0 0
7 16 24 0 0 0 0 0 0 0 0 0 0 0 0 0 0 0 0 0 0 0 0 0 0 0 0
7 16 25 0 0 0 0 0 0 0 0 0 0 0 0 0 0 0 0 0 0 0 0 0 0 0 0
7 16 26 0 0 0 0 0 0 0 0 0 0 0 0 0 0 0 0 0 0 0 0 0 0 0 0
7 16 27 0 0 0 0 0 0 0 0 0 0 0 0 0 0 0 0 0 0 0 0 0 0 0 0
7 16 28 0 0 0 0 0 0 0 0 0 0 0 0 0 0 0 0 0 0 0 0 0 0 0 0
7 16 29 0 0 0 0 0 0 0 0 0 0 0 0 0 0 0 0 0 0 0 0 0 0 0 0
7 16 30 0 0 0 0 0 0 0 0 0 0 0 0 0 0 0 0 0 0 0 0 0 0 0 0
7 16 31 0 0 0 0 0 0 0 0 0 0 0 0 0 0 0 0 0 0 0 0 0 0 0 0
7 17 0 1 8 0 2 1 195 0 0 0 0 0 0 0 0 0 0 0 0 0 0 0 0 0 0
7 17 1 1 8 0 2 2 195 1 8 1 2 0 195 0 0 0 0 0 0 0 0 0 0 0 0
7 17 2 0 0 0 0 0 0 1 8 1 2 1 195 0 0 0 0 0 0 0 0 0 0 0 0
7 17 3 1 8 2 2 0 196 1 8 1 2 2 195 0 0 0 0 0 0 0 0 0 0 0 0
7 17 4 1 8 2 2 1 196 0 0 0 0 0 0 0 0 0 0 0 0 0 0 0 0 0 0
7 17 5 1 8 2 2 2 196 1 8 3 2 0 196 0 0 0 0 0 0 0 0 0 0 0 0
7 17 6 0 0 0 0 0 0 1 8 3 2 1 196 0 0 0 0 0 0 0 0 0 0 0 0
7 17 7 1 8 4 2 0 197 1 8 3 2 2 196 0 0 0 0 0 0 0 0 0 0 0 0
7 17 8 1 8 4 2 1 197 0 0 0 0 0 0 0 0 0 0 0 0 0 0 0 0 0 0
7 17 9 1 8 4 2 2 197 1 8 5 2 0 197 0 0 0 0 0 0 0 0 0 0 0 0
7 17 10 0 0 0 0 0 0 1 8 5 2 1 197 0 0 0 0 0 0 0 0 0 0 0 0
7 17 11 1 8 6 2 0 198 1 8 5 2 2 197 0 0 0 0 0 0 0 0 0 0 0 0
7 17 12 1 8 6 2 1 198 0 0 0 0 0 0 0 0 0 0 0 0 0 0 0 0 0 0
7 17 13 1 8 6 2 2 198 1 8 7 2 0 198 0 0 0 0 0 0 0 0 0 0 0 0
7 17 14 0 0 0 0 0 0 1 8 7 2 1 198 0 0 0 0 0 0 0 0 0 0 0 0
7 17 15 1 8 8 2 0 199 1 8 7 2 2 198 0 0 0 0 0 0 0 0 0 0 0 0
7 17 16 1 8 8 2 1 199 0 0 0 0 0 0 0 0 0 0 0 0 0 0 0 0 0 0
7 17 17 1 8 8 2 2 199 0 0 0 0 0 0 0 0 0 0 0 0 0 0 0 0 0 0
7 17 18 0 0 0 0 0 0 0 0 0 0 0 0 0 0 0 0 0 0 0 0 0 0 0 0
7 17 19 0 0 0 0 0 0 0 0 0 0 0 0 0 0 0 0 0 0 0 0 0 0 0 0
7 17 20 0 0 0 0 0 0 0 0 0 0 0 0 0 0 0 0 0 0 0 0 0 0 0 0
7 17 21 0 0 0 0 0 0 0 0 0 0 0 0 0 0 0 0 0 0 0 0 0 0 0 0
7 17 22 0 0 0 0 0 0 0 0 0 0 0 0 0 0 0 0 0 0 0 0 0 0 0 0
7 17 23 0 0 0 0 0 0 0 0 0 0 0 0 0 0 0 0 0 0 0 0 0 0 0 0
7 17 24 0 0 0 0 0 0 0 0 0 0 0 0 0 0 0 0 0 0 0 0 0 0 0 0
7 17 25 0 0 0 0 0 0 0 0 0 0 0 0 0 0 0 0 0 0 0 0 0 0 0 0
7 17 26 0 0 0 0 0 0 0 0 0 0 0 0 0 0 0 0 0 0 0 0 0 0 0 0
7 17 27 0 0 0 0 0 0 0 0 0 0 0 0 0 0 0 0 0 0 0 0 0 0 0 0
7 17 28 0 0 0 0 0 0 0 0 0 0 0 0 0 0 0 0 0 0 0 0 0 0 0 0
7 17 29 0 0 0 0 0 0 0 0 0 0 0 0 0 0 0 0 0 0 0 0 0 0 0 0
7 17 30 0 0 0 0 0 0 0 0 0 0 0 0 0 0 0 0 0 0 0 0 0 0 0 0
7 17 31 0 0 0 0 0 0 0 0 0 0 0 0 0 0 0 0 0 0 0 0 0 0 0 0
7 18 0 0 0 0 0 0 0 0 0 0 0 0 0 0 0 0 0 0 0 0 0 0 0 0 0
7 18 1 0 0 0 0 0 0 0 0 0 0 0 0 0 0 0 0 0 0 0 0 0 0 0 0
7 18 2 0 0 0 0 0 0 0 0 0 0 0 0 0 0 0 0 0 0 0 0 0 0 0 0
7 18 3 0 0 0 0 0 0 0 0 0 0 0 0 0 0 0 0 0 0 0 0 0 0 0 0
7 18 4 0 0 0 0 0 0 0 0 0 0 0 0 0 0 0 0 0 0 0 0 0 0 0 0
7 18 5 0 0 0 0 0 0 0 0 0 0 0 0 0 0 0 0 0 0 0 0 0 0 0 0
7 18 6 0 0 0 0 0 0 0 0 0 0 0 0 0 0 0 0 0 0 0 0 0 0 0 0
7 18 7 0 0 0 0 0 0 0 0 0 0 0 0 0 0 0 0 0 0 0 0 0 0 0 0
7 18 8 0 0 0 0 0 0 0 0 0 0 0 0 0 0 0 0 0 0 0 0 0 0 0 0
7 18 9 0 0 0 0 0 0 0 0 0 0 0 0 0 0 0 0 0 0 0 0 0 0 0 0
7 18 10 0 0 0 0 0 0 0 0 0 0 0 0 0 0 0 0 0 0 0 0 0 0 0 0
7 18 11 0 0 0 0 0 0 0 0 0 0 0 0 0 0 0 0 0 0 0 0 0 0 0 0
7 18 12 0 0 0 0 0 0 0 0 0 0 0 0 0 0 0 0 0 0 0 0 0 0 0 0
7 18 13 0 0 0 0 0 0 0 0 0 0 0 0 0 0 0 0 0 0 0 0 0 0 0 0
7 18 14 0 0 0 0 0 0 0 0 0 0 0 0 0 0 0 0 0 0 0 0 0 0 0 0
7 18 15 0 0 0 0 0 0 0 0 0 0 0 0 0 0 0 0 0 0 0 0 0 0 0 0
7 18 16 0 0 0 0 0 0 0 0 0 0 0 0 0 0 0 0 0 0 0 0 0 0 0 0
7 18 17 0 0 0 0 0 0 0 0 0 0 0 0 0 0 0 0 0 0 0 0 0 0 0 0
7 18 18 0 0 0 0 0 0 0 0 0 0 0 0 0 0 0 0 0 0 0 0 0 0 0 0
7 18 19 0 0 0 0 0 0 0 0 0 0 0 0 0 0 0 0 0 0 0 0 0 0 0 0
7 18 20 0 0 0 0 0 0 0 0 0 0 0 0 0 0 0 0 0 0 0 0 0 0 0 0
7 18 21 0 0 0 0 0 0 0 0 0 0 0 0 0 0 0 0 0 0 0 0 0 0 0 0
7 18 22 0 0 0 0 0 0 0 0 0 0 0 0 0 0 0 0 0 0 0 0 0 0 0 0
7 18 23 0 0 0 0 0 0 0 0 0 0 0 0 0 0 0 0 0 0 0 0 0 0 0 0
7 18 24 0 0 0 0 0 0 0 0 0 0 0 0 0 0 0 0 0 0 0 0 0 0 0 0
7 18 25 0 0 0 0 0 0 0 0 0 0 0 0 0 0 0 0 0 0 0 0 0 0 0 0
7 18 26 0 0 0 0 0 0 0 0 0 0 0 0 0 0 0 0 0 0 0 0 0 0 0 0
7 18 27 0 0 0 0 0 0 0 0 0 0 0 0 0 0 0 0 0 0 0 0 0 0 0 0
7 18 28 0 0 0 0 0 0 0 0 0 0 0 0 0 0 0 0 0 0 0 0 0 0 0 0
7 18 29 0 0 0 0 0 0 0 0 0 0 0 0 0 0 0 0 0 0 0 0 0 0 0 0
7 18 30 0 0 0 0 0 0 0 0 0 0 0 0 0 0 0 0 0 0 0 0 0 0 0 0
7 18 31 0 0 0 0 0 0 0 0 0 0 0 0 0 0 0 0 0 0 0 0 0 0 0 0
7 19 0 0 0 0 0 0 0 0 0 0 0 0 0 0 0 0 0 0 0 0 0 0 0 0 0
7 19 1 0 0 0 0 0 0 0 0 0 0 0 0 0 0 0 0 0 0 0 0 0 0 0 0
7 19 2 0 0 0 0 0 0 0 0 0 0 0 0 0 0 0 0 0 0 0 0 0 0 0 0
7 19 3 0 0 0 0 0 0 0 0 0 0 0 0 0 0 0 0 0 0 0 0 0 0 0 0
7 19 4 0 0 0 0 0 0 0 0 0 0 0 0 0 0 0 0 0 0 0 0 0 0 0 0
7 19 5 0 0 0 0 0 0 0 0 0 0 0 0 0 0 0 0 0 0 0 0 0 0 0 0
7 19 6 0 0 0 0 0 0 0 0 0 0 0 0 0 0 0 0 0 0 0 0 0 0 0 0
7 19 7 0 0 0 0 0 0 0 0 0 0 0 0 0 0 0 0 0 0 0 0 0 0 0 0
7 19 8 0 0 0 0 0 0 0 0 0 0 0 0 0 0 0 0 0 0 0 0 0 0 0 0
7 19 9 0 0 0 0 0 0 0 0 0 0 0 0 0 0 0 0 0 0 0 0 0 0 0 0
7 19 10 0 0 0 0 0 0 0 0 0 0 0 0 0 0 0 0 0 0 0 0 0 0 0 0
7 19 11 0 0 0 0 0 0 0 0 0 0 0 0 0 0 0 0 0 0 0 0 0 0 0 0
7 19 12 0 0 0 0 0 0 0 0 0 0 0 0 0 0 0 0 0 0 0 0 0 0 0 0
7 19 13 0 0 0 0 0 0 0 0 0 0 0 0 0 0 0 0 0 0 0 0 0 0 0 0
7 19 14 0 0 0 0 0 0 0 0 0 0 0 0 0 0 0 0 0 0 0 0 0 0 0 0
7 19 15 0 0 0 0 0 0 0 0 0 0 0 0 0 0 0 0 0 0 0 0 0 0 0 0
7 19 16 0 0 0 0 0 0 0 0 0 0 0 0 0 0 0 0 0 0 0 0 0 0 0 0
7 19 17 0 0 0 0 0 0 0 0 0 0 0 0 0 0 0 0 0 0 0 0 0 0 0 0
7 19 18 0 0 0 0 0 0 0 0 0 0 0 0 0 0 0 0 0 0 0 0 0 0 0 0
7 19 19 0 0 0 0 0 0 0 0 0 0 0 0 0 0 0 0 0 0 0 0 0 0 0 0
7 19 20 0 0 0 0 0 0 0 0 0 0 0 0 0 0 0 0 0 0 0 0 0 0 0 0
7 19 21 0 0 0 0 0 0 0 0 0 0 0 0 0 0 0 0 0 0 0 0 0 0 0 0
7 19 22 0 0 0 0 0 0 0 0 0 0 0 0 0 0 0 0 0 0 0 0 0 0 0 0
7 19 23 0 0 0 0 0 0 0 0 0 0 0 0 0 0 0 0 0 0 0 0 0 0 0 0
7 19 24 0 0 0 0 0 0 0 0 0 0 0 0 0 0 0 0 0 0 0 0 0 0 0 0
7 19 25 0 0 0 0 0 0 0 0 0 0 0 0 0 0 0 0 0 0 0 0 0 0 0 0
7 19 26 0 0 0 0 0 0 0 0 0 0 0 0 0 0 0 0 0 0 0 0 0 0 0 0
7 19 27 0 0 0 0 0 0 0 0 0 0 0 0 0 0 0 0 0 0 0 0 0 0 0 0
7 19 28 0 0 0 0 0 0 0 0 0 0 0 0 0 0 0 0 0 0 0 0 0 0 0 0
7 19 29 0 0 0 0 0 0 0 0 0 0 0 0 0 0 0 0 0 0 0 0 0 0 0 0
7 19 30 0 0 0 0 0 0 0 0 0 0 0 0 0 0 0 0 0 0 0 0 0 0 0 0
7 19 31 0 0 0 0 0 0 0 0 0 0 0 0 0 0 0 0 0 0 0 0 0 0 0 0
7 20 0 0 0 0 0 0 0 0 0 0 0 0 0 0 0 0 0 0 0 0 0 0 0 0 0
7 20 1 0 0 0 0 0 0 0 0 0 0 0 0 0 0 0 0 0 0 0 0 0 0 0 0
7 20 2 0 0 0 0 0 0 0 0 0 0 0 0 0 0 0 0 0 0 0 0 0 0 0 0
7 20 3 0 0 0 0 0 0 0 0 0 0 0 0 0 0 0 0 0 0 0 0 0 0 0 0
7 20 4 0 0 0 0 0 0 0 0 0 0 0 0 0 0 0 0 0 0 0 0 0 0 0 0
7 20 5 0 0 0 0 0 0 0 0 0 0 0 0 0 0 0 0 0 0 0 0 0 0 0 0
7 20 6 0 0 0 0 0 0 0 0 0 0 0 0 0 0 0 0 0 0 0 0 0 0 0 0
7 20 7 0 0 0 0 0 0 0 0 0 0 0 0 0 0 0 0 0 0 0 0 0 0 0 0
7 20 8 0 0 0 0 0 0 0 0 0 0 0 0 0 0 0 0 0 0 0 0 0 0 0 0
7 20 9 0 0 0 0 0 0 0 0 0 0 0 0 0 0 0 0 0 0 0 0 0 0 0 0
7 20 10 0 0 0 0 0 0 0 0 0 0 0 0 0 0 0 0 0 0 0 0 0 0 0 0
7 20 11 0 0 0 0 0 0 0 0 0 0 0 0 0 0 0 0 0 0 0 0 0 0 0 0
7 20 12 0 0 0 0 0 0 0 0 0 0 0 0 0 0 0 0 0 0 0 0 0 0 0 0
7 20 13 0 0 0 0 0 0 0 0 0 0 0 0 0 0 0 0 0 0 0 0 0 0 0 0
7 20 14 0 0 0 0 0 0 0 0 0 0 0 0 0 0 0 0 0 0 0 0 0 0 0 0
7 20 15 0 0 0 0 0 0 0 0 0 0 0 0 0 0 0 0 0 0 0 0 0 0 0 0
7 20 16 0 0 0 0 0 0 0 0 0 0 0 0 0 0 0 0 0 0 0 0 0 0 0 0
7 20 17 0 0 0 0 0 0 0 0 0 0 0 0 0 0 0 0 0 0 0 0 0 0 0 0
7 20 18 0 0 0 0 0 0 0 0 0 0 0 0 0 0 0 0 0 0 0 0 0 0 0 0
7 20 19 0 0 0 0 0 0 0 0 0 0 0 0 0 0 0 0 0 0 0 0 0 0 0 0
7 20 20 0 0 0 0 0 0 0 0 0 0 0 0 0 0 0 0 0 0 0 0 0 0 0 0
7 20 21 0 0 0 0 0 0 0 0 0 0 0 0 0 0 0 0 0 0 0 0 0 0 0 0
7 20 22 0 0 0 0 0 0 0 0 0 0 0 0 0 0 0 0 0 0 0 0 0 0 0 0
7 20 23 0 0 0 0 0 0 0 0 0 0 0 0 0 0 0 0 0 0 0 0 0 0 0 0
7 20 24 0 0 0 0 0 0 0 0 0 0 0 0 0 0 0 0 0 0 0 0 0 0 0 0
7 20 25 0 0 0 0 0 0 0 0 0 0 0 0 0 0 0 0 0 0 0 0 0 0 0 0
7 20 26 0 0 0 0 0 0 0 0 0 0 0 0 0 0 0 0 0 0 0 0 0 0 0 0
7 20 27 0 0 0 0 0 0 0 0 0 0 0 0 0 0 0 0 0 0 0 0 0 0 0 0
7 20 28 0 0 0 0 0 0 0 0 0 0 0 0 0 0 0 0 0 0 0 0 0 0 0 0
7 20 29 0 0 0 0 0 0 0 0 0 0 0 0 0 0 0 0 0 0 0 0 0 0 0 0
7 20 30 0 0 0 0 0 0 0 0 0 0 0 0 0 0 0 0 0 0 0 0 0 0 0 0
7 20 31 0 0 0 0 0 0 0 0 0 0 0 0 0 0 0 0 0 0 0 0 0 0 0 0
7 21 0 0 0 0 0 0 0 0 0 0 0 0 0 0 0 0 0 0 0 0 0 0 0 0 0
7 21 1 0 0 0 0 0 0 0 0 0 0 0 0 0 0 0 0 0 0 0 0 0 0 0 0
7 21 2 0 0 0 0 0 0 0 0 0 0 0 0 0 0 0 0 0 0 0 0 0 0 0 0
7 21 3 0 0 0 0 0 0 0 0 0 0 0 0 0 0 0 0 0 0 0 0 0 0 0 0
7 21 4 0 0 0 0 0 0 0 0 0 0 0 0 0 0 0 0 0 0 0 0 0 0 0 0
7 21 5 0 0 0 0 0 0 0 0 0 0 0 0 0 0 0 0 0 0 0 0 0 0 0 0
7 21 6 0 0 0 0 0 0 0 0 0 0 0 0 0 0 0 0 0 0 0 0 0 0 0 0
7 21 7 0 0 0 0 0 0 0 0 0 0 0 0 0 0 0 0 0 0 0 0 0 0 0 0
7 21 8 0 0 0 0 0 0 0 0 0 0 0 0 0 0 0 0 0 0 0 0 0 0 0 0
7 21 9 0 0 0 0 0 0 0 0 0 0 0 0 0 0 0 0 0 0 0 0 0 0 0 0
7 21 10 0 0 0 0 0 0 0 0 0 0 0 0 0 0 0 0 0 0 0 0 0 0 0 0
7 21 11 0 0 0 0 0 0 0 0 0 0 0 0 0 0 0 0 0 0 0 0 0 0 0 0
7 21 12 0 0 0 0 0 0 0 0 0 0 0 0 0 0 0 0 0 0 0 0 0 0 0 0
7 21 13 0 0 0 0 0 0 0 0 0 0 0 0 0 0 0 0 0 0 0 0 0 0 0 0
7 21 14 0 0 0 0 0 0 0 0 0 0 0 0 0 0 0 0 0 0 0 0 0 0 0 0
7 21 15 0 0 0 0 0 0 0 0 0 0 0 0 0 0 0 0 0 0 0 0 0 0 0 0
7 21 16 0 0 0 0 0 0 0 0 0 0 0 0 0 0 0 0 0 0 0 0 0 0 0 0
7 21 17 0 0 0 0 0 0 0 0 0 0 0 0 0 0 0 0 0 0 0 0 0 0 0 0
7 21 18 0 0 0 0 0 0 0 0 0 0 0 0 0 0 0 0 0 0 0 0 0 0 0 0
7 21 19 0 0 0 0 0 0 0 0 0 0 0 0 0 0 0 0 0 0 0 0 0 0 0 0
7 21 20 0 0 0 0 0 0 0 0 0 0 0 0 0 0 0 0 0 0 0 0 0 0 0 0
7 21 21 0 0 0 0 0 0 0 0 0 0 0 0 0 0 0 0 0 0 0 0 0 0 0 0
7 21 22 0 0 0 0 0 0 0 0 0 0 0 0 0 0 0 0 0 0 0 0 0 0 0 0
7 21 23 0 0 0 0 0 0 0 0 0 0 0 0 0 0 0 0 0 0 0 0 0 0 0 0
7 21 24 0 0 0 0 0 0 0 0 0 0 0 0 0 0 0 0 0 0 0 0 0 0 0 0
7 21 25 0 0 0 0 0 0 0 0 0 0 0 0 0 0 0 0 0 0 0 0 0 0 0 0
7 21 26 0 0 0 0 0 0 0 0 0 0 0 0 0 0 0 0 0 0 0 0 0 0 0 0
7 21 27 0 0 0 0 0 0 0 0 0 0 0 0 0 0 0 0 0 0 0 0 0 0 0 0
7 21 28 0 0 0 0 0 0 0 0 0 0 0 0 0 0 0 0 0 0 0 0 0 0 0 0
7 21 29 0 0 0 0 0 0 0 0 0 0 0 0 0 0 0 0 0 0 0 0 0 0 0 0
7 21 30 0 0 0 0 0 0 0 0 0 0 0 0 0 0 0 0 0 0 0 0 0 0 0 0
7 21 31 0 0 0 0 0 0 0 0 0 0 0 0 0 0 0 0 0 0 0 0 0 0 0 0
7 22 0 0 0 0 0 0 0 0 0 0 0 0 0 0 0 0 0 0 0 0 0 0 0 0 0
7 22 1 0 0 0 0 0 0 0 0 0 0 0 0 0 0 0 0 0 0 0 0 0 0 0 0
7 22 2 0 0 0 0 0 0 0 0 0 0 0 0 0 0 0 0 0 0 0 0 0 0 0 0
7 22 3 0 0 0 0 0 0 0 0 0 0 0 0 0 0 0 0 0 0 0 0 0 0 0 0
7 22 4 0 0 0 0 0 0 0 0 0 0 0 0 0 0 0 0 0 0 0 0 0 0 0 0
7 22 5 0 0 0 0 0 0 0 0 0 0 0 0 0 0 0 0 0 0 0 0 0 0 0 0
7 22 6 0 0 0 0 0 0 0 0 0 0 0 0 0 0 0 0 0 0 0 0 0 0 0 0
7 22 7 0 0 0 0 0 0 0 0 0 0 0 0 0 0 0 0 0 0 0 0 0 0 0 0
7 22 8 0 0 0 0 0 0 0 0 0 0 0 0 0 0 0 0 0 0 0 0 0 0 0 0
7 22 9 0 0 0 0 0 0 0 0 0 0 0 0 0 0 0 0 0 0 0 0 0 0 0 0
7 22 10 0 0 0 0 0 0 0 0 0 0 0 0 0 0 0 0 0 0 0 0 0 0 0 0
7 22 11 0 0 0 0 0 0 0 0 0 0 0 0 0 0 0 0 0 0 0 0 0 0 0 0
7 22 12 0 0 0 0 0 0 0 0 0 0 0 0 0 0 0 0 0 0 0 0 0 0 0 0
7 22 13 0 0 0 0 0 0 0 0 0 0 0 0 0 0 0 0 0 0 0 0 0 0 0 0
7 22 14 0 0 0 0 0 0 0 0 0 0 0 0 0 0 0 0 0 0 0 0 0 0 0 0
7 22 15 0 0 0 0 0 0 0 0 0 0 0 0 0 0 0 0 0 0 0 0 0 0 0 0
7 22 16 0 0 0 0 0 0 0 0 0 0 0 0 0 0 0 0 0 0 0 0 0 0 0 0
7 22 17 0 0 0 0 0 0 0 0 0 0 0 0 0 0 0 0 0 0 0 0 0 0 0 0
7 22 18 0 0 0 0 0 0 0 0 0 0 0 0 0 0 0 0 0 0 0 0 0 0 0 0
7 22 19 0 0 0 0 0 0 0 0 0 0 0 0 0 0 0 0 0 0 0 0 0 0 0 0
7 22 20 0 0 0 0 0 0 0 0 0 0 0 0 0 0 0 0 0 0 0 0 0 0 0 0
7 22 21 0 0 0 0 0 0 0 0 0 0 0 0 0 0 0 0 0 0 0 0 0 0 0 0
7 22 22 0 0 0 0 0 0 0 0 0 0 0 0 0 0 0 0 0 0 0 0 0 0 0 0
7 22 23 0 0 0 0 0 0 0 0 0 0 0 0 0 0 0 0 0 0 0 0 0 0 0 0
7 22 24 0 0 0 0 0 0 0 0 0 0 0 0 0 0 0 0 0 0 0 0 0 0 0 0
7 22 25 0 0 0 0 0 0 0 0 0 0 0 0 0 0 0 0 0 0 0 0 0 0 0 0
7 22 26 0 0 0 0 0 0 0 0 0 0 0 0 0 0 0 0 0 0 0 0 0 0 0 0
7 22 27 0 0 0 0 0 0 0 0 0 0 0 0 0 0 0 0 0 0 0 0 0 0 0 0
7 22 28 0 0 0 0 0 0 0 0 0 0 0 0 0 0 0 0 0 0 0 0 0 0 0 0
7 22 29 0 0 0 0 0 0 0 0 0 0 0 0 0 0 0 0 0 0 0 0 0 0 0 0
7 22 30 0 0 0 0 0 0 0 0 0 0 0 0 0 0 0 0 0 0 0 0 0 0 0 0
7 22 31 0 0 0 0 0 0 0 0 0 0 0 0 0 0 0 0 0 0 0 0 0 0 0 0
7 23 0 0 0 0 0 0 0 0 0 0 0 0 0 0 0 0 0 0 0 0 0 0 0 0 0
7 23 1 0 0 0 0 0 0 0 0 0 0 0 0 0 0 0 0 0 0 0 0 0 0 0 0
7 23 2 0 0 0 0 0 0 0 0 0 0 0 0 0 0 0 0 0 0 0 0 0 0 0 0
7 23 3 0 0 0 0 0 0 0 0 0 0 0 0 0 0 0 0 0 0 0 0 0 0 0 0
7 23 4 0 0 0 0 0 0 0 0 0 0 0 0 0 0 0 0 0 0 0 0 0 0 0 0
7 23 5 0 0 0 0 0 0 0 0 0 0 0 0 0 0 0 0 0 0 0 0 0 0 0 0
7 23 6 0 0 0 0 0 0 0 0 0 0 0 0 0 0 0 0 0 0 0 0 0 0 0 0
7 23 7 0 0 0 0 0 0 0 0 0 0 0 0 0 0 0 0 0 0 0 0 0 0 0 0
7 23 8 0 0 0 0 0 0 0 0 0 0 0 0 0 0 0 0 0 0 0 0 0 0 0 0
7 23 9 0 0 0 0 0 0 0 0 0 0 0 0 0 0 0 0 0 0 0 0 0 0 0 0
7 23 10 0 0 0 0 0 0 0 0 0 0 0 0 0 0 0 0 0 0 0 0 0 0 0 0
7 23 11 0 0 0 0 0 0 0 0 0 0 0 0 0 0 0 0 0 0 0 0 0 0 0 0
7 23 12 0 0 0 0 0 0 0 0 0 0 0 0 0 0 0 0 0 0 0 0 0 0 0 0
7 23 13 0 0 0 0 0 0 0 0 0 0 0 0 0 0 0 0 0 0 0 0 0 0 0 0
7 23 14 0 0 0 0 0 0 0 0 0 0 0 0 0 0 0 0 0 0 0 0 0 0 0 0
7 23 15 0 0 0 0 0 0 0 0 0 0 0 0 0 0 0 0 0 0 0 0 0 0 0 0
7 23 16 0 0 0 0 0 0 0 0 0 0 0 0 0 0 0 0 0 0 0 0 0 0 0 0
7 23 17 0 0 0 0 0 0 0 0 0 0 0 0 0 0 0 0 0 0 0 0 0 0 0 0
7 23 18 0 0 0 0 0 0 0 0 0 0 0 0 0 0 0 0 0 0 0 0 0 0 0 0
7 23 19 0 0 0 0 0 0 0 0 0 0 0 0 0 0 0 0 0 0 0 0 0 0 0 0
7 23 20 0 0 0 0 0 0 0 0 0 0 0 0 0 0 0 0 0 0 0 0 0 0 0 0
7 23 21 0 0 0 0 0 0 0 0 0 0 0 0 0 0 0 0 0 0 0 0 0 0 0 0
7 23 22 0 0 0 0 0 0 0 0 0 0 0 0 0 0 0 0 0 0 0 0 0 0 0 0
7 23 23 0 0 0 0 0 0 0 0 0 0 0 0 0 0 0 0 0 0 0 0 0 0 0 0
7 23 24 0 0 0 0 0 0 0 0 0 0 0 0 0 0 0 0 0 0 0 0 0 0 0 0
7 23 25 0 0 0 0 0 0 0 0 0 0 0 0 0 0 0 0 0 0 0 0 0 0 0 0
7 23 26 0 0 0 0 0 0 0 0 0 0 0 0 0 0 0 0 0 0 0 0 0 0 0 0
7 23 27 0 0 0 0 0 0 0 0 0 0 0 0 0 0 0 0 0 0 0 0 0 0 0 0
7 23 28 0 0 0 0 0 0 0 0 0 0 0 0 0 0 0 0 0 0 0 0 0 0 0 0
7 23 29 0 0 0 0 0 0 0 0 0 0 0 0 0 0 0 0 0 0 0 0 0 0 0 0
7 23 30 0 0 0 0 0 0 0 0 0 0 0 0 0 0 0 0 0 0 0 0 0 0 0 0
7 23 31 0 0 0 0 0 0 0 0 0 0 0 0 0 0 0 0 0 0 0 0 0 0 0 0
7 24 0 0 0 0 0 0 0 0 0 0 0 0 0 0 0 0 0 0 0 0 0 0 0 0 0
7 24 1 0 0 0 0 0 0 0 0 0 0 0 0 0 0 0 0 0 0 0 0 0 0 0 0
7 24 2 0 0 0 0 0 0 0 0 0 0 0 0 0 0 0 0 0 0 0 0 0 0 0 0
7 24 3 0 0 0 0 0 0 0 0 0 0 0 0 0 0 0 0 0 0 0 0 0 0 0 0
7 24 4 0 0 0 0 0 0 0 0 0 0 0 0 0 0 0 0 0 0 0 0 0 0 0 0
7 24 5 0 0 0 0 0 0 0 0 0 0 0 0 0 0 0 0 0 0 0 0 0 0 0 0
7 24 6 0 0 0 0 0 0 0 0 0 0 0 0 0 0 0 0 0 0 0 0 0 0 0 0
7 24 7 0 0 0 0 0 0 0 0 0 0 0 0 0 0 0 0 0 0 0 0 0 0 0 0
7 24 8 0 0 0 0 0 0 0 0 0 0 0 0 0 0 0 0 0 0 0 0 0 0 0 0
7 24 9 0 0 0 0 0 0 0 0 0 0 0 0 0 0 0 0 0 0 0 0 0 0 0 0
7 24 10 0 0 0 0 0 0 0 0 0 0 0 0 0 0 0 0 0 0 0 0 0 0 0 0
7 24 11 0 0 0 0 0 0 0 0 0 0 0 0 0 0 0 0 0 0 0 0 0 0 0 0
7 24 12 0 0 0 0 0 0 0 0 0 0 0 0 0 0 0 0 0 0 0 0 0 0 0 0
7 24 13 0 0 0 0 0 0 0 0 0 0 0 0 0 0 0 0 0 0 0 0 0 0 0 0
7 24 14 0 0 0 0 0 0 0 0 0 0 0 0 0 0 0 0 0 0 0 0 0 0 0 0
7 24 15 0 0 0 0 0 0 0 0 0 0 0 0 0 0 0 0 0 0 0 0 0 0 0 0
7 24 16 0 0 0 0 0 0 0 0 0 0 0 0 0 0 0 0 0 0 0 0 0 0 0 0
7 24 17 0 0 0 0 0 0 0 0 0 0 0 0 0 0 0 0 0 0 0 0 0 0 0 0
7 24 18 0 0 0 0 0 0 0 0 0 0 0 0 0 0 0 0 0 0 0 0 0 0 0 0
7 24 19 0 0 0 0 0 0 0 0 0 0 0 0 0 0 0 0 0 0 0 0 0 0 0 0
7 24 20 0 0 0 0 0 0 0 0 0 0 0 0 0 0 0 0 0 0 0 0 0 0 0 0
7 24 21 0 0 0 0 0 0 0 0 0 0 0 0 0 0 0 0 0 0 0 0 0 0 0 0
7 24 22 0 0 0 0 0 0 0 0 0 0 0 0 0 0 0 0 0 0 0 0 0 0 0 0
7 24 23 0 0 0 0 0 0 0 0 0 0 0 0 0 0 0 0 0 0 0 0 0 0 0 0
7 24 24 0 0 0 0 0 0 0 0 0 0 0 0 0 0 0 0 0 0 0 0 0 0 0 0
7 24 25 0 0 0 0 0 0 0 0 0 0 0 0 0 0 0 0 0 0 0 0 0 0 0 0
7 24 26 0 0 0 0 0 0 0 0 0 0 0 0 0 0 0 0 0 0 0 0 0 0 0 0
7 24 27 0 0 0 0 0 0 0 0 0 0 0 0 0 0 0 0 0 0 0 0 0 0 0 0
7 24 28 0 0 0 0 0 0 0 0 0 0 0 0 0 0 0 0 0 0 0 0 0 0 0 0
7 24 29 0 0 0 0 0 0 0 0 0 0 0 0 0 0 0 0 0 0 0 0 0 0 0 0
7 24 30 0 0 0 0 0 0 0 0 0 0 0 0 0 0 0 0 0 0 0 0 0 0 0 0
7 24 31 0 0 0 0 0 0 0 0 0 0 0 0 0 0 0 0 0 0 0 0 0 0 0 0
7 25 0 0 0 0 0 0 0 0 0 0 0 0 0 0 0 0 0 0 0 0 0 0 0 0 0
7 25 1 0 0 0 0 0 0 0 0 0 0 0 0 0 0 0 0 0 0 0 0 0 0 0 0
7 25 2 0 0 0 0 0 0 0 0 0 0 0 0 0 0 0 0 0 0 0 0 0 0 0 0
7 25 3 0 0 0 0 0 0 0 0 0 0 0 0 0 0 0 0 0 0 0 0 0 0 0 0
7 25 4 0 0 0 0 0 0 0 0 0 0 0 0 0 0 0 0 0 0 0 0 0 0 0 0
7 25 5 0 0 0 0 0 0 0 0 0 0 0 0 0 0 0 0 0 0 0 0 0 0 0 0
7 25 6 0 0 0 0 0 0 0 0 0 0 0 0 0 0 0 0 0 0 0 0 0 0 0 0
7 25 7 0 0 0 0 0 0 0 0 0 0 0 0 0 0 0 0 0 0 0 0 0 0 0 0
7 25 8 0 0 0 0 0 0 0 0 0 0 0 0 0 0 0 0 0 0 0 0 0 0 0 0
7 25 9 0 0 0 0 0 0 0 0 0 0 0 0 0 0 0 0 0 0 0 0 0 0 0 0
7 25 10 0 0 0 0 0 0 0 0 0 0 0 0 0 0 0 0 0 0 0 0 0 0 0 0
7 25 11 0 0 0 0 0 0 0 0 0 0 0 0 0 0 0 0 0 0 0 0 0 0 0 0
7 25 12 0 0 0 0 0 0 0 0 0 0 0 0 0 0 0 0 0 0 0 0 0 0 0 0
7 25 13 0 0 0 0 0 0 0 0 0 0 0 0 0 0 0 0 0 0 0 0 0 0 0 0
7 25 14 0 0 0 0 0 0 0 0 0 0 0 0 0 0 0 0 0 0 0 0 0 0 0 0
7 25 15 0 0 0 0 0 0 0 0 0 0 0 0 0 0 0 0 0 0 0 0 0 0 0 0
7 25 16 0 0 0 0 0 0 0 0 0 0 0 0 0 0 0 0 0 0 0 0 0 0 0 0
7 25 17 0 0 0 0 0 0 0 0 0 0 0 0 0 0 0 0 0 0 0 0 0 0 0 0
7 25 18 0 0 0 0 0 0 0 0 0 0 0 0 0 0 0 0 0 0 0 0 0 0 0 0
7 25 19 0 0 0 0 0 0 0 0 0 0 0 0 0 0 0 0 0 0 0 0 0 0 0 0
7 25 20 0 0 0 0 0 0 0 0 0 0 0 0 0 0 0 0 0 0 0 0 0 0 0 0
7 25 21 0 0 0 0 0 0 0 0 0 0 0 0 0 0 0 0 0 0 0 0 0 0 0 0
7 25 22 0 0 0 0 0 0 0 0 0 0 0 0 0 0 0 0 0 0 0 0 0 0 0 0
7 25 23 0 0 0 0 0 0 0 0 0 0 0 0 0 0 0 0 0 0 0 0 0 0 0 0
7 25 24 0 0 0 0 0 0 0 0 0 0 0 0 0 0 0 0 0 0 0 0 0 0 0 0
7 25 25 0 0 0 0 0 0 0 0 0 0 0 0 0 0 0 0 0 0 0 0 0 0 0 0
7 25 26 0 0 0 0 0 0 0 0 0 0 0 0 0 0 0 0 0 0 0 0 0 0 0 0
7 25 27 0 0 0 0 0 0 0 0 0 0 0 0 0 0 0 0 0 0 0 0 0 0 0 0
7 25 28 0 0 0 0 0 0 0 0 0 0 0 0 0 0 0 0 0 0 0 0 0 0 0 0
7 25 29 0 0 0 0 0 0 0 0 0 0 0 0 0 0 0 0 0 0 0 0 0 0 0 0
7 25 30 0 0 0 0 0 0 0 0 0 0 0 0 0 0 0 0 0 0 0 0 0 0 0 0
7 25 31 0 0 0 0 0 0 0 0 0 0 0 0 0 0 0 0 0 0 0 0 0 0 0 0
7 26 0 0 0 0 0 0 0 0 0 0 0 0 0 0 0 0 0 0 0 0 0 0 0 0 0
7 26 1 0 0 0 0 0 0 0 0 0 0 0 0 0 0 0 0 0 0 0 0 0 0 0 0
7 26 2 0 0 0 0 0 0 0 0 0 0 0 0 0 0 0 0 0 0 0 0 0 0 0 0
7 26 3 0 0 0 0 0 0 0 0 0 0 0 0 0 0 0 0 0 0 0 0 0 0 0 0
7 26 4 0 0 0 0 0 0 0 0 0 0 0 0 0 0 0 0 0 0 0 0 0 0 0 0
7 26 5 0 0 0 0 0 0 0 0 0 0 0 0 0 0 0 0 0 0 0 0 0 0 0 0
7 26 6 0 0 0 0 0 0 0 0 0 0 0 0 0 0 0 0 0 0 0 0 0 0 0 0
7 26 7 0 0 0 0 0 0 0 0 0 0 0 0 0 0 0 0 0 0 0 0 0 0 0 0
7 26 8 0 0 0 0 0 0 0 0 0 0 0 0 0 0 0 0 0 0 0 0 0 0 0 0
7 26 9 0 0 0 0 0 0 0 0 0 0 0 0 0 0 0 0 0 0 0 0 0 0 0 0
7 26 10 0 0 0 0 0 0 0 0 0 0 0 0 0 0 0 0 0 0 0 0 0 0 0 0
7 26 11 0 0 0 0 0 0 0 0 0 0 0 0 0 0 0 0 0 0 0 0 0 0 0 0
7 26 12 0 0 0 0 0 0 0 0 0 0 0 0 0 0 0 0 0 0 0 0 0 0 0 0
7 26 13 0 0 0 0 0 0 0 0 0 0 0 0 0 0 0 0 0 0 0 0 0 0 0 0
7 26 14 0 0 0 0 0 0 0 0 0 0 0 0 0 0 0 0 0 0 0 0 0 0 0 0
7 26 15 0 0 0 0 0 0 0 0 0 0 0 0 0 0 0 0 0 0 0 0 0 0 0 0
7 26 16 0 0 0 0 0 0 0 0 0 0 0 0 0 0 0 0 0 0 0 0 0 0 0 0
7 26 17 0 0 0 0 0 0 0 0 0 0 0 0 0 0 0 0 0 0 0 0 0 0 0 0
7 26 18 0 0 0 0 0 0 0 0 0 0 0 0 0 0 0 0 0 0 0 0 0 0 0 0
7 26 19 0 0 0 0 0 0 0 0 0 0 0 0 0 0 0 0 0 0 0 0 0 0 0 0
7 26 20 0 0 0 0 0 0 0 0 0 0 0 0 0 0 0 0 0 0 0 0 0 0 0 0
7 26 21 0 0 0 0 0 0 0 0 0 0 0 0 0 0 0 0 0 0 0 0 0 0 0 0
7 26 22 0 0 0 0 0 0 0 0 0 0 0 0 0 0 0 0 0 0 0 0 0 0 0 0
7 26 23 0 0 0 0 0 0 0 0 0 0 0 0 0 0 0 0 0 0 0 0 0 0 0 0
7 26 24 0 0 0 0 0 0 0 0 0 0 0 0 0 0 0 0 0 0 0 0 0 0 0 0
7 26 25 0 0 0 0 0 0 0 0 0 0 0 0 0 0 0 0 0 0 0 0 0 0 0 0
7 26 26 0 0 0 0 0 0 0 0 0 0 0 0 0 0 0 0 0 0 0 0 0 0 0 0
7 26 27 0 0 0 0 0 0 0 0 0 0 0 0 0 0 0 0 0 0 0 0 0 0 0 0
7 26 28 0 0 0 0 0 0 0 0 0 0 0 0 0 0 0 0 0 0 0 0 0 0 0 0
7 26 29 0 0 0 0 0 0 0 0 0 0 0 0 0 0 0 0 0 0 0 0 0 0 0 0
7 26 30 0 0 0 0 0 0 0 0 0 0 0 0 0 0 0 0 0 0 0 0 0 0 0 0
7 26 31 0 0 0 0 0 0 0 0 0 0 0 0 0 0 0 0 0 0 0 0 0 0 0 0
7 27 0 0 0 0 0 0 0 0 0 0 0 0 0 0 0 0 0 0 0 0 0 0 0 0 0
7 27 1 0 0 0 0 0 0 0 0 0 0 0 0 0 0 0 0 0 0 0 0 0 0 0 0
7 27 2 0 0 0 0 0 0 0 0 0 0 0 0 0 0 0 0 0 0 0 0 0 0 0 0
7 27 3 0 0 0 0 0 0 0 0 0 0 0 0 0 0 0 0 0 0 0 0 0 0 0 0
7 27 4 0 0 0 0 0 0 0 0 0 0 0 0 0 0 0 0 0 0 0 0 0 0 0 0
7 27 5 0 0 0 0 0 0 0 0 0 0 0 0 0 0 0 0 0 0 0 0 0 0 0 0
7 27 6 0 0 0 0 0 0 0 0 0 0 0 0 0 0 0 0 0 0 0 0 0 0 0 0
7 27 7 0 0 0 0 0 0 0 0 0 0 0 0 0 0 0 0 0 0 0 0 0 0 0 0
7 27 8 0 0 0 0 0 0 0 0 0 0 0 0 0 0 0 0 0 0 0 0 0 0 0 0
7 27 9 0 0 0 0 0 0 0 0 0 0 0 0 0 0 0 0 0 0 0 0 0 0 0 0
7 27 10 0 0 0 0 0 0 0 0 0 0 0 0 0 0 0 0 0 0 0 0 0 0 0 0
7 27 11 0 0 0 0 0 0 0 0 0 0 0 0 0 0 0 0 0 0 0 0 0 0 0 0
7 27 12 0 0 0 0 0 0 0 0 0 0 0 0 0 0 0 0 0 0 0 0 0 0 0 0
7 27 13 0 0 0 0 0 0 0 0 0 0 0 0 0 0 0 0 0 0 0 0 0 0 0 0
7 27 14 0 0 0 0 0 0 0 0 0 0 0 0 0 0 0 0 0 0 0 0 0 0 0 0
7 27 15 0 0 0 0 0 0 0 0 0 0 0 0 0 0 0 0 0 0 0 0 0 0 0 0
7 27 16 0 0 0 0 0 0 0 0 0 0 0 0 0 0 0 0 0 0 0 0 0 0 0 0
7 27 17 0 0 0 0 0 0 0 0 0 0 0 0 0 0 0 0 0 0 0 0 0 0 0 0
7 27 18 0 0 0 0 0 0 0 0 0 0 0 0 0 0 0 0 0 0 0 0 0 0 0 0
7 27 19 0 0 0 0 0 0 0 0 0 0 0 0 0 0 0 0 0 0 0 0 0 0 0 0
7 27 20 0 0 0 0 0 0 0 0 0 0 0 0 0 0 0 0 0 0 0 0 0 0 0 0
7 27 21 0 0 0 0 0 0 0 0 0 0 0 0 0 0 0 0 0 0 0 0 0 0 0 0
7 27 22 0 0 0 0 0 0 0 0 0 0 0 0 0 0 0 0 0 0 0 0 0 0 0 0
7 27 23 0 0 0 0 0 0 0 0 0 0 0 0 0 0 0 0 0 0 0 0 0 0 0 0
7 27 24 0 0 0 0 0 0 0 0 0 0 0 0 0 0 0 0 0 0 0 0 0 0 0 0
7 27 25 0 0 0 0 0 0 0 0 0 0 0 0 0 0 0 0 0 0 0 0 0 0 0 0
7 27 26 0 0 0 0 0 0 0 0 0 0 0 0 0 0 0 0 0 0 0 0 0 0 0 0
7 27 27 0 0 0 0 0 0 0 0 0 0 0 0 0 0 0 0 0 0 0 0 0 0 0 0
7 27 28 0 0 0 0 0 0 0 0 0 0 0 0 0 0 0 0 0 0 0 0 0 0 0 0
7 27 29 0 0 0 0 0 0 0 0 0 0 0 0 0 0 0 0 0 0 0 0 0 0 0 0
7 27 30 0 0 0 0 0 0 0 0 0 0 0 0 0 0 0 0 0 0 0 0 0 0 0 0
7 27 31 0 0 0 0 0 0 0 0 0 0 0 0 0 0 0 0 0 0 0 0 0 0 0 0
7 28 0 0 0 0 0 0 0 0 0 0 0 0 0 0 0 0 0 0 0 0 0 0 0 0 0
7 28 1 0 0 0 0 0 0 0 0 0 0 0 0 0 0 0 0 0 0 0 0 0 0 0 0
7 28 2 0 0 0 0 0 0 0 0 0 0 0 0 0 0 0 0 0 0 0 0 0 0 0 0
7 28 3 0 0 0 0 0 0 0 0 0 0 0 0 0 0 0 0 0 0 0 0 0 0 0 0
7 28 4 0 0 0 0 0 0 0 0 0 0 0 0 0 0 0 0 0 0 0 0 0 0 0 0
7 28 5 0 0 0 0 0 0 0 0 0 0 0 0 0 0 0 0 0 0 0 0 0 0 0 0
7 28 6 0 0 0 0 0 0 0 0 0 0 0 0 0 0 0 0 0 0 0 0 0 0 0 0
7 28 7 0 0 0 0 0 0 0 0 0 0 0 0 0 0 0 0 0 0 0 0 0 0 0 0
7 28 8 0 0 0 0 0 0 0 0 0 0 0 0 0 0 0 0 0 0 0 0 0 0 0 0
7 28 9 0 0 0 0 0 0 0 0 0 0 0 0 0 0 0 0 0 0 0 0 0 0 0 0
7 28 10 0 0 0 0 0 0 0 0 0 0 0 0 0 0 0 0 0 0 0 0 0 0 0 0
7 28 11 0 0 0 0 0 0 0 0 0 0 0 0 0 0 0 0 0 0 0 0 0 0 0 0
7 28 12 0 0 0 0 0 0 0 0 0 0 0 0 0 0 0 0 0 0 0 0 0 0 0 0
7 28 13 0 0 0 0 0 0 0 0 0 0 0 0 0 0 0 0 0 0 0 0 0 0 0 0
7 28 14 0 0 0 0 0 0 0 0 0 0 0 0 0 0 0 0 0 0 0 0 0 0 0 0
7 28 15 0 0 0 0 0 0 0 0 0 0 0 0 0 0 0 0 0 0 0 0 0 0 0 0
7 28 16 0 0 0 0 0 0 0 0 0 0 0 0 0 0 0 0 0 0 0 0 0 0 0 0
7 28 17 0 0 0 0 0 0 0 0 0 0 0 0 0 0 0 0 0 0 0 0 0 0 0 0
7 28 18 0 0 0 0 0 0 0 0 0 0 0 0 0 0 0 0 0 0 0 0 0 0 0 0
7 28 19 0 0 0 0 0 0 0 0 0 0 0 0 0 0 0 0 0 0 0 0 0 0 0 0
7 28 20 0 0 0 0 0 0 0 0 0 0 0 0 0 0 0 0 0 0 0 0 0 0 0 0
7 28 21 0 0 0 0 0 0 0 0 0 0 0 0 0 0 0 0 0 0 0 0 0 0 0 0
7 28 22 0 0 0 0 0 0 0 0 0 0 0 0 0 0 0 0 0 0 0 0 0 0 0 0
7 28 23 0 0 0 0 0 0 0 0 0 0 0 0 0 0 0 0 0 0 0 0 0 0 0 0
7 28 24 0 0 0 0 0 0 0 0 0 0 0 0 0 0 0 0 0 0 0 0 0 0 0 0
7 28 25 0 0 0 0 0 0 0 0 0 0 0 0 0 0 0 0 0 0 0 0 0 0 0 0
7 28 26 0 0 0 0 0 0 0 0 0 0 0 0 0 0 0 0 0 0 0 0 0 0 0 0
7 28 27 0 0 0 0 0 0 0 0 0 0 0 0 0 0 0 0 0 0 0 0 0 0 0 0
7 28 28 0 0 0 0 0 0 0 0 0 0 0 0 0 0 0 0 0 0 0 0 0 0 0 0
7 28 29 0 0 0 0 0 0 0 0 0 0 0 0 0 0 0 0 0 0 0 0 0 0 0 0
7 28 30 0 0 0 0 0 0 0 0 0 0 0 0 0 0 0 0 0 0 0 0 0 0 0 0
7 28 31 0 0 0 0 0 0 0 0 0 0 0 0 0 0 0 0 0 0 0 0 0 0 0 0
7 29 0 0 0 0 0 0 0 0 0 0 0 0 0 0 0 0 0 0 0 0 0 0 0 0 0
7 29 1 0 0 0 0 0 0 0 0 0 0 0 0 0 0 0 0 0 0 0 0 0 0 0 0
7 29 2 0 0 0 0 0 0 0 0 0 0 0 0 0 0 0 0 0 0 0 0 0 0 0 0
7 29 3 0 0 0 0 0 0 0 0 0 0 0 0 0 0 0 0 0 0 0 0 0 0 0 0
7 29 4 0 0 0 0 0 0 0 0 0 0 0 0 0 0 0 0 0 0 0 0 0 0 0 0
7 29 5 0 0 0 0 0 0 0 0 0 0 0 0 0 0 0 0 0 0 0 0 0 0 0 0
7 29 6 0 0 0 0 0 0 0 0 0 0 0 0 0 0 0 0 0 0 0 0 0 0 0 0
7 29 7 0 0 0 0 0 0 0 0 0 0 0 0 0 0 0 0 0 0 0 0 0 0 0 0
7 29 8 0 0 0 0 0 0 0 0 0 0 0 0 0 0 0 0 0 0 0 0 0 0 0 0
7 29 9 0 0 0 0 0 0 0 0 0 0 0 0 0 0 0 0 0 0 0 0 0 0 0 0
7 29 10 0 0 0 0 0 0 0 0 0 0 0 0 0 0 0 0 0 0 0 0 0 0 0 0
7 29 11 0 0 0 0 0 0 0 0 0 0 0 0 0 0 0 0 0 0 0 0 0 0 0 0
7 29 12 0 0 0 0 0 0 0 0 0 0 0 0 0 0 0 0 0 0 0 0 0 0 0 0
7 29 13 0 0 0 0 0 0 0 0 0 0 0 0 0 0 0 0 0 0 0 0 0 0 0 0
7 29 14 0 0 0 0 0 0 0 0 0 0 0 0 0 0 0 0 0 0 0 0 0 0 0 0
7 29 15 0 0 0 0 0 0 0 0 0 0 0 0 0 0 0 0 0 0 0 0 0 0 0 0
7 29 16 0 0 0 0 0 0 0 0 0 0 0 0 0 0 0 0 0 0 0 0 0 0 0 0
7 29 17 0 0 0 0 0 0 0 0 0 0 0 0 0 0 0 0 0 0 0 0 0 0 0 0
7 29 18 0 0 0 0 0 0 0 0 0 0 0 0 0 0 0 0 0 0 0 0 0 0 0 0
7 29 19 0 0 0 0 0 0 0 0 0 0 0 0 0 0 0 0 0 0 0 0 0 0 0 0
7 29 20 0 0 0 0 0 0 0 0 0 0 0 0 0 0 0 0 0 0 0 0 0 0 0 0
7 29 21 0 0 0 0 0 0 0 0 0 0 0 0 0 0 0 0 0 0 0 0 0 0 0 0
7 29 22 0 0 0 0 0 0 0 0 0 0 0 0 0 0 0 0 0 0 0 0 0 0 0 0
7 29 23 0 0 0 0 0 0 0 0 0 0 0 0 0 0 0 0 0 0 0 0 0 0 0 0
7 29 24 0 0 0 0 0 0 0 0 0 0 0 0 0 0 0 0 0 0 0 0 0 0 0 0
7 29 25 0 0 0 0 0 0 0 0 0 0 0 0 0 0 0 0 0 0 0 0 0 0 0 0
7 29 26 0 0 0 0 0 0 0 0 0 0 0 0 0 0 0 0 0 0 0 0 0 0 0 0
7 29 27 0 0 0 0 0 0 0 0 0 0 0 0 0 0 0 0 0 0 0 0 0 0 0 0
7 29 28 0 0 0 0 0 0 0 0 0 0 0 0 0 0 0 0 0 0 0 0 0 0 0 0
7 29 29 0 0 0 0 0 0 0 0 0 0 0 0 0 0 0 0 0 0 0 0 0 0 0 0
7 29 30 0 0 0 0 0 0 0 0 0 0 0 0 0 0 0 0 0 0 0 0 0 0 0 0
7 29 31 0 0 0 0 0 0 0 0 0 0 0 0 0 0 0 0 0 0 0 0 0 0 0 0
7 30 0 0 0 0 0 0 0 0 0 0 0 0 0 0 0 0 0 0 0 0 0 0 0 0 0
7 30 1 0 0 0 0 0 0 0 0 0 0 0 0 0 0 0 0 0 0 0 0 0 0 0 0
7 30 2 0 0 0 0 0 0 0 0 0 0 0 0 0 0 0 0 0 0 0 0 0 0 0 0
7 30 3 0 0 0 0 0 0 0 0 0 0 0 0 0 0 0 0 0 0 0 0 0 0 0 0
7 30 4 0 0 0 0 0 0 0 0 0 0 0 0 0 0 0 0 0 0 0 0 0 0 0 0
7 30 5 0 0 0 0 0 0 0 0 0 0 0 0 0 0 0 0 0 0 0 0 0 0 0 0
7 30 6 0 0 0 0 0 0 0 0 0 0 0 0 0 0 0 0 0 0 0 0 0 0 0 0
7 30 7 0 0 0 0 0 0 0 0 0 0 0 0 0 0 0 0 0 0 0 0 0 0 0 0
7 30 8 0 0 0 0 0 0 0 0 0 0 0 0 0 0 0 0 0 0 0 0 0 0 0 0
7 30 9 0 0 0 0 0 0 0 0 0 0 0 0 0 0 0 0 0 0 0 0 0 0 0 0
7 30 10 0 0 0 0 0 0 0 0 0 0 0 0 0 0 0 0 0 0 0 0 0 0 0 0
7 30 11 0 0 0 0 0 0 0 0 0 0 0 0 0 0 0 0 0 0 0 0 0 0 0 0
7 30 12 0 0 0 0 0 0 0 0 0 0 0 0 0 0 0 0 0 0 0 0 0 0 0 0
7 30 13 0 0 0 0 0 0 0 0 0 0 0 0 0 0 0 0 0 0 0 0 0 0 0 0
7 30 14 0 0 0 0 0 0 0 0 0 0 0 0 0 0 0 0 0 0 0 0 0 0 0 0
7 30 15 0 0 0 0 0 0 0 0 0 0 0 0 0 0 0 0 0 0 0 0 0 0 0 0
7 30 16 0 0 0 0 0 0 0 0 0 0 0 0 0 0 0 0 0 0 0 0 0 0 0 0
7 30 17 0 0 0 0 0 0 0 0 0 0 0 0 0 0 0 0 0 0 0 0 0 0 0 0
7 30 18 0 0 0 0 0 0 0 0 0 0 0 0 0 0 0 0 0 0 0 0 0 0 0 0
7 30 19 0 0 0 0 0 0 0 0 0 0 0 0 0 0 0 0 0 0 0 0 0 0 0 0
7 30 20 0 0 0 0 0 0 0 0 0 0 0 0 0 0 0 0 0 0 0 0 0 0 0 0
7 30 21 0 0 0 0 0 0 0 0 0 0 0 0 0 0 0 0 0 0 0 0 0 0 0 0
7 30 22 0 0 0 0 0 0 0 0 0 0 0 0 0 0 0 0 0 0 0 0 0 0 0 0
7 30 23 0 0 0 0 0 0 0 0 0 0 0 0 0 0 0 0 0 0 0 0 0 0 0 0
7 30 24 0 0 0 0 0 0 0 0 0 0 0 0 0 0 0 0 0 0 0 0 0 0 0 0
7 30 25 0 0 0 0 0 0 0 0 0 0 0 0 0 0 0 0 0 0 0 0 0 0 0 0
7 30 26 0 0 0 0 0 0 0 0 0 0 0 0 0 0 0 0 0 0 0 0 0 0 0 0
7 30 27 0 0 0 0 0 0 0 0 0 0 0 0 0 0 0 0 0 0 0 0 0 0 0 0
7 30 28 0 0 0 0 0 0 0 0 0 0 0 0 0 0 0 0 0 0 0 0 0 0 0 0
7 30 29 0 0 0 0 0 0 0 0 0 0 0 0 0 0 0 0 0 0 0 0 0 0 0 0
7 30 30 0 0 0 0 0 0 0 0 0 0 0 0 0 0 0 0 0 0 0 0 0 0 0 0
7 30 31 0 0 0 0 0 0 0 0 0 0 0 0 0 0 0 0 0 0 0 0 0 0 0 0
7 31 0 0 0 0 0 0 0 0 0 0 0 0 0 0 0 0 0 0 0 0 0 0 0 0 0
7 31 1 0 0 0 0 0 0 0 0 0 0 0 0 0 0 0 0 0 0 0 0 0 0 0 0
7 31 2 0 0 0 0 0 0 0 0 0 0 0 0 0 0 0 0 0 0 0 0 0 0 0 0
7 31 3 0 0 0 0 0 0 0 0 0 0 0 0 0 0 0 0 0 0 0 0 0 0 0 0
7 31 4 0 0 0 0 0 0 0 0 0 0 0 0 0 0 0 0 0 0 0 0 0 0 0 0
7 31 5 0 0 0 0 0 0 0 0 0 0 0 0 0 0 0 0 0 0 0 0 0 0 0 0
7 31 6 0 0 0 0 0 0 0 0 0 0 0 0 0 0 0 0 0 0 0 0 0 0 0 0
7 31 7 0 0 0 0 0 0 0 0 0 0 0 0 0 0 0 0 0 0 0 0 0 0 0 0
7 31 8 0 0 0 0 0 0 0 0 0 0 0 0 0 0 0 0 0 0 0 0 0 0 0 0
7 31 9 0 0 0 0 0 0 0 0 0 0 0 0 0 0 0 0 0 0 0 0 0 0 0 0
7 31 10 0 0 0 0 0 0 0 0 0 0 0 0 0 0 0 0 0 0 0 0 0 0 0 0
7 31 11 0 0 0 0 0 0 0 0 0 0 0 0 0 0 0 0 0 0 0 0 0 0 0 0
7 31 12 0 0 0 0 0 0 0 0 0 0 0 0 0 0 0 0 0 0 0 0 0 0 0 0
7 31 13 0 0 0 0 0 0 0 0 0 0 0 0 0 0 0 0 0 0 0 0 0 0 0 0
7 31 14 0 0 0 0 0 0 0 0 0 0 0 0 0 0 0 0 0 0 0 0 0 0 0 0
7 31 15 0 0 0 0 0 0 0 0 0 0 0 0 0 0 0 0 0 0 0 0 0 0 0 0
7 31 16 0 0 0 0 0 0 0 0 0 0 0 0 0 0 0 0 0 0 0 0 0 0 0 0
7 31 17 0 0 0 0 0 0 0 0 0 0 0 0 0 0 0 0 0 0 0 0 0 0 0 0
7 31 18 0 0 0 0 0 0 0 0 0 0 0 0 0 0 0 0 0 0 0 0 0 0 0 0
7 31 19 0 0 0 0 0 0 0 0 0 0 0 0 0 0 0 0 0 0 0 0 0 0 0 0
7 31 20 0 0 0 0 0 0 0 0 0 0 0 0 0 0 0 0 0 0 0 0 0 0 0 0
7 31 21 0 0 0 0 0 0 0 0 0 0 0 0 0 0 0 0 0 0 0 0 0 0 0 0
7 31 22 0 0 0 0 0 0 0 0 0 0 0 0 0 0 0 0 0 0 0 0 0 0 0 0
7 31 23 0 0 0 0 0 0 0 0 0 0 0 0 0 0 0 0 0 0 0 0 0 0 0 0
7 31 24 0 0 0 0 0 0 0 0 0 0 0 0 0 0 0 0 0 0 0 0 0 0 0 0
7 31 25 0 0 0 0 0 0 0 0 0 0 0 0 0 0 0 0 0 0 0 0 0 0 0 0
7 31 26 0 0 0 0 0 0 0 0 0 0 0 0 0 0 0 0 0 0 0 0 0 0 0 0
7 31 27 0 0 0 0 0 0 0 0 0 0 0 0 0 0 0 0 0 0 0 0 0 0 0 0
7 31 28 0 0 0 0 0 0 0 0 0 0 0 0 0 0 0 0 0 0 0 0 0 0 0 0
7 31 29 0 0 0 0 0 0 0 0 0 0 0 0 0 0 0 0 0 0 0 0 0 0 0 0
7 31 30 0 0 0 0 0 0 0 0 0 0 0 0 0 0 0 0 0 0 0 0 0 0 0 0
7 31 31 0 0 0 0 0 0 0 0 0 0 0 0 0 0 0 0 0 0 0 0 0 0 0 0
8 0 0 1 0 0 1 1 200 0 0 0 0 0 0 0 0 0 0 0 0 0 0 0 0 0 0
8 0 1 1 0 0 1 2 200 1 0 1 1 0 200 0 0 0 0 0 0 0 0 0 0 0 0
8 0 2 0 0 0 0 0 0 1 0 1 1 1 200 0 0 0 0 0 0 0 0 0 0 0 0
8 0 3 1 0 2 1 0 201 1 0 1 1 2 200 0 0 0 0 0 0 0 0 0 0 0 0
8 0 4 1 0 2 1 1 201 0 0 0 0 0 0 0 0 0 0 0 0 0 0 0 0 0 0
8 0 5 1 0 2 1 2 201 1 0 3 1 0 201 0 0 0 0 0 0 0 0 0 0 0 0
8 0 6 0 0 0 0 0 0 1 0 3 1 1 201 0 0 0 0 0 0 0 0 0 0 0 0
8 0 7 1 0 4 1 0 202 1 0 3 1 2 201 0 0 0 0 0 0 0 0 0 0 0 0
8 0 8 1 0 4 1 1 202 0 0 0 0 0 0 0 0 0 0 0 0 0 0 0 0 0 0
8 0 9 1 0 4 1 2 202 1 0 5 1 0 202 0 0 0 0 0 0 0 0 0 0 0 0
8 0 10 0 0 0 0 0 0 1 0 5 1 1 202 0 0 0 0 0 0 0 0 0 0 0 0
8 0 11 1 0 6 1 0 203 1 0 5 1 2 202 0 0 0 0 0 0 0 0 0 0 0 0
8 0 12 1 0 6 1 1 203 0 0 0 0 0 0 0 0 0 0 0 0 0 0 0 0 0 0
8 0 13 1 0 6 1 2 203 1 0 7 1 0 203 0 0 0 0 0 0 0 0 0 0 0 0
8 0 14 0 0 0 0 0 0 1 0 7 1 1 203 0 0 0 0 0 0 0 0 0 0 0 0
8 0 15 1 0 8 1 0 204 1 0 7 1 2 203 0 0 0 0 0 0 0 0 0 0 0 0
8 0 16 1 0 8 1 1 204 0 0 0 0 0 0 0 0 0 0 0 0 0 0 0 0 0 0
8 0 17 1 0 8 1 2 204 0 0 0 0 0 0 0 0 0 0 0 0 0 0 0 0 0 0
8 0 18 0 0 0 0 0 0 0 0 0 0 0 0 0 0 0 0 0 0 0 0 0 0 0 0
8 0 19 0 0 0 0 0 0 0 0 0 0 0 0 0 0 0 0 0 0 0 0 0 0 0 0
8 0 20 0 0 0 0 0 0 0 0 0 0 0 0 0 0 0 0 0 0 0 0 0 0 0 0
8 0 21 0 0 0 0 0 0 0 0 0 0 0 0 0 0 0 0 0 0 0 0 0 0 0 0
8 0 22 0 0 0 0 0 0 0 0 0 0 0 0 0 0 0 0 0 0 0 0 0 0 0 0
8 0 23 0 0 0 0 0 0 0 0 0 0 0 0 0 0 0 0 0 0 0 0 0 0 0 0
8 0 24 0 0 0 0 0 0 0 0 0 0 0 0 0 0 0 0 0 0 0 0 0 0 0 0
8 0 25 0 0 0 0 0 0 0 0 0 0 0 0 0 0 0 0 0 0 0 0 0 0 0 0
8 0 26 0 0 0 0 0 0 0 0 0 0 0 0 0 0 0 0 0 0 0 0 0 0 0 0
8 0 27 0 0 0 0 0 0 0 0 0 0 0 0 0 0 0 0 0 0 0 0 0 0 0 0
8 0 28 0 0 0 0 0 0 0 0 0 0 0 0 0 0 0 0 0 0 0 0 0 0 0 0
8 0 29 0 0 0 0 0 0 0 0 0 0 0 0 0 0 0 0 0 0 0 0 0 0 0 0
8 0 30 0 0 0 0 0 0 0 0 0 0 0 0 0 0 0 0 0 0 0 0 0 0 0 0
8 0 31 0 0 0 0 0 0 0 0 0 0 0 0 0 0 0 0 0 0 0 0 0 0 0 0
8 1 0 1 0 0 2 1 200 0 0 0 0 0 0 1 1 0 0 1 200 0 0 0 0 0 0
8 1 1 1 0 0 2 2 200 1 0 1 2 0 200 1 1 0 0 2 200 1 1 1 0 0 200
8 1 2 0 0 0 0 0 0 1 0 1 2 1 200 0 0 0 0 0 0 1 1 1 0 1 200
8 1 3 1 0 2 2 0 201 1 0 1 2 2 200 1 1 2 0 0 201 1 1 1 0 2 200
8 1 4 1 0 2 2 1 201 0 0 0 0 0 0 1 1 2 0 1 201 0 0 0 0 0 0
8 1 5 1 0 2 2 2 201 1 0 3 2 0 201 1 1 2 0 2 201 1 1 3 0 0 201
8 1 6 0 0 0 0 0 0 1 0 3 2 1 201 0 0 0 0 0 0 1 1 3 0 1 201
8 1 7 1 0 4 2 0 202 1 0 3 2 2 201 1 1 4 0 0 202 1 1 3 0 2 201
8 1 8 1 0 4 2 1 202 0 0 0 0 0 0 1 1 4 0 1 202 0 0 0 0 0 0
8 1 9 1 0 4 2 2 202 1 0 5 2 0 202 1 1 4 0 2 202 1 1 5 0 0 202
8 1 10 0 0 0 0 0 0 1 0 5 2 1 202 0 0 0 0 0 0 1 1 5 0 1 202
8 1 11 1 0 6 2 0 203 1 0 5 2 2 202 1 1 6 0 0 203 1 1 5 0 2 202
8 1 12 1 0 6 2 1 203 0 0 0 0 0 0 1 1 6 0 1 203 0 0 0 0 0 0
8 1 13 1 0 6 2 2 203 1 0 7 2 0 203 1 1 6 0 2 203 1 1 7 0 0 203
8 1 14 0 0 0 0 0 0 1 0 7 2 1 203 0 0 0 0 0 0 1 1 7 0 1 203
8 1 15 1 0 8 2 0 204 1 0 7 2 2 203 1 1 8 0 0 204 1 1 7 0 2 203
8 1 16 1 0 8 2 1 204 0 0 0 0 0 0 1 1 8 0 1 204 0 0 0 0 0 0
8 1 17 1 0 8 2 2 204 0 0 0 0 0 0 1 1 8 0 2 204 0 0 0 0 0 0
8 1 18 0 0 0 0 0 0 0 0 0 0 0 0 0 0 0 0 0 0 0 0 0 0 0 0
8 1 19 0 0 0 0 0 0 0 0 0 0 0 0 0 0 0 0 0 0 0 0 0 0 0 0
8 1 20 0 0 0 0 0 0 0 0 0 0 0 0 0 0 0 0 0 0 0 0 0 0 0 0
8 1 21 0 0 0 0 0 0 0 0 0 0 0 0 0 0 0 0 0 0 0 0 0 0 0 0
8 1 22 0 0 0 0 0 0 0 0 0 0 0 0 0 0 0 0 0 0 0 0 0 0 0 0
8 1 23 0 0 0 0 0 0 0 0 0 0 0 0 0 0 0 0 0 0 0 0 0 0 0 0
8 1 24 0 0 0 0 0 0 0 0 0 0 0 0 0 0 0 0 0 0 0 0 0 0 0 0
8 1 25 0 0 0 0 0 0 0 0 0 0 0 0 0 0 0 0 0 0 0 0 0 0 0 0
8 1 26 0 0 0 0 0 0 0 0 0 0 0 0 0 0 0 0 0 0 0 0 0 0 0 0
8 1 27 0 0 0 0 0 0 0 0 0 0 0 0 0 0 0 0 0 0 0 0 0 0 0 0
8 1 28 0 0 0 0 0 0 0 0 0 0 0 0 0 0 0 0 0 0 0 0 0 0 0 0
8 1 29 0 0 0 0 0 0 0 0 0 0 0 0 0 0 0 0 0 0 0 0 0 0 0 0
8 1 30 0 0 0 0 0 0 0 0 0 0 0 0 0 0 0 0 0 0 0 0 0 0 0 0
8 1 31 0 0 0 0 0 0 0 0 0 0 0 0 0 0 0 0 0 0 0 0 0 0 0 0
8 2 0 0 0 0 0 0 0 0 0 0 0 0 0 1 1 0 1 1 200 0 0 0 0 0 0
8 2 1 0 0 0 0 0 0 0 0 0 0 0 0 1 1 0 1 2 200 1 1 1 1 0 200
8 2 2 0 0 0 0 0 0 0 0 0 0 0 0 0 0 0 0 0 0 1 1 1 1 1 200
8 2 3 0 0 0 0 0 0 0 0 0 0 0 0 1 1 2 1 0 201 1 1 1 1 2 200
8 2 4 0 0 0 0 0 0 0 0 0 0 0 0 1 1 2 1 1 201 0 0 0 0 0 0
8 2 5 0 0 0 0 0 0 0 0 0 0 0 0 1 1 2 1 2 201 1 1 3 1 0 201
8 2 6 0 0 0 0 0 0 0 0 0 0 0 0 0 0 0 0 0 0 1 1 3 1 1 201
8 2 7 0 0 0 0 0 0 0 0 0 0 0 0 1 1 4 1 0 202 1 1 3 1 2 201
8 2 8 0 0 0 0 0 0 0 0 0 0 0 0 1 1 4 1 1 202 0 0 0 0 0 0
8 2 9 0 0 0 0 0 0 0 0 0 0 0 0 1 1 4 1 2 202 1 1 5 1 0 202
8 2 10 0 0 0 0 0 0 0 0 0 0 0 0 0 0 0 0 0 0 1 1 5 1 1 202
8 2 11 0 0 0 0 0 0 0 0 0 0 0 0 1 1 6 1 0 203 1 1 5 1 2 202
8 2 12 0 0 0 0 0 0 0 0 0 0 0 0 1 1 6 1 1 203 0 0 0 0 0 0
8 2 13 0 0 0 0 0 0 0 0 0 0 0 0 1 1 6 1 2 203 1 1 7 1 0 203
8 2 14 0 0 0 0 0 0 0 0 0 0 0 0 0 0 0 0 0 0 1 1 7 1 1 203
8 2 15 0 0 0 0 0 0 0 0 0 0 0 0 1 1 8 1 0 204 1 1 7 1 2 203
8 2 16 0 0 0 0 0 0 0 0 0 0 0 0 1 1 8 1 1 204 0 0 0 0 0 0
8 2 17 0 0 0 0 0 0 0 0 0 0 0 0 1 1 8 1 2 204 0 0 0 0 0 0
8 2 18 0 0 0 0 0 0 0 0 0 0 0 0 0 0 0 0 0 0 0 0 0 0 0 0
8 2 19 0 0 0 0 0 0 0 0 0 0 0 0 0 0 0 0 0 0 0 0 0 0 0 0
8 2 20 0 0 0 0 0 0 0 0 0 0 0 0 0 0 0 0 0 0 0 0 0 0 0 0
8 2 21 0 0 0 0 0 0 0 0 0 0 0 0 0 0 0 0 0 0 0 0 0 0 0 0
8 2 22 0 0 0 0 0 0 0 0 0 0 0 0 0 0 0 0 0 0 0 0 0 0 0 0
8 2 23 0 0 0 0 0 0 0 0 0 0 0 0 0 0 0 0 0 0 0 0 0 0 0 0
8 2 24 0 0 0 0 0 0 0 0 0 0 0 0 0 0 0 0 0 0 0 0 0 0 0 0
8 2 25 0 0 0 0 0 0 0 0 0 0 0 0 0 0 0 0 0 0 0 0 0 0 0 0
8 2 26 0 0 0 0 0 0 0 0 0 0 0 0 0 0 0 0 0 0 0 0 0 0 0 0
8 2 27 0 0 0 0 0 0 0 0 0 0 0 0 0 0 0 0 0 0 0 0 0 0 0 0
8 2 28 0 0 0 0 0 0 0 0 0 0 0 0 0 0 0 0 0 0 0 0 0 0 0 0
8 2 29 0 0 0 0 0 0 0 0 0 0 0 0 0 0 0 0 0 0 0 0 0 0 0 0
8 2 30 0 0 0 0 0 0 0 0 0 0 0 0 0 0 0 0 0 0 0 0 0 0 0 0
8 2 31 0 0 0 0 0 0 0 0 0 0 0 0 0 0 0 0 0 0 0 0 0 0 0 0
8 3 0 1 2 0 0 1 205 0 0 0 0 0 0 1 1 0 2 1 200 0 0 0 0 0 0
8 3 1 1 2 0 0 2 205 1 2 1 0 0 205 1 1 0 2 2 200 1 1 1 2 0 200
8 3 2 0 0 0 0 0 0 1 2 1 0 1 205 0 0 0 0 0 0 1 1 1 2 1 200
8 3 3 1 2 2 0 0 206 1 2 1 0 2 205 1 1 2 2 0 201 1 1 1 2 2 200
8 3 4 1 2 2 0 1 206 0 0 0 0 0 0 1 1 2 2 1 201 0 0 0 0 0 0
8 3 5 1 2 2 0 2 206 1 2 3 0 0 206 1 1 2 2 2 201 1 1 3 2 0 201
8 3 6 0 0 0 0 0 0 1 2 3 0 1 206 0 0 0 0 0 0 1 1 3 2 1 201
8 3 7 1 2 4 0 0 207 1 2 3 0 2 206 1 1 4 2 0 202 1 1 3 2 2 201
8 3 8 1 2 4 0 1 207 0 0 0 0 0 0 1 1 4 2 1 202 0 0 0 0 0 0
8 3 9 1 2 4 0 2 207 1 2 5 0 0 207 1 1 4 2 2 202 1 1 5 2 0 202
8 3 10 0 0 0 0 0 0 1 2 5 0 1 207 0 0 0 0 0 0 1 1 5 2 1 202
8 3 11 1 2 6 0 0 208 1 2 5 0 2 207 1 1 6 2 0 203 1 1 5 2 2 202
8 3 12 1 2 6 0 1 208 0 0 0 0 0 0 1 1 6 2 1 203 0 0 0 0 0 0
8 3 13 1 2 6 0 2 208 1 2 7 0 0 208 1 1 6 2 2 203 1 1 7 2 0 203
8 3 14 0 0 0 0 0 0 1 2 7 0 1 208 0 0 0 0 0 0 1 1 7 2 1 203
8 3 15 1 2 8 0 0 209 1 2 7 0 2 208 1 1 8 2 0 204 1 1 7 2 2 203
8 3 16 1 2 8 0 1 209 0 0 0 0 0 0 1 1 8 2 1 204 0 0 0 0 0 0
8 3 17 1 2 8 0 2 209 0 0 0 0 0 0 1 1 8 2 2 204 0 0 0 0 0 0
8 3 18 0 0 0 0 0 0 0 0 0 0 0 0 0 0 0 0 0 0 0 0 0 0 0 0
8 3 19 0 0 0 0 0 0 0 0 0 0 0 0 0 0 0 0 0 0 0 0 0 0 0 0
8 3 20 0 0 0 0 0 0 0 0 0 0 0 0 0 0 0 0 0 0 0 0 0 0 0 0
8 3 21 0 0 0 0 0 0 0 0 0 0 0 0 0 0 0 0 0 0 0 0 0 0 0 0
8 3 22 0 0 0 0 0 0 0 0 0 0 0 0 0 0 0 0 0 0 0 0 0 0 0 0
8 3 23 0 0 0 0 0 0 0 0 0 0 0 0 0 0 0 0 0 0 0 0 0 0 0 0
8 3 24 0 0 0 0 0 0 0 0 0 0 0 0 0 0 0 0 0 0 0 0 0 0 0 0
8 3 25 0 0 0 0 0 0 0 0 0 0 0 0 0 0 0 0 0 0 0 0 0 0 0 0
8 3 26 0 0 0 0 0 0 0 0 0 0 0 0 0 0 0 0 0 0 0 0 0 0 0 0
8 3 27 0 0 0 0 0 0 0 0 0 0 0 0 0 0 0 0 0 0 0 0 0 0 0 0
8 3 28 0 0 0 0 0 0 0 0 0 0 0 0 0 0 0 0 0 0 0 0 0 0 0 0
8 3 29 0 0 0 0 0 0 0 0 0 0 0 0 0 0 0 0 0 0 0 0 0 0 0 0
8 3 30 0 0 0 0 0 0 0 0 0 0 0 0 0 0 0 0 0 0 0 0 0 0 0 0
8 3 31 0 0 0 0 0 0 0 0 0 0 0 0 0 0 0 0 0 0 0 0 0 0 0 0
8 4 0 1 2 0 1 1 205 0 0 0 0 0 0 0 0 0 0 0 0 0 0 0 0 0 0
8 4 1 1 2 0 1 2 205 1 2 1 1 0 205 0 0 0 0 0 0 0 0 0 0 0 0
8 4 2 0 0 0 0 0 0 1 2 1 1 1 205 0 0 0 0 0 0 0 0 0 0 0 0
8 4 3 1 2 2 1 0 206 1 2 1 1 2 205 0 0 0 0 0 0 0 0 0 0 0 0
8 4 4 1 2 2 1 1 206 0 0 0 0 0 0 0 0 0 0 0 0 0 0 0 0 0 0
8 4 5 1 2 2 1 2 206 1 2 3 1 0 206 0 0 0 0 0 0 0 0 0 0 0 0
8 4 6 0 0 0 0 0 0 1 2 3 1 1 206 0 0 0 0 0 0 0 0 0 0 0 0
8 4 7 1 2 4 1 0 207 1 2 3 1 2 206 0 0 0 0 0 0 0 0 0 0 0 0
8 4 8 1 2 4 1 1 207 0 0 0 0 0 0 0 0 0 0 0 0 0 0 0 0 0 0
8 4 9 1 2 4 1 2 207 1 2 5 1 0 207 0 0 0 0 0 0 0 0 0 0 0 0
8 4 10 0 0 0 0 0 0 1 2 5 1 1 207 0 0 0 0 0 0 0 0 0 0 0 0
8 4 11 1 2 6 1 0 208 1 2 5 1 2 207 0 0 0 0 0 0 0 0 0 0 0 0
8 4 12 1 2 6 1 1 208 0 0 0 0 0 0 0 0 0 0 0 0 0 0 0 0 0 0
8 4 13 1 2 6 1 2 208 1 2 7 1 0 208 0 0 0 0 0 0 0 0 0 0 0 0
8 4 14 0 0 0 0 0 0 1 2 7 1 1 208 0 0 0 0 0 0 0 0 0 0 0 0
8 4 15 1 2 8 1 0 209 1 2 7 1 2 208 0 0 0 0 0 0 0 0 0 0 0 0
8 4 16 1 2 8 1 1 209 0 0 0 0 0 0 0 0 0 0 0 0 0 0 0 0 0 0
8 4 17 1 2 8 1 2 209 0 0 0 0 0 0 0 0 0 0 0 0 0 0 0 0 0 0
8 4 18 0 0 0 0 0 0 0 0 0 0 0 0 0 0 0 0 0 0 0 0 0 0 0 0
8 4 19 0 0 0 0 0 0 0 0 0 0 0 0 0 0 0 0 0 0 0 0 0 0 0 0
8 4 20 0 0 0 0 0 0 0 0 0 0 0 0 0 0 0 0 0 0 0 0 0 0 0 0
8 4 21 0 0 0 0 0 0 0 0 0 0 0 0 0 0 0 0 0 0 0 0 0 0 0 0
8 4 22 0 0 0 0 0 0 0 0 0 0 0 0 0 0 0 0 0 0 0 0 0 0 0 0
8 4 23 0 0 0 0 0 0 0 0 0 0 0 0 0 0 0 0 0 0 0 0 0 0 0 0
8 4 24 0 0 0 0 0 0 0 0 0 0 0 0 0 0 0 0 0 0 0 0 0 0 0 0
8 4 25 0 0 0 0 0 0 0 0 0 0 0 0 0 0 0 0 0 0 0 0 0 0 0 0
8 4 26 0 0 0 0 0 0 0 0 0 0 0 0 0 0 0 0 0 0 0 0 0 0 0 0
8 4 27 0 0 0 0 0 0 0 0 0 0 0 0 0 0 0 0 0 0 0 0 0 0 0 0
8 4 28 0 0 0 0 0 0 0 0 0 0 0 0 0 0 0 0 0 0 0 0 0 0 0 0
8 4 29 0 0 0 0 0 0 0 0 0 0 0 0 0 0 0 0 0 0 0 0 0 0 0 0
8 4 30 0 0 0 0 0 0 0 0 0 0 0 0 0 0 0 0 0 0 0 0 0 0 0 0
8 4 31 0 0 0 0 0 0 0 0 0 0 0 0 0 0 0 0 0 0 0 0 0 0 0 0
8 5 0 1 2 0 2 1 205 0 0 0 0 0 0 1 3 0 0 1 205 0 0 0 0 0 0
8 5 1 1 2 0 2 2 205 1 2 1 2 0 205 1 3 0 0 2 205 1 3 1 0 0 205
8 5 2 0 0 0 0 0 0 1 2 1 2 1 205 0 0 0 0 0 0 1 3 1 0 1 205
8 5 3 1 2 2 2 0 206 1 2 1 2 2 205 1 3 2 0 0 206 1 3 1 0 2 205
8 5 4 1 2 2 2 1 206 0 0 0 0 0 0 1 3 2 0 1 206 0 0 0 0 0 0
8 5 5 1 2 2 2 2 206 1 2 3 2 0 206 1 3 2 0 2 206 1 3 3 0 0 206
8 5 6 0 0 0 0 0 0 1 2 3 2 1 206 0 0 0 0 0 0 1 3 3 0 1 206
8 5 7 1 2 4 2 0 207 1 2 3 2 2 206 1 3 4 0 0 207 1 3 3 0 2 206
8 5 8 1 2 4 2 1 207 0 0 0 0 0 0 1 3 4 0 1 207 0 0 0 0 0 0
8 5 9 1 2 4 2 2 207 1 2 5 2 0 207 1 3 4 0 2 207 1 3 5 0 0 207
8 5 10 0 0 0 0 0 0 1 2 5 2 1 207 0 0 0 0 0 0 1 3 5 0 1 207
8 5 11 1 2 6 2 0 208 1 2 5 2 2 207 1 3 6 0 0 208 1 3 5 0 2 207
8 5 12 1 2 6 2 1 208 0 0 0 0 0 0 1 3 6 0 1 208 0 0 0 0 0 0
8 5 13 1 2 6 2 2 208 1 2 7 2 0 208 1 3 6 0 2 208 1 3 7 0 0 208
8 5 14 0 0 0 0 0 0 1 2 7 2 1 208 0 0 0 0 0 0 1 3 7 0 1 208
8 5 15 1 2 8 2 0 209 1 2 7 2 2 208 1 3 8 0 0 209 1 3 7 0 2 208
8 5 16 1 2 8 2 1 209 0 0 0 0 0 0 1 3 8 0 1 209 0 0 0 0 0 0
8 5 17 1 2 8 2 2 209 0 0 0 0 0 0 1 3 8 0 2 209 0 0 0 0 0 0
8 5 18 0 0 0 0 0 0 0 0 0 0 0 0 0 0 0 0 0 0 0 0 0 0 0 0
8 5 19 0 0 0 0 0 0 0 0 0 0 0 0 0 0 0 0 0 0 0 0 0 0 0 0
8 5 20 0 0 0 0 0 0 0 0 0 0 0 0 0 0 0 0 0 0 0 0 0 0 0 0
8 5 21 0 0 0 0 0 0 0 0 0 0 0 0 0 0 0 0 0 0 0 0 0 0 0 0
8 5 22 0 0 0 0 0 0 0 0 0 0 0 0 0 0 0 0 0 0 0 0 0 0 0 0
8 5 23 0 0 0 0 0 0 0 0 0 0 0 0 0 0 0 0 0 0 0 0 0 0 0 0
8 5 24 0 0 0 0 0 0 0 0 0 0 0 0 0 0 0 0 0 0 0 0 0 0 0 0
8 5 25 0 0 0 0 0 0 0 0 0 0 0 0 0 0 0 0 0 0 0 0 0 0 0 0
8 5 26 0 0 0 0 0 0 0 0 0 0 0 0 0 0 0 0 0 0 0 0 0 0 0 0
8 5 27 0 0 0 0 0 0 0 0 0 0 0 0 0 0 0 0 0 0 0 0 0 0 0 0
8 5 28 0 0 0 0 0 0 0 0 0 0 0 0 0 0 0 0 0 0 0 0 0 0 0 0
8 5 29 0 0 0 0 0 0 0 0 0 0 0 0 0 0 0 0 0 0 0 0 0 0 0 0
8 5 30 0 0 0 0 0 0 0 0 0 0 0 0 0 0 0 0 0 0 0 0 0 0 0 0
8 5 31 0 0 0 0 0 0 0 0 0 0 0 0 0 0 0 0 0 0 0 0 0 0 0 0
8 6 0 0 0 0 0 0 0 0 0 0 0 0 0 1 3 0 1 1 205 0 0 0 0 0 0
8 6 1 0 0 0 0 0 0 0 0 0 0 0 0 1 3 0 1 2 205 1 3 1 1 0 205
8 6 2 0 0 0 0 0 0 0 0 0 0 0 0 0 0 0 0 0 0 1 3 1 1 1 205
8 6 3 0 0 0 0 0 0 0 0 0 0 0 0 1 3 2 1 0 206 1 3 1 1 2 205
8 6 4 0 0 0 0 0 0 0 0 0 0 0 0 1 3 2 1 1 206 0 0 0 0 0 0
8 6 5 0 0 0 0 0 0 0 0 0 0 0 0 1 3 2 1 2 206 1 3 3 1 0 206
8 6 6 0 0 0 0 0 0 0 0 0 0 0 0 0 0 0 0 0 0 1 3 3 1 1 206
8 6 7 0 0 0 0 0 0 0 0 0 0 0 0 1 3 4 1 0 207 1 3 3 1 2 206
8 6 8 0 0 0 0 0 0 0 0 0 0 0 0 1 3 4 1 1 207 0 0 0 0 0 0
8 6 9 0 0 0 0 0 0 0 0 0 0 0 0 1 3 4 1 2 207 1 3 5 1 0 207
8 6 10 0 0 0 0 0 0 0 0 0 0 0 0 0 0 0 0 0 0 1 3 5 1 1 207
8 6 11 0 0 0 0 0 0 0 0 0 0 0 0 1 3 6 1 0 208 1 3 5 1 2 207
8 6 12 0 0 0 0 0 0 0 0 0 0 0 0 1 3 6 1 1 208 0 0 0 0 0 0
8 6 13 0 0 0 0 0 0 0 0 0 0 0 0 1 3 6 1 2 208 1 3 7 1 0 208
8 6 14 0 0 0 0 0 0 0 0 0 0 0 0 0 0 0 0 0 0 1 3 7 1 1 208
8 6 15 0 0 0 0 0 0 0 0 0 0 0 0 1 3 8 1 0 209 1 3 7 1 2 208
8 6 16 0 0 0 0 0 0 0 0 0 0 0 0 1 3 8 1 1 209 0 0 0 0 0 0
8 6 17 0 0 0 0 0 0 0 0 0 0 0 0 1 3 8 1 2 209 0 0 0 0 0 0
8 6 18 0 0 0 0 0 0 0 0 0 0 0 0 0 0 0 0 0 0 0 0 0 0 0 0
8 6 19 0 0 0 0 0 0 0 0 0 0 0 0 0 0 0 0 0 0 0 0 0 0 0 0
8 6 20 0 0 0 0 0 0 0 0 0 0 0 0 0 0 0 0 0 0 0 0 0 0 0 0
8 6 21 0 0 0 0 0 0 0 0 0 0 0 0 0 0 0 0 0 0 0 0 0 0 0 0
8 6 22 0 0 0 0 0 0 0 0 0 0 0 0 0 0 0 0 0 0 0 0 0 0 0 0
8 6 23 0 0 0 0 0 0 0 0 0 0 0 0 0 0 0 0 0 0 0 0 0 0 0 0
8 6 24 0 0 0 0 0 0 0 0 0 0 0 0 0 0 0 0 0 0 0 0 0 0 0 0
8 6 25 0 0 0 0 0 0 0 0 0 0 0 0 0 0 0 0 0 0 0 0 0 0 0 0
8 6 26 0 0 0 0 0 0 0 0 0 0 0 0 0 0 0 0 0 0 0 0 0 0 0 0
8 6 27 0 0 0 0 0 0 0 0 0 0 0 0 0 0 0 0 0 0 0 0 0 0 0 0
8 6 28 0 0 0 0 0 0 0 0 0 0 0 0 0 0 0 0 0 0 0 0 0 0 0 0
8 6 29 0 0 0 0 0 0 0 0 0 0 0 0 0 0 0 0 0 0 0 0 0 0 0 0
8 6 30 0 0 0 0 0 0 0 0 0 0 0 0 0 0 0 0 0 0 0 0 0 0 0 0
8 6 31 0 0 0 0 0 0 0 0 0 0 0 0 0 0 0 0 0 0 0 0 0 0 0 0
8 7 0 1 4 0 0 1 210 0 0 0 0 0 0 1 3 0 2 1 205 0 0 0 0 0 0
8 7 1 1 4 0 0 2 210 1 4 1 0 0 210 1 3 0 2 2 205 1 3 1 2 0 205
8 7 2 0 0 0 0 0 0 1 4 1 0 1 210 0 0 0 0 0 0 1 3 1 2 1 205
8 7 3 1 4 2 0 0 211 1 4 1 0 2 210 1 3 2 2 0 206 1 3 1 2 2 205
8 7 4 1 4 2 0 1 211 0 0 0 0 0 0 1 3 2 2 1 206 0 0 0 0 0 0
8 7 5 1 4 2 0 2 211 1 4 3 0 0 211 1 3 2 2 2 206 1 3 3 2 0 206
8 7 6 0 0 0 0 0 0 1 4 3 0 1 211 0 0 0 0 0 0 1 3 3 2 1 206
8 7 7 1 4 4 0 0 212 1 4 3 0 2 211 1 3 4 2 0 207 1 3 3 2 2 206
8 7 8 1 4 4 0 1 212 0 0 0 0 0 0 1 3 4 2 1 207 0 0 0 0 0 0
8 7 9 1 4 4 0 2 212 1 4 5 0 0 212 1 3 4 2 2 207 1 3 5 2 0 207
8 7 10 0 0 0 0 0 0 1 4 5 0 1 212 0 0 0 0 0 0 1 3 5 2 1 207
8 7 11 1 4 6 0 0 213 1 4 5 0 2 212 1 3 6 2 0 208 1 3 5 2 2 207
8 7 12 1 4 6 0 1 213 0 0 0 0 0 0 1 3 6 2 1 208 0 0 0 0 0 0
8 7 13 1 4 6 0 2 213 1 4 7 0 0 213 1 3 6 2 2 208 1 3 7 2 0 208
8 7 14 0 0 0 0 0 0 1 4 7 0 1 213 0 0 0 0 0 0 1 3 7 2 1 208
8 7 15 1 4 8 0 0 214 1 4 7 0 2 213 1 3 8 2 0 209 1 3 7 2 2 208
8 7 16 1 4 8 0 1 214 0 0 0 0 0 0 1 3 8 2 1 209 0 0 0 0 0 0
8 7 17 1 4 8 0 2 214 0 0 0 0 0 0 1 3 8 2 2 209 0 0 0 0 0 0
8 7 18 0 0 0 0 0 0 0 0 0 0 0 0 0 0 0 0 0 0 0 0 0 0 0 0
8 7 19 0 0 0 0 0 0 0 0 0 0 0 0 0 0 0 0 0 0 0 0 0 0 0 0
8 7 20 0 0 0 0 0 0 0 0 0 0 0 0 0 0 0 0 0 0 0 0 0 0 0 0
8 7 21 0 0 0 0 0 0 0 0 0 0 0 0 0 0 0 0 0 0 0 0 0 0 0 0
8 7 22 0 0 0 0 0 0 0 0 0 0 0 0 0 0 0 0 0 0 0 0 0 0 0 0
8 7 23 0 0 0 0 0 0 0 0 0 0 0 0 0 0 0 0 0 0 0 0 0 0 0 0
8 7 24 0 0 0 0 0 0 0 0 0 0 0 0 0 0 0 0 0 0 0 0 0 0 0 0
8 7 25 0 0 0 0 0 0 0 0 0 0 0 0 0 0 0 0 0 0 0 0 0 0 0 0
8 7 26 0 0 0 0 0 0 0 0 0 0 0 0 0 0 0 0 0 0 0 0 0 0 0 0
8 7 27 0 0 0 0 0 0 0 0 0 0 0 0 0 0 0 0 0 0 0 0 0 0 0 0
8 7 28 0 0 0 0 0 0 0 0 0 0 0 0 0 0 0 0 0 0 0 0 0 0 0 0
8 7 29 0 0 0 0 0 0 0 0 0 0 0 0 0 0 0 0 0 0 0 0 0 0 0 0
8 7 30 0 0 0 0 0 0 0 0 0 0 0 0 0 0 0 0 0 0 0 0 0 0 0 0
8 7 31 0 0 0 0 0 0 0 0 0 0 0 0 0 0 0 0 0 0 0 0 0 0 0 0
8 8 0 1 4 0 1 1 210 0 0 0 0 0 0 0 0 0 0 0 0 0 0 0 0 0 0
8 8 1 1 4 0 1 2 210 1 4 1 1 0 210 0 0 0 0 0 0 0 0 0 0 0 0
8 8 2 0 0 0 0 0 0 1 4 1 1 1 210 0 0 0 0 0 0 0 0 0 0 0 0
8 8 3 1 4 2 1 0 211 1 4 1 1 2 210 0 0 0 0 0 0 0 0 0 0 0 0
8 8 4 1 4 2 1 1 211 0 0 0 0 0 0 0 0 0 0 0 0 0 0 0 0 0 0
8 8 5 1 4 2 1 2 211 1 4 3 1 0 211 0 0 0 0 0 0 0 0 0 0 0 0
8 8 6 0 0 0 0 0 0 1 4 3 1 1 211 0 0 0 0 0 0 0 0 0 0 0 0
8 8 7 1 4 4 1 0 212 1 4 3 1 2 211 0 0 0 0 0 0 0 0 0 0 0 0
8 8 8 1 4 4 1 1 212 0 0 0 0 0 0 0 0 0 0 0 0 0 0 0 0 0 0
8 8 9 1 4 4 1 2 212 1 4 5 1 0 212 0 0 0 0 0 0 0 0 0 0 0 0
8 8 10 0 0 0 0 0 0 1 4 5 1 1 212 0 0 0 0 0 0 0 0 0 0 0 0
8 8 11 1 4 6 1 0 213 1 4 5 1 2 212 0 0 0 0 0 0 0 0 0 0 0 0
8 8 12 1 4 6 1 1 213 0 0 0 0 0 0 0 0 0 0 0 0 0 0 0 0 0 0
8 8 13 1 4 6 1 2 213 1 4 7 1 0 213 0 0 0 0 0 0 0 0 0 0 0 0
8 8 14 0 0 0 0 0 0 1 4 7 1 1 213 0 0 0 0 0 0 0 0 0 0 0 0
8 8 15 1 4 8 1 0 214 1 4 7 1 2 213 0 0 0 0 0 0 0 0 0 0 0 0
8 8 16 1 4 8 1 1 214 0 0 0 0 0 0 0 0 0 0 0 0 0 0 0 0 0 0
8 8 17 1 4 8 1 2 214 0 0 0 0 0 0 0 0 0 0 0 0 0 0 0 0 0 0
8 8 18 0 0 0 0 0 0 0 0 0 0 0 0 0 0 0 0 0 0 0 0 0 0 0 0
8 8 19 0 0 0 0 0 0 0 0 0 0 0 0 0 0 0 0 0 0 0 0 0 0 0 0
8 8 20 0 0 0 0 0 0 0 0 0 0 0 0 0 0 0 0 0 0 0 0 0 0 0 0
8 8 21 0 0 0 0 0 0 0 0 0 0 0 0 0 0 0 0 0 0 0 0 0 0 0 0
8 8 22 0 0 0 0 0 0 0 0 0 0 0 0 0 0 0 0 0 0 0 0 0 0 0 0
8 8 23 0 0 0 0 0 0 0 0 0 0 0 0 0 0 0 0 0 0 0 0 0 0 0 0
8 8 24 0 0 0 0 0 0 0 0 0 0 0 0 0 0 0 0 0 0 0 0 0 0 0 0
8 8 25 0 0 0 0 0 0 0 0 0 0 0 0 0 0 0 0 0 0 0 0 0 0 0 0
8 8 26 0 0 0 0 0 0 0 0 0 0 0 0 0 0 0 0 0 0 0 0 0 0 0 0
8 8 27 0 0 0 0 0 0 0 0 0 0 0 0 0 0 0 0 0 0 0 0 0 0 0 0
8 8 28 0 0 0 0 0 0 0 0 0 0 0 0 0 0 0 0 0 0 0 0 0 0 0 0
8 8 29 0 0 0 0 0 0 0 0 0 0 0 0 0 0 0 0 0 0 0 0 0 0 0 0
8 8 30 0 0 0 0 0 0 0 0 0 0 0 0 0 0 0 0 0 0 0 0 0 0 0 0
8 8 31 0 0 0 0 0 0 0 0 0 0 0 0 0 0 0 0 0 0 0 0 0 0 0 0
8 9 0 1 4 0 2 1 210 0 0 0 0 0 0 1 5 0 0 1 210 0 0 0 0 0 0
8 9 1 1 4 0 2 2 210 1 4 1 2 0 210 1 5 0 0 2 210 1 5 1 0 0 210
8 9 2 0 0 0 0 0 0 1 4 1 2 1 210 0 0 0 0 0 0 1 5 1 0 1 210
8 9 3 1 4 2 2 0 211 1 4 1 2 2 210 1 5 2 0 0 211 1 5 1 0 2 210
8 9 4 1 4 2 2 1 211 0 0 0 0 0 0 1 5 2 0 1 211 0 0 0 0 0 0
8 9 5 1 4 2 2 2 211 1 4 3 2 0 211 1 5 2 0 2 211 1 5 3 0 0 211
8 9 6 0 0 0 0 0 0 1 4 3 2 1 211 0 0 0 0 0 0 1 5 3 0 1 211
8 9 7 1 4 4 2 0 212 1 4 3 2 2 211 1 5 4 0 0 212 1 5 3 0 2 211
8 9 8 1 4 4 2 1 212 0 0 0 0 0 0 1 5 4 0 1 212 0 0 0 0 0 0
8 9 9 1 4 4 2 2 212 1 4 5 2 0 212 1 5 4 0 2 212 1 5 5 0 0 212
8 9 10 0 0 0 0 0 0 1 4 5 2 1 212 0 0 0 0 0 0 1 5 5 0 1 212
8 9 11 1 4 6 2 0 213 1 4 5 2 2 212 1 5 6 0 0 213 1 5 5 0 2 212
8 9 12 1 4 6 2 1 213 0 0 0 0 0 0 1 5 6 0 1 213 0 0 0 0 0 0
8 9 13 1 4 6 2 2 213 1 4 7 2 0 213 1 5 6 0 2 213 1 5 7 0 0 213
8 9 14 0 0 0 0 0 0 1 4 7 2 1 213 0 0 0 0 0 0 1 5 7 0 1 213
8 9 15 1 4 8 2 0 214 1 4 7 2 2 213 1 5 8 0 0 214 1 5 7 0 2 213
8 9 16 1 4 8 2 1 214 0 0 0 0 0 0 1 5 8 0 1 214 0 0 0 0 0 0
8 9 17 1 4 8 2 2 214 0 0 0 0 0 0 1 5 8 0 2 214 0 0 0 0 0 0
8 9 18 0 0 0 0 0 0 0 0 0 0 0 0 0 0 0 0 0 0 0 0 0 0 0 0
8 9 19 0 0 0 0 0 0 0 0 0 0 0 0 0 0 0 0 0 0 0 0 0 0 0 0
8 9 20 0 0 0 0 0 0 0 0 0 0 0 0 0 0 0 0 0 0 0 0 0 0 0 0
8 9 21 0 0 0 0 0 0 0 0 0 0 0 0 0 0 0 0 0 0 0 0 0 0 0 0
8 9 22 0 0 0 0 0 0 0 0 0 0 0 0 0 0 0 0 0 0 0 0 0 0 0 0
8 9 23 0 0 0 0 0 0 0 0 0 0 0 0 0 0 0 0 0 0 0 0 0 0 0 0
8 9 24 0 0 0 0 0 0 0 0 0 0 0 0 0 0 0 0 0 0 0 0 0 0 0 0
8 9 25 0 0 0 0 0 0 0 0 0 0 0 0 0 0 0 0 0 0 0 0 0 0 0 0
8 9 26 0 0 0 0 0 0 0 0 0 0 0 0 0 0 0 0 0 0 0 0 0 0 0 0
8 9 27 0 0 0 0 0 0 0 0 0 0 0 0 0 0 0 0 0 0 0 0 0 0 0 0
8 9 28 0 0 0 0 0 0 0 0 0 0 0 0 0 0 0 0 0 0 0 0 0 0 0 0
8 9 29 0 0 0 0 0 0 0 0 0 0 0 0 0 0 0 0 0 0 0 0 0 0 0 0
8 9 30 0 0 0 0 0 0 0 0 0 0 0 0 0 0 0 0 0 0 0 0 0 0 0 0
8 9 31 0 0 0 0 0 0 0 0 0 0 0 0 0 0 0 0 0 0 0 0 0 0 0 0
8 10 0 0 0 0 0 0 0 0 0 0 0 0 0 1 5 0 1 1 210 0 0 0 0 0 0
8 10 1 0 0 0 0 0 0 0 0 0 0 0 0 1 5 0 1 2 210 1 5 1 1 0 210
8 10 2 0 0 0 0 0 0 0 0 0 0 0 0 0 0 0 0 0 0 1 5 1 1 1 210
8 10 3 0 0 0 0 0 0 0 0 0 0 0 0 1 5 2 1 0 211 1 5 1 1 2 210
8 10 4 0 0 0 0 0 0 0 0 0 0 0 0 1 5 2 1 1 211 0 0 0 0 0 0
8 10 5 0 0 0 0 0 0 0 0 0 0 0 0 1 5 2 1 2 211 1 5 3 1 0 211
8 10 6 0 0 0 0 0 0 0 0 0 0 0 0 0 0 0 0 0 0 1 5 3 1 1 211
8 10 7 0 0 0 0 0 0 0 0 0 0 0 0 1 5 4 1 0 212 1 5 3 1 2 211
8 10 8 0 0 0 0 0 0 0 0 0 0 0 0 1 5 4 1 1 212 0 0 0 0 0 0
8 10 9 0 0 0 0 0 0 0 0 0 0 0 0 1 5 4 1 2 212 1 5 5 1 0 212
8 10 10 0 0 0 0 0 0 0 0 0 0 0 0 0 0 0 0 0 0 1 5 5 1 1 212
8 10 11 0 0 0 0 0 0 0 0 0 0 0 0 1 5 6 1 0 213 1 5 5 1 2 212
8 10 12 0 0 0 0 0 0 0 0 0 0 0 0 1 5 6 1 1 213 0 0 0 0 0 0
8 10 13 0 0 0 0 0 0 0 0 0 0 0 0 1 5 6 1 2 213 1 5 7 1 0 213
8 10 14 0 0 0 0 0 0 0 0 0 0 0 0 0 0 0 0 0 0 1 5 7 1 1 213
8 10 15 0 0 0 0 0 0 0 0 0 0 0 0 1 5 8 1 0 214 1 5 7 1 2 213
8 10 16 0 0 0 0 0 0 0 0 0 0 0 0 1 5 8 1 1 214 0 0 0 0 0 0
8 10 17 0 0 0 0 0 0 0 0 0 0 0 0 1 5 8 1 2 214 0 0 0 0 0 0
8 10 18 0 0 0 0 0 0 0 0 0 0 0 0 0 0 0 0 0 0 0 0 0 0 0 0
8 10 19 0 0 0 0 0 0 0 0 0 0 0 0 0 0 0 0 0 0 0 0 0 0 0 0
8 10 20 0 0 0 0 0 0 0 0 0 0 0 0 0 0 0 0 0 0 0 0 0 0 0 0
8 10 21 0 0 0 0 0 0 0 0 0 0 0 0 0 0 0 0 0 0 0 0 0 0 0 0
8 10 22 0 0 0 0 0 0 0 0 0 0 0 0 0 0 0 0 0 0 0 0 0 0 0 0
8 10 23 0 0 0 0 0 0 0 0 0 0 0 0 0 0 0 0 0 0 0 0 0 0 0 0
8 10 24 0 0 0 0 0 0 0 0 0 0 0 0 0 0 0 0 0 0 0 0 0 0 0 0
8 10 25 0 0 0 0 0 0 0 0 0 0 0 0 0 0 0 0 0 0 0 0 0 0 0 0
8 10 26 0 0 0 0 0 0 0 0 0 0 0 0 0 0 0 0 0 0 0 0 0 0 0 0
8 10 27 0 0 0 0 0 0 0 0 0 0 0 0 0 0 0 0 0 0 0 0 0 0 0 0
8 10 28 0 0 0 0 0 0 0 0 0 0 0 0 0 0 0 0 0 0 0 0 0 0 0 0
8 10 29 0 0 0 0 0 0 0 0 0 0 0 0 0 0 0 0 0 0 0 0 0 0 0 0
8 10 30 0 0 0 0 0 0 0 0 0 0 0 0 0 0 0 0 0 0 0 0 0 0 0 0
8 10 31 0 0 0 0 0 0 0 0 0 0 0 0 0 0 0 0 0 0 0 0 0 0 0 0
8 11 0 1 6 0 0 1 215 0 0 0 0 0 0 1 5 0 2 1 210 0 0 0 0 0 0
8 11 1 1 6 0 0 2 215 1 6 1 0 0 215 1 5 0 2 2 210 1 5 1 2 0 210
8 11 2 0 0 0 0 0 0 1 6 1 0 1 215 0 0 0 0 0 0 1 5 1 2 1 210
8 11 3 1 6 2 0 0 216 1 6 1 0 2 215 1 5 2 2 0 211 1 5 1 2 2 210
8 11 4 1 6 2 0 1 216 0 0 0 0 0 0 1 5 2 2 1 211 0 0 0 0 0 0
8 11 5 1 6 2 0 2 216 1 6 3 0 0 216 1 5 2 2 2 211 1 5 3 2 0 211
8 11 6 0 0 0 0 0 0 1 6 3 0 1 216 0 0 0 0 0 0 1 5 3 2 1 211
8 11 7 1 6 4 0 0 217 1 6 3 0 2 216 1 5 4 2 0 212 1 5 3 2 2 211
8 11 8 1 6 4 0 1 217 0 0 0 0 0 0 1 5 4 2 1 212 0 0 0 0 0 0
8 11 9 1 6 4 0 2 217 1 6 5 0 0 217 1 5 4 2 2 212 1 5 5 2 0 212
8 11 10 0 0 0 0 0 0 1 6 5 0 1 217 0 0 0 0 0 0 1 5 5 2 1 212
8 11 11 1 6 6 0 0 218 1 6 5 0 2 217 1 5 6 2 0 213 1 5 5 2 2 212
8 11 12 1 6 6 0 1 218 0 0 0 0 0 0 1 5 6 2 1 213 0 0 0 0 0 0
8 11 13 1 6 6 0 2 218 1 6 7 0 0 218 1 5 6 2 2 213 1 5 7 2 0 213
8 11 14 0 0 0 0 0 0 1 6 7 0 1 218 0 0 0 0 0 0 1 5 7 2 1 213
8 11 15 1 6 8 0 0 219 1 6 7 0 2 218 1 5 8 2 0 214 1 5 7 2 2 213
8 11 16 1 6 8 0 1 219 0 0 0 0 0 0 1 5 8 2 1 214 0 0 0 0 0 0
8 11 17 1 6 8 0 2 219 0 0 0 0 0 0 1 5 8 2 2 214 0 0 0 0 0 0
8 11 18 0 0 0 0 0 0 0 0 0 0 0 0 0 0 0 0 0 0 0 0 0 0 0 0
8 11 19 0 0 0 0 0 0 0 0 0 0 0 0 0 0 0 0 0 0 0 0 0 0 0 0
8 11 20 0 0 0 0 0 0 0 0 0 0 0 0 0 0 0 0 0 0 0 0 0 0 0 0
8 11 21 0 0 0 0 0 0 0 0 0 0 0 0 0 0 0 0 0 0 0 0 0 0 0 0
8 11 22 0 0 0 0 0 0 0 0 0 0 0 0 0 0 0 0 0 0 0 0 0 0 0 0
8 11 23 0 0 0 0 0 0 0 0 0 0 0 0 0 0 0 0 0 0 0 0 0 0 0 0
8 11 24 0 0 0 0 0 0 0 0 0 0 0 0 0 0 0 0 0 0 0 0 0 0 0 0
8 11 25 0 0 0 0 0 0 0 0 0 0 0 0 0 0 0 0 0 0 0 0 0 0 0 0
8 11 26 0 0 0 0 0 0 0 0 0 0 0 0 0 0 0 0 0 0 0 0 0 0 0 0
8 11 27 0 0 0 0 0 0 0 0 0 0 0 0 0 0 0 0 0 0 0 0 0 0 0 0
8 11 28 0 0 0 0 0 0 0 0 0 0 0 0 0 0 0 0 0 0 0 0 0 0 0 0
8 11 29 0 0 0 0 0 0 0 0 0 0 0 0 0 0 0 0 0 0 0 0 0 0 0 0
8 11 30 0 0 0 0 0 0 0 0 0 0 0 0 0 0 0 0 0 0 0 0 0 0 0 0
8 11 31 0 0 0 0 0 0 0 0 0 0 0 0 0 0 0 0 0 0 0 0 0 0 0 0
8 12 0 1 6 0 1 1 215 0 0 0 0 0 0 0 0 0 0 0 0 0 0 0 0 0 0
8 12 1 1 6 0 1 2 215 1 6 1 1 0 215 0 0 0 0 0 0 0 0 0 0 0 0
8 12 2 0 0 0 0 0 0 1 6 1 1 1 215 0 0 0 0 0 0 0 0 0 0 0 0
8 12 3 1 6 2 1 0 216 1 6 1 1 2 215 0 0 0 0 0 0 0 0 0 0 0 0
8 12 4 1 6 2 1 1 216 0 0 0 0 0 0 0 0 0 0 0 0 0 0 0 0 0 0
8 12 5 1 6 2 1 2 216 1 6 3 1 0 216 0 0 0 0 0 0 0 0 0 0 0 0
8 12 6 0 0 0 0 0 0 1 6 3 1 1 216 0 0 0 0 0 0 0 0 0 0 0 0
8 12 7 1 6 4 1 0 217 1 6 3 1 2 216 0 0 0 0 0 0 0 0 0 0 0 0
8 12 8 1 6 4 1 1 217 0 0 0 0 0 0 0 0 0 0 0 0 0 0 0 0 0 0
8 12 9 1 6 4 1 2 217 1 6 5 1 0 217 0 0 0 0 0 0 0 0 0 0 0 0
8 12 10 0 0 0 0 0 0 1 6 5 1 1 217 0 0 0 0 0 0 0 0 0 0 0 0
8 12 11 1 6 6 1 0 218 1 6 5 1 2 217 0 0 0 0 0 0 0 0 0 0 0 0
8 12 12 1 6 6 1 1 218 0 0 0 0 0 0 0 0 0 0 0 0 0 0 0 0 0 0
8 12 13 1 6 6 1 2 218 1 6 7 1 0 218 0 0 0 0 0 0 0 0 0 0 0 0
8 12 14 0 0 0 0 0 0 1 6 7 1 1 218 0 0 0 0 0 0 0 0 0 0 0 0
8 12 15 1 6 8 1 0 219 1 6 7 1 2 218 0 0 0 0 0 0 0 0 0 0 0 0
8 12 16 1 6 8 1 1 219 0 0 0 0 0 0 0 0 0 0 0 0 0 0 0 0 0 0
8 12 17 1 6 8 1 2 219 0 0 0 0 0 0 0 0 0 0 0 0 0 0 0 0 0 0
8 12 18 0 0 0 0 0 0 0 0 0 0 0 0 0 0 0 0 0 0 0 0 0 0 0 0
8 12 19 0 0 0 0 0 0 0 0 0 0 0 0 0 0 0 0 0 0 0 0 0 0 0 0
8 12 20 0 0 0 0 0 0 0 0 0 0 0 0 0 0 0 0 0 0 0 0 0 0 0 0
8 12 21 0 0 0 0 0 0 0 0 0 0 0 0 0 0 0 0 0 0 0 0 0 0 0 0
8 12 22 0 0 0 0 0 0 0 0 0 0 0 0 0 0 0 0 0 0 0 0 0 0 0 0
8 12 23 0 0 0 0 0 0 0 0 0 0 0 0 0 0 0 0 0 0 0 0 0 0 0 0
8 12 24 0 0 0 0 0 0 0 0 0 0 0 0 0 0 0 0 0 0 0 0 0 0 0 0
8 12 25 0 0 0 0 0 0 0 0 0 0 0 0 0 0 0 0 0 0 0 0 0 0 0 0
8 12 26 0 0 0 0 0 0 0 0 0 0 0 0 0 0 0 0 0 0 0 0 0 0 0 0
8 12 27 0 0 0 0 0 0 0 0 0 0 0 0 0 0 0 0 0 0 0 0 0 0 0 0
8 12 28 0 0 0 0 0 0 0 0 0 0 0 0 0 0 0 0 0 0 0 0 0 0 0 0
8 12 29 0 0 0 0 0 0 0 0 0 0 0 0 0 0 0 0 0 0 0 0 0 0 0 0
8 12 30 0 0 0 0 0 0 0 0 0 0 0 0 0 0 0 0 0 0 0 0 0 0 0 0
8 12 31 0 0 0 0 0 0 0 0 0 0 0 0 0 0 0 0 0 0 0 0 0 0 0 0
8 13 0 1 6 0 2 1 215 0 0 0 0 0 0 1 7 0 0 1 215 0 0 0 0 0 0
8 13 1 1 6 0 2 2 215 1 6 1 2 0 215 1 7 0 0 2 215 1 7 1 0 0 215
8 13 2 0 0 0 0 0 0 1 6 1 2 1 215 0 0 0 0 0 0 1 7 1 0 1 215
8 13 3 1 6 2 2 0 216 1 6 1 2 2 215 1 7 2 0 0 216 1 7 1 0 2 215
8 13 4 1 6 2 2 1 216 0 0 0 0 0 0 1 7 2 0 1 216 0 0 0 0 0 0
8 13 5 1 6 2 2 2 216 1 6 3 2 0 216 1 7 2 0 2 216 1 7 3 0 0 216
8 13 6 0 0 0 0 0 0 1 6 3 2 1 216 0 0 0 0 0 0 1 7 3 0 1 216
8 13 7 1 6 4 2 0 217 1 6 3 2 2 216 1 7 4 0 0 217 1 7 3 0 2 216
8 13 8 1 6 4 2 1 217 0 0 0 0 0 0 1 7 4 0 1 217 0 0 0 0 0 0
8 13 9 1 6 4 2 2 217 1 6 5 2 0 217 1 7 4 0 2 217 1 7 5 0 0 217
8 13 10 0 0 0 0 0 0 1 6 5 2 1 217 0 0 0 0 0 0 1 7 5 0 1 217
8 13 11 1 6 6 2 0 218 1 6 5 2 2 217 1 7 6 0 0 218 1 7 5 0 2 217
8 13 12 1 6 6 2 1 218 0 0 0 0 0 0 1 7 6 0 1 218 0 0 0 0 0 0
8 13 13 1 6 6 2 2 218 1 6 7 2 0 218 1 7 6 0 2 218 1 7 7 0 0 218
8 13 14 0 0 0 0 0 0 1 6 7 2 1 218 0 0 0 0 0 0 1 7 7 0 1 218
8 13 15 1 6 8 2 0 219 1 6 7 2 2 218 1 7 8 0 0 219 1 7 7 0 2 218
8 13 16 1 6 8 2 1 219 0 0 0 0 0 0 1 7 8 0 1 219 0 0 0 0 0 0
8 13 17 1 6 8 2 2 219 0 0 0 0 0 0 1 7 8 0 2 219 0 0 0 0 0 0
8 13 18 0 0 0 0 0 0 0 0 0 0 0 0 0 0 0 0 0 0 0 0 0 0 0 0
8 13 19 0 0 0 0 0 0 0 0 0 0 0 0 0 0 0 0 0 0 0 0 0 0 0 0
8 13 20 0 0 0 0 0 0 0 0 0 0 0 0 0 0 0 0 0 0 0 0 0 0 0 0
8 13 21 0 0 0 0 0 0 0 0 0 0 0 0 0 0 0 0 0 0 0 0 0 0 0 0
8 13 22 0 0 0 0 0 0 0 0 0 0 0 0 0 0 0 0 0 0 0 0 0 0 0 0
8 13 23 0 0 0 0 0 0 0 0 0 0 0 0 0 0 0 0 0 0 0 0 0 0 0 0
8 13 24 0 0 0 0 0 0 0 0 0 0 0 0 0 0 0 0 0 0 0 0 0 0 0 0
8 13 25 0 0 0 0 0 0 0 0 0 0 0 0 0 0 0 0 0 0 0 0 0 0 0 0
8 13 26 0 0 0 0 0 0 0 0 0 0 0 0 0 0 0 0 0 0 0 0 0 0 0 0
8 13 27 0 0 0 0 0 0 0 0 0 0 0 0 0 0 0 0 0 0 0 0 0 0 0 0
8 13 28 0 0 0 0 0 0 0 0 0 0 0 0 0 0 0 0 0 0 0 0 0 0 0 0
8 13 29 0 0 0 0 0 0 0 0 0 0 0 0 0 0 0 0 0 0 0 0 0 0 0 0
8 13 30 0 0 0 0 0 0 0 0 0 0 0 0 0 0 0 0 0 0 0 0 0 0 0 0
8 13 31 0 0 0 0 0 0 0 0 0 0 0 0 0 0 0 0 0 0 0 0 0 0 0 0
8 14 0 0 0 0 0 0 0 0 0 0 0 0 0 1 7 0 1 1 215 0 0 0 0 0 0
8 14 1 0 0 0 0 0 0 0 0 0 0 0 0 1 7 0 1 2 215 1 7 1 1 0 215
8 14 2 0 0 0 0 0 0 0 0 0 0 0 0 0 0 0 0 0 0 1 7 1 1 1 215
8 14 3 0 0 0 0 0 0 0 0 0 0 0 0 1 7 2 1 0 216 1 7 1 1 2 215
8 14 4 0 0 0 0 0 0 0 0 0 0 0 0 1 7 2 1 1 216 0 0 0 0 0 0
8 14 5 0 0 0 0 0 0 0 0 0 0 0 0 1 7 2 1 2 216 1 7 3 1 0 216
8 14 6 0 0 0 0 0 0 0 0 0 0 0 0 0 0 0 0 0 0 1 7 3 1 1 216
8 14 7 0 0 0 0 0 0 0 0 0 0 0 0 1 7 4 1 0 217 1 7 3 1 2 216
8 14 8 0 0 0 0 0 0 0 0 0 0 0 0 1 7 4 1 1 217 0 0 0 0 0 0
8 14 9 0 0 0 0 0 0 0 0 0 0 0 0 1 7 4 1 2 217 1 7 5 1 0 217
8 14 10 0 0 0 0 0 0 0 0 0 0 0 0 0 0 0 0 0 0 1 7 5 1 1 217
8 14 11 0 0 0 0 0 0 0 0 0 0 0 0 1 7 6 1 0 218 1 7 5 1 2 217
8 14 12 0 0 0 0 0 0 0 0 0 0 0 0 1 7 6 1 1 218 0 0 0 0 0 0
8 14 13 0 0 0 0 0 0 0 0 0 0 0 0 1 7 6 1 2 218 1 7 7 1 0 218
8 14 14 0 0 0 0 0 0 0 0 0 0 0 0 0 0 0 0 0 0 1 7 7 1 1 218
8 14 15 0 0 0 0 0 0 0 0 0 0 0 0 1 7 8 1 0 219 1 7 7 1 2 218
8 14 16 0 0 0 0 0 0 0 0 0 0 0 0 1 7 8 1 1 219 0 0 0 0 0 0
8 14 17 0 0 0 0 0 0 0 0 0 0 0 0 1 7 8 1 2 219 0 0 0 0 0 0
8 14 18 0 0 0 0 0 0 0 0 0 0 0 0 0 0 0 0 0 0 0 0 0 0 0 0
8 14 19 0 0 0 0 0 0 0 0 0 0 0 0 0 0 0 0 0 0 0 0 0 0 0 0
8 14 20 0 0 0 0 0 0 0 0 0 0 0 0 0 0 0 0 0 0 0 0 0 0 0 0
8 14 21 0 0 0 0 0 0 0 0 0 0 0 0 0 0 0 0 0 0 0 0 0 0 0 0
8 14 22 0 0 0 0 0 0 0 0 0 0 0 0 0 0 0 0 0 0 0 0 0 0 0 0
8 14 23 0 0 0 0 0 0 0 0 0 0 0 0 0 0 0 0 0 0 0 0 0 0 0 0
8 14 24 0 0 0 0 0 0 0 0 0 0 0 0 0 0 0 0 0 0 0 0 0 0 0 0
8 14 25 0 0 0 0 0 0 0 0 0 0 0 0 0 0 0 0 0 0 0 0 0 0 0 0
8 14 26 0 0 0 0 0 0 0 0 0 0 0 0 0 0 0 0 0 0 0 0 0 0 0 0
8 14 27 0 0 0 0 0 0 0 0 0 0 0 0 0 0 0 0 0 0 0 0 0 0 0 0
8 14 28 0 0 0 0 0 0 0 0 0 0 0 0 0 0 0 0 0 0 0 0 0 0 0 0
8 14 29 0 0 0 0 0 0 0 0 0 0 0 0 0 0 0 0 0 0 0 0 0 0 0 0
8 14 30 0 0 0 0 0 0 0 0 0 0 0 0 0 0 0 0 0 0 0 0 0 0 0 0
8 14 31 0 0 0 0 0 0 0 0 0 0 0 0 0 0 0 0 0 0 0 0 0 0 0 0
8 15 0 1 8 0 0 1 220 0 0 0 0 0 0 1 7 0 2 1 215 0 0 0 0 0 0
8 15 1 1 8 0 0 2 220 1 8 1 0 0 220 1 7 0 2 2 215 1 7 1 2 0 215
8 15 2 0 0 0 0 0 0 1 8 1 0 1 220 0 0 0 0 0 0 1 7 1 2 1 215
8 15 3 1 8 2 0 0 221 1 8 1 0 2 220 1 7 2 2 0 216 1 7 1 2 2 215
8 15 4 1 8 2 0 1 221 0 0 0 0 0 0 1 7 2 2 1 216 0 0 0 0 0 0
8 15 5 1 8 2 0 2 221 1 8 3 0 0 221 1 7 2 2 2 216 1 7 3 2 0 216
8 15 6 0 0 0 0 0 0 1 8 3 0 1 221 0 0 0 0 0 0 1 7 3 2 1 216
8 15 7 1 8 4 0 0 222 1 8 3 0 2 221 1 7 4 2 0 217 1 7 3 2 2 216
8 15 8 1 8 4 0 1 222 0 0 0 0 0 0 1 7 4 2 1 217 0 0 0 0 0 0
8 15 9 1 8 4 0 2 222 1 8 5 0 0 222 1 7 4 2 2 217 1 7 5 2 0 217
8 15 10 0 0 0 0 0 0 1 8 5 0 1 222 0 0 0 0 0 0 1 7 5 2 1 217
8 15 11 1 8 6 0 0 223 1 8 5 0 2 222 1 7 6 2 0 218 1 7 5 2 2 217
8 15 12 1 8 6 0 1 223 0 0 0 0 0 0 1 7 6 2 1 218 0 0 0 0 0 0
8 15 13 1 8 6 0 2 223 1 8 7 0 0 223 1 7 6 2 2 218 1 7 7 2 0 218
8 15 14 0 0 0 0 0 0 1 8 7 0 1 223 0 0 0 0 0 0 1 7 7 2 1 218
8 15 15 1 8 8 0 0 224 1 8 7 0 2 223 1 7 8 2 0 219 1 7 7 2 2 218
8 15 16 1 8 8 0 1 224 0 0 0 0 0 0 1 7 8 2 1 219 0 0 0 0 0 0
8 15 17 1 8 8 0 2 224 0 0 0 0 0 0 1 7 8 2 2 219 0 0 0 0 0 0
8 15 18 0 0 0 0 0 0 0 0 0 0 0 0 0 0 0 0 0 0 0 0 0 0 0 0
8 15 19 0 0 0 0 0 0 0 0 0 0 0 0 0 0 0 0 0 0 0 0 0 0 0 0
8 15 20 0 0 0 0 0 0 0 0 0 0 0 0 0 0 0 0 0 0 0 0 0 0 0 0
8 15 21 0 0 0 0 0 0 0 0 0 0 0 0 0 0 0 0 0 0 0 0 0 0 0 0
8 15 22 0 0 0 0 0 0 0 0 0 0 0 0 0 0 0 0 0 0 0 0 0 0 0 0
8 15 23 0 0 0 0 0 0 0 0 0 0 0 0 0 0 0 0 0 0 0 0 0 0 0 0
8 15 24 0 0 0 0 0 0 0 0 0 0 0 0 0 0 0 0 0 0 0 0 0 0 0 0
8 15 25 0 0 0 0 0 0 0 0 0 0 0 0 0 0 0 0 0 0 0 0 0 0 0 0
8 15 26 0 0 0 0 0 0 0 0 0 0 0 0 0 0 0 0 0 0 0 0 0 0 0 0
8 15 27 0 0 0 0 0 0 0 0 0 0 0 0 0 0 0 0 0 0 0 0 0 0 0 0
8 15 28 0 0 0 0 0 0 0 0 0 0 0 0 0 0 0 0 0 0 0 0 0 0 0 0
8 15 29 0 0 0 0 0 0 0 0 0 0 0 0 0 0 0 0 0 0 0 0 0 0 0 0
8 15 30 0 0 0 0 0 0 0 0 0 0 0 0 0 0 0 0 0 0 0 0 0 0 0 0
8 15 31 0 0 0 0 0 0 0 0 0 0 0 0 0 0 0 0 0 0 0 0 0 0 0 0
8 16 0 1 8 0 1 1 220 0 0 0 0 0 0 0 0 0 0 0 0 0 0 0 0 0 0
8 16 1 1 8 0 1 2 220 1 8 1 1 0 220 0 0 0 0 0 0 0 0 0 0 0 0
8 16 2 0 0 0 0 0 0 1 8 1 1 1 220 0 0 0 0 0 0 0 0 0 0 0 0
8 16 3 1 8 2 1 0 221 1 8 1 1 2 220 0 0 0 0 0 0 0 0 0 0 0 0
8 16 4 1 8 2 1 1 221 0 0 0 0 0 0 0 0 0 0 0 0 0 0 0 0 0 0
8 16 5 1 8 2 1 2 221 1 8 3 1 0 221 0 0 0 0 0 0 0 0 0 0 0 0
8 16 6 0 0 0 0 0 0 1 8 3 1 1 221 0 0 0 0 0 0 0 0 0 0 0 0
8 16 7 1 8 4 1 0 222 1 8 3 1 2 221 0 0 0 0 0 0 0 0 0 0 0 0
8 16 8 1 8 4 1 1 222 0 0 0 0 0 0 0 0 0 0 0 0 0 0 0 0 0 0
8 16 9 1 8 4 1 2 222 1 8 5 1 0 222 0 0 0 0 0 0 0 0 0 0 0 0
8 16 10 0 0 0 0 0 0 1 8 5 1 1 222 0 0 0 0 0 0 0 0 0 0 0 0
8 16 11 1 8 6 1 0 223 1 8 5 1 2 222 0 0 0 0 0 0 0 0 0 0 0 0
8 16 12 1 8 6 1 1 223 0 0 0 0 0 0 0 0 0 0 0 0 0 0 0 0 0 0
8 16 13 1 8 6 1 2 223 1 8 7 1 0 223 0 0 0 0 0 0 0 0 0 0 0 0
8 16 14 0 0 0 0 0 0 1 8 7 1 1 223 0 0 0 0 0 0 0 0 0 0 0 0
8 16 15 1 8 8 1 0 224 1 8 7 1 2 223 0 0 0 0 0 0 0 0 0 0 0 0
8 16 16 1 8 8 1 1 224 0 0 0 0 0 0 0 0 0 0 0 0 0 0 0 0 0 0
8 16 17 1 8 8 1 2 224 0 0 0 0 0 0 0 0 0 0 0 0 0 0 0 0 0 0
8 16 18 0 0 0 0 0 0 0 0 0 0 0 0 0 0 0 0 0 0 0 0 0 0 0 0
8 16 19 0 0 0 0 0 0 0 0 0 0 0 0 0 0 0 0 0 0 0 0 0 0 0 0
8 16 20 0 0 0 0 0 0 0 0 0 0 0 0 0 0 0 0 0 0 0 0 0 0 0 0
8 16 21 0 0 0 0 0 0 0 0 0 0 0 0 0 0 0 0 0 0 0 0 0 0 0 0
8 16 22 0 0 0 0 0 0 0 0 0 0 0 0 0 0 0 0 0 0 0 0 0 0 0 0
8 16 23 0 0 0 0 0 0 0 0 0 0 0 0 0 0 0 0 0 0 0 0 0 0 0 0
8 16 24 0 0 0 0 0 0 0 0 0 0 0 0 0 0 0 0 0 0 0 0 0 0 0 0
8 16 25 0 0 0 0 0 0 0 0 0 0 0 0 0 0 0 0 0 0 0 0 0 0 0 0
8 16 26 0 0 0 0 0 0 0 0 0 0 0 0 0 0 0 0 0 0 0 0 0 0 0 0
8 16 27 0 0 0 0 0 0 0 0 0 0 0 0 0 0 0 0 0 0 0 0 0 0 0 0
8 16 28 0 0 0 0 0 0 0 0 0 0 0 0 0 0 0 0 0 0 0 0 0 0 0 0
8 16 29 0 0 0 0 0 0 0 0 0 0 0 0 0 0 0 0 0 0 0 0 0 0 0 0
8 16 30 0 0 0 0 0 0 0 0 0 0 0 0 0 0 0 0 0 0 0 0 0 0 0 0
8 16 31 0 0 0 0 0 0 0 0 0 0 0 0 0 0 0 0 0 0 0 0 0 0 0 0
8 17 0 1 8 0 2 1 220 0 0 0 0 0 0 0 0 0 0 0 0 0 0 0 0 0 0
8 17 1 1 8 0 2 2 220 1 8 1 2 0 220 0 0 0 0 0 0 0 0 0 0 0 0
8 17 2 0 0 0 0 0 0 1 8 1 2 1 220 0 0 0 0 0 0 0 0 0 0 0 0
8 17 3 1 8 2 2 0 221 1 8 1 2 2 220 0 0 0 0 0 0 0 0 0 0 0 0
8 17 4 1 8 2 2 1 221 0 0 0 0 0 0 0 0 0 0 0 0 0 0 0 0 0 0
8 17 5 1 8 2 2 2 221 1 8 3 2 0 221 0 0 0 0 0 0 0 0 0 0 0 0
8 17 6 0 0 0 0 0 0 1 8 3 2 1 221 0 0 0 0 0 0 0 0 0 0 0 0
8 17 7 1 8 4 2 0 222 1 8 3 2 2 221 0 0 0 0 0 0 0 0 0 0 0 0
8 17 8 1 8 4 2 1 222 0 0 0 0 0 0 0 0 0 0 0 0 0 0 0 0 0 0
8 17 9 1 8 4 2 2 222 1 8 5 2 0 222 0 0 0 0 0 0 0 0 0 0 0 0
8 17 10 0 0 0 0 0 0 1 8 5 2 1 222 0 0 0 0 0 0 0 0 0 0 0 0
8 17 11 1 8 6 2 0 223 1 8 5 2 2 222 0 0 0 0 0 0 0 0 0 0 0 0
8 17 12 1 8 6 2 1 223 0 0 0 0 0 0 0 0 0 0 0 0 0 0 0 0 0 0
8 17 13 1 8 6 2 2 223 1 8 7 2 0 223 0 0 0 0 0 0 0 0 0 0 0 0
8 17 14 0 0 0 0 0 0 1 8 7 2 1 223 0 0 0 0 0 0 0 0 0 0 0 0
8 17 15 1 8 8 2 0 224 1 8 7 2 2 223 0 0 0 0 0 0 0 0 0 0 0 0
8 17 16 1 8 8 2 1 224 0 0 0 0 0 0 0 0 0 0 0 0 0 0 0 0 0 0
8 17 17 1 8 8 2 2 224 0 0 0 0 0 0 0 0 0 0 0 0 0 0 0 0 0 0
8 17 18 0 0 0 0 0 0 0 0 0 0 0 0 0 0 0 0 0 0 0 0 0 0 0 0
8 17 19 0 0 0 0 0 0 0 0 0 0 0 0 0 0 0 0 0 0 0 0 0 0 0 0
8 17 20 0 0 0 0 0 0 0 0 0 0 0 0 0 0 0 0 0 0 0 0 0 0 0 0
8 17 21 0 0 0 0 0 0 0 0 0 0 0 0 0 0 0 0 0 0 0 0 0 0 0 0
8 17 22 0 0 0 0 0 0 0 0 0 0 0 0 0 0 0 0 0 0 0 0 0 0 0 0
8 17 23 0 0 0 0 0 0 0 0 0 0 0 0 0 0 0 0 0 0 0 0 0 0 0 0
8 17 24 0 0 0 0 0 0 0 0 0 0 0 0 0 0 0 0 0 0 0 0 0 0 0 0
8 17 25 0 0 0 0 0 0 0 0 0 0 0 0 0 0 0 0 0 0 0 0 0 0 0 0
8 17 26 0 0 0 0 0 0 0 0 0 0 0 0 0 0 0 0 0 0 0 0 0 0 0 0
8 17 27 0 0 0 0 0 0 0 0 0 0 0 0 0 0 0 0 0 0 0 0 0 0 0 0
8 17 28 0 0 0 0 0 0 0 0 0 0 0 0 0 0 0 0 0 0 0 0 0 0 0 0
8 17 29 0 0 0 0 0 0 0 0 0 0 0 0 0 0 0 0 0 0 0 0 0 0 0 0
8 17 30 0 0 0 0 0 0 0 0 0 0 0 0 0 0 0 0 0 0 0 0 0 0 0 0
8 17 31 0 0 0 0 0 0 0 0 0 0 0 0 0 0 0 0 0 0 0 0 0 0 0 0
8 18 0 0 0 0 0 0 0 0 0 0 0 0 0 0 0 0 0 0 0 0 0 0 0 0 0
8 18 1 0 0 0 0 0 0 0 0 0 0 0 0 0 0 0 0 0 0 0 0 0 0 0 0
8 18 2 0 0 0 0 0 0 0 0 0 0 0 0 0 0 0 0 0 0 0 0 0 0 0 0
8 18 3 0 0 0 0 0 0 0 0 0 0 0 0 0 0 0 0 0 0 0 0 0 0 0 0
8 18 4 0 0 0 0 0 0 0 0 0 0 0 0 0 0 0 0 0 0 0 0 0 0 0 0
8 18 5 0 0 0 0 0 0 0 0 0 0 0 0 0 0 0 0 0 0 0 0 0 0 0 0
8 18 6 0 0 0 0 0 0 0 0 0 0 0 0 0 0 0 0 0 0 0 0 0 0 0 0
8 18 7 0 0 0 0 0 0 0 0 0 0 0 0 0 0 0 0 0 0 0 0 0 0 0 0
8 18 8 0 0 0 0 0 0 0 0 0 0 0 0 0 0 0 0 0 0 0 0 0 0 0 0
8 18 9 0 0 0 0 0 0 0 0 0 0 0 0 0 0 0 0 0 0 0 0 0 0 0 0
8 18 10 0 0 0 0 0 0 0 0 0 0 0 0 0 0 0 0 0 0 0 0 0 0 0 0
8 18 11 0 0 0 0 0 0 0 0 0 0 0 0 0 0 0 0 0 0 0 0 0 0 0 0
8 18 12 0 0 0 0 0 0 0 0 0 0 0 0 0 0 0 0 0 0 0 0 0 0 0 0
8 18 13 0 0 0 0 0 0 0 0 0 0 0 0 0 0 0 0 0 0 0 0 0 0 0 0
8 18 14 0 0 0 0 0 0 0 0 0 0 0 0 0 0 0 0 0 0 0 0 0 0 0 0
8 18 15 0 0 0 0 0 0 0 0 0 0 0 0 0 0 0 0 0 0 0 0 0 0 0 0
8 18 16 0 0 0 0 0 0 0 0 0 0 0 0 0 0 0 0 0 0 0 0 0 0 0 0
8 18 17 0 0 0 0 0 0 0 0 0 0 0 0 0 0 0 0 0 0 0 0 0 0 0 0
8 18 18 0 0 0 0 0 0 0 0 0 0 0 0 0 0 0 0 0 0 0 0 0 0 0 0
8 18 19 0 0 0 0 0 0 0 0 0 0 0 0 0 0 0 0 0 0 0 0 0 0 0 0
8 18 20 0 0 0 0 0 0 0 0 0 0 0 0 0 0 0 0 0 0 0 0 0 0 0 0
8 18 21 0 0 0 0 0 0 0 0 0 0 0 0 0 0 0 0 0 0 0 0 0 0 0 0
8 18 22 0 0 0 0 0 0 0 0 0 0 0 0 0 0 0 0 0 0 0 0 0 0 0 0
8 18 23 0 0 0 0 0 0 0 0 0 0 0 0 0 0 0 0 0 0 0 0 0 0 0 0
8 18 24 0 0 0 0 0 0 0 0 0 0 0 0 0 0 0 0 0 0 0 0 0 0 0 0
8 18 25 0 0 0 0 0 0 0 0 0 0 0 0 0 0 0 0 0 0 0 0 0 0 0 0
8 18 26 0 0 0 0 0 0 0 0 0 0 0 0 0 0 0 0 0 0 0 0 0 0 0 0
8 18 27 0 0 0 0 0 0 0 0 0 0 0 0 0 0 0 0 0 0 0 0 0 0 0 0
8 18 28 0 0 0 0 0 0 0 0 0 0 0 0 0 0 0 0 0 0 0 0 0 0 0 0
8 18 29 0 0 0 0 0 0 0 0 0 0 0 0 0 0 0 0 0 0 0 0 0 0 0 0
8 18 30 0 0 0 0 0 0 0 0 0 0 0 0 0 0 0 0 0 0 0 0 0 0 0 0
8 18 31 0 0 0 0 0 0 0 0 0 0 0 0 0 0 0 0 0 0 0 0 0 0 0 0
8 19 0 0 0 0 0 0 0 0 0 0 0 0 0 0 0 0 0 0 0 0 0 0 0 0 0
8 19 1 0 0 0 0 0 0 0 0 0 0 0 0 0 0 0 0 0 0 0 0 0 0 0 0
8 19 2 0 0 0 0 0 0 0 0 0 0 0 0 0 0 0 0 0 0 0 0 0 0 0 0
8 19 3 0 0 0 0 0 0 0 0 0 0 0 0 0 0 0 0 0 0 0 0 0 0 0 0
8 19 4 0 0 0 0 0 0 0 0 0 0 0 0 0 0 0 0 0 0 0 0 0 0 0 0
8 19 5 0 0 0 0 0 0 0 0 0 0 0 0 0 0 0 0 0 0 0 0 0 0 0 0
8 19 6 0 0 0 0 0 0 0 0 0 0 0 0 0 0 0 0 0 0 0 0 0 0 0 0
8 19 7 0 0 0 0 0 0 0 0 0 0 0 0 0 0 0 0 0 0 0 0 0 0 0 0
8 19 8 0 0 0 0 0 0 0 0 0 0 0 0 0 0 0 0 0 0 0 0 0 0 0 0
8 19 9 0 0 0 0 0 0 0 0 0 0 0 0 0 0 0 0 0 0 0 0 0 0 0 0
8 19 10 0 0 0 0 0 0 0 0 0 0 0 0 0 0 0 0 0 0 0 0 0 0 0 0
8 19 11 0 0 0 0 0 0 0 0 0 0 0 0 0 0 0 0 0 0 0 0 0 0 0 0
8 19 12 0 0 0 0 0 0 0 0 0 0 0 0 0 0 0 0 0 0 0 0 0 0 0 0
8 19 13 0 0 0 0 0 0 0 0 0 0 0 0 0 0 0 0 0 0 0 0 0 0 0 0
8 19 14 0 0 0 0 0 0 0 0 0 0 0 0 0 0 0 0 0 0 0 0 0 0 0 0
8 19 15 0 0 0 0 0 0 0 0 0 0 0 0 0 0 0 0 0 0 0 0 0 0 0 0
8 19 16 0 0 0 0 0 0 0 0 0 0 0 0 0 0 0 0 0 0 0 0 0 0 0 0
8 19 17 0 0 0 0 0 0 0 0 0 0 0 0 0 0 0 0 0 0 0 0 0 0 0 0
8 19 18 0 0 0 0 0 0 0 0 0 0 0 0 0 0 0 0 0 0 0 0 0 0 0 0
8 19 19 0 0 0 0 0 0 0 0 0 0 0 0 0 0 0 0 0 0 0 0 0 0 0 0
8 19 20 0 0 0 0 0 0 0 0 0 0 0 0 0 0 0 0 0 0 0 0 0 0 0 0
8 19 21 0 0 0 0 0 0 0 0 0 0 0 0 0 0 0 0 0 0 0 0 0 0 0 0
8 19 22 0 0 0 0 0 0 0 0 0 0 0 0 0 0 0 0 0 0 0 0 0 0 0 0
8 19 23 0 0 0 0 0 0 0 0 0 0 0 0 0 0 0 0 0 0 0 0 0 0 0 0
8 19 24 0 0 0 0 0 0 0 0 0 0 0 0 0 0 0 0 0 0 0 0 0 0 0 0
8 19 25 0 0 0 0 0 0 0 0 0 0 0 0 0 0 0 0 0 0 0 0 0 0 0 0
8 19 26 0 0 0 0 0 0 0 0 0 0 0 0 0 0 0 0 0 0 0 0 0 0 0 0
8 19 27 0 0 0 0 0 0 0 0 0 0 0 0 0 0 0 0 0 0 0 0 0 0 0 0
8 19 28 0 0 0 0 0 0 0 0 0 0 0 0 0 0 0 0 0 0 0 0 0 0 0 0
8 19 29 0 0 0 0 0 0 0 0 0 0 0 0 0 0 0 0 0 0 0 0 0 0 0 0
8 19 30 0 0 0 0 0 0 0 0 0 0 0 0 0 0 0 0 0 0 0 0 0 0 0 0
8 19 31 0 0 0 0 0 0 0 0 0 0 0 0 0 0 0 0 0 0 0 0 0 0 0 0
8 20 0 0 0 0 0 0 0 0 0 0 0 0 0 0 0 0 0 0 0 0 0 0 0 0 0
8 20 1 0 0 0 0 0 0 0 0 0 0 0 0 0 0 0 0 0 0 0 0 0 0 0 0
8 20 2 0 0 0 0 0 0 0 0 0 0 0 0 0 0 0 0 0 0 0 0 0 0 0 0
8 20 3 0 0 0 0 0 0 0 0 0 0 0 0 0 0 0 0 0 0 0 0 0 0 0 0
8 20 4 0 0 0 0 0 0 0 0 0 0 0 0 0 0 0 0 0 0 0 0 0 0 0 0
8 20 5 0 0 0 0 0 0 0 0 0 0 0 0 0 0 0 0 0 0 0 0 0 0 0 0
8 20 6 0 0 0 0 0 0 0 0 0 0 0 0 0 0 0 0 0 0 0 0 0 0 0 0
8 20 7 0 0 0 0 0 0 0 0 0 0 0 0 0 0 0 0 0 0 0 0 0 0 0 0
8 20 8 0 0 0 0 0 0 0 0 0 0 0 0 0 0 0 0 0 0 0 0 0 0 0 0
8 20 9 0 0 0 0 0 0 0 0 0 0 0 0 0 0 0 0 0 0 0 0 0 0 0 0
8 20 10 0 0 0 0 0 0 0 0 0 0 0 0 0 0 0 0 0 0 0 0 0 0 0 0
8 20 11 0 0 0 0 0 0 0 0 0 0 0 0 0 0 0 0 0 0 0 0 0 0 0 0
8 20 12 0 0 0 0 0 0 0 0 0 0 0 0 0 0 0 0 0 0 0 0 0 0 0 0
8 20 13 0 0 0 0 0 0 0 0 0 0 0 0 0 0 0 0 0 0 0 0 0 0 0 0
8 20 14 0 0 0 0 0 0 0 0 0 0 0 0 0 0 0 0 0 0 0 0 0 0 0 0
8 20 15 0 0 0 0 0 0 0 0 0 0 0 0 0 0 0 0 0 0 0 0 0 0 0 0
8 20 16 0 0 0 0 0 0 0 0 0 0 0 0 0 0 0 0 0 0 0 0 0 0 0 0
8 20 17 0 0 0 0 0 0 0 0 0 0 0 0 0 0 0 0 0 0 0 0 0 0 0 0
8 20 18 0 0 0 0 0 0 0 0 0 0 0 0 0 0 0 0 0 0 0 0 0 0 0 0
8 20 19 0 0 0 0 0 0 0 0 0 0 0 0 0 0 0 0 0 0 0 0 0 0 0 0
8 20 20 0 0 0 0 0 0 0 0 0 0 0 0 0 0 0 0 0 0 0 0 0 0 0 0
8 20 21 0 0 0 0 0 0 0 0 0 0 0 0 0 0 0 0 0 0 0 0 0 0 0 0
8 20 22 0 0 0 0 0 0 0 0 0 0 0 0 0 0 0 0 0 0 0 0 0 0 0 0
8 20 23 0 0 0 0 0 0 0 0 0 0 0 0 0 0 0 0 0 0 0 0 0 0 0 0
8 20 24 0 0 0 0 0 0 0 0 0 0 0 0 0 0 0 0 0 0 0 0 0 0 0 0
8 20 25 0 0 0 0 0 0 0 0 0 0 0 0 0 0 0 0 0 0 0 0 0 0 0 0
8 20 26 0 0 0 0 0 0 0 0 0 0 0 0 0 0 0 0 0 0 0 0 0 0 0 0
8 20 27 0 0 0 0 0 0 0 0 0 0 0 0 0 0 0 0 0 0 0 0 0 0 0 0
8 20 28 0 0 0 0 0 0 0 0 0 0 0 0 0 0 0 0 0 0 0 0 0 0 0 0
8 20 29 0 0 0 0 0 0 0 0 0 0 0 0 0 0 0 0 0 0 0 0 0 0 0 0
8 20 30 0 0 0 0 0 0 0 0 0 0 0 0 0 0 0 0 0 0 0 0 0 0 0 0
8 20 31 0 0 0 0 0 0 0 0 0 0 0 0 0 0 0 0 0 0 0 0 0 0 0 0
8 21 0 0 0 0 0 0 0 0 0 0 0 0 0 0 0 0 0 0 0 0 0 0 0 0 0
8 21 1 0 0 0 0 0 0 0 0 0 0 0 0 0 0 0 0 0 0 0 0 0 0 0 0
8 21 2 0 0 0 0 0 0 0 0 0 0 0 0 0 0 0 0 0 0 0 0 0 0 0 0
8 21 3 0 0 0 0 0 0 0 0 0 0 0 0 0 0 0 0 0 0 0 0 0 0 0 0
8 21 4 0 0 0 0 0 0 0 0 0 0 0 0 0 0 0 0 0 0 0 0 0 0 0 0
8 21 5 0 0 0 0 0 0 0 0 0 0 0 0 0 0 0 0 0 0 0 0 0 0 0 0
8 21 6 0 0 0 0 0 0 0 0 0 0 0 0 0 0 0 0 0 0 0 0 0 0 0 0
8 21 7 0 0 0 0 0 0 0 0 0 0 0 0 0 0 0 0 0 0 0 0 0 0 0 0
8 21 8 0 0 0 0 0 0 0 0 0 0 0 0 0 0 0 0 0 0 0 0 0 0 0 0
8 21 9 0 0 0 0 0 0 0 0 0 0 0 0 0 0 0 0 0 0 0 0 0 0 0 0
8 21 10 0 0 0 0 0 0 0 0 0 0 0 0 0 0 0 0 0 0 0 0 0 0 0 0
8 21 11 0 0 0 0 0 0 0 0 0 0 0 0 0 0 0 0 0 0 0 0 0 0 0 0
8 21 12 0 0 0 0 0 0 0 0 0 0 0 0 0 0 0 0 0 0 0 0 0 0 0 0
8 21 13 0 0 0 0 0 0 0 0 0 0 0 0 0 0 0 0 0 0 0 0 0 0 0 0
8 21 14 0 0 0 0 0 0 0 0 0 0 0 0 0 0 0 0 0 0 0 0 0 0 0 0
8 21 15 0 0 0 0 0 0 0 0 0 0 0 0 0 0 0 0 0 0 0 0 0 0 0 0
8 21 16 0 0 0 0 0 0 0 0 0 0 0 0 0 0 0 0 0 0 0 0 0 0 0 0
8 21 17 0 0 0 0 0 0 0 0 0 0 0 0 0 0 0 0 0 0 0 0 0 0 0 0
8 21 18 0 0 0 0 0 0 0 0 0 0 0 0 0 0 0 0 0 0 0 0 0 0 0 0
8 21 19 0 0 0 0 0 0 0 0 0 0 0 0 0 0 0 0 0 0 0 0 0 0 0 0
8 21 20 0 0 0 0 0 0 0 0 0 0 0 0 0 0 0 0 0 0 0 0 0 0 0 0
8 21 21 0 0 0 0 0 0 0 0 0 0 0 0 0 0 0 0 0 0 0 0 0 0 0 0
8 21 22 0 0 0 0 0 0 0 0 0 0 0 0 0 0 0 0 0 0 0 0 0 0 0 0
8 21 23 0 0 0 0 0 0 0 0 0 0 0 0 0 0 0 0 0 0 0 0 0 0 0 0
8 21 24 0 0 0 0 0 0 0 0 0 0 0 0 0 0 0 0 0 0 0 0 0 0 0 0
8 21 25 0 0 0 0 0 0 0 0 0 0 0 0 0 0 0 0 0 0 0 0 0 0 0 0
8 21 26 0 0 0 0 0 0 0 0 0 0 0 0 0 0 0 0 0 0 0 0 0 0 0 0
8 21 27 0 0 0 0 0 0 0 0 0 0 0 0 0 0 0 0 0 0 0 0 0 0 0 0
8 21 28 0 0 0 0 0 0 0 0 0 0 0 0 0 0 0 0 0 0 0 0 0 0 0 0
8 21 29 0 0 0 0 0 0 0 0 0 0 0 0 0 0 0 0 0 0 0 0 0 0 0 0
8 21 30 0 0 0 0 0 0 0 0 0 0 0 0 0 0 0 0 0 0 0 0 0 0 0 0
8 21 31 0 0 0 0 0 0 0 0 0 0 0 0 0 0 0 0 0 0 0 0 0 0 0 0
8 22 0 0 0 0 0 0 0 0 0 0 0 0 0 0 0 0 0 0 0 0 0 0 0 0 0
8 22 1 0 0 0 0 0 0 0 0 0 0 0 0 0 0 0 0 0 0 0 0 0 0 0 0
8 22 2 0 0 0 0 0 0 0 0 0 0 0 0 0 0 0 0 0 0 0 0 0 0 0 0
8 22 3 0 0 0 0 0 0 0 0 0 0 0 0 0 0 0 0 0 0 0 0 0 0 0 0
8 22 4 0 0 0 0 0 0 0 0 0 0 0 0 0 0 0 0 0 0 0 0 0 0 0 0
8 22 5 0 0 0 0 0 0 0 0 0 0 0 0 0 0 0 0 0 0 0 0 0 0 0 0
8 22 6 0 0 0 0 0 0 0 0 0 0 0 0 0 0 0 0 0 0 0 0 0 0 0 0
8 22 7 0 0 0 0 0 0 0 0 0 0 0 0 0 0 0 0 0 0 0 0 0 0 0 0
8 22 8 0 0 0 0 0 0 0 0 0 0 0 0 0 0 0 0 0 0 0 0 0 0 0 0
8 22 9 0 0 0 0 0 0 0 0 0 0 0 0 0 0 0 0 0 0 0 0 0 0 0 0
8 22 10 0 0 0 0 0 0 0 0 0 0 0 0 0 0 0 0 0 0 0 0 0 0 0 0
8 22 11 0 0 0 0 0 0 0 0 0 0 0 0 0 0 0 0 0 0 0 0 0 0 0 0
8 22 12 0 0 0 0 0 0 0 0 0 0 0 0 0 0 0 0 0 0 0 0 0 0 0 0
8 22 13 0 0 0 0 0 0 0 0 0 0 0 0 0 0 0 0 0 0 0 0 0 0 0 0
8 22 14 0 0 0 0 0 0 0 0 0 0 0 0 0 0 0 0 0 0 0 0 0 0 0 0
8 22 15 0 0 0 0 0 0 0 0 0 0 0 0 0 0 0 0 0 0 0 0 0 0 0 0
8 22 16 0 0 0 0 0 0 0 0 0 0 0 0 0 0 0 0 0 0 0 0 0 0 0 0
8 22 17 0 0 0 0 0 0 0 0 0 0 0 0 0 0 0 0 0 0 0 0 0 0 0 0
8 22 18 0 0 0 0 0 0 0 0 0 0 0 0 0 0 0 0 0 0 0 0 0 0 0 0
8 22 19 0 0 0 0 0 0 0 0 0 0 0 0 0 0 0 0 0 0 0 0 0 0 0 0
8 22 20 0 0 0 0 0 0 0 0 0 0 0 0 0 0 0 0 0 0 0 0 0 0 0 0
8 22 21 0 0 0 0 0 0 0 0 0 0 0 0 0 0 0 0 0 0 0 0 0 0 0 0
8 22 22 0 0 0 0 0 0 0 0 0 0 0 0 0 0 0 0 0 0 0 0 0 0 0 0
8 22 23 0 0 0 0 0 0 0 0 0 0 0 0 0 0 0 0 0 0 0 0 0 0 0 0
8 22 24 0 0 0 0 0 0 0 0 0 0 0 0 0 0 0 0 0 0 0 0 0 0 0 0
8 22 25 0 0 0 0 0 0 0 0 0 0 0 0 0 0 0 0 0 0 0 0 0 0 0 0
8 22 26 0 0 0 0 0 0 0 0 0 0 0 0 0 0 0 0 0 0 0 0 0 0 0 0
8 22 27 0 0 0 0 0 0 0 0 0 0 0 0 0 0 0 0 0 0 0 0 0 0 0 0
8 22 28 0 0 0 0 0 0 0 0 0 0 0 0 0 0 0 0 0 0 0 0 0 0 0 0
8 22 29 0 0 0 0 0 0 0 0 0 0 0 0 0 0 0 0 0 0 0 0 0 0 0 0
8 22 30 0 0 0 0 0 0 0 0 0 0 0 0 0 0 0 0 0 0 0 0 0 0 0 0
8 22 31 0 0 0 0 0 0 0 0 0 0 0 0 0 0 0 0 0 0 0 0 0 0 0 0
8 23 0 0 0 0 0 0 0 0 0 0 0 0 0 0 0 0 0 0 0 0 0 0 0 0 0
8 23 1 0 0 0 0 0 0 0 0 0 0 0 0 0 0 0 0 0 0 0 0 0 0 0 0
8 23 2 0 0 0 0 0 0 0 0 0 0 0 0 0 0 0 0 0 0 0 0 0 0 0 0
8 23 3 0 0 0 0 0 0 0 0 0 0 0 0 0 0 0 0 0 0 0 0 0 0 0 0
8 23 4 0 0 0 0 0 0 0 0 0 0 0 0 0 0 0 0 0 0 0 0 0 0 0 0
8 23 5 0 0 0 0 0 0 0 0 0 0 0 0 0 0 0 0 0 0 0 0 0 0 0 0
8 23 6 0 0 0 0 0 0 0 0 0 0 0 0 0 0 0 0 0 0 0 0 0 0 0 0
8 23 7 0 0 0 0 0 0 0 0 0 0 0 0 0 0 0 0 0 0 0 0 0 0 0 0
8 23 8 0 0 0 0 0 0 0 0 0 0 0 0 0 0 0 0 0 0 0 0 0 0 0 0
8 23 9 0 0 0 0 0 0 0 0 0 0 0 0 0 0 0 0 0 0 0 0 0 0 0 0
8 23 10 0 0 0 0 0 0 0 0 0 0 0 0 0 0 0 0 0 0 0 0 0 0 0 0
8 23 11 0 0 0 0 0 0 0 0 0 0 0 0 0 0 0 0 0 0 0 0 0 0 0 0
8 23 12 0 0 0 0 0 0 0 0 0 0 0 0 0 0 0 0 0 0 0 0 0 0 0 0
8 23 13 0 0 0 0 0 0 0 0 0 0 0 0 0 0 0 0 0 0 0 0 0 0 0 0
8 23 14 0 0 0 0 0 0 0 0 0 0 0 0 0 0 0 0 0 0 0 0 0 0 0 0
8 23 15 0 0 0 0 0 0 0 0 0 0 0 0 0 0 0 0 0 0 0 0 0 0 0 0
8 23 16 0 0 0 0 0 0 0 0 0 0 0 0 0 0 0 0 0 0 0 0 0 0 0 0
8 23 17 0 0 0 0 0 0 0 0 0 0 0 0 0 0 0 0 0 0 0 0 0 0 0 0
8 23 18 0 0 0 0 0 0 0 0 0 0 0 0 0 0 0 0 0 0 0 0 0 0 0 0
8 23 19 0 0 0 0 0 0 0 0 0 0 0 0 0 0 0 0 0 0 0 0 0 0 0 0
8 23 20 0 0 0 0 0 0 0 0 0 0 0 0 0 0 0 0 0 0 0 0 0 0 0 0
8 23 21 0 0 0 0 0 0 0 0 0 0 0 0 0 0 0 0 0 0 0 0 0 0 0 0
8 23 22 0 0 0 0 0 0 0 0 0 0 0 0 0 0 0 0 0 0 0 0 0 0 0 0
8 23 23 0 0 0 0 0 0 0 0 0 0 0 0 0 0 0 0 0 0 0 0 0 0 0 0
8 23 24 0 0 0 0 0 0 0 0 0 0 0 0 0 0 0 0 0 0 0 0 0 0 0 0
8 23 25 0 0 0 0 0 0 0 0 0 0 0 0 0 0 0 0 0 0 0 0 0 0 0 0
8 23 26 0 0 0 0 0 0 0 0 0 0 0 0 0 0 0 0 0 0 0 0 0 0 0 0
8 23 27 0 0 0 0 0 0 0 0 0 0 0 0 0 0 0 0 0 0 0 0 0 0 0 0
8 23 28 0 0 0 0 0 0 0 0 0 0 0 0 0 0 0 0 0 0 0 0 0 0 0 0
8 23 29 0 0 0 0 0 0 0 0 0 0 0 0 0 0 0 0 0 0 0 0 0 0 0 0
8 23 30 0 0 0 0 0 0 0 0 0 0 0 0 0 0 0 0 0 0 0 0 0 0 0 0
8 23 31 0 0 0 0 0 0 0 0 0 0 0 0 0 0 0 0 0 0 0 0 0 0 0 0
8 24 0 0 0 0 0 0 0 0 0 0 0 0 0 0 0 0 0 0 0 0 0 0 0 0 0
8 24 1 0 0 0 0 0 0 0 0 0 0 0 0 0 0 0 0 0 0 0 0 0 0 0 0
8 24 2 0 0 0 0 0 0 0 0 0 0 0 0 0 0 0 0 0 0 0 0 0 0 0 0
8 24 3 0 0 0 0 0 0 0 0 0 0 0 0 0 0 0 0 0 0 0 0 0 0 0 0
8 24 4 0 0 0 0 0 0 0 0 0 0 0 0 0 0 0 0 0 0 0 0 0 0 0 0
8 24 5 0 0 0 0 0 0 0 0 0 0 0 0 0 0 0 0 0 0 0 0 0 0 0 0
8 24 6 0 0 0 0 0 0 0 0 0 0 0 0 0 0 0 0 0 0 0 0 0 0 0 0
8 24 7 0 0 0 0 0 0 0 0 0 0 0 0 0 0 0 0 0 0 0 0 0 0 0 0
8 24 8 0 0 0 0 0 0 0 0 0 0 0 0 0 0 0 0 0 0 0 0 0 0 0 0
8 24 9 0 0 0 0 0 0 0 0 0 0 0 0 0 0 0 0 0 0 0 0 0 0 0 0
8 24 10 0 0 0 0 0 0 0 0 0 0 0 0 0 0 0 0 0 0 0 0 0 0 0 0
8 24 11 0 0 0 0 0 0 0 0 0 0 0 0 0 0 0 0 0 0 0 0 0 0 0 0
8 24 12 0 0 0 0 0 0 0 0 0 0 0 0 0 0 0 0 0 0 0 0 0 0 0 0
8 24 13 0 0 0 0 0 0 0 0 0 0 0 0 0 0 0 0 0 0 0 0 0 0 0 0
8 24 14 0 0 0 0 0 0 0 0 0 0 0 0 0 0 0 0 0 0 0 0 0 0 0 0
8 24 15 0 0 0 0 0 0 0 0 0 0 0 0 0 0 0 0 0 0 0 0 0 0 0 0
8 24 16 0 0 0 0 0 0 0 0 0 0 0 0 0 0 0 0 0 0 0 0 0 0 0 0
8 24 17 0 0 0 0 0 0 0 0 0 0 0 0 0 0 0 0 0 0 0 0 0 0 0 0
8 24 18 0 0 0 0 0 0 0 0 0 0 0 0 0 0 0 0 0 0 0 0 0 0 0 0
8 24 19 0 0 0 0 0 0 0 0 0 0 0 0 0 0 0 0 0 0 0 0 0 0 0 0
8 24 20 0 0 0 0 0 0 0 0 0 0 0 0 0 0 0 0 0 0 0 0 0 0 0 0
8 24 21 0 0 0 0 0 0 0 0 0 0 0 0 0 0 0 0 0 0 0 0 0 0 0 0
8 24 22 0 0 0 0 0 0 0 0 0 0 0 0 0 0 0 0 0 0 0 0 0 0 0 0
8 24 23 0 0 0 0 0 0 0 0 0 0 0 0 0 0 0 0 0 0 0 0 0 0 0 0
8 24 24 0 0 0 0 0 0 0 0 0 0 0 0 0 0 0 0 0 0 0 0 0 0 0 0
8 24 25 0 0 0 0 0 0 0 0 0 0 0 0 0 0 0 0 0 0 0 0 0 0 0 0
8 24 26 0 0 0 0 0 0 0 0 0 0 0 0 0 0 0 0 0 0 0 0 0 0 0 0
8 24 27 0 0 0 0 0 0 0 0 0 0 0 0 0 0 0 0 0 0 0 0 0 0 0 0
8 24 28 0 0 0 0 0 0 0 0 0 0 0 0 0 0 0 0 0 0 0 0 0 0 0 0
8 24 29 0 0 0 0 0 0 0 0 0 0 0 0 0 0 0 0 0 0 0 0 0 0 0 0
8 24 30 0 0 0 0 0 0 0 0 0 0 0 0 0 0 0 0 0 0 0 0 0 0 0 0
8 24 31 0 0 0 0 0 0 0 0 0 0 0 0 0 0 0 0 0 0 0 0 0 0 0 0
8 25 0 0 0 0 0 0 0 0 0 0 0 0 0 0 0 0 0 0 0 0 0 0 0 0 0
8 25 1 0 0 0 0 0 0 0 0 0 0 0 0 0 0 0 0 0 0 0 0 0 0 0 0
8 25 2 0 0 0 0 0 0 0 0 0 0 0 0 0 0 0 0 0 0 0 0 0 0 0 0
8 25 3 0 0 0 0 0 0 0 0 0 0 0 0 0 0 0 0 0 0 0 0 0 0 0 0
8 25 4 0 0 0 0 0 0 0 0 0 0 0 0 0 0 0 0 0 0 0 0 0 0 0 0
8 25 5 0 0 0 0 0 0 0 0 0 0 0 0 0 0 0 0 0 0 0 0 0 0 0 0
8 25 6 0 0 0 0 0 0 0 0 0 0 0 0 0 0 0 0 0 0 0 0 0 0 0 0
8 25 7 0 0 0 0 0 0 0 0 0 0 0 0 0 0 0 0 0 0 0 0 0 0 0 0
8 25 8 0 0 0 0 0 0 0 0 0 0 0 0 0 0 0 0 0 0 0 0 0 0 0 0
8 25 9 0 0 0 0 0 0 0 0 0 0 0 0 0 0 0 0 0 0 0 0 0 0 0 0
8 25 10 0 0 0 0 0 0 0 0 0 0 0 0 0 0 0 0 0 0 0 0 0 0 0 0
8 25 11 0 0 0 0 0 0 0 0 0 0 0 0 0 0 0 0 0 0 0 0 0 0 0 0
8 25 12 0 0 0 0 0 0 0 0 0 0 0 0 0 0 0 0 0 0 0 0 0 0 0 0
8 25 13 0 0 0 0 0 0 0 0 0 0 0 0 0 0 0 0 0 0 0 0 0 0 0 0
8 25 14 0 0 0 0 0 0 0 0 0 0 0 0 0 0 0 0 0 0 0 0 0 0 0 0
8 25 15 0 0 0 0 0 0 0 0 0 0 0 0 0 0 0 0 0 0 0 0 0 0 0 0
8 25 16 0 0 0 0 0 0 0 0 0 0 0 0 0 0 0 0 0 0 0 0 0 0 0 0
8 25 17 0 0 0 0 0 0 0 0 0 0 0 0 0 0 0 0 0 0 0 0 0 0 0 0
8 25 18 0 0 0 0 0 0 0 0 0 0 0 0 0 0 0 0 0 0 0 0 0 0 0 0
8 25 19 0 0 0 0 0 0 0 0 0 0 0 0 0 0 0 0 0 0 0 0 0 0 0 0
8 25 20 0 0 0 0 0 0 0 0 0 0 0 0 0 0 0 0 0 0 0 0 0 0 0 0
8 25 21 0 0 0 0 0 0 0 0 0 0 0 0 0 0 0 0 0 0 0 0 0 0 0 0
8 25 22 0 0 0 0 0 0 0 0 0 0 0 0 0 0 0 0 0 0 0 0 0 0 0 0
8 25 23 0 0 0 0 0 0 0 0 0 0 0 0 0 0 0 0 0 0 0 0 0 0 0 0
8 25 24 0 0 0 0 0 0 0 0 0 0 0 0 0 0 0 0 0 0 0 0 0 0 0 0
8 25 25 0 0 0 0 0 0 0 0 0 0 0 0 0 0 0 0 0 0 0 0 0 0 0 0
8 25 26 0 0 0 0 0 0 0 0 0 0 0 0 0 0 0 0 0 0 0 0 0 0 0 0
8 25 27 0 0 0 0 0 0 0 0 0 0 0 0 0 0 0 0 0 0 0 0 0 0 0 0
8 25 28 0 0 0 0 0 0 0 0 0 0 0 0 0 0 0 0 0 0 0 0 0 0 0 0
8 25 29 0 0 0 0 0 0 0 0 0 0 0 0 0 0 0 0 0 0 0 0 0 0 0 0
8 25 30 0 0 0 0 0 0 0 0 0 0 0 0 0 0 0 0 0 0 0 0 0 0 0 0
8 25 31 0 0 0 0 0 0 0 0 0 0 0 0 0 0 0 0 0 0 0 0 0 0 0 0
8 26 0 0 0 0 0 0 0 0 0 0 0 0 0 0 0 0 0 0 0 0 0 0 0 0 0
8 26 1 0 0 0 0 0 0 0 0 0 0 0 0 0 0 0 0 0 0 0 0 0 0 0 0
8 26 2 0 0 0 0 0 0 0 0 0 0 0 0 0 0 0 0 0 0 0 0 0 0 0 0
8 26 3 0 0 0 0 0 0 0 0 0 0 0 0 0 0 0 0 0 0 0 0 0 0 0 0
8 26 4 0 0 0 0 0 0 0 0 0 0 0 0 0 0 0 0 0 0 0 0 0 0 0 0
8 26 5 0 0 0 0 0 0 0 0 0 0 0 0 0 0 0 0 0 0 0 0 0 0 0 0
8 26 6 0 0 0 0 0 0 0 0 0 0 0 0 0 0 0 0 0 0 0 0 0 0 0 0
8 26 7 0 0 0 0 0 0 0 0 0 0 0 0 0 0 0 0 0 0 0 0 0 0 0 0
8 26 8 0 0 0 0 0 0 0 0 0 0 0 0 0 0 0 0 0 0 0 0 0 0 0 0
8 26 9 0 0 0 0 0 0 0 0 0 0 0 0 0 0 0 0 0 0 0 0 0 0 0 0
8 26 10 0 0 0 0 0 0 0 0 0 0 0 0 0 0 0 0 0 0 0 0 0 0 0 0
8 26 11 0 0 0 0 0 0 0 0 0 0 0 0 0 0 0 0 0 0 0 0 0 0 0 0
8 26 12 0 0 0 0 0 0 0 0 0 0 0 0 0 0 0 0 0 0 0 0 0 0 0 0
8 26 13 0 0 0 0 0 0 0 0 0 0 0 0 0 0 0 0 0 0 0 0 0 0 0 0
8 26 14 0 0 0 0 0 0 0 0 0 0 0 0 0 0 0 0 0 0 0 0 0 0 0 0
8 26 15 0 0 0 0 0 0 0 0 0 0 0 0 0 0 0 0 0 0 0 0 0 0 0 0
8 26 16 0 0 0 0 0 0 0 0 0 0 0 0 0 0 0 0 0 0 0 0 0 0 0 0
8 26 17 0 0 0 0 0 0 0 0 0 0 0 0 0 0 0 0 0 0 0 0 0 0 0 0
8 26 18 0 0 0 0 0 0 0 0 0 0 0 0 0 0 0 0 0 0 0 0 0 0 0 0
8 26 19 0 0 0 0 0 0 0 0 0 0 0 0 0 0 0 0 0 0 0 0 0 0 0 0
8 26 20 0 0 0 0 0 0 0 0 0 0 0 0 0 0 0 0 0 0 0 0 0 0 0 0
8 26 21 0 0 0 0 0 0 0 0 0 0 0 0 0 0 0 0 0 0 0 0 0 0 0 0
8 26 22 0 0 0 0 0 0 0 0 0 0 0 0 0 0 0 0 0 0 0 0 0 0 0 0
8 26 23 0 0 0 0 0 0 0 0 0 0 0 0 0 0 0 0 0 0 0 0 0 0 0 0
8 26 24 0 0 0 0 0 0 0 0 0 0 0 0 0 0 0 0 0 0 0 0 0 0 0 0
8 26 25 0 0 0 0 0 0 0 0 0 0 0 0 0 0 0 0 0 0 0 0 0 0 0 0
8 26 26 0 0 0 0 0 0 0 0 0 0 0 0 0 0 0 0 0 0 0 0 0 0 0 0
8 26 27 0 0 0 0 0 0 0 0 0 0 0 0 0 0 0 0 0 0 0 0 0 0 0 0
8 26 28 0 0 0 0 0 0 0 0 0 0 0 0 0 0 0 0 0 0 0 0 0 0 0 0
8 26 29 0 0 0 0 0 0 0 0 0 0 0 0 0 0 0 0 0 0 0 0 0 0 0 0
8 26 30 0 0 0 0 0 0 0 0 0 0 0 0 0 0 0 0 0 0 0 0 0 0 0 0
8 26 31 0 0 0 0 0 0 0 0 0 0 0 0 0 0 0 0 0 0 0 0 0 0 0 0
8 27 0 0 0 0 0 0 0 0 0 0 0 0 0 0 0 0 0 0 0 0 0 0 0 0 0
8 27 1 0 0 0 0 0 0 0 0 0 0 0 0 0 0 0 0 0 0 0 0 0 0 0 0
8 27 2 0 0 0 0 0 0 0 0 0 0 0 0 0 0 0 0 0 0 0 0 0 0 0 0
8 27 3 0 0 0 0 0 0 0 0 0 0 0 0 0 0 0 0 0 0 0 0 0 0 0 0
8 27 4 0 0 0 0 0 0 0 0 0 0 0 0 0 0 0 0 0 0 0 0 0 0 0 0
8 27 5 0 0 0 0 0 0 0 0 0 0 0 0 0 0 0 0 0 0 0 0 0 0 0 0
8 27 6 0 0 0 0 0 0 0 0 0 0 0 0 0 0 0 0 0 0 0 0 0 0 0 0
8 27 7 0 0 0 0 0 0 0 0 0 0 0 0 0 0 0 0 0 0 0 0 0 0 0 0
8 27 8 0 0 0 0 0 0 0 0 0 0 0 0 0 0 0 0 0 0 0 0 0 0 0 0
8 27 9 0 0 0 0 0 0 0 0 0 0 0 0 0 0 0 0 0 0 0 0 0 0 0 0
8 27 10 0 0 0 0 0 0 0 0 0 0 0 0 0 0 0 0 0 0 0 0 0 0 0 0
8 27 11 0 0 0 0 0 0 0 0 0 0 0 0 0 0 0 0 0 0 0 0 0 0 0 0
8 27 12 0 0 0 0 0 0 0 0 0 0 0 0 0 0 0 0 0 0 0 0 0 0 0 0
8 27 13 0 0 0 0 0 0 0 0 0 0 0 0 0 0 0 0 0 0 0 0 0 0 0 0
8 27 14 0 0 0 0 0 0 0 0 0 0 0 0 0 0 0 0 0 0 0 0 0 0 0 0
8 27 15 0 0 0 0 0 0 0 0 0 0 0 0 0 0 0 0 0 0 0 0 0 0 0 0
8 27 16 0 0 0 0 0 0 0 0 0 0 0 0 0 0 0 0 0 0 0 0 0 0 0 0
8 27 17 0 0 0 0 0 0 0 0 0 0 0 0 0 0 0 0 0 0 0 0 0 0 0 0
8 27 18 0 0 0 0 0 0 0 0 0 0 0 0 0 0 0 0 0 0 0 0 0 0 0 0
8 27 19 0 0 0 0 0 0 0 0 0 0 0 0 0 0 0 0 0 0 0 0 0 0 0 0
8 27 20 0 0 0 0 0 0 0 0 0 0 0 0 0 0 0 0 0 0 0 0 0 0 0 0
8 27 21 0 0 0 0 0 0 0 0 0 0 0 0 0 0 0 0 0 0 0 0 0 0 0 0
8 27 22 0 0 0 0 0 0 0 0 0 0 0 0 0 0 0 0 0 0 0 0 0 0 0 0
8 27 23 0 0 0 0 0 0 0 0 0 0 0 0 0 0 0 0 0 0 0 0 0 0 0 0
8 27 24 0 0 0 0 0 0 0 0 0 0 0 0 0 0 0 0 0 0 0 0 0 0 0 0
8 27 25 0 0 0 0 0 0 0 0 0 0 0 0 0 0 0 0 0 0 0 0 0 0 0 0
8 27 26 0 0 0 0 0 0 0 0 0 0 0 0 0 0 0 0 0 0 0 0 0 0 0 0
8 27 27 0 0 0 0 0 0 0 0 0 0 0 0 0 0 0 0 0 0 0 0 0 0 0 0
8 27 28 0 0 0 0 0 0 0 0 0 0 0 0 0 0 0 0 0 0 0 0 0 0 0 0
8 27 29 0 0 0 0 0 0 0 0 0 0 0 0 0 0 0 0 0 0 0 0 0 0 0 0
8 27 30 0 0 0 0 0 0 0 0 0 0 0 0 0 0 0 0 0 0 0 0 0 0 0 0
8 27 31 0 0 0 0 0 0 0 0 0 0 0 0 0 0 0 0 0 0 0 0 0 0 0 0
8 28 0 0 0 0 0 0 0 0 0 0 0 0 0 0 0 0 0 0 0 0 0 0 0 0 0
8 28 1 0 0 0 0 0 0 0 0 0 0 0 0 0 0 0 0 0 0 0 0 0 0 0 0
8 28 2 0 0 0 0 0 0 0 0 0 0 0 0 0 0 0 0 0 0 0 0 0 0 0 0
8 28 3 0 0 0 0 0 0 0 0 0 0 0 0 0 0 0 0 0 0 0 0 0 0 0 0
8 28 4 0 0 0 0 0 0 0 0 0 0 0 0 0 0 0 0 0 0 0 0 0 0 0 0
8 28 5 0 0 0 0 0 0 0 0 0 0 0 0 0 0 0 0 0 0 0 0 0 0 0 0
8 28 6 0 0 0 0 0 0 0 0 0 0 0 0 0 0 0 0 0 0 0 0 0 0 0 0
8 28 7 0 0 0 0 0 0 0 0 0 0 0 0 0 0 0 0 0 0 0 0 0 0 0 0
8 28 8 0 0 0 0 0 0 0 0 0 0 0 0 0 0 0 0 0 0 0 0 0 0 0 0
8 28 9 0 0 0 0 0 0 0 0 0 0 0 0 0 0 0 0 0 0 0 0 0 0 0 0
8 28 10 0 0 0 0 0 0 0 0 0 0 0 0 0 0 0 0 0 0 0 0 0 0 0 0
8 28 11 0 0 0 0 0 0 0 0 0 0 0 0 0 0 0 0 0 0 0 0 0 0 0 0
8 28 12 0 0 0 0 0 0 0 0 0 0 0 0 0 0 0 0 0 0 0 0 0 0 0 0
8 28 13 0 0 0 0 0 0 0 0 0 0 0 0 0 0 0 0 0 0 0 0 0 0 0 0
8 28 14 0 0 0 0 0 0 0 0 0 0 0 0 0 0 0 0 0 0 0 0 0 0 0 0
8 28 15 0 0 0 0 0 0 0 0 0 0 0 0 0 0 0 0 0 0 0 0 0 0 0 0
8 28 16 0 0 0 0 0 0 0 0 0 0 0 0 0 0 0 0 0 0 0 0 0 0 0 0
8 28 17 0 0 0 0 0 0 0 0 0 0 0 0 0 0 0 0 0 0 0 0 0 0 0 0
8 28 18 0 0 0 0 0 0 0 0 0 0 0 0 0 0 0 0 0 0 0 0 0 0 0 0
8 28 19 0 0 0 0 0 0 0 0 0 0 0 0 0 0 0 0 0 0 0 0 0 0 0 0
8 28 20 0 0 0 0 0 0 0 0 0 0 0 0 0 0 0 0 0 0 0 0 0 0 0 0
8 28 21 0 0 0 0 0 0 0 0 0 0 0 0 0 0 0 0 0 0 0 0 0 0 0 0
8 28 22 0 0 0 0 0 0 0 0 0 0 0 0 0 0 0 0 0 0 0 0 0 0 0 0
8 28 23 0 0 0 0 0 0 0 0 0 0 0 0 0 0 0 0 0 0 0 0 0 0 0 0
8 28 24 0 0 0 0 0 0 0 0 0 0 0 0 0 0 0 0 0 0 0 0 0 0 0 0
8 28 25 0 0 0 0 0 0 0 0 0 0 0 0 0 0 0 0 0 0 0 0 0 0 0 0
8 28 26 0 0 0 0 0 0 0 0 0 0 0 0 0 0 0 0 0 0 0 0 0 0 0 0
8 28 27 0 0 0 0 0 0 0 0 0 0 0 0 0 0 0 0 0 0 0 0 0 0 0 0
8 28 28 0 0 0 0 0 0 0 0 0 0 0 0 0 0 0 0 0 0 0 0 0 0 0 0
8 28 29 0 0 0 0 0 0 0 0 0 0 0 0 0 0 0 0 0 0 0 0 0 0 0 0
8 28 30 0 0 0 0 0 0 0 0 0 0 0 0 0 0 0 0 0 0 0 0 0 0 0 0
8 28 31 0 0 0 0 0 0 0 0 0 0 0 0 0 0 0 0 0 0 0 0 0 0 0 0
8 29 0 0 0 0 0 0 0 0 0 0 0 0 0 0 0 0 0 0 0 0 0 0 0 0 0
8 29 1 0 0 0 0 0 0 0 0 0 0 0 0 0 0 0 0 0 0 0 0 0 0 0 0
8 29 2 0 0 0 0 0 0 0 0 0 0 0 0 0 0 0 0 0 0 0 0 0 0 0 0
8 29 3 0 0 0 0 0 0 0 0 0 0 0 0 0 0 0 0 0 0 0 0 0 0 0 0
8 29 4 0 0 0 0 0 0 0 0 0 0 0 0 0 0 0 0 0 0 0 0 0 0 0 0
8 29 5 0 0 0 0 0 0 0 0 0 0 0 0 0 0 0 0 0 0 0 0 0 0 0 0
8 29 6 0 0 0 0 0 0 0 0 0 0 0 0 0 0 0 0 0 0 0 0 0 0 0 0
8 29 7 0 0 0 0 0 0 0 0 0 0 0 0 0 0 0 0 0 0 0 0 0 0 0 0
8 29 8 0 0 0 0 0 0 0 0 0 0 0 0 0 0 0 0 0 0 0 0 0 0 0 0
8 29 9 0 0 0 0 0 0 0 0 0 0 0 0 0 0 0 0 0 0 0 0 0 0 0 0
8 29 10 0 0 0 0 0 0 0 0 0 0 0 0 0 0 0 0 0 0 0 0 0 0 0 0
8 29 11 0 0 0 0 0 0 0 0 0 0 0 0 0 0 0 0 0 0 0 0 0 0 0 0
8 29 12 0 0 0 0 0 0 0 0 0 0 0 0 0 0 0 0 0 0 0 0 0 0 0 0
8 29 13 0 0 0 0 0 0 0 0 0 0 0 0 0 0 0 0 0 0 0 0 0 0 0 0
8 29 14 0 0 0 0 0 0 0 0 0 0 0 0 0 0 0 0 0 0 0 0 0 0 0 0
8 29 15 0 0 0 0 0 0 0 0 0 0 0 0 0 0 0 0 0 0 0 0 0 0 0 0
8 29 16 0 0 0 0 0 0 0 0 0 0 0 0 0 0 0 0 0 0 0 0 0 0 0 0
8 29 17 0 0 0 0 0 0 0 0 0 0 0 0 0 0 0 0 0 0 0 0 0 0 0 0
8 29 18 0 0 0 0 0 0 0 0 0 0 0 0 0 0 0 0 0 0 0 0 0 0 0 0
8 29 19 0 0 0 0 0 0 0 0 0 0 0 0 0 0 0 0 0 0 0 0 0 0 0 0
8 29 20 0 0 0 0 0 0 0 0 0 0 0 0 0 0 0 0 0 0 0 0 0 0 0 0
8 29 21 0 0 0 0 0 0 0 0 0 0 0 0 0 0 0 0 0 0 0 0 0 0 0 0
8 29 22 0 0 0 0 0 0 0 0 0 0 0 0 0 0 0 0 0 0 0 0 0 0 0 0
8 29 23 0 0 0 0 0 0 0 0 0 0 0 0 0 0 0 0 0 0 0 0 0 0 0 0
8 29 24 0 0 0 0 0 0 0 0 0 0 0 0 0 0 0 0 0 0 0 0 0 0 0 0
8 29 25 0 0 0 0 0 0 0 0 0 0 0 0 0 0 0 0 0 0 0 0 0 0 0 0
8 29 26 0 0 0 0 0 0 0 0 0 0 0 0 0 0 0 0 0 0 0 0 0 0 0 0
8 29 27 0 0 0 0 0 0 0 0 0 0 0 0 0 0 0 0 0 0 0 0 0 0 0 0
8 29 28 0 0 0 0 0 0 0 0 0 0 0 0 0 0 0 0 0 0 0 0 0 0 0 0
8 29 29 0 0 0 0 0 0 0 0 0 0 0 0 0 0 0 0 0 0 0 0 0 0 0 0
8 29 30 0 0 0 0 0 0 0 0 0 0 0 0 0 0 0 0 0 0 0 0 0 0 0 0
8 29 31 0 0 0 0 0 0 0 0 0 0 0 0 0 0 0 0 0 0 0 0 0 0 0 0
8 30 0 0 0 0 0 0 0 0 0 0 0 0 0 0 0 0 0 0 0 0 0 0 0 0 0
8 30 1 0 0 0 0 0 0 0 0 0 0 0 0 0 0 0 0 0 0 0 0 0 0 0 0
8 30 2 0 0 0 0 0 0 0 0 0 0 0 0 0 0 0 0 0 0 0 0 0 0 0 0
8 30 3 0 0 0 0 0 0 0 0 0 0 0 0 0 0 0 0 0 0 0 0 0 0 0 0
8 30 4 0 0 0 0 0 0 0 0 0 0 0 0 0 0 0 0 0 0 0 0 0 0 0 0
8 30 5 0 0 0 0 0 0 0 0 0 0 0 0 0 0 0 0 0 0 0 0 0 0 0 0
8 30 6 0 0 0 0 0 0 0 0 0 0 0 0 0 0 0 0 0 0 0 0 0 0 0 0
8 30 7 0 0 0 0 0 0 0 0 0 0 0 0 0 0 0 0 0 0 0 0 0 0 0 0
8 30 8 0 0 0 0 0 0 0 0 0 0 0 0 0 0 0 0 0 0 0 0 0 0 0 0
8 30 9 0 0 0 0 0 0 0 0 0 0 0 0 0 0 0 0 0 0 0 0 0 0 0 0
8 30 10 0 0 0 0 0 0 0 0 0 0 0 0 0 0 0 0 0 0 0 0 0 0 0 0
8 30 11 0 0 0 0 0 0 0 0 0 0 0 0 0 0 0 0 0 0 0 0 0 0 0 0
8 30 12 0 0 0 0 0 0 0 0 0 0 0 0 0 0 0 0 0 0 0 0 0 0 0 0
8 30 13 0 0 0 0 0 0 0 0 0 0 0 0 0 0 0 0 0 0 0 0 0 0 0 0
8 30 14 0 0 0 0 0 0 0 0 0 0 0 0 0 0 0 0 0 0 0 0 0 0 0 0
8 30 15 0 0 0 0 0 0 0 0 0 0 0 0 0 0 0 0 0 0 0 0 0 0 0 0
8 30 16 0 0 0 0 0 0 0 0 0 0 0 0 0 0 0 0 0 0 0 0 0 0 0 0
8 30 17 0 0 0 0 0 0 0 0 0 0 0 0 0 0 0 0 0 0 0 0 0 0 0 0
8 30 18 0 0 0 0 0 0 0 0 0 0 0 0 0 0 0 0 0 0 0 0 0 0 0 0
8 30 19 0 0 0 0 0 0 0 0 0 0 0 0 0 0 0 0 0 0 0 0 0 0 0 0
8 30 20 0 0 0 0 0 0 0 0 0 0 0 0 0 0 0 0 0 0 0 0 0 0 0 0
8 30 21 0 0 0 0 0 0 0 0 0 0 0 0 0 0 0 0 0 0 0 0 0 0 0 0
8 30 22 0 0 0 0 0 0 0 0 0 0 0 0 0 0 0 0 0 0 0 0 0 0 0 0
8 30 23 0 0 0 0 0 0 0 0 0 0 0 0 0 0 0 0 0 0 0 0 0 0 0 0
8 30 24 0 0 0 0 0 0 0 0 0 0 0 0 0 0 0 0 0 0 0 0 0 0 0 0
8 30 25 0 0 0 0 0 0 0 0 0 0 0 0 0 0 0 0 0 0 0 0 0 0 0 0
8 30 26 0 0 0 0 0 0 0 0 0 0 0 0 0 0 0 0 0 0 0 0 0 0 0 0
8 30 27 0 0 0 0 0 0 0 0 0 0 0 0 0 0 0 0 0 0 0 0 0 0 0 0
8 30 28 0 0 0 0 0 0 0 0 0 0 0 0 0 0 0 0 0 0 0 0 0 0 0 0
8 30 29 0 0 0 0 0 0 0 0 0 0 0 0 0 0 0 0 0 0 0 0 0 0 0 0
8 30 30 0 0 0 0 0 0 0 0 0 0 0 0 0 0 0 0 0 0 0 0 0 0 0 0
8 30 31 0 0 0 0 0 0 0 0 0 0 0 0 0 0 0 0 0 0 0 0 0 0 0 0
8 31 0 0 0 0 0 0 0 0 0 0 0 0 0 0 0 0 0 0 0 0 0 0 0 0 0
8 31 1 0 0 0 0 0 0 0 0 0 0 0 0 0 0 0 0 0 0 0 0 0 0 0 0
8 31 2 0 0 0 0 0 0 0 0 0 0 0 0 0 0 0 0 0 0 0 0 0 0 0 0
8 31 3 0 0 0 0 0 0 0 0 0 0 0 0 0 0 0 0 0 0 0 0 0 0 0 0
8 31 4 0 0 0 0 0 0 0 0 0 0 0 0 0 0 0 0 0 0 0 0 0 0 0 0
8 31 5 0 0 0 0 0 0 0 0 0 0 0 0 0 0 0 0 0 0 0 0 0 0 0 0
8 31 6 0 0 0 0 0 0 0 0 0 0 0 0 0 0 0 0 0 0 0 0 0 0 0 0
8 31 7 0 0 0 0 0 0 0 0 0 0 0 0 0 0 0 0 0 0 0 0 0 0 0 0
8 31 8 0 0 0 0 0 0 0 0 0 0 0 0 0 0 0 0 0 0 0 0 0 0 0 0
8 31 9 0 0 0 0 0 0 0 0 0 0 0 0 0 0 0 0 0 0 0 0 0 0 0 0
8 31 10 0 0 0 0 0 0 0 0 0 0 0 0 0 0 0 0 0 0 0 0 0 0 0 0
8 31 11 0 0 0 0 0 0 0 0 0 0 0 0 0 0 0 0 0 0 0 0 0 0 0 0
8 31 12 0 0 0 0 0 0 0 0 0 0 0 0 0 0 0 0 0 0 0 0 0 0 0 0
8 31 13 0 0 0 0 0 0 0 0 0 0 0 0 0 0 0 0 0 0 0 0 0 0 0 0
8 31 14 0 0 0 0 0 0 0 0 0 0 0 0 0 0 0 0 0 0 0 0 0 0 0 0
8 31 15 0 0 0 0 0 0 0 0 0 0 0 0 0 0 0 0 0 0 0 0 0 0 0 0
8 31 16 0 0 0 0 0 0 0 0 0 0 0 0 0 0 0 0 0 0 0 0 0 0 0 0
8 31 17 0 0 0 0 0 0 0 0 0 0 0 0 0 0 0 0 0 0 0 0 0 0 0 0
8 31 18 0 0 0 0 0 0 0 0 0 0 0 0 0 0 0 0 0 0 0 0 0 0 0 0
8 31 19 0 0 0 0 0 0 0 0 0 0 0 0 0 0 0 0 0 0 0 0 0 0 0 0
8 31 20 0 0 0 0 0 0 0 0 0 0 0 0 0 0 0 0 0 0 0 0 0 0 0 0
8 31 21 0 0 0 0 0 0 0 0 0 0 0 0 0 0 0 0 0 0 0 0 0 0 0 0
8 31 22 0 0 0 0 0 0 0 0 0 0 0 0 0 0 0 0 0 0 0 0 0 0 0 0
8 31 23 0 0 0 0 0 0 0 0 0 0 0 0 0 0 0 0 0 0 0 0 0 0 0 0
8 31 24 0 0 0 0 0 0 0 0 0 0 0 0 0 0 0 0 0 0 0 0 0 0 0 0
8 31 25 0 0 0 0 0 0 0 0 0 0 0 0 0 0 0 0 0 0 0 0 0 0 0 0
8 31 26 0 0 0 0 0 0 0 0 0 0 0 0 0 0 0 0 0 0 0 0 0 0 0 0
8 31 27 0 0 0 0 0 0 0 0 0 0 0 0 0 0 0 0 0 0 0 0 0 0 0 0
8 31 28 0 0 0 0 0 0 0 0 0 0 0 0 0 0 0 0 0 0 0 0 0 0 0 0
8 31 29 0 0 0 0 0 0 0 0 0 0 0 0 0 0 0 0 0 0 0 0 0 0 0 0
8 31 30 0 0 0 0 0 0 0 0 0 0 0 0 0 0 0 0 0 0 0 0 0 0 0 0
8 31 31 0 0 0 0 0 0 0 0 0 0 0 0 0 0 0 0 0 0 0 0 0 0 0 0
9 0 0 1 0 0 1 1 225 0 0 0 0 0 0 0 0 0 0 0 0 0 0 0 0 0 0
9 0 1 1 0 0 1 2 225 1 0 1 1 0 225 0 0 0 0 0 0 0 0 0 0 0 0
9 0 2 0 0 0 0 0 0 1 0 1 1 1 225 0 0 0 0 0 0 0 0 0 0 0 0
9 0 3 1 0 2 1 0 226 1 0 1 1 2 225 0 0 0 0 0 0 0 0 0 0 0 0
9 0 4 1 0 2 1 1 226 0 0 0 0 0 0 0 0 0 0 0 0 0 0 0 0 0 0
9 0 5 1 0 2 1 2 226 1 0 3 1 0 226 0 0 0 0 0 0 0 0 0 0 0 0
9 0 6 0 0 0 0 0 0 1 0 3 1 1 226 0 0 0 0 0 0 0 0 0 0 0 0
9 0 7 1 0 4 1 0 227 1 0 3 1 2 226 0 0 0 0 0 0 0 0 0 0 0 0
9 0 8 1 0 4 1 1 227 0 0 0 0 0 0 0 0 0 0 0 0 0 0 0 0 0 0
9 0 9 1 0 4 1 2 227 1 0 5 1 0 227 0 0 0 0 0 0 0 0 0 0 0 0
9 0 10 0 0 0 0 0 0 1 0 5 1 1 227 0 0 0 0 0 0 0 0 0 0 0 0
9 0 11 1 0 6 1 0 228 1 0 5 1 2 227 0 0 0 0 0 0 0 0 0 0 0 0
9 0 12 1 0 6 1 1 228 0 0 0 0 0 0 0 0 0 0 0 0 0 0 0 0 0 0
9 0 13 1 0 6 1 2 228 1 0 7 1 0 228 0 0 0 0 0 0 0 0 0 0 0 0
9 0 14 0 0 0 0 0 0 1 0 7 1 1 228 0 0 0 0 0 0 0 0 0 0 0 0
9 0 15 1 0 8 1 0 229 1 0 7 1 2 228 0 0 0 0 0 0 0 0 0 0 0 0
9 0 16 1 0 8 1 1 229 0 0 0 0 0 0 0 0 0 0 0 0 0 0 0 0 0 0
9 0 17 1 0 8 1 2 229 0 0 0 0 0 0 0 0 0 0 0 0 0 0 0 0 0 0
9 0 18 0 0 0 0 0 0 0 0 0 0 0 0 0 0 0 0 0 0 0 0 0 0 0 0
9 0 19 0 0 0 0 0 0 0 0 0 0 0 0 0 0 0 0 0 0 0 0 0 0 0 0
9 0 20 0 0 0 0 0 0 0 0 0 0 0 0 0 0 0 0 0 0 0 0 0 0 0 0
9 0 21 0 0 0 0 0 0 0 0 0 0 0 0 0 0 0 0 0 0 0 0 0 0 0 0
9 0 22 0 0 0 0 0 0 0 0 0 0 0 0 0 0 0 0 0 0 0 0 0 0 0 0
9 0 23 0 0 0 0 0 0 0 0 0 0 0 0 0 0 0 0 0 0 0 0 0 0 0 0
9 0 24 0 0 0 0 0 0 0 0 0 0 0 0 0 0 0 0 0 0 0 0 0 0 0 0
9 0 25 0 0 0 0 0 0 0 0 0 0 0 0 0 0 0 0 0 0 0 0 0 0 0 0
9 0 26 0 0 0 0 0 0 0 0 0 0 0 0 0 0 0 0 0 0 0 0 0 0 0 0
9 0 27 0 0 0 0 0 0 0 0 0 0 0 0 0 0 0 0 0 0 0 0 0 0 0 0
9 0 28 0 0 0 0 0 0 0 0 0 0 0 0 0 0 0 0 0 0 0 0 0 0 0 0
9 0 29 0 0 0 0 0 0 0 0 0 0 0 0 0 0 0 0 0 0 0 0 0 0 0 0
9 0 30 0 0 0 0 0 0 0 0 0 0 0 0 0 0 0 0 0 0 0 0 0 0 0 0
9 0 31 0 0 0 0 0 0 0 0 0 0 0 0 0 0 0 0 0 0 0 0 0 0 0 0
9 1 0 1 0 0 2 1 225 0 0 0 0 0 0 1 1 0 0 1 225 0 0 0 0 0 0
9 1 1 1 0 0 2 2 225 1 0 1 2 0 225 1 1 0 0 2 225 1 1 1 0 0 225
9 1 2 0 0 0 0 0 0 1 0 1 2 1 225 0 0 0 0 0 0 1 1 1 0 1 225
9 1 3 1 0 2 2 0 226 1 0 1 2 2 225 1 1 2 0 0 226 1 1 1 0 2 225
9 1 4 1 0 2 2 1 226 0 0 0 0 0 0 1 1 2 0 1 226 0 0 0 0 0 0
9 1 5 1 0 2 2 2 226 1 0 3 2 0 226 1 1 2 0 2 226 1 1 3 0 0 226
9 1 6 0 0 0 0 0 0 1 0 3 2 1 226 0 0 0 0 0 0 1 1 3 0 1 226
9 1 7 1 0 4 2 0 227 1 0 3 2 2 226 1 1 4 0 0 227 1 1 3 0 2 226
9 1 8 1 0 4 2 1 227 0 0 0 0 0 0 1 1 4 0 1 227 0 0 0 0 0 0
9 1 9 1 0 4 2 2 227 1 0 5 2 0 227 1 1 4 0 2 227 1 1 5 0 0 227
9 1 10 0 0 0 0 0 0 1 0 5 2 1 227 0 0 0 0 0 0 1 1 5 0 1 227
9 1 11 1 0 6 2 0 228 1 0 5 2 2 227 1 1 6 0 0 228 1 1 5 0 2 227
9 1 12 1 0 6 2 1 228 0 0 0 0 0 0 1 1 6 0 1 228 0 0 0 0 0 0
9 1 13 1 0 6 2 2 228 1 0 7 2 0 228 1 1 6 0 2 228 1 1 7 0 0 228
9 1 14 0 0 0 0 0 0 1 0 7 2 1 228 0 0 0 0 0 0 1 1 7 0 1 228
9 1 15 1 0 8 2 0 229 1 0 7 2 2 228 1 1 8 0 0 229 1 1 7 0 2 228
9 1 16 1 0 8 2 1 229 0 0 0 0 0 0 1 1 8 0 1 229 0 0 0 0 0 0
9 1 17 1 0 8 2 2 229 0 0 0 0 0 0 1 1 8 0 2 229 0 0 0 0 0 0
9 1 18 0 0 0 0 0 0 0 0 0 0 0 0 0 0 0 0 0 0 0 0 0 0 0 0
9 1 19 0 0 0 0 0 0 0 0 0 0 0 0 0 0 0 0 0 0 0 0 0 0 0 0
9 1 20 0 0 0 0 0 0 0 0 0 0 0 0 0 0 0 0 0 0 0 0 0 0 0 0
9 1 21 0 0 0 0 0 0 0 0 0 0 0 0 0 0 0 0 0 0 0 0 0 0 0 0
9 1 22 0 0 0 0 0 0 0 0 0 0 0 0 0 0 0 0 0 0 0 0 0 0 0 0
9 1 23 0 0 0 0 0 0 0 0 0 0 0 0 0 0 0 0 0 0 0 0 0 0 0 0
9 1 24 0 0 0 0 0 0 0 0 0 0 0 0 0 0 0 0 0 0 0 0 0 0 0 0
9 1 25 0 0 0 0 0 0 0 0 0 0 0 0 0 0 0 0 0 0 0 0 0 0 0 0
9 1 26 0 0 0 0 0 0 0 0 0 0 0 0 0 0 0 0 0 0 0 0 0 0 0 0
9 1 27 0 0 0 0 0 0 0 0 0 0 0 0 0 0 0 0 0 0 0 0 0 0 0 0
9 1 28 0 0 0 0 0 0 0 0 0 0 0 0 0 0 0 0 0 0 0 0 0 0 0 0
9 1 29 0 0 0 0 0 0 0 0 0 0 0 0 0 0 0 0 0 0 0 0 0 0 0 0
9 1 30 0 0 0 0 0 0 0 0 0 0 0 0 0 0 0 0 0 0 0 0 0 0 0 0
9 1 31 0 0 0 0 0 0 0 0 0 0 0 0 0 0 0 0 0 0 0 0 0 0 0 0
9 2 0 0 0 0 0 0 0 0 0 0 0 0 0 1 1 0 1 1 225 0 0 0 0 0 0
9 2 1 0 0 0 0 0 0 0 0 0 0 0 0 1 1 0 1 2 225 1 1 1 1 0 225
9 2 2 0 0 0 0 0 0 0 0 0 0 0 0 0 0 0 0 0 0 1 1 1 1 1 225
9 2 3 0 0 0 0 0 0 0 0 0 0 0 0 1 1 2 1 0 226 1 1 1 1 2 225
9 2 4 0 0 0 0 0 0 0 0 0 0 0 0 1 1 2 1 1 226 0 0 0 0 0 0
9 2 5 0 0 0 0 0 0 0 0 0 0 0 0 1 1 2 1 2 226 1 1 3 1 0 226
9 2 6 0 0 0 0 0 0 0 0 0 0 0 0 0 0 0 0 0 0 1 1 3 1 1 226
9 2 7 0 0 0 0 0 0 0 0 0 0 0 0 1 1 4 1 0 227 1 1 3 1 2 226
9 2 8 0 0 0 0 0 0 0 0 0 0 0 0 1 1 4 1 1 227 0 0 0 0 0 0
9 2 9 0 0 0 0 0 0 0 0 0 0 0 0 1 1 4 1 2 227 1 1 5 1 0 227
9 2 10 0 0 0 0 0 0 0 0 0 0 0 0 0 0 0 0 0 0 1 1 5 1 1 227
9 2 11 0 0 0 0 0 0 0 0 0 0 0 0 1 1 6 1 0 228 1 1 5 1 2 227
9 2 12 0 0 0 0 0 0 0 0 0 0 0 0 1 1 6 1 1 228 0 0 0 0 0 0
9 2 13 0 0 0 0 0 0 0 0 0 0 0 0 1 1 6 1 2 228 1 1 7 1 0 228
9 2 14 0 0 0 0 0 0 0 0 0 0 0 0 0 0 0 0 0 0 1 1 7 1 1 228
9 2 15 0 0 0 0 0 0 0 0 0 0 0 0 1 1 8 1 0 229 1 1 7 1 2 228
9 2 16 0 0 0 0 0 0 0 0 0 0 0 0 1 1 8 1 1 229 0 0 0 0 0 0
9 2 17 0 0 0 0 0 0 0 0 0 0 0 0 1 1 8 1 2 229 0 0 0 0 0 0
9 2 18 0 0 0 0 0 0 0 0 0 0 0 0 0 0 0 0 0 0 0 0 0 0 0 0
9 2 19 0 0 0 0 0 0 0 0 0 0 0 0 0 0 0 0 0 0 0 0 0 0 0 0
9 2 20 0 0 0 0 0 0 0 0 0 0 0 0 0 0 0 0 0 0 0 0 0 0 0 0
9 2 21 0 0 0 0 0 0 0 0 0 0 0 0 0 0 0 0 0 0 0 0 0 0 0 0
9 2 22 0 0 0 0 0 0 0 0 0 0 0 0 0 0 0 0 0 0 0 0 0 0 0 0
9 2 23 0 0 0 0 0 0 0 0 0 0 0 0 0 0 0 0 0 0 0 0 0 0 0 0
9 2 24 0 0 0 0 0 0 0 0 0 0 0 0 0 0 0 0 0 0 0 0 0 0 0 0
9 2 25 0 0 0 0 0 0 0 0 0 0 0 0 0 0 0 0 0 0 0 0 0 0 0 0
9 2 26 0 0 0 0 0 0 0 0 0 0 0 0 0 0 0 0 0 0 0 0 0 0 0 0
9 2 27 0 0 0 0 0 0 0 0 0 0 0 0 0 0 0 0 0 0 0 0 0 0 0 0
9 2 28 0 0 0 0 0 0 0 0 0 0 0 0 0 0 0 0 0 0 0 0 0 0 0 0
9 2 29 0 0 0 0 0 0 0 0 0 0 0 0 0 0 0 0 0 0 0 0 0 0 0 0
9 2 30 0 0 0 0 0 0 0 0 0 0 0 0 0 0 0 0 0 0 0 0 0 0 0 0
9 2 31 0 0 0 0 0 0 0 0 0 0 0 0 0 0 0 0 0 0 0 0 0 0 0 0
9 3 0 1 2 0 0 1 230 0 0 0 0 0 0 1 1 0 2 1 225 0 0 0 0 0 0
9 3 1 1 2 0 0 2 230 1 2 1 0 0 230 1 1 0 2 2 225 1 1 1 2 0 225
9 3 2 0 0 0 0 0 0 1 2 1 0 1 230 0 0 0 0 0 0 1 1 1 2 1 225
9 3 3 1 2 2 0 0 231 1 2 1 0 2 230 1 1 2 2 0 226 1 1 1 2 2 225
9 3 4 1 2 2 0 1 231 0 0 0 0 0 0 1 1 2 2 1 226 0 0 0 0 0 0
9 3 5 1 2 2 0 2 231 1 2 3 0 0 231 1 1 2 2 2 226 1 1 3 2 0 226
9 3 6 0 0 0 0 0 0 1 2 3 0 1 231 0 0 0 0 0 0 1 1 3 2 1 226
9 3 7 1 2 4 0 0 232 1 2 3 0 2 231 1 1 4 2 0 227 1 1 3 2 2 226
9 3 8 1 2 4 0 1 232 0 0 0 0 0 0 1 1 4 2 1 227 0 0 0 0 0 0
9 3 9 1 2 4 0 2 232 1 2 5 0 0 232 1 1 4 2 2 227 1 1 5 2 0 227
9 3 10 0 0 0 0 0 0 1 2 5 0 1 232 0 0 0 0 0 0 1 1 5 2 1 227
9 3 11 1 2 6 0 0 233 1 2 5 0 2 232 1 1 6 2 0 228 1 1 5 2 2 227
9 3 12 1 2 6 0 1 233 0 0 0 0 0 0 1 1 6 2 1 228 0 0 0 0 0 0
9 3 13 1 2 6 0 2 233 1 2 7 0 0 233 1 1 6 2 2 228 1 1 7 2 0 228
9 3 14 0 0 0 0 0 0 1 2 7 0 1 233 0 0 0 0 0 0 1 1 7 2 1 228
9 3 15 1 2 8 0 0 234 1 2 7 0 2 233 1 1 8 2 0 229 1 1 7 2 2 228
9 3 16 1 2 8 0 1 234 0 0 0 0 0 0 1 1 8 2 1 229 0 0 0 0 0 0
9 3 17 1 2 8 0 2 234 0 0 0 0 0 0 1 1 8 2 2 229 0 0 0 0 0 0
9 3 18 0 0 0 0 0 0 0 0 0 0 0 0 0 0 0 0 0 0 0 0 0 0 0 0
9 3 19 0 0 0 0 0 0 0 0 0 0 0 0 0 0 0 0 0 0 0 0 0 0 0 0
9 3 20 0 0 0 0 0 0 0 0 0 0 0 0 0 0 0 0 0 0 0 0 0 0 0 0
9 3 21 0 0 0 0 0 0 0 0 0 0 0 0 0 0 0 0 0 0 0 0 0 0 0 0
9 3 22 0 0 0 0 0 0 0 0 0 0 0 0 0 0 0 0 0 0 0 0 0 0 0 0
9 3 23 0 0 0 0 0 0 0 0 0 0 0 0 0 0 0 0 0 0 0 0 0 0 0 0
9 3 24 0 0 0 0 0 0 0 0 0 0 0 0 0 0 0 0 0 0 0 0 0 0 0 0
9 3 25 0 0 0 0 0 0 0 0 0 0 0 0 0 0 0 0 0 0 0 0 0 0 0 0
9 3 26 0 0 0 0 0 0 0 0 0 0 0 0 0 0 0 0 0 0 0 0 0 0 0 0
9 3 27 0 0 0 0 0 0 0 0 0 0 0 0 0 0 0 0 0 0 0 0 0 0 0 0
9 3 28 0 0 0 0 0 0 0 0 0 0 0 0 0 0 0 0 0 0 0 0 0 0 0 0
9 3 29 0 0 0 0 0 0 0 0 0 0 0 0 0 0 0 0 0 0 0 0 0 0 0 0
9 3 30 0 0 0 0 0 0 0 0 0 0 0 0 0 0 0 0 0 0 0 0 0 0 0 0
9 3 31 0 0 0 0 0 0 0 0 0 0 0 0 0 0 0 0 0 0 0 0 0 0 0 0
9 4 0 1 2 0 1 1 230 0 0 0 0 0 0 0 0 0 0 0 0 0 0 0 0 0 0
9 4 1 1 2 0 1 2 230 1 2 1 1 0 230 0 0 0 0 0 0 0 0 0 0 0 0
9 4 2 0 0 0 0 0 0 1 2 1 1 1 230 0 0 0 0 0 0 0 0 0 0 0 0
9 4 3 1 2 2 1 0 231 1 2 1 1 2 230 0 0 0 0 0 0 0 0 0 0 0 0
9 4 4 1 2 2 1 1 231 0 0 0 0 0 0 0 0 0 0 0 0 0 0 0 0 0 0
9 4 5 1 2 2 1 2 231 1 2 3 1 0 231 0 0 0 0 0 0 0 0 0 0 0 0
9 4 6 0 0 0 0 0 0 1 2 3 1 1 231 0 0 0 0 0 0 0 0 0 0 0 0
9 4 7 1 2 4 1 0 232 1 2 3 1 2 231 0 0 0 0 0 0 0 0 0 0 0 0
9 4 8 1 2 4 1 1 232 0 0 0 0 0 0 0 0 0 0 0 0 0 0 0 0 0 0
9 4 9 1 2 4 1 2 232 1 2 5 1 0 232 0 0 0 0 0 0 0 0 0 0 0 0
9 4 10 0 0 0 0 0 0 1 2 5 1 1 232 0 0 0 0 0 0 0 0 0 0 0 0
9 4 11 1 2 6 1 0 233 1 2 5 1 2 232 0 0 0 0 0 0 0 0 0 0 0 0
9 4 12 1 2 6 1 1 233 0 0 0 0 0 0 0 0 0 0 0 0 0 0 0 0 0 0
9 4 13 1 2 6 1 2 233 1 2 7 1 0 233 0 0 0 0 0 0 0 0 0 0 0 0
9 4 14 0 0 0 0 0 0 1 2 7 1 1 233 0 0 0 0 0 0 0 0 0 0 0 0
9 4 15 1 2 8 1 0 234 1 2 7 1 2 233 0 0 0 0 0 0 0 0 0 0 0 0
9 4 16 1 2 8 1 1 234 0 0 0 0 0 0 0 0 0 0 0 0 0 0 0 0 0 0
9 4 17 1 2 8 1 2 234 0 0 0 0 0 0 0 0 0 0 0 0 0 0 0 0 0 0
9 4 18 0 0 0 0 0 0 0 0 0 0 0 0 0 0 0 0 0 0 0 0 0 0 0 0
9 4 19 0 0 0 0 0 0 0 0 0 0 0 0 0 0 0 0 0 0 0 0 0 0 0 0
9 4 20 0 0 0 0 0 0 0 0 0 0 0 0 0 0 0 0 0 0 0 0 0 0 0 0
9 4 21 0 0 0 0 0 0 0 0 0 0 0 0 0 0 0 0 0 0 0 0 0 0 0 0
9 4 22 0 0 0 0 0 0 0 0 0 0 0 0 0 0 0 0 0 0 0 0 0 0 0 0
9 4 23 0 0 0 0 0 0 0 0 0 0 0 0 0 0 0 0 0 0 0 0 0 0 0 0
9 4 24 0 0 0 0 0 0 0 0 0 0 0 0 0 0 0 0 0 0 0 0 0 0 0 0
9 4 25 0 0 0 0 0 0 0 0 0 0 0 0 0 0 0 0 0 0 0 0 0 0 0 0
9 4 26 0 0 0 0 0 0 0 0 0 0 0 0 0 0 0 0 0 0 0 0 0 0 0 0
9 4 27 0 0 0 0 0 0 0 0 0 0 0 0 0 0 0 0 0 0 0 0 0 0 0 0
9 4 28 0 0 0 0 0 0 0 0 0 0 0 0 0 0 0 0 0 0 0 0 0 0 0 0
9 4 29 0 0 0 0 0 0 0 0 0 0 0 0 0 0 0 0 0 0 0 0 0 0 0 0
9 4 30 0 0 0 0 0 0 0 0 0 0 0 0 0 0 0 0 0 0 0 0 0 0 0 0
9 4 31 0 0 0 0 0 0 0 0 0 0 0 0 0 0 0 0 0 0 0 0 0 0 0 0
9 5 0 1 2 0 2 1 230 0 0 0 0 0 0 1 3 0 0 1 230 0 0 0 0 0 0
9 5 1 1 2 0 2 2 230 1 2 1 2 0 230 1 3 0 0 2 230 1 3 1 0 0 230
9 5 2 0 0 0 0 0 0 1 2 1 2 1 230 0 0 0 0 0 0 1 3 1 0 1 230
9 5 3 1 2 2 2 0 231 1 2 1 2 2 230 1 3 2 0 0 231 1 3 1 0 2 230
9 5 4 1 2 2 2 1 231 0 0 0 0 0 0 1 3 2 0 1 231 0 0 0 0 0 0
9 5 5 1 2 2 2 2 231 1 2 3 2 0 231 1 3 2 0 2 231 1 3 3 0 0 231
9 5 6 0 0 0 0 0 0 1 2 3 2 1 231 0 0 0 0 0 0 1 3 3 0 1 231
9 5 7 1 2 4 2 0 232 1 2 3 2 2 231 1 3 4 0 0 232 1 3 3 0 2 231
9 5 8 1 2 4 2 1 232 0 0 0 0 0 0 1 3 4 0 1 232 0 0 0 0 0 0
9 5 9 1 2 4 2 2 232 1 2 5 2 0 232 1 3 4 0 2 232 1 3 5 0 0 232
9 5 10 0 0 0 0 0 0 1 2 5 2 1 232 0 0 0 0 0 0 1 3 5 0 1 232
9 5 11 1 2 6 2 0 233 1 2 5 2 2 232 1 3 6 0 0 233 1 3 5 0 2 232
9 5 12 1 2 6 2 1 233 0 0 0 0 0 0 1 3 6 0 1 233 0 0 0 0 0 0
9 5 13 1 2 6 2 2 233 1 2 7 2 0 233 1 3 6 0 2 233 1 3 7 0 0 233
9 5 14 0 0 0 0 0 0 1 2 7 2 1 233 0 0 0 0 0 0 1 3 7 0 1 233
9 5 15 1 2 8 2 0 234 1 2 7 2 2 233 1 3 8 0 0 234 1 3 7 0 2 233
9 5 16 1 2 8 2 1 234 0 0 0 0 0 0 1 3 8 0 1 234 0 0 0 0 0 0
9 5 17 1 2 8 2 2 234 0 0 0 0 0 0 1 3 8 0 2 234 0 0 0 0 0 0
9 5 18 0 0 0 0 0 0 0 0 0 0 0 0 0 0 0 0 0 0 0 0 0 0 0 0
9 5 19 0 0 0 0 0 0 0 0 0 0 0 0 0 0 0 0 0 0 0 0 0 0 0 0
9 5 20 0 0 0 0 0 0 0 0 0 0 0 0 0 0 0 0 0 0 0 0 0 0 0 0
9 5 21 0 0 0 0 0 0 0 0 0 0 0 0 0 0 0 0 0 0 0 0 0 0 0 0
9 5 22 0 0 0 0 0 0 0 0 0 0 0 0 0 0 0 0 0 0 0 0 0 0 0 0
9 5 23 0 0 0 0 0 0 0 0 0 0 0 0 0 0 0 0 0 0 0 0 0 0 0 0
9 5 24 0 0 0 0 0 0 0 0 0 0 0 0 0 0 0 0 0 0 0 0 0 0 0 0
9 5 25 0 0 0 0 0 0 0 0 0 0 0 0 0 0 0 0 0 0 0 0 0 0 0 0
9 5 26 0 0 0 0 0 0 0 0 0 0 0 0 0 0 0 0 0 0 0 0 0 0 0 0
9 5 27 0 0 0 0 0 0 0 0 0 0 0 0 0 0 0 0 0 0 0 0 0 0 0 0
9 5 28 0 0 0 0 0 0 0 0 0 0 0 0 0 0 0 0 0 0 0 0 0 0 0 0
9 5 29 0 0 0 0 0 0 0 0 0 0 0 0 0 0 0 0 0 0 0 0 0 0 0 0
9 5 30 0 0 0 0 0 0 0 0 0 0 0 0 0 0 0 0 0 0 0 0 0 0 0 0
9 5 31 0 0 0 0 0 0 0 0 0 0 0 0 0 0 0 0 0 0 0 0 0 0 0 0
9 6 0 0 0 0 0 0 0 0 0 0 0 0 0 1 3 0 1 1 230 0 0 0 0 0 0
9 6 1 0 0 0 0 0 0 0 0 0 0 0 0 1 3 0 1 2 230 1 3 1 1 0 230
9 6 2 0 0 0 0 0 0 0 0 0 0 0 0 0 0 0 0 0 0 1 3 1 1 1 230
9 6 3 0 0 0 0 0 0 0 0 0 0 0 0 1 3 2 1 0 231 1 3 1 1 2 230
9 6 4 0 0 0 0 0 0 0 0 0 0 0 0 1 3 2 1 1 231 0 0 0 0 0 0
9 6 5 0 0 0 0 0 0 0 0 0 0 0 0 1 3 2 1 2 231 1 3 3 1 0 231
9 6 6 0 0 0 0 0 0 0 0 0 0 0 0 0 0 0 0 0 0 1 3 3 1 1 231
9 6 7 0 0 0 0 0 0 0 0 0 0 0 0 1 3 4 1 0 232 1 3 3 1 2 231
9 6 8 0 0 0 0 0 0 0 0 0 0 0 0 1 3 4 1 1 232 0 0 0 0 0 0
9 6 9 0 0 0 0 0 0 0 0 0 0 0 0 1 3 4 1 2 232 1 3 5 1 0 232
9 6 10 0 0 0 0 0 0 0 0 0 0 0 0 0 0 0 0 0 0 1 3 5 1 1 232
9 6 11 0 0 0 0 0 0 0 0 0 0 0 0 1 3 6 1 0 233 1 3 5 1 2 232
9 6 12 0 0 0 0 0 0 0 0 0 0 0 0 1 3 6 1 1 233 0 0 0 0 0 0
9 6 13 0 0 0 0 0 0 0 0 0 0 0 0 1 3 6 1 2 233 1 3 7 1 0 233
9 6 14 0 0 0 0 0 0 0 0 0 0 0 0 0 0 0 0 0 0 1 3 7 1 1 233
9 6 15 0 0 0 0 0 0 0 0 0 0 0 0 1 3 8 1 0 234 1 3 7 1 2 233
9 6 16 0 0 0 0 0 0 0 0 0 0 0 0 1 3 8 1 1 234 0 0 0 0 0 0
9 6 17 0 0 0 0 0 0 0 0 0 0 0 0 1 3 8 1 2 234 0 0 0 0 0 0
9 6 18 0 0 0 0 0 0 0 0 0 0 0 0 0 0 0 0 0 0 0 0 0 0 0 0
9 6 19 0 0 0 0 0 0 0 0 0 0 0 0 0 0 0 0 0 0 0 0 0 0 0 0
9 6 20 0 0 0 0 0 0 0 0 0 0 0 0 0 0 0 0 0 0 0 0 0 0 0 0
9 6 21 0 0 0 0 0 0 0 0 0 0 0 0 0 0 0 0 0 0 0 0 0 0 0 0
9 6 22 0 0 0 0 0 0 0 0 0 0 0 0 0 0 0 0 0 0 0 0 0 0 0 0
9 6 23 0 0 0 0 0 0 0 0 0 0 0 0 0 0 0 0 0 0 0 0 0 0 0 0
9 6 24 0 0 0 0 0 0 0 0 0 0 0 0 0 0 0 0 0 0 0 0 0 0 0 0
9 6 25 0 0 0 0 0 0 0 0 0 0 0 0 0 0 0 0 0 0 0 0 0 0 0 0
9 6 26 0 0 0 0 0 0 0 0 0 0 0 0 0 0 0 0 0 0 0 0 0 0 0 0
9 6 27 0 0 0 0 0 0 0 0 0 0 0 0 0 0 0 0 0 0 0 0 0 0 0 0
9 6 28 0 0 0 0 0 0 0 0 0 0 0 0 0 0 0 0 0 0 0 0 0 0 0 0
9 6 29 0 0 0 0 0 0 0 0 0 0 0 0 0 0 0 0 0 0 0 0 0 0 0 0
9 6 30 0 0 0 0 0 0 0 0 0 0 0 0 0 0 0 0 0 0 0 0 0 0 0 0
9 6 31 0 0 0 0 0 0 0 0 0 0 0 0 0 0 0 0 0 0 0 0 0 0 0 0
9 7 0 1 4 0 0 1 235 0 0 0 0 0 0 1 3 0 2 1 230 0 0 0 0 0 0
9 7 1 1 4 0 0 2 235 1 4 1 0 0 235 1 3 0 2 2 230 1 3 1 2 0 230
9 7 2 0 0 0 0 0 0 1 4 1 0 1 235 0 0 0 0 0 0 1 3 1 2 1 230
9 7 3 1 4 2 0 0 236 1 4 1 0 2 235 1 3 2 2 0 231 1 3 1 2 2 230
9 7 4 1 4 2 0 1 236 0 0 0 0 0 0 1 3 2 2 1 231 0 0 0 0 0 0
9 7 5 1 4 2 0 2 236 1 4 3 0 0 236 1 3 2 2 2 231 1 3 3 2 0 231
9 7 6 0 0 0 0 0 0 1 4 3 0 1 236 0 0 0 0 0 0 1 3 3 2 1 231
9 7 7 1 4 4 0 0 237 1 4 3 0 2 236 1 3 4 2 0 232 1 3 3 2 2 231
9 7 8 1 4 4 0 1 237 0 0 0 0 0 0 1 3 4 2 1 232 0 0 0 0 0 0
9 7 9 1 4 4 0 2 237 1 4 5 0 0 237 1 3 4 2 2 232 1 3 5 2 0 232
9 7 10 0 0 0 0 0 0 1 4 5 0 1 237 0 0 0 0 0 0 1 3 5 2 1 232
9 7 11 1 4 6 0 0 238 1 4 5 0 2 237 1 3 6 2 0 233 1 3 5 2 2 232
9 7 12 1 4 6 0 1 238 0 0 0 0 0 0 1 3 6 2 1 233 0 0 0 0 0 0
9 7 13 1 4 6 0 2 238 1 4 7 0 0 238 1 3 6 2 2 233 1 3 7 2 0 233
9 7 14 0 0 0 0 0 0 1 4 7 0 1 238 0 0 0 0 0 0 1 3 7 2 1 233
9 7 15 1 4 8 0 0 239 1 4 7 0 2 238 1 3 8 2 0 234 1 3 7 2 2 233
9 7 16 1 4 8 0 1 239 0 0 0 0 0 0 1 3 8 2 1 234 0 0 0 0 0 0
9 7 17 1 4 8 0 2 239 0 0 0 0 0 0 1 3 8 2 2 234 0 0 0 0 0 0
9 7 18 0 0 0 0 0 0 0 0 0 0 0 0 0 0 0 0 0 0 0 0 0 0 0 0
9 7 19 0 0 0 0 0 0 0 0 0 0 0 0 0 0 0 0 0 0 0 0 0 0 0 0
9 7 20 0 0 0 0 0 0 0 0 0 0 0 0 0 0 0 0 0 0 0 0 0 0 0 0
9 7 21 0 0 0 0 0 0 0 0 0 0 0 0 0 0 0 0 0 0 0 0 0 0 0 0
9 7 22 0 0 0 0 0 0 0 0 0 0 0 0 0 0 0 0 0 0 0 0 0 0 0 0
9 7 23 0 0 0 0 0 0 0 0 0 0 0 0 0 0 0 0 0 0 0 0 0 0 0 0
9 7 24 0 0 0 0 0 0 0 0 0 0 0 0 0 0 0 0 0 0 0 0 0 0 0 0
9 7 25 0 0 0 0 0 0 0 0 0 0 0 0 0 0 0 0 0 0 0 0 0 0 0 0
9 7 26 0 0 0 0 0 0 0 0 0 0 0 0 0 0 0 0 0 0 0 0 0 0 0 0
9 7 27 0 0 0 0 0 0 0 0 0 0 0 0 0 0 0 0 0 0 0 0 0 0 0 0
9 7 28 0 0 0 0 0 0 0 0 0 0 0 0 0 0 0 0 0 0 0 0 0 0 0 0
9 7 29 0 0 0 0 0 0 0 0 0 0 0 0 0 0 0 0 0 0 0 0 0 0 0 0
9 7 30 0 0 0 0 0 0 0 0 0 0 0 0 0 0 0 0 0 0 0 0 0 0 0 0
9 7 31 0 0 0 0 0 0 0 0 0 0 0 0 0 0 0 0 0 0 0 0 0 0 0 0
9 8 0 1 4 0 1 1 235 0 0 0 0 0 0 0 0 0 0 0 0 0 0 0 0 0 0
9 8 1 1 4 0 1 2 235 1 4 1 1 0 235 0 0 0 0 0 0 0 0 0 0 0 0
9 8 2 0 0 0 0 0 0 1 4 1 1 1 235 0 0 0 0 0 0 0 0 0 0 0 0
9 8 3 1 4 2 1 0 236 1 4 1 1 2 235 0 0 0 0 0 0 0 0 0 0 0 0
9 8 4 1 4 2 1 1 236 0 0 0 0 0 0 0 0 0 0 0 0 0 0 0 0 0 0
9 8 5 1 4 2 1 2 236 1 4 3 1 0 236 0 0 0 0 0 0 0 0 0 0 0 0
9 8 6 0 0 0 0 0 0 1 4 3 1 1 236 0 0 0 0 0 0 0 0 0 0 0 0
9 8 7 1 4 4 1 0 237 1 4 3 1 2 236 0 0 0 0 0 0 0 0 0 0 0 0
9 8 8 1 4 4 1 1 237 0 0 0 0 0 0 0 0 0 0 0 0 0 0 0 0 0 0
9 8 9 1 4 4 1 2 237 1 4 5 1 0 237 0 0 0 0 0 0 0 0 0 0 0 0
9 8 10 0 0 0 0 0 0 1 4 5 1 1 237 0 0 0 0 0 0 0 0 0 0 0 0
9 8 11 1 4 6 1 0 238 1 4 5 1 2 237 0 0 0 0 0 0 0 0 0 0 0 0
9 8 12 1 4 6 1 1 238 0 0 0 0 0 0 0 0 0 0 0 0 0 0 0 0 0 0
9 8 13 1 4 6 1 2 238 1 4 7 1 0 238 0 0 0 0 0 0 0 0 0 0 0 0
9 8 14 0 0 0 0 0 0 1 4 7 1 1 238 0 0 0 0 0 0 0 0 0 0 0 0
9 8 15 1 4 8 1 0 239 1 4 7 1 2 238 0 0 0 0 0 0 0 0 0 0 0 0
9 8 16 1 4 8 1 1 239 0 0 0 0 0 0 0 0 0 0 0 0 0 0 0 0 0 0
9 8 17 1 4 8 1 2 239 0 0 0 0 0 0 0 0 0 0 0 0 0 0 0 0 0 0
9 8 18 0 0 0 0 0 0 0 0 0 0 0 0 0 0 0 0 0 0 0 0 0 0 0 0
9 8 19 0 0 0 0 0 0 0 0 0 0 0 0 0 0 0 0 0 0 0 0 0 0 0 0
9 8 20 0 0 0 0 0 0 0 0 0 0 0 0 0 0 0 0 0 0 0 0 0 0 0 0
9 8 21 0 0 0 0 0 0 0 0 0 0 0 0 0 0 0 0 0 0 0 0 0 0 0 0
9 8 22 0 0 0 0 0 0 0 0 0 0 0 0 0 0 0 0 0 0 0 0 0 0 0 0
9 8 23 0 0 0 0 0 0 0 0 0 0 0 0 0 0 0 0 0 0 0 0 0 0 0 0
9 8 24 0 0 0 0 0 0 0 0 0 0 0 0 0 0 0 0 0 0 0 0 0 0 0 0
9 8 25 0 0 0 0 0 0 0 0 0 0 0 0 0 0 0 0 0 0 0 0 0 0 0 0
9 8 26 0 0 0 0 0 0 0 0 0 0 0 0 0 0 0 0 0 0 0 0 0 0 0 0
9 8 27 0 0 0 0 0 0 0 0 0 0 0 0 0 0 0 0 0 0 0 0 0 0 0 0
9 8 28 0 0 0 0 0 0 0 0 0 0 0 0 0 0 0 0 0 0 0 0 0 0 0 0
9 8 29 0 0 0 0 0 0 0 0 0 0 0 0 0 0 0 0 0 0 0 0 0 0 0 0
9 8 30 0 0 0 0 0 0 0 0 0 0 0 0 0 0 0 0 0 0 0 0 0 0 0 0
9 8 31 0 0 0 0 0 0 0 0 0 0 0 0 0 0 0 0 0 0 0 0 0 0 0 0
9 9 0 1 4 0 2 1 235 0 0 0 0 0 0 1 5 0 0 1 235 0 0 0 0 0 0
9 9 1 1 4 0 2 2 235 1 4 1 2 0 235 1 5 0 0 2 235 1 5 1 0 0 235
9 9 2 0 0 0 0 0 0 1 4 1 2 1 235 0 0 0 0 0 0 1 5 1 0 1 235
9 9 3 1 4 2 2 0 236 1 4 1 2 2 235 1 5 2 0 0 236 1 5 1 0 2 235
9 9 4 1 4 2 2 1 236 0 0 0 0 0 0 1 5 2 0 1 236 0 0 0 0 0 0
9 9 5 1 4 2 2 2 236 1 4 3 2 0 236 1 5 2 0 2 236 1 5 3 0 0 236
9 9 6 0 0 0 0 0 0 1 4 3 2 1 236 0 0 0 0 0 0 1 5 3 0 1 236
9 9 7 1 4 4 2 0 237 1 4 3 2 2 236 1 5 4 0 0 237 1 5 3 0 2 236
9 9 8 1 4 4 2 1 237 0 0 0 0 0 0 1 5 4 0 1 237 0 0 0 0 0 0
9 9 9 1 4 4 2 2 237 1 4 5 2 0 237 1 5 4 0 2 237 1 5 5 0 0 237
9 9 10 0 0 0 0 0 0 1 4 5 2 1 237 0 0 0 0 0 0 1 5 5 0 1 237
9 9 11 1 4 6 2 0 238 1 4 5 2 2 237 1 5 6 0 0 238 1 5 5 0 2 237
9 9 12 1 4 6 2 1 238 0 0 0 0 0 0 1 5 6 0 1 238 0 0 0 0 0 0
9 9 13 1 4 6 2 2 238 1 4 7 2 0 238 1 5 6 0 2 238 1 5 7 0 0 238
9 9 14 0 0 0 0 0 0 1 4 7 2 1 238 0 0 0 0 0 0 1 5 7 0 1 238
9 9 15 1 4 8 2 0 239 1 4 7 2 2 238 1 5 8 0 0 239 1 5 7 0 2 238
9 9 16 1 4 8 2 1 239 0 0 0 0 0 0 1 5 8 0 1 239 0 0 0 0 0 0
9 9 17 1 4 8 2 2 239 0 0 0 0 0 0 1 5 8 0 2 239 0 0 0 0 0 0
9 9 18 0 0 0 0 0 0 0 0 0 0 0 0 0 0 0 0 0 0 0 0 0 0 0 0
9 9 19 0 0 0 0 0 0 0 0 0 0 0 0 0 0 0 0 0 0 0 0 0 0 0 0
9 9 20 0 0 0 0 0 0 0 0 0 0 0 0 0 0 0 0 0 0 0 0 0 0 0 0
9 9 21 0 0 0 0 0 0 0 0 0 0 0 0 0 0 0 0 0 0 0 0 0 0 0 0
9 9 22 0 0 0 0 0 0 0 0 0 0 0 0 0 0 0 0 0 0 0 0 0 0 0 0
9 9 23 0 0 0 0 0 0 0 0 0 0 0 0 0 0 0 0 0 0 0 0 0 0 0 0
9 9 24 0 0 0 0 0 0 0 0 0 0 0 0 0 0 0 0 0 0 0 0 0 0 0 0
9 9 25 0 0 0 0 0 0 0 0 0 0 0 0 0 0 0 0 0 0 0 0 0 0 0 0
9 9 26 0 0 0 0 0 0 0 0 0 0 0 0 0 0 0 0 0 0 0 0 0 0 0 0
9 9 27 0 0 0 0 0 0 0 0 0 0 0 0 0 0 0 0 0 0 0 0 0 0 0 0
9 9 28 0 0 0 0 0 0 0 0 0 0 0 0 0 0 0 0 0 0 0 0 0 0 0 0
9 9 29 0 0 0 0 0 0 0 0 0 0 0 0 0 0 0 0 0 0 0 0 0 0 0 0
9 9 30 0 0 0 0 0 0 0 0 0 0 0 0 0 0 0 0 0 0 0 0 0 0 0 0
9 9 31 0 0 0 0 0 0 0 0 0 0 0 0 0 0 0 0 0 0 0 0 0 0 0 0
9 10 0 0 0 0 0 0 0 0 0 0 0 0 0 1 5 0 1 1 235 0 0 0 0 0 0
9 10 1 0 0 0 0 0 0 0 0 0 0 0 0 1 5 0 1 2 235 1 5 1 1 0 235
9 10 2 0 0 0 0 0 0 0 0 0 0 0 0 0 0 0 0 0 0 1 5 1 1 1 235
9 10 3 0 0 0 0 0 0 0 0 0 0 0 0 1 5 2 1 0 236 1 5 1 1 2 235
9 10 4 0 0 0 0 0 0 0 0 0 0 0 0 1 5 2 1 1 236 0 0 0 0 0 0
9 10 5 0 0 0 0 0 0 0 0 0 0 0 0 1 5 2 1 2 236 1 5 3 1 0 236
9 10 6 0 0 0 0 0 0 0 0 0 0 0 0 0 0 0 0 0 0 1 5 3 1 1 236
9 10 7 0 0 0 0 0 0 0 0 0 0 0 0 1 5 4 1 0 237 1 5 3 1 2 236
9 10 8 0 0 0 0 0 0 0 0 0 0 0 0 1 5 4 1 1 237 0 0 0 0 0 0
9 10 9 0 0 0 0 0 0 0 0 0 0 0 0 1 5 4 1 2 237 1 5 5 1 0 237
9 10 10 0 0 0 0 0 0 0 0 0 0 0 0 0 0 0 0 0 0 1 5 5 1 1 237
9 10 11 0 0 0 0 0 0 0 0 0 0 0 0 1 5 6 1 0 238 1 5 5 1 2 237
9 10 12 0 0 0 0 0 0 0 0 0 0 0 0 1 5 6 1 1 238 0 0 0 0 0 0
9 10 13 0 0 0 0 0 0 0 0 0 0 0 0 1 5 6 1 2 238 1 5 7 1 0 238
9 10 14 0 0 0 0 0 0 0 0 0 0 0 0 0 0 0 0 0 0 1 5 7 1 1 238
9 10 15 0 0 0 0 0 0 0 0 0 0 0 0 1 5 8 1 0 239 1 5 7 1 2 238
9 10 16 0 0 0 0 0 0 0 0 0 0 0 0 1 5 8 1 1 239 0 0 0 0 0 0
9 10 17 0 0 0 0 0 0 0 0 0 0 0 0 1 5 8 1 2 239 0 0 0 0 0 0
9 10 18 0 0 0 0 0 0 0 0 0 0 0 0 0 0 0 0 0 0 0 0 0 0 0 0
9 10 19 0 0 0 0 0 0 0 0 0 0 0 0 0 0 0 0 0 0 0 0 0 0 0 0
9 10 20 0 0 0 0 0 0 0 0 0 0 0 0 0 0 0 0 0 0 0 0 0 0 0 0
9 10 21 0 0 0 0 0 0 0 0 0 0 0 0 0 0 0 0 0 0 0 0 0 0 0 0
9 10 22 0 0 0 0 0 0 0 0 0 0 0 0 0 0 0 0 0 0 0 0 0 0 0 0
9 10 23 0 0 0 0 0 0 0 0 0 0 0 0 0 0 0 0 0 0 0 0 0 0 0 0
9 10 24 0 0 0 0 0 0 0 0 0 0 0 0 0 0 0 0 0 0 0 0 0 0 0 0
9 10 25 0 0 0 0 0 0 0 0 0 0 0 0 0 0 0 0 0 0 0 0 0 0 0 0
9 10 26 0 0 0 0 0 0 0 0 0 0 0 0 0 0 0 0 0 0 0 0 0 0 0 0
9 10 27 0 0 0 0 0 0 0 0 0 0 0 0 0 0 0 0 0 0 0 0 0 0 0 0
9 10 28 0 0 0 0 0 0 0 0 0 0 0 0 0 0 0 0 0 0 0 0 0 0 0 0
9 10 29 0 0 0 0 0 0 0 0 0 0 0 0 0 0 0 0 0 0 0 0 0 0 0 0
9 10 30 0 0 0 0 0 0 0 0 0 0 0 0 0 0 0 0 0 0 0 0 0 0 0 0
9 10 31 0 0 0 0 0 0 0 0 0 0 0 0 0 0 0 0 0 0 0 0 0 0 0 0
9 11 0 1 6 0 0 1 240 0 0 0 0 0 0 1 5 0 2 1 235 0 0 0 0 0 0
9 11 1 1 6 0 0 2 240 1 6 1 0 0 240 1 5 0 2 2 235 1 5 1 2 0 235
9 11 2 0 0 0 0 0 0 1 6 1 0 1 240 0 0 0 0 0 0 1 5 1 2 1 235
9 11 3 1 6 2 0 0 241 1 6 1 0 2 240 1 5 2 2 0 236 1 5 1 2 2 235
9 11 4 1 6 2 0 1 241 0 0 0 0 0 0 1 5 2 2 1 236 0 0 0 0 0 0
9 11 5 1 6 2 0 2 241 1 6 3 0 0 241 1 5 2 2 2 236 1 5 3 2 0 236
9 11 6 0 0 0 0 0 0 1 6 3 0 1 241 0 0 0 0 0 0 1 5 3 2 1 236
9 11 7 1 6 4 0 0 242 1 6 3 0 2 241 1 5 4 2 0 237 1 5 3 2 2 236
9 11 8 1 6 4 0 1 242 0 0 0 0 0 0 1 5 4 2 1 237 0 0 0 0 0 0
9 11 9 1 6 4 0 2 242 1 6 5 0 0 242 1 5 4 2 2 237 1 5 5 2 0 237
9 11 10 0 0 0 0 0 0 1 6 5 0 1 242 0 0 0 0 0 0 1 5 5 2 1 237
9 11 11 1 6 6 0 0 243 1 6 5 0 2 242 1 5 6 2 0 238 1 5 5 2 2 237
9 11 12 1 6 6 0 1 243 0 0 0 0 0 0 1 5 6 2 1 238 0 0 0 0 0 0
9 11 13 1 6 6 0 2 243 1 6 7 0 0 243 1 5 6 2 2 238 1 5 7 2 0 238
9 11 14 0 0 0 0 0 0 1 6 7 0 1 243 0 0 0 0 0 0 1 5 7 2 1 238
9 11 15 1 6 8 0 0 244 1 6 7 0 2 243 1 5 8 2 0 239 1 5 7 2 2 238
9 11 16 1 6 8 0 1 244 0 0 0 0 0 0 1 5 8 2 1 239 0 0 0 0 0 0
9 11 17 1 6 8 0 2 244 0 0 0 0 0 0 1 5 8 2 2 239 0 0 0 0 0 0
9 11 18 0 0 0 0 0 0 0 0 0 0 0 0 0 0 0 0 0 0 0 0 0 0 0 0
9 11 19 0 0 0 0 0 0 0 0 0 0 0 0 0 0 0 0 0 0 0 0 0 0 0 0
9 11 20 0 0 0 0 0 0 0 0 0 0 0 0 0 0 0 0 0 0 0 0 0 0 0 0
9 11 21 0 0 0 0 0 0 0 0 0 0 0 0 0 0 0 0 0 0 0 0 0 0 0 0
9 11 22 0 0 0 0 0 0 0 0 0 0 0 0 0 0 0 0 0 0 0 0 0 0 0 0
9 11 23 0 0 0 0 0 0 0 0 0 0 0 0 0 0 0 0 0 0 0 0 0 0 0 0
9 11 24 0 0 0 0 0 0 0 0 0 0 0 0 0 0 0 0 0 0 0 0 0 0 0 0
9 11 25 0 0 0 0 0 0 0 0 0 0 0 0 0 0 0 0 0 0 0 0 0 0 0 0
9 11 26 0 0 0 0 0 0 0 0 0 0 0 0 0 0 0 0 0 0 0 0 0 0 0 0
9 11 27 0 0 0 0 0 0 0 0 0 0 0 0 0 0 0 0 0 0 0 0 0 0 0 0
9 11 28 0 0 0 0 0 0 0 0 0 0 0 0 0 0 0 0 0 0 0 0 0 0 0 0
9 11 29 0 0 0 0 0 0 0 0 0 0 0 0 0 0 0 0 0 0 0 0 0 0 0 0
9 11 30 0 0 0 0 0 0 0 0 0 0 0 0 0 0 0 0 0 0 0 0 0 0 0 0
9 11 31 0 0 0 0 0 0 0 0 0 0 0 0 0 0 0 0 0 0 0 0 0 0 0 0
9 12 0 1 6 0 1 1 240 0 0 0 0 0 0 0 0 0 0 0 0 0 0 0 0 0 0
9 12 1 1 6 0 1 2 240 1 6 1 1 0 240 0 0 0 0 0 0 0 0 0 0 0 0
9 12 2 0 0 0 0 0 0 1 6 1 1 1 240 0 0 0 0 0 0 0 0 0 0 0 0
9 12 3 1 6 2 1 0 241 1 6 1 1 2 240 0 0 0 0 0 0 0 0 0 0 0 0
9 12 4 1 6 2 1 1 241 0 0 0 0 0 0 0 0 0 0 0 0 0 0 0 0 0 0
9 12 5 1 6 2 1 2 241 1 6 3 1 0 241 0 0 0 0 0 0 0 0 0 0 0 0
9 12 6 0 0 0 0 0 0 1 6 3 1 1 241 0 0 0 0 0 0 0 0 0 0 0 0
9 12 7 1 6 4 1 0 242 1 6 3 1 2 241 0 0 0 0 0 0 0 0 0 0 0 0
9 12 8 1 6 4 1 1 242 0 0 0 0 0 0 0 0 0 0 0 0 0 0 0 0 0 0
9 12 9 1 6 4 1 2 242 1 6 5 1 0 242 0 0 0 0 0 0 0 0 0 0 0 0
9 12 10 0 0 0 0 0 0 1 6 5 1 1 242 0 0 0 0 0 0 0 0 0 0 0 0
9 12 11 1 6 6 1 0 243 1 6 5 1 2 242 0 0 0 0 0 0 0 0 0 0 0 0
9 12 12 1 6 6 1 1 243 0 0 0 0 0 0 0 0 0 0 0 0 0 0 0 0 0 0
9 12 13 1 6 6 1 2 243 1 6 7 1 0 243 0 0 0 0 0 0 0 0 0 0 0 0
9 12 14 0 0 0 0 0 0 1 6 7 1 1 243 0 0 0 0 0 0 0 0 0 0 0 0
9 12 15 1 6 8 1 0 244 1 6 7 1 2 243 0 0 0 0 0 0 0 0 0 0 0 0
9 12 16 1 6 8 1 1 244 0 0 0 0 0 0 0 0 0 0 0 0 0 0 0 0 0 0
9 12 17 1 6 8 1 2 244 0 0 0 0 0 0 0 0 0 0 0 0 0 0 0 0 0 0
9 12 18 0 0 0 0 0 0 0 0 0 0 0 0 0 0 0 0 0 0 0 0 0 0 0 0
9 12 19 0 0 0 0 0 0 0 0 0 0 0 0 0 0 0 0 0 0 0 0 0 0 0 0
9 12 20 0 0 0 0 0 0 0 0 0 0 0 0 0 0 0 0 0 0 0 0 0 0 0 0
9 12 21 0 0 0 0 0 0 0 0 0 0 0 0 0 0 0 0 0 0 0 0 0 0 0 0
9 12 22 0 0 0 0 0 0 0 0 0 0 0 0 0 0 0 0 0 0 0 0 0 0 0 0
9 12 23 0 0 0 0 0 0 0 0 0 0 0 0 0 0 0 0 0 0 0 0 0 0 0 0
9 12 24 0 0 0 0 0 0 0 0 0 0 0 0 0 0 0 0 0 0 0 0 0 0 0 0
9 12 25 0 0 0 0 0 0 0 0 0 0 0 0 0 0 0 0 0 0 0 0 0 0 0 0
9 12 26 0 0 0 0 0 0 0 0 0 0 0 0 0 0 0 0 0 0 0 0 0 0 0 0
9 12 27 0 0 0 0 0 0 0 0 0 0 0 0 0 0 0 0 0 0 0 0 0 0 0 0
9 12 28 0 0 0 0 0 0 0 0 0 0 0 0 0 0 0 0 0 0 0 0 0 0 0 0
9 12 29 0 0 0 0 0 0 0 0 0 0 0 0 0 0 0 0 0 0 0 0 0 0 0 0
9 12 30 0 0 0 0 0 0 0 0 0 0 0 0 0 0 0 0 0 0 0 0 0 0 0 0
9 12 31 0 0 0 0 0 0 0 0 0 0 0 0 0 0 0 0 0 0 0 0 0 0 0 0
9 13 0 1 6 0 2 1 240 0 0 0 0 0 0 1 7 0 0 1 240 0 0 0 0 0 0
9 13 1 1 6 0 2 2 240 1 6 1 2 0 240 1 7 0 0 2 240 1 7 1 0 0 240
9 13 2 0 0 0 0 0 0 1 6 1 2 1 240 0 0 0 0 0 0 1 7 1 0 1 240
9 13 3 1 6 2 2 0 241 1 6 1 2 2 240 1 7 2 0 0 241 1 7 1 0 2 240
9 13 4 1 6 2 2 1 241 0 0 0 0 0 0 1 7 2 0 1 241 0 0 0 0 0 0
9 13 5 1 6 2 2 2 241 1 6 3 2 0 241 1 7 2 0 2 241 1 7 3 0 0 241
9 13 6 0 0 0 0 0 0 1 6 3 2 1 241 0 0 0 0 0 0 1 7 3 0 1 241
9 13 7 1 6 4 2 0 242 1 6 3 2 2 241 1 7 4 0 0 242 1 7 3 0 2 241
9 13 8 1 6 4 2 1 242 0 0 0 0 0 0 1 7 4 0 1 242 0 0 0 0 0 0
9 13 9 1 6 4 2 2 242 1 6 5 2 0 242 1 7 4 0 2 242 1 7 5 0 0 242
9 13 10 0 0 0 0 0 0 1 6 5 2 1 242 0 0 0 0 0 0 1 7 5 0 1 242
9 13 11 1 6 6 2 0 243 1 6 5 2 2 242 1 7 6 0 0 243 1 7 5 0 2 242
9 13 12 1 6 6 2 1 243 0 0 0 0 0 0 1 7 6 0 1 243 0 0 0 0 0 0
9 13 13 1 6 6 2 2 243 1 6 7 2 0 243 1 7 6 0 2 243 1 7 7 0 0 243
9 13 14 0 0 0 0 0 0 1 6 7 2 1 243 0 0 0 0 0 0 1 7 7 0 1 243
9 13 15 1 6 8 2 0 244 1 6 7 2 2 243 1 7 8 0 0 244 1 7 7 0 2 243
9 13 16 1 6 8 2 1 244 0 0 0 0 0 0 1 7 8 0 1 244 0 0 0 0 0 0
9 13 17 1 6 8 2 2 244 0 0 0 0 0 0 1 7 8 0 2 244 0 0 0 0 0 0
9 13 18 0 0 0 0 0 0 0 0 0 0 0 0 0 0 0 0 0 0 0 0 0 0 0 0
9 13 19 0 0 0 0 0 0 0 0 0 0 0 0 0 0 0 0 0 0 0 0 0 0 0 0
9 13 20 0 0 0 0 0 0 0 0 0 0 0 0 0 0 0 0 0 0 0 0 0 0 0 0
9 13 21 0 0 0 0 0 0 0 0 0 0 0 0 0 0 0 0 0 0 0 0 0 0 0 0
9 13 22 0 0 0 0 0 0 0 0 0 0 0 0 0 0 0 0 0 0 0 0 0 0 0 0
9 13 23 0 0 0 0 0 0 0 0 0 0 0 0 0 0 0 0 0 0 0 0 0 0 0 0
9 13 24 0 0 0 0 0 0 0 0 0 0 0 0 0 0 0 0 0 0 0 0 0 0 0 0
9 13 25 0 0 0 0 0 0 0 0 0 0 0 0 0 0 0 0 0 0 0 0 0 0 0 0
9 13 26 0 0 0 0 0 0 0 0 0 0 0 0 0 0 0 0 0 0 0 0 0 0 0 0
9 13 27 0 0 0 0 0 0 0 0 0 0 0 0 0 0 0 0 0 0 0 0 0 0 0 0
9 13 28 0 0 0 0 0 0 0 0 0 0 0 0 0 0 0 0 0 0 0 0 0 0 0 0
9 13 29 0 0 0 0 0 0 0 0 0 0 0 0 0 0 0 0 0 0 0 0 0 0 0 0
9 13 30 0 0 0 0 0 0 0 0 0 0 0 0 0 0 0 0 0 0 0 0 0 0 0 0
9 13 31 0 0 0 0 0 0 0 0 0 0 0 0 0 0 0 0 0 0 0 0 0 0 0 0
9 14 0 0 0 0 0 0 0 0 0 0 0 0 0 1 7 0 1 1 240 0 0 0 0 0 0
9 14 1 0 0 0 0 0 0 0 0 0 0 0 0 1 7 0 1 2 240 1 7 1 1 0 240
9 14 2 0 0 0 0 0 0 0 0 0 0 0 0 0 0 0 0 0 0 1 7 1 1 1 240
9 14 3 0 0 0 0 0 0 0 0 0 0 0 0 1 7 2 1 0 241 1 7 1 1 2 240
9 14 4 0 0 0 0 0 0 0 0 0 0 0 0 1 7 2 1 1 241 0 0 0 0 0 0
9 14 5 0 0 0 0 0 0 0 0 0 0 0 0 1 7 2 1 2 241 1 7 3 1 0 241
9 14 6 0 0 0 0 0 0 0 0 0 0 0 0 0 0 0 0 0 0 1 7 3 1 1 241
9 14 7 0 0 0 0 0 0 0 0 0 0 0 0 1 7 4 1 0 242 1 7 3 1 2 241
9 14 8 0 0 0 0 0 0 0 0 0 0 0 0 1 7 4 1 1 242 0 0 0 0 0 0
9 14 9 0 0 0 0 0 0 0 0 0 0 0 0 1 7 4 1 2 242 1 7 5 1 0 242
9 14 10 0 0 0 0 0 0 0 0 0 0 0 0 0 0 0 0 0 0 1 7 5 1 1 242
9 14 11 0 0 0 0 0 0 0 0 0 0 0 0 1 7 6 1 0 243 1 7 5 1 2 242
9 14 12 0 0 0 0 0 0 0 0 0 0 0 0 1 7 6 1 1 243 0 0 0 0 0 0
9 14 13 0 0 0 0 0 0 0 0 0 0 0 0 1 7 6 1 2 243 1 7 7 1 0 243
9 14 14 0 0 0 0 0 0 0 0 0 0 0 0 0 0 0 0 0 0 1 7 7 1 1 243
9 14 15 0 0 0 0 0 0 0 0 0 0 0 0 1 7 8 1 0 244 1 7 7 1 2 243
9 14 16 0 0 0 0 0 0 0 0 0 0 0 0 1 7 8 1 1 244 0 0 0 0 0 0
9 14 17 0 0 0 0 0 0 0 0 0 0 0 0 1 7 8 1 2 244 0 0 0 0 0 0
9 14 18 0 0 0 0 0 0 0 0 0 0 0 0 0 0 0 0 0 0 0 0 0 0 0 0
9 14 19 0 0 0 0 0 0 0 0 0 0 0 0 0 0 0 0 0 0 0 0 0 0 0 0
9 14 20 0 0 0 0 0 0 0 0 0 0 0 0 0 0 0 0 0 0 0 0 0 0 0 0
9 14 21 0 0 0 0 0 0 0 0 0 0 0 0 0 0 0 0 0 0 0 0 0 0 0 0
9 14 22 0 0 0 0 0 0 0 0 0 0 0 0 0 0 0 0 0 0 0 0 0 0 0 0
9 14 23 0 0 0 0 0 0 0 0 0 0 0 0 0 0 0 0 0 0 0 0 0 0 0 0
9 14 24 0 0 0 0 0 0 0 0 0 0 0 0 0 0 0 0 0 0 0 0 0 0 0 0
9 14 25 0 0 0 0 0 0 0 0 0 0 0 0 0 0 0 0 0 0 0 0 0 0 0 0
9 14 26 0 0 0 0 0 0 0 0 0 0 0 0 0 0 0 0 0 0 0 0 0 0 0 0
9 14 27 0 0 0 0 0 0 0 0 0 0 0 0 0 0 0 0 0 0 0 0 0 0 0 0
9 14 28 0 0 0 0 0 0 0 0 0 0 0 0 0 0 0 0 0 0 0 0 0 0 0 0
9 14 29 0 0 0 0 0 0 0 0 0 0 0 0 0 0 0 0 0 0 0 0 0 0 0 0
9 14 30 0 0 0 0 0 0 0 0 0 0 0 0 0 0 0 0 0 0 0 0 0 0 0 0
9 14 31 0 0 0 0 0 0 0 0 0 0 0 0 0 0 0 0 0 0 0 0 0 0 0 0
9 15 0 1 8 0 0 1 245 0 0 0 0 0 0 1 7 0 2 1 240 0 0 0 0 0 0
9 15 1 1 8 0 0 2 245 1 8 1 0 0 245 1 7 0 2 2 240 1 7 1 2 0 240
9 15 2 0 0 0 0 0 0 1 8 1 0 1 245 0 0 0 0 0 0 1 7 1 2 1 240
9 15 3 1 8 2 0 0 246 1 8 1 0 2 245 1 7 2 2 0 241 1 7 1 2 2 240
9 15 4 1 8 2 0 1 246 0 0 0 0 0 0 1 7 2 2 1 241 0 0 0 0 0 0
9 15 5 1 8 2 0 2 246 1 8 3 0 0 246 1 7 2 2 2 241 1 7 3 2 0 241
9 15 6 0 0 0 0 0 0 1 8 3 0 1 246 0 0 0 0 0 0 1 7 3 2 1 241
9 15 7 1 8 4 0 0 247 1 8 3 0 2 246 1 7 4 2 0 242 1 7 3 2 2 241
9 15 8 1 8 4 0 1 247 0 0 0 0 0 0 1 7 4 2 1 242 0 0 0 0 0 0
9 15 9 1 8 4 0 2 247 1 8 5 0 0 247 1 7 4 2 2 242 1 7 5 2 0 242
9 15 10 0 0 0 0 0 0 1 8 5 0 1 247 0 0 0 0 0 0 1 7 5 2 1 242
9 15 11 1 8 6 0 0 248 1 8 5 0 2 247 1 7 6 2 0 243 1 7 5 2 2 242
9 15 12 1 8 6 0 1 248 0 0 0 0 0 0 1 7 6 2 1 243 0 0 0 0 0 0
9 15 13 1 8 6 0 2 248 1 8 7 0 0 248 1 7 6 2 2 243 1 7 7 2 0 243
9 15 14 0 0 0 0 0 0 1 8 7 0 1 248 0 0 0 0 0 0 1 7 7 2 1 243
9 15 15 1 8 8 0 0 249 1 8 7 0 2 248 1 7 8 2 0 244 1 7 7 2 2 243
9 15 16 1 8 8 0 1 249 0 0 0 0 0 0 1 7 8 2 1 244 0 0 0 0 0 0
9 15 17 1 8 8 0 2 249 0 0 0 0 0 0 1 7 8 2 2 244 0 0 0 0 0 0
9 15 18 0 0 0 0 0 0 0 0 0 0 0 0 0 0 0 0 0 0 0 0 0 0 0 0
9 15 19 0 0 0 0 0 0 0 0 0 0 0 0 0 0 0 0 0 0 0 0 0 0 0 0
9 15 20 0 0 0 0 0 0 0 0 0 0 0 0 0 0 0 0 0 0 0 0 0 0 0 0
9 15 21 0 0 0 0 0 0 0 0 0 0 0 0 0 0 0 0 0 0 0 0 0 0 0 0
9 15 22 0 0 0 0 0 0 0 0 0 0 0 0 0 0 0 0 0 0 0 0 0 0 0 0
9 15 23 0 0 0 0 0 0 0 0 0 0 0 0 0 0 0 0 0 0 0 0 0 0 0 0
9 15 24 0 0 0 0 0 0 0 0 0 0 0 0 0 0 0 0 0 0 0 0 0 0 0 0
9 15 25 0 0 0 0 0 0 0 0 0 0 0 0 0 0 0 0 0 0 0 0 0 0 0 0
9 15 26 0 0 0 0 0 0 0 0 0 0 0 0 0 0 0 0 0 0 0 0 0 0 0 0
9 15 27 0 0 0 0 0 0 0 0 0 0 0 0 0 0 0 0 0 0 0 0 0 0 0 0
9 15 28 0 0 0 0 0 0 0 0 0 0 0 0 0 0 0 0 0 0 0 0 0 0 0 0
9 15 29 0 0 0 0 0 0 0 0 0 0 0 0 0 0 0 0 0 0 0 0 0 0 0 0
9 15 30 0 0 0 0 0 0 0 0 0 0 0 0 0 0 0 0 0 0 0 0 0 0 0 0
9 15 31 0 0 0 0 0 0 0 0 0 0 0 0 0 0 0 0 0 0 0 0 0 0 0 0
9 16 0 1 8 0 1 1 245 0 0 0 0 0 0 0 0 0 0 0 0 0 0 0 0 0 0
9 16 1 1 8 0 1 2 245 1 8 1 1 0 245 0 0 0 0 0 0 0 0 0 0 0 0
9 16 2 0 0 0 0 0 0 1 8 1 1 1 245 0 0 0 0 0 0 0 0 0 0 0 0
9 16 3 1 8 2 1 0 246 1 8 1 1 2 245 0 0 0 0 0 0 0 0 0 0 0 0
9 16 4 1 8 2 1 1 246 0 0 0 0 0 0 0 0 0 0 0 0 0 0 0 0 0 0
9 16 5 1 8 2 1 2 246 1 8 3 1 0 246 0 0 0 0 0 0 0 0 0 0 0 0
9 16 6 0 0 0 0 0 0 1 8 3 1 1 246 0 0 0 0 0 0 0 0 0 0 0 0
9 16 7 1 8 4 1 0 247 1 8 3 1 2 246 0 0 0 0 0 0 0 0 0 0 0 0
9 16 8 1 8 4 1 1 247 0 0 0 0 0 0 0 0 0 0 0 0 0 0 0 0 0 0
9 16 9 1 8 4 1 2 247 1 8 5 1 0 247 0 0 0 0 0 0 0 0 0 0 0 0
9 16 10 0 0 0 0 0 0 1 8 5 1 1 247 0 0 0 0 0 0 0 0 0 0 0 0
9 16 11 1 8 6 1 0 248 1 8 5 1 2 247 0 0 0 0 0 0 0 0 0 0 0 0
9 16 12 1 8 6 1 1 248 0 0 0 0 0 0 0 0 0 0 0 0 0 0 0 0 0 0
9 16 13 1 8 6 1 2 248 1 8 7 1 0 248 0 0 0 0 0 0 0 0 0 0 0 0
9 16 14 0 0 0 0 0 0 1 8 7 1 1 248 0 0 0 0 0 0 0 0 0 0 0 0
9 16 15 1 8 8 1 0 249 1 8 7 1 2 248 0 0 0 0 0 0 0 0 0 0 0 0
9 16 16 1 8 8 1 1 249 0 0 0 0 0 0 0 0 0 0 0 0 0 0 0 0 0 0
9 16 17 1 8 8 1 2 249 0 0 0 0 0 0 0 0 0 0 0 0 0 0 0 0 0 0
9 16 18 0 0 0 0 0 0 0 0 0 0 0 0 0 0 0 0 0 0 0 0 0 0 0 0
9 16 19 0 0 0 0 0 0 0 0 0 0 0 0 0 0 0 0 0 0 0 0 0 0 0 0
9 16 20 0 0 0 0 0 0 0 0 0 0 0 0 0 0 0 0 0 0 0 0 0 0 0 0
9 16 21 0 0 0 0 0 0 0 0 0 0 0 0 0 0 0 0 0 0 0 0 0 0 0 0
9 16 22 0 0 0 0 0 0 0 0 0 0 0 0 0 0 0 0 0 0 0 0 0 0 0 0
9 16 23 0 0 0 0 0 0 0 0 0 0 0 0 0 0 0 0 0 0 0 0 0 0 0 0
9 16 24 0 0 0 0 0 0 0 0 0 0 0 0 0 0 0 0 0 0 0 0 0 0 0 0
9 16 25 0 0 0 0 0 0 0 0 0 0 0 0 0 0 0 0 0 0 0 0 0 0 0 0
9 16 26 0 0 0 0 0 0 0 0 0 0 0 0 0 0 0 0 0 0 0 0 0 0 0 0
9 16 27 0 0 0 0 0 0 0 0 0 0 0 0 0 0 0 0 0 0 0 0 0 0 0 0
9 16 28 0 0 0 0 0 0 0 0 0 0 0 0 0 0 0 0 0 0 0 0 0 0 0 0
9 16 29 0 0 0 0 0 0 0 0 0 0 0 0 0 0 0 0 0 0 0 0 0 0 0 0
9 16 30 0 0 0 0 0 0 0 0 0 0 0 0 0 0 0 0 0 0 0 0 0 0 0 0
9 16 31 0 0 0 0 0 0 0 0 0 0 0 0 0 0 0 0 0 0 0 0 0 0 0 0
9 17 0 1 8 0 2 1 245 0 0 0 0 0 0 0 0 0 0 0 0 0 0 0 0 0 0
9 17 1 1 8 0 2 2 245 1 8 1 2 0 245 0 0 0 0 0 0 0 0 0 0 0 0
9 17 2 0 0 0 0 0 0 1 8 1 2 1 245 0 0 0 0 0 0 0 0 0 0 0 0
9 17 3 1 8 2 2 0 246 1 8 1 2 2 245 0 0 0 0 0 0 0 0 0 0 0 0
9 17 4 1 8 2 2 1 246 0 0 0 0 0 0 0 0 0 0 0 0 0 0 0 0 0 0
9 17 5 1 8 2 2 2 246 1 8 3 2 0 246 0 0 0 0 0 0 0 0 0 0 0 0
9 17 6 0 0 0 0 0 0 1 8 3 2 1 246 0 0 0 0 0 0 0 0 0 0 0 0
9 17 7 1 8 4 2 0 247 1 8 3 2 2 246 0 0 0 0 0 0 0 0 0 0 0 0
9 17 8 1 8 4 2 1 247 0 0 0 0 0 0 0 0 0 0 0 0 0 0 0 0 0 0
9 17 9 1 8 4 2 2 247 1 8 5 2 0 247 0 0 0 0 0 0 0 0 0 0 0 0
9 17 10 0 0 0 0 0 0 1 8 5 2 1 247 0 0 0 0 0 0 0 0 0 0 0 0
9 17 11 1 8 6 2 0 248 1 8 5 2 2 247 0 0 0 0 0 0 0 0 0 0 0 0
9 17 12 1 8 6 2 1 248 0 0 0 0 0 0 0 0 0 0 0 0 0 0 0 0 0 0
9 17 13 1 8 6 2 2 248 1 8 7 2 0 248 0 0 0 0 0 0 0 0 0 0 0 0
9 17 14 0 0 0 0 0 0 1 8 7 2 1 248 0 0 0 0 0 0 0 0 0 0 0 0
9 17 15 1 8 8 2 0 249 1 8 7 2 2 248 0 0 0 0 0 0 0 0 0 0 0 0
9 17 16 1 8 8 2 1 249 0 0 0 0 0 0 0 0 0 0 0 0 0 0 0 0 0 0
9 17 17 1 8 8 2 2 249 0 0 0 0 0 0 0 0 0 0 0 0 0 0 0 0 0 0
9 17 18 0 0 0 0 0 0 0 0 0 0 0 0 0 0 0 0 0 0 0 0 0 0 0 0
9 17 19 0 0 0 0 0 0 0 0 0 0 0 0 0 0 0 0 0 0 0 0 0 0 0 0
9 17 20 0 0 0 0 0 0 0 0 0 0 0 0 0 0 0 0 0 0 0 0 0 0 0 0
9 17 21 0 0 0 0 0 0 0 0 0 0 0 0 0 0 0 0 0 0 0 0 0 0 0 0
9 17 22 0 0 0 0 0 0 0 0 0 0 0 0 0 0 0 0 0 0 0 0 0 0 0 0
9 17 23 0 0 0 0 0 0 0 0 0 0 0 0 0 0 0 0 0 0 0 0 0 0 0 0
9 17 24 0 0 0 0 0 0 0 0 0 0 0 0 0 0 0 0 0 0 0 0 0 0 0 0
9 17 25 0 0 0 0 0 0 0 0 0 0 0 0 0 0 0 0 0 0 0 0 0 0 0 0
9 17 26 0 0 0 0 0 0 0 0 0 0 0 0 0 0 0 0 0 0 0 0 0 0 0 0
9 17 27 0 0 0 0 0 0 0 0 0 0 0 0 0 0 0 0 0 0 0 0 0 0 0 0
9 17 28 0 0 0 0 0 0 0 0 0 0 0 0 0 0 0 0 0 0 0 0 0 0 0 0
9 17 29 0 0 0 0 0 0 0 0 0 0 0 0 0 0 0 0 0 0 0 0 0 0 0 0
9 17 30 0 0 0 0 0 0 0 0 0 0 0 0 0 0 0 0 0 0 0 0 0 0 0 0
9 17 31 0 0 0 0 0 0 0 0 0 0 0 0 0 0 0 0 0 0 0 0 0 0 0 0
9 18 0 0 0 0 0 0 0 0 0 0 0 0 0 0 0 0 0 0 0 0 0 0 0 0 0
9 18 1 0 0 0 0 0 0 0 0 0 0 0 0 0 0 0 0 0 0 0 0 0 0 0 0
9 18 2 0 0 0 0 0 0 0 0 0 0 0 0 0 0 0 0 0 0 0 0 0 0 0 0
9 18 3 0 0 0 0 0 0 0 0 0 0 0 0 0 0 0 0 0 0 0 0 0 0 0 0
9 18 4 0 0 0 0 0 0 0 0 0 0 0 0 0 0 0 0 0 0 0 0 0 0 0 0
9 18 5 0 0 0 0 0 0 0 0 0 0 0 0 0 0 0 0 0 0 0 0 0 0 0 0
9 18 6 0 0 0 0 0 0 0 0 0 0 0 0 0 0 0 0 0 0 0 0 0 0 0 0
9 18 7 0 0 0 0 0 0 0 0 0 0 0 0 0 0 0 0 0 0 0 0 0 0 0 0
9 18 8 0 0 0 0 0 0 0 0 0 0 0 0 0 0 0 0 0 0 0 0 0 0 0 0
9 18 9 0 0 0 0 0 0 0 0 0 0 0 0 0 0 0 0 0 0 0 0 0 0 0 0
9 18 10 0 0 0 0 0 0 0 0 0 0 0 0 0 0 0 0 0 0 0 0 0 0 0 0
9 18 11 0 0 0 0 0 0 0 0 0 0 0 0 0 0 0 0 0 0 0 0 0 0 0 0
9 18 12 0 0 0 0 0 0 0 0 0 0 0 0 0 0 0 0 0 0 0 0 0 0 0 0
9 18 13 0 0 0 0 0 0 0 0 0 0 0 0 0 0 0 0 0 0 0 0 0 0 0 0
9 18 14 0 0 0 0 0 0 0 0 0 0 0 0 0 0 0 0 0 0 0 0 0 0 0 0
9 18 15 0 0 0 0 0 0 0 0 0 0 0 0 0 0 0 0 0 0 0 0 0 0 0 0
9 18 16 0 0 0 0 0 0 0 0 0 0 0 0 0 0 0 0 0 0 0 0 0 0 0 0
9 18 17 0 0 0 0 0 0 0 0 0 0 0 0 0 0 0 0 0 0 0 0 0 0 0 0
9 18 18 0 0 0 0 0 0 0 0 0 0 0 0 0 0 0 0 0 0 0 0 0 0 0 0
9 18 19 0 0 0 0 0 0 0 0 0 0 0 0 0 0 0 0 0 0 0 0 0 0 0 0
9 18 20 0 0 0 0 0 0 0 0 0 0 0 0 0 0 0 0 0 0 0 0 0 0 0 0
9 18 21 0 0 0 0 0 0 0 0 0 0 0 0 0 0 0 0 0 0 0 0 0 0 0 0
9 18 22 0 0 0 0 0 0 0 0 0 0 0 0 0 0 0 0 0 0 0 0 0 0 0 0
9 18 23 0 0 0 0 0 0 0 0 0 0 0 0 0 0 0 0 0 0 0 0 0 0 0 0
9 18 24 0 0 0 0 0 0 0 0 0 0 0 0 0 0 0 0 0 0 0 0 0 0 0 0
9 18 25 0 0 0 0 0 0 0 0 0 0 0 0 0 0 0 0 0 0 0 0 0 0 0 0
9 18 26 0 0 0 0 0 0 0 0 0 0 0 0 0 0 0 0 0 0 0 0 0 0 0 0
9 18 27 0 0 0 0 0 0 0 0 0 0 0 0 0 0 0 0 0 0 0 0 0 0 0 0
9 18 28 0 0 0 0 0 0 0 0 0 0 0 0 0 0 0 0 0 0 0 0 0 0 0 0
9 18 29 0 0 0 0 0 0 0 0 0 0 0 0 0 0 0 0 0 0 0 0 0 0 0 0
9 18 30 0 0 0 0 0 0 0 0 0 0 0 0 0 0 0 0 0 0 0 0 0 0 0 0
9 18 31 0 0 0 0 0 0 0 0 0 0 0 0 0 0 0 0 0 0 0 0 0 0 0 0
9 19 0 0 0 0 0 0 0 0 0 0 0 0 0 0 0 0 0 0 0 0 0 0 0 0 0
9 19 1 0 0 0 0 0 0 0 0 0 0 0 0 0 0 0 0 0 0 0 0 0 0 0 0
9 19 2 0 0 0 0 0 0 0 0 0 0 0 0 0 0 0 0 0 0 0 0 0 0 0 0
9 19 3 0 0 0 0 0 0 0 0 0 0 0 0 0 0 0 0 0 0 0 0 0 0 0 0
9 19 4 0 0 0 0 0 0 0 0 0 0 0 0 0 0 0 0 0 0 0 0 0 0 0 0
9 19 5 0 0 0 0 0 0 0 0 0 0 0 0 0 0 0 0 0 0 0 0 0 0 0 0
9 19 6 0 0 0 0 0 0 0 0 0 0 0 0 0 0 0 0 0 0 0 0 0 0 0 0
9 19 7 0 0 0 0 0 0 0 0 0 0 0 0 0 0 0 0 0 0 0 0 0 0 0 0
9 19 8 0 0 0 0 0 0 0 0 0 0 0 0 0 0 0 0 0 0 0 0 0 0 0 0
9 19 9 0 0 0 0 0 0 0 0 0 0 0 0 0 0 0 0 0 0 0 0 0 0 0 0
9 19 10 0 0 0 0 0 0 0 0 0 0 0 0 0 0 0 0 0 0 0 0 0 0 0 0
9 19 11 0 0 0 0 0 0 0 0 0 0 0 0 0 0 0 0 0 0 0 0 0 0 0 0
9 19 12 0 0 0 0 0 0 0 0 0 0 0 0 0 0 0 0 0 0 0 0 0 0 0 0
9 19 13 0 0 0 0 0 0 0 0 0 0 0 0 0 0 0 0 0 0 0 0 0 0 0 0
9 19 14 0 0 0 0 0 0 0 0 0 0 0 0 0 0 0 0 0 0 0 0 0 0 0 0
9 19 15 0 0 0 0 0 0 0 0 0 0 0 0 0 0 0 0 0 0 0 0 0 0 0 0
9 19 16 0 0 0 0 0 0 0 0 0 0 0 0 0 0 0 0 0 0 0 0 0 0 0 0
9 19 17 0 0 0 0 0 0 0 0 0 0 0 0 0 0 0 0 0 0 0 0 0 0 0 0
9 19 18 0 0 0 0 0 0 0 0 0 0 0 0 0 0 0 0 0 0 0 0 0 0 0 0
9 19 19 0 0 0 0 0 0 0 0 0 0 0 0 0 0 0 0 0 0 0 0 0 0 0 0
9 19 20 0 0 0 0 0 0 0 0 0 0 0 0 0 0 0 0 0 0 0 0 0 0 0 0
9 19 21 0 0 0 0 0 0 0 0 0 0 0 0 0 0 0 0 0 0 0 0 0 0 0 0
9 19 22 0 0 0 0 0 0 0 0 0 0 0 0 0 0 0 0 0 0 0 0 0 0 0 0
9 19 23 0 0 0 0 0 0 0 0 0 0 0 0 0 0 0 0 0 0 0 0 0 0 0 0
9 19 24 0 0 0 0 0 0 0 0 0 0 0 0 0 0 0 0 0 0 0 0 0 0 0 0
9 19 25 0 0 0 0 0 0 0 0 0 0 0 0 0 0 0 0 0 0 0 0 0 0 0 0
9 19 26 0 0 0 0 0 0 0 0 0 0 0 0 0 0 0 0 0 0 0 0 0 0 0 0
9 19 27 0 0 0 0 0 0 0 0 0 0 0 0 0 0 0 0 0 0 0 0 0 0 0 0
9 19 28 0 0 0 0 0 0 0 0 0 0 0 0 0 0 0 0 0 0 0 0 0 0 0 0
9 19 29 0 0 0 0 0 0 0 0 0 0 0 0 0 0 0 0 0 0 0 0 0 0 0 0
9 19 30 0 0 0 0 0 0 0 0 0 0 0 0 0 0 0 0 0 0 0 0 0 0 0 0
9 19 31 0 0 0 0 0 0 0 0 0 0 0 0 0 0 0 0 0 0 0 0 0 0 0 0
9 20 0 0 0 0 0 0 0 0 0 0 0 0 0 0 0 0 0 0 0 0 0 0 0 0 0
9 20 1 0 0 0 0 0 0 0 0 0 0 0 0 0 0 0 0 0 0 0 0 0 0 0 0
9 20 2 0 0 0 0 0 0 0 0 0 0 0 0 0 0 0 0 0 0 0 0 0 0 0 0
9 20 3 0 0 0 0 0 0 0 0 0 0 0 0 0 0 0 0 0 0 0 0 0 0 0 0
9 20 4 0 0 0 0 0 0 0 0 0 0 0 0 0 0 0 0 0 0 0 0 0 0 0 0
9 20 5 0 0 0 0 0 0 0 0 0 0 0 0 0 0 0 0 0 0 0 0 0 0 0 0
9 20 6 0 0 0 0 0 0 0 0 0 0 0 0 0 0 0 0 0 0 0 0 0 0 0 0
9 20 7 0 0 0 0 0 0 0 0 0 0 0 0 0 0 0 0 0 0 0 0 0 0 0 0
9 20 8 0 0 0 0 0 0 0 0 0 0 0 0 0 0 0 0 0 0 0 0 0 0 0 0
9 20 9 0 0 0 0 0 0 0 0 0 0 0 0 0 0 0 0 0 0 0 0 0 0 0 0
9 20 10 0 0 0 0 0 0 0 0 0 0 0 0 0 0 0 0 0 0 0 0 0 0 0 0
9 20 11 0 0 0 0 0 0 0 0 0 0 0 0 0 0 0 0 0 0 0 0 0 0 0 0
9 20 12 0 0 0 0 0 0 0 0 0 0 0 0 0 0 0 0 0 0 0 0 0 0 0 0
9 20 13 0 0 0 0 0 0 0 0 0 0 0 0 0 0 0 0 0 0 0 0 0 0 0 0
9 20 14 0 0 0 0 0 0 0 0 0 0 0 0 0 0 0 0 0 0 0 0 0 0 0 0
9 20 15 0 0 0 0 0 0 0 0 0 0 0 0 0 0 0 0 0 0 0 0 0 0 0 0
9 20 16 0 0 0 0 0 0 0 0 0 0 0 0 0 0 0 0 0 0 0 0 0 0 0 0
9 20 17 0 0 0 0 0 0 0 0 0 0 0 0 0 0 0 0 0 0 0 0 0 0 0 0
9 20 18 0 0 0 0 0 0 0 0 0 0 0 0 0 0 0 0 0 0 0 0 0 0 0 0
9 20 19 0 0 0 0 0 0 0 0 0 0 0 0 0 0 0 0 0 0 0 0 0 0 0 0
9 20 20 0 0 0 0 0 0 0 0 0 0 0 0 0 0 0 0 0 0 0 0 0 0 0 0
9 20 21 0 0 0 0 0 0 0 0 0 0 0 0 0 0 0 0 0 0 0 0 0 0 0 0
9 20 22 0 0 0 0 0 0 0 0 0 0 0 0 0 0 0 0 0 0 0 0 0 0 0 0
9 20 23 0 0 0 0 0 0 0 0 0 0 0 0 0 0 0 0 0 0 0 0 0 0 0 0
9 20 24 0 0 0 0 0 0 0 0 0 0 0 0 0 0 0 0 0 0 0 0 0 0 0 0
9 20 25 0 0 0 0 0 0 0 0 0 0 0 0 0 0 0 0 0 0 0 0 0 0 0 0
9 20 26 0 0 0 0 0 0 0 0 0 0 0 0 0 0 0 0 0 0 0 0 0 0 0 0
9 20 27 0 0 0 0 0 0 0 0 0 0 0 0 0 0 0 0 0 0 0 0 0 0 0 0
9 20 28 0 0 0 0 0 0 0 0 0 0 0 0 0 0 0 0 0 0 0 0 0 0 0 0
9 20 29 0 0 0 0 0 0 0 0 0 0 0 0 0 0 0 0 0 0 0 0 0 0 0 0
9 20 30 0 0 0 0 0 0 0 0 0 0 0 0 0 0 0 0 0 0 0 0 0 0 0 0
9 20 31 0 0 0 0 0 0 0 0 0 0 0 0 0 0 0 0 0 0 0 0 0 0 0 0
9 21 0 0 0 0 0 0 0 0 0 0 0 0 0 0 0 0 0 0 0 0 0 0 0 0 0
9 21 1 0 0 0 0 0 0 0 0 0 0 0 0 0 0 0 0 0 0 0 0 0 0 0 0
9 21 2 0 0 0 0 0 0 0 0 0 0 0 0 0 0 0 0 0 0 0 0 0 0 0 0
9 21 3 0 0 0 0 0 0 0 0 0 0 0 0 0 0 0 0 0 0 0 0 0 0 0 0
9 21 4 0 0 0 0 0 0 0 0 0 0 0 0 0 0 0 0 0 0 0 0 0 0 0 0
9 21 5 0 0 0 0 0 0 0 0 0 0 0 0 0 0 0 0 0 0 0 0 0 0 0 0
9 21 6 0 0 0 0 0 0 0 0 0 0 0 0 0 0 0 0 0 0 0 0 0 0 0 0
9 21 7 0 0 0 0 0 0 0 0 0 0 0 0 0 0 0 0 0 0 0 0 0 0 0 0
9 21 8 0 0 0 0 0 0 0 0 0 0 0 0 0 0 0 0 0 0 0 0 0 0 0 0
9 21 9 0 0 0 0 0 0 0 0 0 0 0 0 0 0 0 0 0 0 0 0 0 0 0 0
9 21 10 0 0 0 0 0 0 0 0 0 0 0 0 0 0 0 0 0 0 0 0 0 0 0 0
9 21 11 0 0 0 0 0 0 0 0 0 0 0 0 0 0 0 0 0 0 0 0 0 0 0 0
9 21 12 0 0 0 0 0 0 0 0 0 0 0 0 0 0 0 0 0 0 0 0 0 0 0 0
9 21 13 0 0 0 0 0 0 0 0 0 0 0 0 0 0 0 0 0 0 0 0 0 0 0 0
9 21 14 0 0 0 0 0 0 0 0 0 0 0 0 0 0 0 0 0 0 0 0 0 0 0 0
9 21 15 0 0 0 0 0 0 0 0 0 0 0 0 0 0 0 0 0 0 0 0 0 0 0 0
9 21 16 0 0 0 0 0 0 0 0 0 0 0 0 0 0 0 0 0 0 0 0 0 0 0 0
9 21 17 0 0 0 0 0 0 0 0 0 0 0 0 0 0 0 0 0 0 0 0 0 0 0 0
9 21 18 0 0 0 0 0 0 0 0 0 0 0 0 0 0 0 0 0 0 0 0 0 0 0 0
9 21 19 0 0 0 0 0 0 0 0 0 0 0 0 0 0 0 0 0 0 0 0 0 0 0 0
9 21 20 0 0 0 0 0 0 0 0 0 0 0 0 0 0 0 0 0 0 0 0 0 0 0 0
9 21 21 0 0 0 0 0 0 0 0 0 0 0 0 0 0 0 0 0 0 0 0 0 0 0 0
9 21 22 0 0 0 0 0 0 0 0 0 0 0 0 0 0 0 0 0 0 0 0 0 0 0 0
9 21 23 0 0 0 0 0 0 0 0 0 0 0 0 0 0 0 0 0 0 0 0 0 0 0 0
9 21 24 0 0 0 0 0 0 0 0 0 0 0 0 0 0 0 0 0 0 0 0 0 0 0 0
9 21 25 0 0 0 0 0 0 0 0 0 0 0 0 0 0 0 0 0 0 0 0 0 0 0 0
9 21 26 0 0 0 0 0 0 0 0 0 0 0 0 0 0 0 0 0 0 0 0 0 0 0 0
9 21 27 0 0 0 0 0 0 0 0 0 0 0 0 0 0 0 0 0 0 0 0 0 0 0 0
9 21 28 0 0 0 0 0 0 0 0 0 0 0 0 0 0 0 0 0 0 0 0 0 0 0 0
9 21 29 0 0 0 0 0 0 0 0 0 0 0 0 0 0 0 0 0 0 0 0 0 0 0 0
9 21 30 0 0 0 0 0 0 0 0 0 0 0 0 0 0 0 0 0 0 0 0 0 0 0 0
9 21 31 0 0 0 0 0 0 0 0 0 0 0 0 0 0 0 0 0 0 0 0 0 0 0 0
9 22 0 0 0 0 0 0 0 0 0 0 0 0 0 0 0 0 0 0 0 0 0 0 0 0 0
9 22 1 0 0 0 0 0 0 0 0 0 0 0 0 0 0 0 0 0 0 0 0 0 0 0 0
9 22 2 0 0 0 0 0 0 0 0 0 0 0 0 0 0 0 0 0 0 0 0 0 0 0 0
9 22 3 0 0 0 0 0 0 0 0 0 0 0 0 0 0 0 0 0 0 0 0 0 0 0 0
9 22 4 0 0 0 0 0 0 0 0 0 0 0 0 0 0 0 0 0 0 0 0 0 0 0 0
9 22 5 0 0 0 0 0 0 0 0 0 0 0 0 0 0 0 0 0 0 0 0 0 0 0 0
9 22 6 0 0 0 0 0 0 0 0 0 0 0 0 0 0 0 0 0 0 0 0 0 0 0 0
9 22 7 0 0 0 0 0 0 0 0 0 0 0 0 0 0 0 0 0 0 0 0 0 0 0 0
9 22 8 0 0 0 0 0 0 0 0 0 0 0 0 0 0 0 0 0 0 0 0 0 0 0 0
9 22 9 0 0 0 0 0 0 0 0 0 0 0 0 0 0 0 0 0 0 0 0 0 0 0 0
9 22 10 0 0 0 0 0 0 0 0 0 0 0 0 0 0 0 0 0 0 0 0 0 0 0 0
9 22 11 0 0 0 0 0 0 0 0 0 0 0 0 0 0 0 0 0 0 0 0 0 0 0 0
9 22 12 0 0 0 0 0 0 0 0 0 0 0 0 0 0 0 0 0 0 0 0 0 0 0 0
9 22 13 0 0 0 0 0 0 0 0 0 0 0 0 0 0 0 0 0 0 0 0 0 0 0 0
9 22 14 0 0 0 0 0 0 0 0 0 0 0 0 0 0 0 0 0 0 0 0 0 0 0 0
9 22 15 0 0 0 0 0 0 0 0 0 0 0 0 0 0 0 0 0 0 0 0 0 0 0 0
9 22 16 0 0 0 0 0 0 0 0 0 0 0 0 0 0 0 0 0 0 0 0 0 0 0 0
9 22 17 0 0 0 0 0 0 0 0 0 0 0 0 0 0 0 0 0 0 0 0 0 0 0 0
9 22 18 0 0 0 0 0 0 0 0 0 0 0 0 0 0 0 0 0 0 0 0 0 0 0 0
9 22 19 0 0 0 0 0 0 0 0 0 0 0 0 0 0 0 0 0 0 0 0 0 0 0 0
9 22 20 0 0 0 0 0 0 0 0 0 0 0 0 0 0 0 0 0 0 0 0 0 0 0 0
9 22 21 0 0 0 0 0 0 0 0 0 0 0 0 0 0 0 0 0 0 0 0 0 0 0 0
9 22 22 0 0 0 0 0 0 0 0 0 0 0 0 0 0 0 0 0 0 0 0 0 0 0 0
9 22 23 0 0 0 0 0 0 0 0 0 0 0 0 0 0 0 0 0 0 0 0 0 0 0 0
9 22 24 0 0 0 0 0 0 0 0 0 0 0 0 0 0 0 0 0 0 0 0 0 0 0 0
9 22 25 0 0 0 0 0 0 0 0 0 0 0 0 0 0 0 0 0 0 0 0 0 0 0 0
9 22 26 0 0 0 0 0 0 0 0 0 0 0 0 0 0 0 0 0 0 0 0 0 0 0 0
9 22 27 0 0 0 0 0 0 0 0 0 0 0 0 0 0 0 0 0 0 0 0 0 0 0 0
9 22 28 0 0 0 0 0 0 0 0 0 0 0 0 0 0 0 0 0 0 0 0 0 0 0 0
9 22 29 0 0 0 0 0 0 0 0 0 0 0 0 0 0 0 0 0 0 0 0 0 0 0 0
9 22 30 0 0 0 0 0 0 0 0 0 0 0 0 0 0 0 0 0 0 0 0 0 0 0 0
9 22 31 0 0 0 0 0 0 0 0 0 0 0 0 0 0 0 0 0 0 0 0 0 0 0 0
9 23 0 0 0 0 0 0 0 0 0 0 0 0 0 0 0 0 0 0 0 0 0 0 0 0 0
9 23 1 0 0 0 0 0 0 0 0 0 0 0 0 0 0 0 0 0 0 0 0 0 0 0 0
9 23 2 0 0 0 0 0 0 0 0 0 0 0 0 0 0 0 0 0 0 0 0 0 0 0 0
9 23 3 0 0 0 0 0 0 0 0 0 0 0 0 0 0 0 0 0 0 0 0 0 0 0 0
9 23 4 0 0 0 0 0 0 0 0 0 0 0 0 0 0 0 0 0 0 0 0 0 0 0 0
9 23 5 0 0 0 0 0 0 0 0 0 0 0 0 0 0 0 0 0 0 0 0 0 0 0 0
9 23 6 0 0 0 0 0 0 0 0 0 0 0 0 0 0 0 0 0 0 0 0 0 0 0 0
9 23 7 0 0 0 0 0 0 0 0 0 0 0 0 0 0 0 0 0 0 0 0 0 0 0 0
9 23 8 0 0 0 0 0 0 0 0 0 0 0 0 0 0 0 0 0 0 0 0 0 0 0 0
9 23 9 0 0 0 0 0 0 0 0 0 0 0 0 0 0 0 0 0 0 0 0 0 0 0 0
9 23 10 0 0 0 0 0 0 0 0 0 0 0 0 0 0 0 0 0 0 0 0 0 0 0 0
9 23 11 0 0 0 0 0 0 0 0 0 0 0 0 0 0 0 0 0 0 0 0 0 0 0 0
9 23 12 0 0 0 0 0 0 0 0 0 0 0 0 0 0 0 0 0 0 0 0 0 0 0 0
9 23 13 0 0 0 0 0 0 0 0 0 0 0 0 0 0 0 0 0 0 0 0 0 0 0 0
9 23 14 0 0 0 0 0 0 0 0 0 0 0 0 0 0 0 0 0 0 0 0 0 0 0 0
9 23 15 0 0 0 0 0 0 0 0 0 0 0 0 0 0 0 0 0 0 0 0 0 0 0 0
9 23 16 0 0 0 0 0 0 0 0 0 0 0 0 0 0 0 0 0 0 0 0 0 0 0 0
9 23 17 0 0 0 0 0 0 0 0 0 0 0 0 0 0 0 0 0 0 0 0 0 0 0 0
9 23 18 0 0 0 0 0 0 0 0 0 0 0 0 0 0 0 0 0 0 0 0 0 0 0 0
9 23 19 0 0 0 0 0 0 0 0 0 0 0 0 0 0 0 0 0 0 0 0 0 0 0 0
9 23 20 0 0 0 0 0 0 0 0 0 0 0 0 0 0 0 0 0 0 0 0 0 0 0 0
9 23 21 0 0 0 0 0 0 0 0 0 0 0 0 0 0 0 0 0 0 0 0 0 0 0 0
9 23 22 0 0 0 0 0 0 0 0 0 0 0 0 0 0 0 0 0 0 0 0 0 0 0 0
9 23 23 0 0 0 0 0 0 0 0 0 0 0 0 0 0 0 0 0 0 0 0 0 0 0 0
9 23 24 0 0 0 0 0 0 0 0 0 0 0 0 0 0 0 0 0 0 0 0 0 0 0 0
9 23 25 0 0 0 0 0 0 0 0 0 0 0 0 0 0 0 0 0 0 0 0 0 0 0 0
9 23 26 0 0 0 0 0 0 0 0 0 0 0 0 0 0 0 0 0 0 0 0 0 0 0 0
9 23 27 0 0 0 0 0 0 0 0 0 0 0 0 0 0 0 0 0 0 0 0 0 0 0 0
9 23 28 0 0 0 0 0 0 0 0 0 0 0 0 0 0 0 0 0 0 0 0 0 0 0 0
9 23 29 0 0 0 0 0 0 0 0 0 0 0 0 0 0 0 0 0 0 0 0 0 0 0 0
9 23 30 0 0 0 0 0 0 0 0 0 0 0 0 0 0 0 0 0 0 0 0 0 0 0 0
9 23 31 0 0 0 0 0 0 0 0 0 0 0 0 0 0 0 0 0 0 0 0 0 0 0 0
9 24 0 0 0 0 0 0 0 0 0 0 0 0 0 0 0 0 0 0 0 0 0 0 0 0 0
9 24 1 0 0 0 0 0 0 0 0 0 0 0 0 0 0 0 0 0 0 0 0 0 0 0 0
9 24 2 0 0 0 0 0 0 0 0 0 0 0 0 0 0 0 0 0 0 0 0 0 0 0 0
9 24 3 0 0 0 0 0 0 0 0 0 0 0 0 0 0 0 0 0 0 0 0 0 0 0 0
9 24 4 0 0 0 0 0 0 0 0 0 0 0 0 0 0 0 0 0 0 0 0 0 0 0 0
9 24 5 0 0 0 0 0 0 0 0 0 0 0 0 0 0 0 0 0 0 0 0 0 0 0 0
9 24 6 0 0 0 0 0 0 0 0 0 0 0 0 0 0 0 0 0 0 0 0 0 0 0 0
9 24 7 0 0 0 0 0 0 0 0 0 0 0 0 0 0 0 0 0 0 0 0 0 0 0 0
9 24 8 0 0 0 0 0 0 0 0 0 0 0 0 0 0 0 0 0 0 0 0 0 0 0 0
9 24 9 0 0 0 0 0 0 0 0 0 0 0 0 0 0 0 0 0 0 0 0 0 0 0 0
9 24 10 0 0 0 0 0 0 0 0 0 0 0 0 0 0 0 0 0 0 0 0 0 0 0 0
9 24 11 0 0 0 0 0 0 0 0 0 0 0 0 0 0 0 0 0 0 0 0 0 0 0 0
9 24 12 0 0 0 0 0 0 0 0 0 0 0 0 0 0 0 0 0 0 0 0 0 0 0 0
9 24 13 0 0 0 0 0 0 0 0 0 0 0 0 0 0 0 0 0 0 0 0 0 0 0 0
9 24 14 0 0 0 0 0 0 0 0 0 0 0 0 0 0 0 0 0 0 0 0 0 0 0 0
9 24 15 0 0 0 0 0 0 0 0 0 0 0 0 0 0 0 0 0 0 0 0 0 0 0 0
9 24 16 0 0 0 0 0 0 0 0 0 0 0 0 0 0 0 0 0 0 0 0 0 0 0 0
9 24 17 0 0 0 0 0 0 0 0 0 0 0 0 0 0 0 0 0 0 0 0 0 0 0 0
9 24 18 0 0 0 0 0 0 0 0 0 0 0 0 0 0 0 0 0 0 0 0 0 0 0 0
9 24 19 0 0 0 0 0 0 0 0 0 0 0 0 0 0 0 0 0 0 0 0 0 0 0 0
9 24 20 0 0 0 0 0 0 0 0 0 0 0 0 0 0 0 0 0 0 0 0 0 0 0 0
9 24 21 0 0 0 0 0 0 0 0 0 0 0 0 0 0 0 0 0 0 0 0 0 0 0 0
9 24 22 0 0 0 0 0 0 0 0 0 0 0 0 0 0 0 0 0 0 0 0 0 0 0 0
9 24 23 0 0 0 0 0 0 0 0 0 0 0 0 0 0 0 0 0 0 0 0 0 0 0 0
9 24 24 0 0 0 0 0 0 0 0 0 0 0 0 0 0 0 0 0 0 0 0 0 0 0 0
9 24 25 0 0 0 0 0 0 0 0 0 0 0 0 0 0 0 0 0 0 0 0 0 0 0 0
9 24 26 0 0 0 0 0 0 0 0 0 0 0 0 0 0 0 0 0 0 0 0 0 0 0 0
9 24 27 0 0 0 0 0 0 0 0 0 0 0 0 0 0 0 0 0 0 0 0 0 0 0 0
9 24 28 0 0 0 0 0 0 0 0 0 0 0 0 0 0 0 0 0 0 0 0 0 0 0 0
9 24 29 0 0 0 0 0 0 0 0 0 0 0 0 0 0 0 0 0 0 0 0 0 0 0 0
9 24 30 0 0 0 0 0 0 0 0 0 0 0 0 0 0 0 0 0 0 0 0 0 0 0 0
9 24 31 0 0 0 0 0 0 0 0 0 0 0 0 0 0 0 0 0 0 0 0 0 0 0 0
9 25 0 0 0 0 0 0 0 0 0 0 0 0 0 0 0 0 0 0 0 0 0 0 0 0 0
9 25 1 0 0 0 0 0 0 0 0 0 0 0 0 0 0 0 0 0 0 0 0 0 0 0 0
9 25 2 0 0 0 0 0 0 0 0 0 0 0 0 0 0 0 0 0 0 0 0 0 0 0 0
9 25 3 0 0 0 0 0 0 0 0 0 0 0 0 0 0 0 0 0 0 0 0 0 0 0 0
9 25 4 0 0 0 0 0 0 0 0 0 0 0 0 0 0 0 0 0 0 0 0 0 0 0 0
9 25 5 0 0 0 0 0 0 0 0 0 0 0 0 0 0 0 0 0 0 0 0 0 0 0 0
9 25 6 0 0 0 0 0 0 0 0 0 0 0 0 0 0 0 0 0 0 0 0 0 0 0 0
9 25 7 0 0 0 0 0 0 0 0 0 0 0 0 0 0 0 0 0 0 0 0 0 0 0 0
9 25 8 0 0 0 0 0 0 0 0 0 0 0 0 0 0 0 0 0 0 0 0 0 0 0 0
9 25 9 0 0 0 0 0 0 0 0 0 0 0 0 0 0 0 0 0 0 0 0 0 0 0 0
9 25 10 0 0 0 0 0 0 0 0 0 0 0 0 0 0 0 0 0 0 0 0 0 0 0 0
9 25 11 0 0 0 0 0 0 0 0 0 0 0 0 0 0 0 0 0 0 0 0 0 0 0 0
9 25 12 0 0 0 0 0 0 0 0 0 0 0 0 0 0 0 0 0 0 0 0 0 0 0 0
9 25 13 0 0 0 0 0 0 0 0 0 0 0 0 0 0 0 0 0 0 0 0 0 0 0 0
9 25 14 0 0 0 0 0 0 0 0 0 0 0 0 0 0 0 0 0 0 0 0 0 0 0 0
9 25 15 0 0 0 0 0 0 0 0 0 0 0 0 0 0 0 0 0 0 0 0 0 0 0 0
9 25 16 0 0 0 0 0 0 0 0 0 0 0 0 0 0 0 0 0 0 0 0 0 0 0 0
9 25 17 0 0 0 0 0 0 0 0 0 0 0 0 0 0 0 0 0 0 0 0 0 0 0 0
9 25 18 0 0 0 0 0 0 0 0 0 0 0 0 0 0 0 0 0 0 0 0 0 0 0 0
9 25 19 0 0 0 0 0 0 0 0 0 0 0 0 0 0 0 0 0 0 0 0 0 0 0 0
9 25 20 0 0 0 0 0 0 0 0 0 0 0 0 0 0 0 0 0 0 0 0 0 0 0 0
9 25 21 0 0 0 0 0 0 0 0 0 0 0 0 0 0 0 0 0 0 0 0 0 0 0 0
9 25 22 0 0 0 0 0 0 0 0 0 0 0 0 0 0 0 0 0 0 0 0 0 0 0 0
9 25 23 0 0 0 0 0 0 0 0 0 0 0 0 0 0 0 0 0 0 0 0 0 0 0 0
9 25 24 0 0 0 0 0 0 0 0 0 0 0 0 0 0 0 0 0 0 0 0 0 0 0 0
9 25 25 0 0 0 0 0 0 0 0 0 0 0 0 0 0 0 0 0 0 0 0 0 0 0 0
9 25 26 0 0 0 0 0 0 0 0 0 0 0 0 0 0 0 0 0 0 0 0 0 0 0 0
9 25 27 0 0 0 0 0 0 0 0 0 0 0 0 0 0 0 0 0 0 0 0 0 0 0 0
9 25 28 0 0 0 0 0 0 0 0 0 0 0 0 0 0 0 0 0 0 0 0 0 0 0 0
9 25 29 0 0 0 0 0 0 0 0 0 0 0 0 0 0 0 0 0 0 0 0 0 0 0 0
9 25 30 0 0 0 0 0 0 0 0 0 0 0 0 0 0 0 0 0 0 0 0 0 0 0 0
9 25 31 0 0 0 0 0 0 0 0 0 0 0 0 0 0 0 0 0 0 0 0 0 0 0 0
9 26 0 0 0 0 0 0 0 0 0 0 0 0 0 0 0 0 0 0 0 0 0 0 0 0 0
9 26 1 0 0 0 0 0 0 0 0 0 0 0 0 0 0 0 0 0 0 0 0 0 0 0 0
9 26 2 0 0 0 0 0 0 0 0 0 0 0 0 0 0 0 0 0 0 0 0 0 0 0 0
9 26 3 0 0 0 0 0 0 0 0 0 0 0 0 0 0 0 0 0 0 0 0 0 0 0 0
9 26 4 0 0 0 0 0 0 0 0 0 0 0 0 0 0 0 0 0 0 0 0 0 0 0 0
9 26 5 0 0 0 0 0 0 0 0 0 0 0 0 0 0 0 0 0 0 0 0 0 0 0 0
9 26 6 0 0 0 0 0 0 0 0 0 0 0 0 0 0 0 0 0 0 0 0 0 0 0 0
9 26 7 0 0 0 0 0 0 0 0 0 0 0 0 0 0 0 0 0 0 0 0 0 0 0 0
9 26 8 0 0 0 0 0 0 0 0 0 0 0 0 0 0 0 0 0 0 0 0 0 0 0 0
9 26 9 0 0 0 0 0 0 0 0 0 0 0 0 0 0 0 0 0 0 0 0 0 0 0 0
9 26 10 0 0 0 0 0 0 0 0 0 0 0 0 0 0 0 0 0 0 0 0 0 0 0 0
9 26 11 0 0 0 0 0 0 0 0 0 0 0 0 0 0 0 0 0 0 0 0 0 0 0 0
9 26 12 0 0 0 0 0 0 0 0 0 0 0 0 0 0 0 0 0 0 0 0 0 0 0 0
9 26 13 0 0 0 0 0 0 0 0 0 0 0 0 0 0 0 0 0 0 0 0 0 0 0 0
9 26 14 0 0 0 0 0 0 0 0 0 0 0 0 0 0 0 0 0 0 0 0 0 0 0 0
9 26 15 0 0 0 0 0 0 0 0 0 0 0 0 0 0 0 0 0 0 0 0 0 0 0 0
9 26 16 0 0 0 0 0 0 0 0 0 0 0 0 0 0 0 0 0 0 0 0 0 0 0 0
9 26 17 0 0 0 0 0 0 0 0 0 0 0 0 0 0 0 0 0 0 0 0 0 0 0 0
9 26 18 0 0 0 0 0 0 0 0 0 0 0 0 0 0 0 0 0 0 0 0 0 0 0 0
9 26 19 0 0 0 0 0 0 0 0 0 0 0 0 0 0 0 0 0 0 0 0 0 0 0 0
9 26 20 0 0 0 0 0 0 0 0 0 0 0 0 0 0 0 0 0 0 0 0 0 0 0 0
9 26 21 0 0 0 0 0 0 0 0 0 0 0 0 0 0 0 0 0 0 0 0 0 0 0 0
9 26 22 0 0 0 0 0 0 0 0 0 0 0 0 0 0 0 0 0 0 0 0 0 0 0 0
9 26 23 0 0 0 0 0 0 0 0 0 0 0 0 0 0 0 0 0 0 0 0 0 0 0 0
9 26 24 0 0 0 0 0 0 0 0 0 0 0 0 0 0 0 0 0 0 0 0 0 0 0 0
9 26 25 0 0 0 0 0 0 0 0 0 0 0 0 0 0 0 0 0 0 0 0 0 0 0 0
9 26 26 0 0 0 0 0 0 0 0 0 0 0 0 0 0 0 0 0 0 0 0 0 0 0 0
9 26 27 0 0 0 0 0 0 0 0 0 0 0 0 0 0 0 0 0 0 0 0 0 0 0 0
9 26 28 0 0 0 0 0 0 0 0 0 0 0 0 0 0 0 0 0 0 0 0 0 0 0 0
9 26 29 0 0 0 0 0 0 0 0 0 0 0 0 0 0 0 0 0 0 0 0 0 0 0 0
9 26 30 0 0 0 0 0 0 0 0 0 0 0 0 0 0 0 0 0 0 0 0 0 0 0 0
9 26 31 0 0 0 0 0 0 0 0 0 0 0 0 0 0 0 0 0 0 0 0 0 0 0 0
9 27 0 0 0 0 0 0 0 0 0 0 0 0 0 0 0 0 0 0 0 0 0 0 0 0 0
9 27 1 0 0 0 0 0 0 0 0 0 0 0 0 0 0 0 0 0 0 0 0 0 0 0 0
9 27 2 0 0 0 0 0 0 0 0 0 0 0 0 0 0 0 0 0 0 0 0 0 0 0 0
9 27 3 0 0 0 0 0 0 0 0 0 0 0 0 0 0 0 0 0 0 0 0 0 0 0 0
9 27 4 0 0 0 0 0 0 0 0 0 0 0 0 0 0 0 0 0 0 0 0 0 0 0 0
9 27 5 0 0 0 0 0 0 0 0 0 0 0 0 0 0 0 0 0 0 0 0 0 0 0 0
9 27 6 0 0 0 0 0 0 0 0 0 0 0 0 0 0 0 0 0 0 0 0 0 0 0 0
9 27 7 0 0 0 0 0 0 0 0 0 0 0 0 0 0 0 0 0 0 0 0 0 0 0 0
9 27 8 0 0 0 0 0 0 0 0 0 0 0 0 0 0 0 0 0 0 0 0 0 0 0 0
9 27 9 0 0 0 0 0 0 0 0 0 0 0 0 0 0 0 0 0 0 0 0 0 0 0 0
9 27 10 0 0 0 0 0 0 0 0 0 0 0 0 0 0 0 0 0 0 0 0 0 0 0 0
9 27 11 0 0 0 0 0 0 0 0 0 0 0 0 0 0 0 0 0 0 0 0 0 0 0 0
9 27 12 0 0 0 0 0 0 0 0 0 0 0 0 0 0 0 0 0 0 0 0 0 0 0 0
9 27 13 0 0 0 0 0 0 0 0 0 0 0 0 0 0 0 0 0 0 0 0 0 0 0 0
9 27 14 0 0 0 0 0 0 0 0 0 0 0 0 0 0 0 0 0 0 0 0 0 0 0 0
9 27 15 0 0 0 0 0 0 0 0 0 0 0 0 0 0 0 0 0 0 0 0 0 0 0 0
9 27 16 0 0 0 0 0 0 0 0 0 0 0 0 0 0 0 0 0 0 0 0 0 0 0 0
9 27 17 0 0 0 0 0 0 0 0 0 0 0 0 0 0 0 0 0 0 0 0 0 0 0 0
9 27 18 0 0 0 0 0 0 0 0 0 0 0 0 0 0 0 0 0 0 0 0 0 0 0 0
9 27 19 0 0 0 0 0 0 0 0 0 0 0 0 0 0 0 0 0 0 0 0 0 0 0 0
9 27 20 0 0 0 0 0 0 0 0 0 0 0 0 0 0 0 0 0 0 0 0 0 0 0 0
9 27 21 0 0 0 0 0 0 0 0 0 0 0 0 0 0 0 0 0 0 0 0 0 0 0 0
9 27 22 0 0 0 0 0 0 0 0 0 0 0 0 0 0 0 0 0 0 0 0 0 0 0 0
9 27 23 0 0 0 0 0 0 0 0 0 0 0 0 0 0 0 0 0 0 0 0 0 0 0 0
9 27 24 0 0 0 0 0 0 0 0 0 0 0 0 0 0 0 0 0 0 0 0 0 0 0 0
9 27 25 0 0 0 0 0 0 0 0 0 0 0 0 0 0 0 0 0 0 0 0 0 0 0 0
9 27 26 0 0 0 0 0 0 0 0 0 0 0 0 0 0 0 0 0 0 0 0 0 0 0 0
9 27 27 0 0 0 0 0 0 0 0 0 0 0 0 0 0 0 0 0 0 0 0 0 0 0 0
9 27 28 0 0 0 0 0 0 0 0 0 0 0 0 0 0 0 0 0 0 0 0 0 0 0 0
9 27 29 0 0 0 0 0 0 0 0 0 0 0 0 0 0 0 0 0 0 0 0 0 0 0 0
9 27 30 0 0 0 0 0 0 0 0 0 0 0 0 0 0 0 0 0 0 0 0 0 0 0 0
9 27 31 0 0 0 0 0 0 0 0 0 0 0 0 0 0 0 0 0 0 0 0 0 0 0 0
9 28 0 0 0 0 0 0 0 0 0 0 0 0 0 0 0 0 0 0 0 0 0 0 0 0 0
9 28 1 0 0 0 0 0 0 0 0 0 0 0 0 0 0 0 0 0 0 0 0 0 0 0 0
9 28 2 0 0 0 0 0 0 0 0 0 0 0 0 0 0 0 0 0 0 0 0 0 0 0 0
9 28 3 0 0 0 0 0 0 0 0 0 0 0 0 0 0 0 0 0 0 0 0 0 0 0 0
9 28 4 0 0 0 0 0 0 0 0 0 0 0 0 0 0 0 0 0 0 0 0 0 0 0 0
9 28 5 0 0 0 0 0 0 0 0 0 0 0 0 0 0 0 0 0 0 0 0 0 0 0 0
9 28 6 0 0 0 0 0 0 0 0 0 0 0 0 0 0 0 0 0 0 0 0 0 0 0 0
9 28 7 0 0 0 0 0 0 0 0 0 0 0 0 0 0 0 0 0 0 0 0 0 0 0 0
9 28 8 0 0 0 0 0 0 0 0 0 0 0 0 0 0 0 0 0 0 0 0 0 0 0 0
9 28 9 0 0 0 0 0 0 0 0 0 0 0 0 0 0 0 0 0 0 0 0 0 0 0 0
9 28 10 0 0 0 0 0 0 0 0 0 0 0 0 0 0 0 0 0 0 0 0 0 0 0 0
9 28 11 0 0 0 0 0 0 0 0 0 0 0 0 0 0 0 0 0 0 0 0 0 0 0 0
9 28 12 0 0 0 0 0 0 0 0 0 0 0 0 0 0 0 0 0 0 0 0 0 0 0 0
9 28 13 0 0 0 0 0 0 0 0 0 0 0 0 0 0 0 0 0 0 0 0 0 0 0 0
9 28 14 0 0 0 0 0 0 0 0 0 0 0 0 0 0 0 0 0 0 0 0 0 0 0 0
9 28 15 0 0 0 0 0 0 0 0 0 0 0 0 0 0 0 0 0 0 0 0 0 0 0 0
9 28 16 0 0 0 0 0 0 0 0 0 0 0 0 0 0 0 0 0 0 0 0 0 0 0 0
9 28 17 0 0 0 0 0 0 0 0 0 0 0 0 0 0 0 0 0 0 0 0 0 0 0 0
9 28 18 0 0 0 0 0 0 0 0 0 0 0 0 0 0 0 0 0 0 0 0 0 0 0 0
9 28 19 0 0 0 0 0 0 0 0 0 0 0 0 0 0 0 0 0 0 0 0 0 0 0 0
9 28 20 0 0 0 0 0 0 0 0 0 0 0 0 0 0 0 0 0 0 0 0 0 0 0 0
9 28 21 0 0 0 0 0 0 0 0 0 0 0 0 0 0 0 0 0 0 0 0 0 0 0 0
9 28 22 0 0 0 0 0 0 0 0 0 0 0 0 0 0 0 0 0 0 0 0 0 0 0 0
9 28 23 0 0 0 0 0 0 0 0 0 0 0 0 0 0 0 0 0 0 0 0 0 0 0 0
9 28 24 0 0 0 0 0 0 0 0 0 0 0 0 0 0 0 0 0 0 0 0 0 0 0 0
9 28 25 0 0 0 0 0 0 0 0 0 0 0 0 0 0 0 0 0 0 0 0 0 0 0 0
9 28 26 0 0 0 0 0 0 0 0 0 0 0 0 0 0 0 0 0 0 0 0 0 0 0 0
9 28 27 0 0 0 0 0 0 0 0 0 0 0 0 0 0 0 0 0 0 0 0 0 0 0 0
9 28 28 0 0 0 0 0 0 0 0 0 0 0 0 0 0 0 0 0 0 0 0 0 0 0 0
9 28 29 0 0 0 0 0 0 0 0 0 0 0 0 0 0 0 0 0 0 0 0 0 0 0 0
9 28 30 0 0 0 0 0 0 0 0 0 0 0 0 0 0 0 0 0 0 0 0 0 0 0 0
9 28 31 0 0 0 0 0 0 0 0 0 0 0 0 0 0 0 0 0 0 0 0 0 0 0 0
9 29 0 0 0 0 0 0 0 0 0 0 0 0 0 0 0 0 0 0 0 0 0 0 0 0 0
9 29 1 0 0 0 0 0 0 0 0 0 0 0 0 0 0 0 0 0 0 0 0 0 0 0 0
9 29 2 0 0 0 0 0 0 0 0 0 0 0 0 0 0 0 0 0 0 0 0 0 0 0 0
9 29 3 0 0 0 0 0 0 0 0 0 0 0 0 0 0 0 0 0 0 0 0 0 0 0 0
9 29 4 0 0 0 0 0 0 0 0 0 0 0 0 0 0 0 0 0 0 0 0 0 0 0 0
9 29 5 0 0 0 0 0 0 0 0 0 0 0 0 0 0 0 0 0 0 0 0 0 0 0 0
9 29 6 0 0 0 0 0 0 0 0 0 0 0 0 0 0 0 0 0 0 0 0 0 0 0 0
9 29 7 0 0 0 0 0 0 0 0 0 0 0 0 0 0 0 0 0 0 0 0 0 0 0 0
9 29 8 0 0 0 0 0 0 0 0 0 0 0 0 0 0 0 0 0 0 0 0 0 0 0 0
9 29 9 0 0 0 0 0 0 0 0 0 0 0 0 0 0 0 0 0 0 0 0 0 0 0 0
9 29 10 0 0 0 0 0 0 0 0 0 0 0 0 0 0 0 0 0 0 0 0 0 0 0 0
9 29 11 0 0 0 0 0 0 0 0 0 0 0 0 0 0 0 0 0 0 0 0 0 0 0 0
9 29 12 0 0 0 0 0 0 0 0 0 0 0 0 0 0 0 0 0 0 0 0 0 0 0 0
9 29 13 0 0 0 0 0 0 0 0 0 0 0 0 0 0 0 0 0 0 0 0 0 0 0 0
9 29 14 0 0 0 0 0 0 0 0 0 0 0 0 0 0 0 0 0 0 0 0 0 0 0 0
9 29 15 0 0 0 0 0 0 0 0 0 0 0 0 0 0 0 0 0 0 0 0 0 0 0 0
9 29 16 0 0 0 0 0 0 0 0 0 0 0 0 0 0 0 0 0 0 0 0 0 0 0 0
9 29 17 0 0 0 0 0 0 0 0 0 0 0 0 0 0 0 0 0 0 0 0 0 0 0 0
9 29 18 0 0 0 0 0 0 0 0 0 0 0 0 0 0 0 0 0 0 0 0 0 0 0 0
9 29 19 0 0 0 0 0 0 0 0 0 0 0 0 0 0 0 0 0 0 0 0 0 0 0 0
9 29 20 0 0 0 0 0 0 0 0 0 0 0 0 0 0 0 0 0 0 0 0 0 0 0 0
9 29 21 0 0 0 0 0 0 0 0 0 0 0 0 0 0 0 0 0 0 0 0 0 0 0 0
9 29 22 0 0 0 0 0 0 0 0 0 0 0 0 0 0 0 0 0 0 0 0 0 0 0 0
9 29 23 0 0 0 0 0 0 0 0 0 0 0 0 0 0 0 0 0 0 0 0 0 0 0 0
9 29 24 0 0 0 0 0 0 0 0 0 0 0 0 0 0 0 0 0 0 0 0 0 0 0 0
9 29 25 0 0 0 0 0 0 0 0 0 0 0 0 0 0 0 0 0 0 0 0 0 0 0 0
9 29 26 0 0 0 0 0 0 0 0 0 0 0 0 0 0 0 0 0 0 0 0 0 0 0 0
9 29 27 0 0 0 0 0 0 0 0 0 0 0 0 0 0 0 0 0 0 0 0 0 0 0 0
9 29 28 0 0 0 0 0 0 0 0 0 0 0 0 0 0 0 0 0 0 0 0 0 0 0 0
9 29 29 0 0 0 0 0 0 0 0 0 0 0 0 0 0 0 0 0 0 0 0 0 0 0 0
9 29 30 0 0 0 0 0 0 0 0 0 0 0 0 0 0 0 0 0 0 0 0 0 0 0 0
9 29 31 0 0 0 0 0 0 0 0 0 0 0 0 0 0 0 0 0 0 0 0 0 0 0 0
9 30 0 0 0 0 0 0 0 0 0 0 0 0 0 0 0 0 0 0 0 0 0 0 0 0 0
9 30 1 0 0 0 0 0 0 0 0 0 0 0 0 0 0 0 0 0 0 0 0 0 0 0 0
9 30 2 0 0 0 0 0 0 0 0 0 0 0 0 0 0 0 0 0 0 0 0 0 0 0 0
9 30 3 0 0 0 0 0 0 0 0 0 0 0 0 0 0 0 0 0 0 0 0 0 0 0 0
9 30 4 0 0 0 0 0 0 0 0 0 0 0 0 0 0 0 0 0 0 0 0 0 0 0 0
9 30 5 0 0 0 0 0 0 0 0 0 0 0 0 0 0 0 0 0 0 0 0 0 0 0 0
9 30 6 0 0 0 0 0 0 0 0 0 0 0 0 0 0 0 0 0 0 0 0 0 0 0 0
9 30 7 0 0 0 0 0 0 0 0 0 0 0 0 0 0 0 0 0 0 0 0 0 0 0 0
9 30 8 0 0 0 0 0 0 0 0 0 0 0 0 0 0 0 0 0 0 0 0 0 0 0 0
9 30 9 0 0 0 0 0 0 0 0 0 0 0 0 0 0 0 0 0 0 0 0 0 0 0 0
9 30 10 0 0 0 0 0 0 0 0 0 0 0 0 0 0 0 0 0 0 0 0 0 0 0 0
9 30 11 0 0 0 0 0 0 0 0 0 0 0 0 0 0 0 0 0 0 0 0 0 0 0 0
9 30 12 0 0 0 0 0 0 0 0 0 0 0 0 0 0 0 0 0 0 0 0 0 0 0 0
9 30 13 0 0 0 0 0 0 0 0 0 0 0 0 0 0 0 0 0 0 0 0 0 0 0 0
9 30 14 0 0 0 0 0 0 0 0 0 0 0 0 0 0 0 0 0 0 0 0 0 0 0 0
9 30 15 0 0 0 0 0 0 0 0 0 0 0 0 0 0 0 0 0 0 0 0 0 0 0 0
9 30 16 0 0 0 0 0 0 0 0 0 0 0 0 0 0 0 0 0 0 0 0 0 0 0 0
9 30 17 0 0 0 0 0 0 0 0 0 0 0 0 0 0 0 0 0 0 0 0 0 0 0 0
9 30 18 0 0 0 0 0 0 0 0 0 0 0 0 0 0 0 0 0 0 0 0 0 0 0 0
9 30 19 0 0 0 0 0 0 0 0 0 0 0 0 0 0 0 0 0 0 0 0 0 0 0 0
9 30 20 0 0 0 0 0 0 0 0 0 0 0 0 0 0 0 0 0 0 0 0 0 0 0 0
9 30 21 0 0 0 0 0 0 0 0 0 0 0 0 0 0 0 0 0 0 0 0 0 0 0 0
9 30 22 0 0 0 0 0 0 0 0 0 0 0 0 0 0 0 0 0 0 0 0 0 0 0 0
9 30 23 0 0 0 0 0 0 0 0 0 0 0 0 0 0 0 0 0 0 0 0 0 0 0 0
9 30 24 0 0 0 0 0 0 0 0 0 0 0 0 0 0 0 0 0 0 0 0 0 0 0 0
9 30 25 0 0 0 0 0 0 0 0 0 0 0 0 0 0 0 0 0 0 0 0 0 0 0 0
9 30 26 0 0 0 0 0 0 0 0 0 0 0 0 0 0 0 0 0 0 0 0 0 0 0 0
9 30 27 0 0 0 0 0 0 0 0 0 0 0 0 0 0 0 0 0 0 0 0 0 0 0 0
9 30 28 0 0 0 0 0 0 0 0 0 0 0 0 0 0 0 0 0 0 0 0 0 0 0 0
9 30 29 0 0 0 0 0 0 0 0 0 0 0 0 0 0 0 0 0 0 0 0 0 0 0 0
9 30 30 0 0 0 0 0 0 0 0 0 0 0 0 0 0 0 0 0 0 0 0 0 0 0 0
9 30 31 0 0 0 0 0 0 0 0 0 0 0 0 0 0 0 0 0 0 0 0 0 0 0 0
9 31 0 0 0 0 0 0 0 0 0 0 0 0 0 0 0 0 0 0 0 0 0 0 0 0 0
9 31 1 0 0 0 0 0 0 0 0 0 0 0 0 0 0 0 0 0 0 0 0 0 0 0 0
9 31 2 0 0 0 0 0 0 0 0 0 0 0 0 0 0 0 0 0 0 0 0 0 0 0 0
9 31 3 0 0 0 0 0 0 0 0 0 0 0 0 0 0 0 0 0 0 0 0 0 0 0 0
9 31 4 0 0 0 0 0 0 0 0 0 0 0 0 0 0 0 0 0 0 0 0 0 0 0 0
9 31 5 0 0 0 0 0 0 0 0 0 0 0 0 0 0 0 0 0 0 0 0 0 0 0 0
9 31 6 0 0 0 0 0 0 0 0 0 0 0 0 0 0 0 0 0 0 0 0 0 0 0 0
9 31 7 0 0 0 0 0 0 0 0 0 0 0 0 0 0 0 0 0 0 0 0 0 0 0 0
9 31 8 0 0 0 0 0 0 0 0 0 0 0 0 0 0 0 0 0 0 0 0 0 0 0 0
9 31 9 0 0 0 0 0 0 0 0 0 0 0 0 0 0 0 0 0 0 0 0 0 0 0 0
9 31 10 0 0 0 0 0 0 0 0 0 0 0 0 0 0 0 0 0 0 0 0 0 0 0 0
9 31 11 0 0 0 0 0 0 0 0 0 0 0 0 0 0 0 0 0 0 0 0 0 0 0 0
9 31 12 0 0 0 0 0 0 0 0 0 0 0 0 0 0 0 0 0 0 0 0 0 0 0 0
9 31 13 0 0 0 0 0 0 0 0 0 0 0 0 0 0 0 0 0 0 0 0 0 0 0 0
9 31 14 0 0 0 0 0 0 0 0 0 0 0 0 0 0 0 0 0 0 0 0 0 0 0 0
9 31 15 0 0 0 0 0 0 0 0 0 0 0 0 0 0 0 0 0 0 0 0 0 0 0 0
9 31 16 0 0 0 0 0 0 0 0 0 0 0 0 0 0 0 0 0 0 0 0 0 0 0 0
9 31 17 0 0 0 0 0 0 0 0 0 0 0 0 0 0 0 0 0 0 0 0 0 0 0 0
9 31 18 0 0 0 0 0 0 0 0 0 0 0 0 0 0 0 0 0 0 0 0 0 0 0 0
9 31 19 0 0 0 0 0 0 0 0 0 0 0 0 0 0 0 0 0 0 0 0 0 0 0 0
9 31 20 0 0 0 0 0 0 0 0 0 0 0 0 0 0 0 0 0 0 0 0 0 0 0 0
9 31 21 0 0 0 0 0 0 0 0 0 0 0 0 0 0 0 0 0 0 0 0 0 0 0 0
9 31 22 0 0 0 0 0 0 0 0 0 0 0 0 0 0 0 0 0 0 0 0 0 0 0 0
9 31 23 0 0 0 0 0 0 0 0 0 0 0 0 0 0 0 0 0 0 0 0 0 0 0 0
9 31 24 0 0 0 0 0 0 0 0 0 0 0 0 0 0 0 0 0 0 0 0 0 0 0 0
9 31 25 0 0 0 0 0 0 0 0 0 0 0 0 0 0 0 0 0 0 0 0 0 0 0 0
9 31 26 0 0 0 0 0 0 0 0 0 0 0 0 0 0 0 0 0 0 0 0 0 0 0 0
9 31 27 0 0 0 0 0 0 0 0 0 0 0 0 0 0 0 0 0 0 0 0 0 0 0 0
9 31 28 0 0 0 0 0 0 0 0 0 0 0 0 0 0 0 0 0 0 0 0 0 0 0 0
9 31 29 0 0 0 0 0 0 0 0 0 0 0 0 0 0 0 0 0 0 0 0 0 0 0 0
9 31 30 0 0 0 0 0 0 0 0 0 0 0 0 0 0 0 0 0 0 0 0 0 0 0 0
9 31 31 0 0 0 0 0 0 0 0 0 0 0 0 0 0 0 0 0 0 0 0 0 0 0 0
10 0 0 1 0 0 1 1 250 0 0 0 0 0 0 0 0 0 0 0 0 0 0 0 0 0 0
10 0 1 1 0 0 1 2 250 1 0 1 1 0 250 0 0 0 0 0 0 0 0 0 0 0 0
10 0 2 0 0 0 0 0 0 1 0 1 1 1 250 0 0 0 0 0 0 0 0 0 0 0 0
10 0 3 1 0 2 1 0 251 1 0 1 1 2 250 0 0 0 0 0 0 0 0 0 0 0 0
10 0 4 1 0 2 1 1 251 0 0 0 0 0 0 0 0 0 0 0 0 0 0 0 0 0 0
10 0 5 1 0 2 1 2 251 1 0 3 1 0 251 0 0 0 0 0 0 0 0 0 0 0 0
10 0 6 0 0 0 0 0 0 1 0 3 1 1 251 0 0 0 0 0 0 0 0 0 0 0 0
10 0 7 1 0 4 1 0 252 1 0 3 1 2 251 0 0 0 0 0 0 0 0 0 0 0 0
10 0 8 1 0 4 1 1 252 0 0 0 0 0 0 0 0 0 0 0 0 0 0 0 0 0 0
10 0 9 1 0 4 1 2 252 1 0 5 1 0 252 0 0 0 0 0 0 0 0 0 0 0 0
10 0 10 0 0 0 0 0 0 1 0 5 1 1 252 0 0 0 0 0 0 0 0 0 0 0 0
10 0 11 1 0 6 1 0 253 1 0 5 1 2 252 0 0 0 0 0 0 0 0 0 0 0 0
10 0 12 1 0 6 1 1 253 0 0 0 0 0 0 0 0 0 0 0 0 0 0 0 0 0 0
10 0 13 1 0 6 1 2 253 1 0 7 1 0 253 0 0 0 0 0 0 0 0 0 0 0 0
10 0 14 0 0 0 0 0 0 1 0 7 1 1 253 0 0 0 0 0 0 0 0 0 0 0 0
10 0 15 1 0 8 1 0 254 1 0 7 1 2 253 0 0 0 0 0 0 0 0 0 0 0 0
10 0 16 1 0 8 1 1 254 0 0 0 0 0 0 0 0 0 0 0 0 0 0 0 0 0 0
10 0 17 1 0 8 1 2 254 0 0 0 0 0 0 0 0 0 0 0 0 0 0 0 0 0 0
10 0 18 0 0 0 0 0 0 0 0 0 0 0 0 0 0 0 0 0 0 0 0 0 0 0 0
10 0 19 0 0 0 0 0 0 0 0 0 0 0 0 0 0 0 0 0 0 0 0 0 0 0 0
10 0 20 0 0 0 0 0 0 0 0 0 0 0 0 0 0 0 0 0 0 0 0 0 0 0 0
10 0 21 0 0 0 0 0 0 0 0 0 0 0 0 0 0 0 0 0 0 0 0 0 0 0 0
10 0 22 0 0 0 0 0 0 0 0 0 0 0 0 0 0 0 0 0 0 0 0 0 0 0 0
10 0 23 0 0 0 0 0 0 0 0 0 0 0 0 0 0 0 0 0 0 0 0 0 0 0 0
10 0 24 0 0 0 0 0 0 0 0 0 0 0 0 0 0 0 0 0 0 0 0 0 0 0 0
10 0 25 0 0 0 0 0 0 0 0 0 0 0 0 0 0 0 0 0 0 0 0 0 0 0 0
10 0 26 0 0 0 0 0 0 0 0 0 0 0 0 0 0 0 0 0 0 0 0 0 0 0 0
10 0 27 0 0 0 0 0 0 0 0 0 0 0 0 0 0 0 0 0 0 0 0 0 0 0 0
10 0 28 0 0 0 0 0 0 0 0 0 0 0 0 0 0 0 0 0 0 0 0 0 0 0 0
10 0 29 0 0 0 0 0 0 0 0 0 0 0 0 0 0 0 0 0 0 0 0 0 0 0 0
10 0 30 0 0 0 0 0 0 0 0 0 0 0 0 0 0 0 0 0 0 0 0 0 0 0 0
10 0 31 0 0 0 0 0 0 0 0 0 0 0 0 0 0 0 0 0 0 0 0 0 0 0 0
10 1 0 1 0 0 2 1 250 0 0 0 0 0 0 1 1 0 0 1 250 0 0 0 0 0 0
10 1 1 1 0 0 2 2 250 1 0 1 2 0 250 1 1 0 0 2 250 1 1 1 0 0 250
10 1 2 0 0 0 0 0 0 1 0 1 2 1 250 0 0 0 0 0 0 1 1 1 0 1 250
10 1 3 1 0 2 2 0 251 1 0 1 2 2 250 1 1 2 0 0 251 1 1 1 0 2 250
10 1 4 1 0 2 2 1 251 0 0 0 0 0 0 1 1 2 0 1 251 0 0 0 0 0 0
10 1 5 1 0 2 2 2 251 1 0 3 2 0 251 1 1 2 0 2 251 1 1 3 0 0 251
10 1 6 0 0 0 0 0 0 1 0 3 2 1 251 0 0 0 0 0 0 1 1 3 0 1 251
10 1 7 1 0 4 2 0 252 1 0 3 2 2 251 1 1 4 0 0 252 1 1 3 0 2 251
10 1 8 1 0 4 2 1 252 0 0 0 0 0 0 1 1 4 0 1 252 0 0 0 0 0 0
10 1 9 1 0 4 2 2 252 1 0 5 2 0 252 1 1 4 0 2 252 1 1 5 0 0 252
10 1 10 0 0 0 0 0 0 1 0 5 2 1 252 0 0 0 0 0 0 1 1 5 0 1 252
10 1 11 1 0 6 2 0 253 1 0 5 2 2 252 1 1 6 0 0 253 1 1 5 0 2 252
10 1 12 1 0 6 2 1 253 0 0 0 0 0 0 1 1 6 0 1 253 0 0 0 0 0 0
10 1 13 1 0 6 2 2 253 1 0 7 2 0 253 1 1 6 0 2 253 1 1 7 0 0 253
10 1 14 0 0 0 0 0 0 1 0 7 2 1 253 0 0 0 0 0 0 1 1 7 0 1 253
10 1 15 1 0 8 2 0 254 1 0 7 2 2 253 1 1 8 0 0 254 1 1 7 0 2 253
10 1 16 1 0 8 2 1 254 0 0 0 0 0 0 1 1 8 0 1 254 0 0 0 0 0 0
10 1 17 1 0 8 2 2 254 0 0 0 0 0 0 1 1 8 0 2 254 0 0 0 0 0 0
10 1 18 0 0 0 0 0 0 0 0 0 0 0 0 0 0 0 0 0 0 0 0 0 0 0 0
10 1 19 0 0 0 0 0 0 0 0 0 0 0 0 0 0 0 0 0 0 0 0 0 0 0 0
10 1 20 0 0 0 0 0 0 0 0 0 0 0 0 0 0 0 0 0 0 0 0 0 0 0 0
10 1 21 0 0 0 0 0 0 0 0 0 0 0 0 0 0 0 0 0 0 0 0 0 0 0 0
10 1 22 0 0 0 0 0 0 0 0 0 0 0 0 0 0 0 0 0 0 0 0 0 0 0 0
10 1 23 0 0 0 0 0 0 0 0 0 0 0 0 0 0 0 0 0 0 0 0 0 0 0 0
10 1 24 0 0 0 0 0 0 0 0 0 0 0 0 0 0 0 0 0 0 0 0 0 0 0 0
10 1 25 0 0 0 0 0 0 0 0 0 0 0 0 0 0 0 0 0 0 0 0 0 0 0 0
10 1 26 0 0 0 0 0 0 0 0 0 0 0 0 0 0 0 0 0 0 0 0 0 0 0 0
10 1 27 0 0 0 0 0 0 0 0 0 0 0 0 0 0 0 0 0 0 0 0 0 0 0 0
10 1 28 0 0 0 0 0 0 0 0 0 0 0 0 0 0 0 0 0 0 0 0 0 0 0 0
10 1 29 0 0 0 0 0 0 0 0 0 0 0 0 0 0 0 0 0 0 0 0 0 0 0 0
10 1 30 0 0 0 0 0 0 0 0 0 0 0 0 0 0 0 0 0 0 0 0 0 0 0 0
10 1 31 0 0 0 0 0 0 0 0 0 0 0 0 0 0 0 0 0 0 0 0 0 0 0 0
10 2 0 0 0 0 0 0 0 0 0 0 0 0 0 1 1 0 1 1 250 0 0 0 0 0 0
10 2 1 0 0 0 0 0 0 0 0 0 0 0 0 1 1 0 1 2 250 1 1 1 1 0 250
10 2 2 0 0 0 0 0 0 0 0 0 0 0 0 0 0 0 0 0 0 1 1 1 1 1 250
10 2 3 0 0 0 0 0 0 0 0 0 0 0 0 1 1 2 1 0 251 1 1 1 1 2 250
10 2 4 0 0 0 0 0 0 0 0 0 0 0 0 1 1 2 1 1 251 0 0 0 0 0 0
10 2 5 0 0 0 0 0 0 0 0 0 0 0 0 1 1 2 1 2 251 1 1 3 1 0 251
10 2 6 0 0 0 0 0 0 0 0 0 0 0 0 0 0 0 0 0 0 1 1 3 1 1 251
10 2 7 0 0 0 0 0 0 0 0 0 0 0 0 1 1 4 1 0 252 1 1 3 1 2 251
10 2 8 0 0 0 0 0 0 0 0 0 0 0 0 1 1 4 1 1 252 0 0 0 0 0 0
10 2 9 0 0 0 0 0 0 0 0 0 0 0 0 1 1 4 1 2 252 1 1 5 1 0 252
10 2 10 0 0 0 0 0 0 0 0 0 0 0 0 0 0 0 0 0 0 1 1 5 1 1 252
10 2 11 0 0 0 0 0 0 0 0 0 0 0 0 1 1 6 1 0 253 1 1 5 1 2 252
10 2 12 0 0 0 0 0 0 0 0 0 0 0 0 1 1 6 1 1 253 0 0 0 0 0 0
10 2 13 0 0 0 0 0 0 0 0 0 0 0 0 1 1 6 1 2 253 1 1 7 1 0 253
10 2 14 0 0 0 0 0 0 0 0 0 0 0 0 0 0 0 0 0 0 1 1 7 1 1 253
10 2 15 0 0 0 0 0 0 0 0 0 0 0 0 1 1 8 1 0 254 1 1 7 1 2 253
10 2 16 0 0 0 0 0 0 0 0 0 0 0 0 1 1 8 1 1 254 0 0 0 0 0 0
10 2 17 0 0 0 0 0 0 0 0 0 0 0 0 1 1 8 1 2 254 0 0 0 0 0 0
10 2 18 0 0 0 0 0 0 0 0 0 0 0 0 0 0 0 0 0 0 0 0 0 0 0 0
10 2 19 0 0 0 0 0 0 0 0 0 0 0 0 0 0 0 0 0 0 0 0 0 0 0 0
10 2 20 0 0 0 0 0 0 0 0 0 0 0 0 0 0 0 0 0 0 0 0 0 0 0 0
10 2 21 0 0 0 0 0 0 0 0 0 0 0 0 0 0 0 0 0 0 0 0 0 0 0 0
10 2 22 0 0 0 0 0 0 0 0 0 0 0 0 0 0 0 0 0 0 0 0 0 0 0 0
10 2 23 0 0 0 0 0 0 0 0 0 0 0 0 0 0 0 0 0 0 0 0 0 0 0 0
10 2 24 0 0 0 0 0 0 0 0 0 0 0 0 0 0 0 0 0 0 0 0 0 0 0 0
10 2 25 0 0 0 0 0 0 0 0 0 0 0 0 0 0 0 0 0 0 0 0 0 0 0 0
10 2 26 0 0 0 0 0 0 0 0 0 0 0 0 0 0 0 0 0 0 0 0 0 0 0 0
10 2 27 0 0 0 0 0 0 0 0 0 0 0 0 0 0 0 0 0 0 0 0 0 0 0 0
10 2 28 0 0 0 0 0 0 0 0 0 0 0 0 0 0 0 0 0 0 0 0 0 0 0 0
10 2 29 0 0 0 0 0 0 0 0 0 0 0 0 0 0 0 0 0 0 0 0 0 0 0 0
10 2 30 0 0 0 0 0 0 0 0 0 0 0 0 0 0 0 0 0 0 0 0 0 0 0 0
10 2 31 0 0 0 0 0 0 0 0 0 0 0 0 0 0 0 0 0 0 0 0 0 0 0 0
10 3 0 1 2 0 0 1 255 0 0 0 0 0 0 1 1 0 2 1 250 0 0 0 0 0 0
10 3 1 1 2 0 0 2 255 1 2 1 0 0 255 1 1 0 2 2 250 1 1 1 2 0 250
10 3 2 0 0 0 0 0 0 1 2 1 0 1 255 0 0 0 0 0 0 1 1 1 2 1 250
10 3 3 1 2 2 0 0 256 1 2 1 0 2 255 1 1 2 2 0 251 1 1 1 2 2 250
10 3 4 1 2 2 0 1 256 0 0 0 0 0 0 1 1 2 2 1 251 0 0 0 0 0 0
10 3 5 1 2 2 0 2 256 1 2 3 0 0 256 1 1 2 2 2 251 1 1 3 2 0 251
10 3 6 0 0 0 0 0 0 1 2 3 0 1 256 0 0 0 0 0 0 1 1 3 2 1 251
10 3 7 1 2 4 0 0 257 1 2 3 0 2 256 1 1 4 2 0 252 1 1 3 2 2 251
10 3 8 1 2 4 0 1 257 0 0 0 0 0 0 1 1 4 2 1 252 0 0 0 0 0 0
10 3 9 1 2 4 0 2 257 1 2 5 0 0 257 1 1 4 2 2 252 1 1 5 2 0 252
10 3 10 0 0 0 0 0 0 1 2 5 0 1 257 0 0 0 0 0 0 1 1 5 2 1 252
10 3 11 1 2 6 0 0 258 1 2 5 0 2 257 1 1 6 2 0 253 1 1 5 2 2 252
10 3 12 1 2 6 0 1 258 0 0 0 0 0 0 1 1 6 2 1 253 0 0 0 0 0 0
10 3 13 1 2 6 0 2 258 1 2 7 0 0 258 1 1 6 2 2 253 1 1 7 2 0 253
10 3 14 0 0 0 0 0 0 1 2 7 0 1 258 0 0 0 0 0 0 1 1 7 2 1 253
10 3 15 1 2 8 0 0 259 1 2 7 0 2 258 1 1 8 2 0 254 1 1 7 2 2 253
10 3 16 1 2 8 0 1 259 0 0 0 0 0 0 1 1 8 2 1 254 0 0 0 0 0 0
10 3 17 1 2 8 0 2 259 0 0 0 0 0 0 1 1 8 2 2 254 0 0 0 0 0 0
10 3 18 0 0 0 0 0 0 0 0 0 0 0 0 0 0 0 0 0 0 0 0 0 0 0 0
10 3 19 0 0 0 0 0 0 0 0 0 0 0 0 0 0 0 0 0 0 0 0 0 0 0 0
10 3 20 0 0 0 0 0 0 0 0 0 0 0 0 0 0 0 0 0 0 0 0 0 0 0 0
10 3 21 0 0 0 0 0 0 0 0 0 0 0 0 0 0 0 0 0 0 0 0 0 0 0 0
10 3 22 0 0 0 0 0 0 0 0 0 0 0 0 0 0 0 0 0 0 0 0 0 0 0 0
10 3 23 0 0 0 0 0 0 0 0 0 0 0 0 0 0 0 0 0 0 0 0 0 0 0 0
10 3 24 0 0 0 0 0 0 0 0 0 0 0 0 0 0 0 0 0 0 0 0 0 0 0 0
10 3 25 0 0 0 0 0 0 0 0 0 0 0 0 0 0 0 0 0 0 0 0 0 0 0 0
10 3 26 0 0 0 0 0 0 0 0 0 0 0 0 0 0 0 0 0 0 0 0 0 0 0 0
10 3 27 0 0 0 0 0 0 0 0 0 0 0 0 0 0 0 0 0 0 0 0 0 0 0 0
10 3 28 0 0 0 0 0 0 0 0 0 0 0 0 0 0 0 0 0 0 0 0 0 0 0 0
10 3 29 0 0 0 0 0 0 0 0 0 0 0 0 0 0 0 0 0 0 0 0 0 0 0 0
10 3 30 0 0 0 0 0 0 0 0 0 0 0 0 0 0 0 0 0 0 0 0 0 0 0 0
10 3 31 0 0 0 0 0 0 0 0 0 0 0 0 0 0 0 0 0 0 0 0 0 0 0 0
10 4 0 1 2 0 1 1 255 0 0 0 0 0 0 0 0 0 0 0 0 0 0 0 0 0 0
10 4 1 1 2 0 1 2 255 1 2 1 1 0 255 0 0 0 0 0 0 0 0 0 0 0 0
10 4 2 0 0 0 0 0 0 1 2 1 1 1 255 0 0 0 0 0 0 0 0 0 0 0 0
10 4 3 1 2 2 1 0 256 1 2 1 1 2 255 0 0 0 0 0 0 0 0 0 0 0 0
10 4 4 1 2 2 1 1 256 0 0 0 0 0 0 0 0 0 0 0 0 0 0 0 0 0 0
10 4 5 1 2 2 1 2 256 1 2 3 1 0 256 0 0 0 0 0 0 0 0 0 0 0 0
10 4 6 0 0 0 0 0 0 1 2 3 1 1 256 0 0 0 0 0 0 0 0 0 0 0 0
10 4 7 1 2 4 1 0 257 1 2 3 1 2 256 0 0 0 0 0 0 0 0 0 0 0 0
10 4 8 1 2 4 1 1 257 0 0 0 0 0 0 0 0 0 0 0 0 0 0 0 0 0 0
10 4 9 1 2 4 1 2 257 1 2 5 1 0 257 0 0 0 0 0 0 0 0 0 0 0 0
10 4 10 0 0 0 0 0 0 1 2 5 1 1 257 0 0 0 0 0 0 0 0 0 0 0 0
10 4 11 1 2 6 1 0 258 1 2 5 1 2 257 0 0 0 0 0 0 0 0 0 0 0 0
10 4 12 1 2 6 1 1 258 0 0 0 0 0 0 0 0 0 0 0 0 0 0 0 0 0 0
10 4 13 1 2 6 1 2 258 1 2 7 1 0 258 0 0 0 0 0 0 0 0 0 0 0 0
10 4 14 0 0 0 0 0 0 1 2 7 1 1 258 0 0 0 0 0 0 0 0 0 0 0 0
10 4 15 1 2 8 1 0 259 1 2 7 1 2 258 0 0 0 0 0 0 0 0 0 0 0 0
10 4 16 1 2 8 1 1 259 0 0 0 0 0 0 0 0 0 0 0 0 0 0 0 0 0 0
10 4 17 1 2 8 1 2 259 0 0 0 0 0 0 0 0 0 0 0 0 0 0 0 0 0 0
10 4 18 0 0 0 0 0 0 0 0 0 0 0 0 0 0 0 0 0 0 0 0 0 0 0 0
10 4 19 0 0 0 0 0 0 0 0 0 0 0 0 0 0 0 0 0 0 0 0 0 0 0 0
10 4 20 0 0 0 0 0 0 0 0 0 0 0 0 0 0 0 0 0 0 0 0 0 0 0 0
10 4 21 0 0 0 0 0 0 0 0 0 0 0 0 0 0 0 0 0 0 0 0 0 0 0 0
10 4 22 0 0 0 0 0 0 0 0 0 0 0 0 0 0 0 0 0 0 0 0 0 0 0 0
10 4 23 0 0 0 0 0 0 0 0 0 0 0 0 0 0 0 0 0 0 0 0 0 0 0 0
10 4 24 0 0 0 0 0 0 0 0 0 0 0 0 0 0 0 0 0 0 0 0 0 0 0 0
10 4 25 0 0 0 0 0 0 0 0 0 0 0 0 0 0 0 0 0 0 0 0 0 0 0 0
10 4 26 0 0 0 0 0 0 0 0 0 0 0 0 0 0 0 0 0 0 0 0 0 0 0 0
10 4 27 0 0 0 0 0 0 0 0 0 0 0 0 0 0 0 0 0 0 0 0 0 0 0 0
10 4 28 0 0 0 0 0 0 0 0 0 0 0 0 0 0 0 0 0 0 0 0 0 0 0 0
10 4 29 0 0 0 0 0 0 0 0 0 0 0 0 0 0 0 0 0 0 0 0 0 0 0 0
10 4 30 0 0 0 0 0 0 0 0 0 0 0 0 0 0 0 0 0 0 0 0 0 0 0 0
10 4 31 0 0 0 0 0 0 0 0 0 0 0 0 0 0 0 0 0 0 0 0 0 0 0 0
10 5 0 1 2 0 2 1 255 0 0 0 0 0 0 1 3 0 0 1 255 0 0 0 0 0 0
10 5 1 1 2 0 2 2 255 1 2 1 2 0 255 1 3 0 0 2 255 1 3 1 0 0 255
10 5 2 0 0 0 0 0 0 1 2 1 2 1 255 0 0 0 0 0 0 1 3 1 0 1 255
10 5 3 1 2 2 2 0 256 1 2 1 2 2 255 1 3 2 0 0 256 1 3 1 0 2 255
10 5 4 1 2 2 2 1 256 0 0 0 0 0 0 1 3 2 0 1 256 0 0 0 0 0 0
10 5 5 1 2 2 2 2 256 1 2 3 2 0 256 1 3 2 0 2 256 1 3 3 0 0 256
10 5 6 0 0 0 0 0 0 1 2 3 2 1 256 0 0 0 0 0 0 1 3 3 0 1 256
10 5 7 1 2 4 2 0 257 1 2 3 2 2 256 1 3 4 0 0 257 1 3 3 0 2 256
10 5 8 1 2 4 2 1 257 0 0 0 0 0 0 1 3 4 0 1 257 0 0 0 0 0 0
10 5 9 1 2 4 2 2 257 1 2 5 2 0 257 1 3 4 0 2 257 1 3 5 0 0 257
10 5 10 0 0 0 0 0 0 1 2 5 2 1 257 0 0 0 0 0 0 1 3 5 0 1 257
10 5 11 1 2 6 2 0 258 1 2 5 2 2 257 1 3 6 0 0 258 1 3 5 0 2 257
10 5 12 1 2 6 2 1 258 0 0 0 0 0 0 1 3 6 0 1 258 0 0 0 0 0 0
10 5 13 1 2 6 2 2 258 1 2 7 2 0 258 1 3 6 0 2 258 1 3 7 0 0 258
10 5 14 0 0 0 0 0 0 1 2 7 2 1 258 0 0 0 0 0 0 1 3 7 0 1 258
10 5 15 1 2 8 2 0 259 1 2 7 2 2 258 1 3 8 0 0 259 1 3 7 0 2 258
10 5 16 1 2 8 2 1 259 0 0 0 0 0 0 1 3 8 0 1 259 0 0 0 0 0 0
10 5 17 1 2 8 2 2 259 0 0 0 0 0 0 1 3 8 0 2 259 0 0 0 0 0 0
10 5 18 0 0 0 0 0 0 0 0 0 0 0 0 0 0 0 0 0 0 0 0 0 0 0 0
10 5 19 0 0 0 0 0 0 0 0 0 0 0 0 0 0 0 0 0 0 0 0 0 0 0 0
10 5 20 0 0 0 0 0 0 0 0 0 0 0 0 0 0 0 0 0 0 0 0 0 0 0 0
10 5 21 0 0 0 0 0 0 0 0 0 0 0 0 0 0 0 0 0 0 0 0 0 0 0 0
10 5 22 0 0 0 0 0 0 0 0 0 0 0 0 0 0 0 0 0 0 0 0 0 0 0 0
10 5 23 0 0 0 0 0 0 0 0 0 0 0 0 0 0 0 0 0 0 0 0 0 0 0 0
10 5 24 0 0 0 0 0 0 0 0 0 0 0 0 0 0 0 0 0 0 0 0 0 0 0 0
10 5 25 0 0 0 0 0 0 0 0 0 0 0 0 0 0 0 0 0 0 0 0 0 0 0 0
10 5 26 0 0 0 0 0 0 0 0 0 0 0 0 0 0 0 0 0 0 0 0 0 0 0 0
10 5 27 0 0 0 0 0 0 0 0 0 0 0 0 0 0 0 0 0 0 0 0 0 0 0 0
10 5 28 0 0 0 0 0 0 0 0 0 0 0 0 0 0 0 0 0 0 0 0 0 0 0 0
10 5 29 0 0 0 0 0 0 0 0 0 0 0 0 0 0 0 0 0 0 0 0 0 0 0 0
10 5 30 0 0 0 0 0 0 0 0 0 0 0 0 0 0 0 0 0 0 0 0 0 0 0 0
10 5 31 0 0 0 0 0 0 0 0 0 0 0 0 0 0 0 0 0 0 0 0 0 0 0 0
10 6 0 0 0 0 0 0 0 0 0 0 0 0 0 1 3 0 1 1 255 0 0 0 0 0 0
10 6 1 0 0 0 0 0 0 0 0 0 0 0 0 1 3 0 1 2 255 1 3 1 1 0 255
10 6 2 0 0 0 0 0 0 0 0 0 0 0 0 0 0 0 0 0 0 1 3 1 1 1 255
10 6 3 0 0 0 0 0 0 0 0 0 0 0 0 1 3 2 1 0 256 1 3 1 1 2 255
10 6 4 0 0 0 0 0 0 0 0 0 0 0 0 1 3 2 1 1 256 0 0 0 0 0 0
10 6 5 0 0 0 0 0 0 0 0 0 0 0 0 1 3 2 1 2 256 1 3 3 1 0 256
10 6 6 0 0 0 0 0 0 0 0 0 0 0 0 0 0 0 0 0 0 1 3 3 1 1 256
10 6 7 0 0 0 0 0 0 0 0 0 0 0 0 1 3 4 1 0 257 1 3 3 1 2 256
10 6 8 0 0 0 0 0 0 0 0 0 0 0 0 1 3 4 1 1 257 0 0 0 0 0 0
10 6 9 0 0 0 0 0 0 0 0 0 0 0 0 1 3 4 1 2 257 1 3 5 1 0 257
10 6 10 0 0 0 0 0 0 0 0 0 0 0 0 0 0 0 0 0 0 1 3 5 1 1 257
10 6 11 0 0 0 0 0 0 0 0 0 0 0 0 1 3 6 1 0 258 1 3 5 1 2 257
10 6 12 0 0 0 0 0 0 0 0 0 0 0 0 1 3 6 1 1 258 0 0 0 0 0 0
10 6 13 0 0 0 0 0 0 0 0 0 0 0 0 1 3 6 1 2 258 1 3 7 1 0 258
10 6 14 0 0 0 0 0 0 0 0 0 0 0 0 0 0 0 0 0 0 1 3 7 1 1 258
10 6 15 0 0 0 0 0 0 0 0 0 0 0 0 1 3 8 1 0 259 1 3 7 1 2 258
10 6 16 0 0 0 0 0 0 0 0 0 0 0 0 1 3 8 1 1 259 0 0 0 0 0 0
10 6 17 0 0 0 0 0 0 0 0 0 0 0 0 1 3 8 1 2 259 0 0 0 0 0 0
10 6 18 0 0 0 0 0 0 0 0 0 0 0 0 0 0 0 0 0 0 0 0 0 0 0 0
10 6 19 0 0 0 0 0 0 0 0 0 0 0 0 0 0 0 0 0 0 0 0 0 0 0 0
10 6 20 0 0 0 0 0 0 0 0 0 0 0 0 0 0 0 0 0 0 0 0 0 0 0 0
10 6 21 0 0 0 0 0 0 0 0 0 0 0 0 0 0 0 0 0 0 0 0 0 0 0 0
10 6 22 0 0 0 0 0 0 0 0 0 0 0 0 0 0 0 0 0 0 0 0 0 0 0 0
10 6 23 0 0 0 0 0 0 0 0 0 0 0 0 0 0 0 0 0 0 0 0 0 0 0 0
10 6 24 0 0 0 0 0 0 0 0 0 0 0 0 0 0 0 0 0 0 0 0 0 0 0 0
10 6 25 0 0 0 0 0 0 0 0 0 0 0 0 0 0 0 0 0 0 0 0 0 0 0 0
10 6 26 0 0 0 0 0 0 0 0 0 0 0 0 0 0 0 0 0 0 0 0 0 0 0 0
10 6 27 0 0 0 0 0 0 0 0 0 0 0 0 0 0 0 0 0 0 0 0 0 0 0 0
10 6 28 0 0 0 0 0 0 0 0 0 0 0 0 0 0 0 0 0 0 0 0 0 0 0 0
10 6 29 0 0 0 0 0 0 0 0 0 0 0 0 0 0 0 0 0 0 0 0 0 0 0 0
10 6 30 0 0 0 0 0 0 0 0 0 0 0 0 0 0 0 0 0 0 0 0 0 0 0 0
10 6 31 0 0 0 0 0 0 0 0 0 0 0 0 0 0 0 0 0 0 0 0 0 0 0 0
10 7 0 1 4 0 0 1 260 0 0 0 0 0 0 1 3 0 2 1 255 0 0 0 0 0 0
10 7 1 1 4 0 0 2 260 1 4 1 0 0 260 1 3 0 2 2 255 1 3 1 2 0 255
10 7 2 0 0 0 0 0 0 1 4 1 0 1 260 0 0 0 0 0 0 1 3 1 2 1 255
10 7 3 1 4 2 0 0 261 1 4 1 0 2 260 1 3 2 2 0 256 1 3 1 2 2 255
10 7 4 1 4 2 0 1 261 0 0 0 0 0 0 1 3 2 2 1 256 0 0 0 0 0 0
10 7 5 1 4 2 0 2 261 1 4 3 0 0 261 1 3 2 2 2 256 1 3 3 2 0 256
10 7 6 0 0 0 0 0 0 1 4 3 0 1 261 0 0 0 0 0 0 1 3 3 2 1 256
10 7 7 1 4 4 0 0 262 1 4 3 0 2 261 1 3 4 2 0 257 1 3 3 2 2 256
10 7 8 1 4 4 0 1 262 0 0 0 0 0 0 1 3 4 2 1 257 0 0 0 0 0 0
10 7 9 1 4 4 0 2 262 1 4 5 0 0 262 1 3 4 2 2 257 1 3 5 2 0 257
10 7 10 0 0 0 0 0 0 1 4 5 0 1 262 0 0 0 0 0 0 1 3 5 2 1 257
10 7 11 1 4 6 0 0 263 1 4 5 0 2 262 1 3 6 2 0 258 1 3 5 2 2 257
10 7 12 1 4 6 0 1 263 0 0 0 0 0 0 1 3 6 2 1 258 0 0 0 0 0 0
10 7 13 1 4 6 0 2 263 1 4 7 0 0 263 1 3 6 2 2 258 1 3 7 2 0 258
10 7 14 0 0 0 0 0 0 1 4 7 0 1 263 0 0 0 0 0 0 1 3 7 2 1 258
10 7 15 1 4 8 0 0 264 1 4 7 0 2 263 1 3 8 2 0 259 1 3 7 2 2 258
10 7 16 1 4 8 0 1 264 0 0 0 0 0 0 1 3 8 2 1 259 0 0 0 0 0 0
10 7 17 1 4 8 0 2 264 0 0 0 0 0 0 1 3 8 2 2 259 0 0 0 0 0 0
10 7 18 0 0 0 0 0 0 0 0 0 0 0 0 0 0 0 0 0 0 0 0 0 0 0 0
10 7 19 0 0 0 0 0 0 0 0 0 0 0 0 0 0 0 0 0 0 0 0 0 0 0 0
10 7 20 0 0 0 0 0 0 0 0 0 0 0 0 0 0 0 0 0 0 0 0 0 0 0 0
10 7 21 0 0 0 0 0 0 0 0 0 0 0 0 0 0 0 0 0 0 0 0 0 0 0 0
10 7 22 0 0 0 0 0 0 0 0 0 0 0 0 0 0 0 0 0 0 0 0 0 0 0 0
10 7 23 0 0 0 0 0 0 0 0 0 0 0 0 0 0 0 0 0 0 0 0 0 0 0 0
10 7 24 0 0 0 0 0 0 0 0 0 0 0 0 0 0 0 0 0 0 0 0 0 0 0 0
10 7 25 0 0 0 0 0 0 0 0 0 0 0 0 0 0 0 0 0 0 0 0 0 0 0 0
10 7 26 0 0 0 0 0 0 0 0 0 0 0 0 0 0 0 0 0 0 0 0 0 0 0 0
10 7 27 0 0 0 0 0 0 0 0 0 0 0 0 0 0 0 0 0 0 0 0 0 0 0 0
10 7 28 0 0 0 0 0 0 0 0 0 0 0 0 0 0 0 0 0 0 0 0 0 0 0 0
10 7 29 0 0 0 0 0 0 0 0 0 0 0 0 0 0 0 0 0 0 0 0 0 0 0 0
10 7 30 0 0 0 0 0 0 0 0 0 0 0 0 0 0 0 0 0 0 0 0 0 0 0 0
10 7 31 0 0 0 0 0 0 0 0 0 0 0 0 0 0 0 0 0 0 0 0 0 0 0 0
10 8 0 1 4 0 1 1 260 0 0 0 0 0 0 0 0 0 0 0 0 0 0 0 0 0 0
10 8 1 1 4 0 1 2 260 1 4 1 1 0 260 0 0 0 0 0 0 0 0 0 0 0 0
10 8 2 0 0 0 0 0 0 1 4 1 1 1 260 0 0 0 0 0 0 0 0 0 0 0 0
10 8 3 1 4 2 1 0 261 1 4 1 1 2 260 0 0 0 0 0 0 0 0 0 0 0 0
10 8 4 1 4 2 1 1 261 0 0 0 0 0 0 0 0 0 0 0 0 0 0 0 0 0 0
10 8 5 1 4 2 1 2 261 1 4 3 1 0 261 0 0 0 0 0 0 0 0 0 0 0 0
10 8 6 0 0 0 0 0 0 1 4 3 1 1 261 0 0 0 0 0 0 0 0 0 0 0 0
10 8 7 1 4 4 1 0 262 1 4 3 1 2 261 0 0 0 0 0 0 0 0 0 0 0 0
10 8 8 1 4 4 1 1 262 0 0 0 0 0 0 0 0 0 0 0 0 0 0 0 0 0 0
10 8 9 1 4 4 1 2 262 1 4 5 1 0 262 0 0 0 0 0 0 0 0 0 0 0 0
10 8 10 0 0 0 0 0 0 1 4 5 1 1 262 0 0 0 0 0 0 0 0 0 0 0 0
10 8 11 1 4 6 1 0 263 1 4 5 1 2 262 0 0 0 0 0 0 0 0 0 0 0 0
10 8 12 1 4 6 1 1 263 0 0 0 0 0 0 0 0 0 0 0 0 0 0 0 0 0 0
10 8 13 1 4 6 1 2 263 1 4 7 1 0 263 0 0 0 0 0 0 0 0 0 0 0 0
10 8 14 0 0 0 0 0 0 1 4 7 1 1 263 0 0 0 0 0 0 0 0 0 0 0 0
10 8 15 1 4 8 1 0 264 1 4 7 1 2 263 0 0 0 0 0 0 0 0 0 0 0 0
10 8 16 1 4 8 1 1 264 0 0 0 0 0 0 0 0 0 0 0 0 0 0 0 0 0 0
10 8 17 1 4 8 1 2 264 0 0 0 0 0 0 0 0 0 0 0 0 0 0 0 0 0 0
10 8 18 0 0 0 0 0 0 0 0 0 0 0 0 0 0 0 0 0 0 0 0 0 0 0 0
10 8 19 0 0 0 0 0 0 0 0 0 0 0 0 0 0 0 0 0 0 0 0 0 0 0 0
10 8 20 0 0 0 0 0 0 0 0 0 0 0 0 0 0 0 0 0 0 0 0 0 0 0 0
10 8 21 0 0 0 0 0 0 0 0 0 0 0 0 0 0 0 0 0 0 0 0 0 0 0 0
10 8 22 0 0 0 0 0 0 0 0 0 0 0 0 0 0 0 0 0 0 0 0 0 0 0 0
10 8 23 0 0 0 0 0 0 0 0 0 0 0 0 0 0 0 0 0 0 0 0 0 0 0 0
10 8 24 0 0 0 0 0 0 0 0 0 0 0 0 0 0 0 0 0 0 0 0 0 0 0 0
10 8 25 0 0 0 0 0 0 0 0 0 0 0 0 0 0 0 0 0 0 0 0 0 0 0 0
10 8 26 0 0 0 0 0 0 0 0 0 0 0 0 0 0 0 0 0 0 0 0 0 0 0 0
10 8 27 0 0 0 0 0 0 0 0 0 0 0 0 0 0 0 0 0 0 0 0 0 0 0 0
10 8 28 0 0 0 0 0 0 0 0 0 0 0 0 0 0 0 0 0 0 0 0 0 0 0 0
10 8 29 0 0 0 0 0 0 0 0 0 0 0 0 0 0 0 0 0 0 0 0 0 0 0 0
10 8 30 0 0 0 0 0 0 0 0 0 0 0 0 0 0 0 0 0 0 0 0 0 0 0 0
10 8 31 0 0 0 0 0 0 0 0 0 0 0 0 0 0 0 0 0 0 0 0 0 0 0 0
10 9 0 1 4 0 2 1 260 0 0 0 0 0 0 1 5 0 0 1 260 0 0 0 0 0 0
10 9 1 1 4 0 2 2 260 1 4 1 2 0 260 1 5 0 0 2 260 1 5 1 0 0 260
10 9 2 0 0 0 0 0 0 1 4 1 2 1 260 0 0 0 0 0 0 1 5 1 0 1 260
10 9 3 1 4 2 2 0 261 1 4 1 2 2 260 1 5 2 0 0 261 1 5 1 0 2 260
10 9 4 1 4 2 2 1 261 0 0 0 0 0 0 1 5 2 0 1 261 0 0 0 0 0 0
10 9 5 1 4 2 2 2 261 1 4 3 2 0 261 1 5 2 0 2 261 1 5 3 0 0 261
10 9 6 0 0 0 0 0 0 1 4 3 2 1 261 0 0 0 0 0 0 1 5 3 0 1 261
10 9 7 1 4 4 2 0 262 1 4 3 2 2 261 1 5 4 0 0 262 1 5 3 0 2 261
10 9 8 1 4 4 2 1 262 0 0 0 0 0 0 1 5 4 0 1 262 0 0 0 0 0 0
10 9 9 1 4 4 2 2 262 1 4 5 2 0 262 1 5 4 0 2 262 1 5 5 0 0 262
10 9 10 0 0 0 0 0 0 1 4 5 2 1 262 0 0 0 0 0 0 1 5 5 0 1 262
10 9 11 1 4 6 2 0 263 1 4 5 2 2 262 1 5 6 0 0 263 1 5 5 0 2 262
10 9 12 1 4 6 2 1 263 0 0 0 0 0 0 1 5 6 0 1 263 0 0 0 0 0 0
10 9 13 1 4 6 2 2 263 1 4 7 2 0 263 1 5 6 0 2 263 1 5 7 0 0 263
10 9 14 0 0 0 0 0 0 1 4 7 2 1 263 0 0 0 0 0 0 1 5 7 0 1 263
10 9 15 1 4 8 2 0 264 1 4 7 2 2 263 1 5 8 0 0 264 1 5 7 0 2 263
10 9 16 1 4 8 2 1 264 0 0 0 0 0 0 1 5 8 0 1 264 0 0 0 0 0 0
10 9 17 1 4 8 2 2 264 0 0 0 0 0 0 1 5 8 0 2 264 0 0 0 0 0 0
10 9 18 0 0 0 0 0 0 0 0 0 0 0 0 0 0 0 0 0 0 0 0 0 0 0 0
10 9 19 0 0 0 0 0 0 0 0 0 0 0 0 0 0 0 0 0 0 0 0 0 0 0 0
10 9 20 0 0 0 0 0 0 0 0 0 0 0 0 0 0 0 0 0 0 0 0 0 0 0 0
10 9 21 0 0 0 0 0 0 0 0 0 0 0 0 0 0 0 0 0 0 0 0 0 0 0 0
10 9 22 0 0 0 0 0 0 0 0 0 0 0 0 0 0 0 0 0 0 0 0 0 0 0 0
10 9 23 0 0 0 0 0 0 0 0 0 0 0 0 0 0 0 0 0 0 0 0 0 0 0 0
10 9 24 0 0 0 0 0 0 0 0 0 0 0 0 0 0 0 0 0 0 0 0 0 0 0 0
10 9 25 0 0 0 0 0 0 0 0 0 0 0 0 0 0 0 0 0 0 0 0 0 0 0 0
10 9 26 0 0 0 0 0 0 0 0 0 0 0 0 0 0 0 0 0 0 0 0 0 0 0 0
10 9 27 0 0 0 0 0 0 0 0 0 0 0 0 0 0 0 0 0 0 0 0 0 0 0 0
10 9 28 0 0 0 0 0 0 0 0 0 0 0 0 0 0 0 0 0 0 0 0 0 0 0 0
10 9 29 0 0 0 0 0 0 0 0 0 0 0 0 0 0 0 0 0 0 0 0 0 0 0 0
10 9 30 0 0 0 0 0 0 0 0 0 0 0 0 0 0 0 0 0 0 0 0 0 0 0 0
10 9 31 0 0 0 0 0 0 0 0 0 0 0 0 0 0 0 0 0 0 0 0 0 0 0 0
10 10 0 0 0 0 0 0 0 0 0 0 0 0 0 1 5 0 1 1 260 0 0 0 0 0 0
10 10 1 0 0 0 0 0 0 0 0 0 0 0 0 1 5 0 1 2 260 1 5 1 1 0 260
10 10 2 0 0 0 0 0 0 0 0 0 0 0 0 0 0 0 0 0 0 1 5 1 1 1 260
10 10 3 0 0 0 0 0 0 0 0 0 0 0 0 1 5 2 1 0 261 1 5 1 1 2 260
10 10 4 0 0 0 0 0 0 0 0 0 0 0 0 1 5 2 1 1 261 0 0 0 0 0 0
10 10 5 0 0 0 0 0 0 0 0 0 0 0 0 1 5 2 1 2 261 1 5 3 1 0 261
10 10 6 0 0 0 0 0 0 0 0 0 0 0 0 0 0 0 0 0 0 1 5 3 1 1 261
10 10 7 0 0 0 0 0 0 0 0 0 0 0 0 1 5 4 1 0 262 1 5 3 1 2 261
10 10 8 0 0 0 0 0 0 0 0 0 0 0 0 1 5 4 1 1 262 0 0 0 0 0 0
10 10 9 0 0 0 0 0 0 0 0 0 0 0 0 1 5 4 1 2 262 1 5 5 1 0 262
10 10 10 0 0 0 0 0 0 0 0 0 0 0 0 0 0 0 0 0 0 1 5 5 1 1 262
10 10 11 0 0 0 0 0 0 0 0 0 0 0 0 1 5 6 1 0 263 1 5 5 1 2 262
10 10 12 0 0 0 0 0 0 0 0 0 0 0 0 1 5 6 1 1 263 0 0 0 0 0 0
10 10 13 0 0 0 0 0 0 0 0 0 0 0 0 1 5 6 1 2 263 1 5 7 1 0 263
10 10 14 0 0 0 0 0 0 0 0 0 0 0 0 0 0 0 0 0 0 1 5 7 1 1 263
10 10 15 0 0 0 0 0 0 0 0 0 0 0 0 1 5 8 1 0 264 1 5 7 1 2 263
10 10 16 0 0 0 0 0 0 0 0 0 0 0 0 1 5 8 1 1 264 0 0 0 0 0 0
10 10 17 0 0 0 0 0 0 0 0 0 0 0 0 1 5 8 1 2 264 0 0 0 0 0 0
10 10 18 0 0 0 0 0 0 0 0 0 0 0 0 0 0 0 0 0 0 0 0 0 0 0 0
10 10 19 0 0 0 0 0 0 0 0 0 0 0 0 0 0 0 0 0 0 0 0 0 0 0 0
10 10 20 0 0 0 0 0 0 0 0 0 0 0 0 0 0 0 0 0 0 0 0 0 0 0 0
10 10 21 0 0 0 0 0 0 0 0 0 0 0 0 0 0 0 0 0 0 0 0 0 0 0 0
10 10 22 0 0 0 0 0 0 0 0 0 0 0 0 0 0 0 0 0 0 0 0 0 0 0 0
10 10 23 0 0 0 0 0 0 0 0 0 0 0 0 0 0 0 0 0 0 0 0 0 0 0 0
10 10 24 0 0 0 0 0 0 0 0 0 0 0 0 0 0 0 0 0 0 0 0 0 0 0 0
10 10 25 0 0 0 0 0 0 0 0 0 0 0 0 0 0 0 0 0 0 0 0 0 0 0 0
10 10 26 0 0 0 0 0 0 0 0 0 0 0 0 0 0 0 0 0 0 0 0 0 0 0 0
10 10 27 0 0 0 0 0 0 0 0 0 0 0 0 0 0 0 0 0 0 0 0 0 0 0 0
10 10 28 0 0 0 0 0 0 0 0 0 0 0 0 0 0 0 0 0 0 0 0 0 0 0 0
10 10 29 0 0 0 0 0 0 0 0 0 0 0 0 0 0 0 0 0 0 0 0 0 0 0 0
10 10 30 0 0 0 0 0 0 0 0 0 0 0 0 0 0 0 0 0 0 0 0 0 0 0 0
10 10 31 0 0 0 0 0 0 0 0 0 0 0 0 0 0 0 0 0 0 0 0 0 0 0 0
10 11 0 1 6 0 0 1 265 0 0 0 0 0 0 1 5 0 2 1 260 0 0 0 0 0 0
10 11 1 1 6 0 0 2 265 1 6 1 0 0 265 1 5 0 2 2 260 1 5 1 2 0 260
10 11 2 0 0 0 0 0 0 1 6 1 0 1 265 0 0 0 0 0 0 1 5 1 2 1 260
10 11 3 1 6 2 0 0 266 1 6 1 0 2 265 1 5 2 2 0 261 1 5 1 2 2 260
10 11 4 1 6 2 0 1 266 0 0 0 0 0 0 1 5 2 2 1 261 0 0 0 0 0 0
10 11 5 1 6 2 0 2 266 1 6 3 0 0 266 1 5 2 2 2 261 1 5 3 2 0 261
10 11 6 0 0 0 0 0 0 1 6 3 0 1 266 0 0 0 0 0 0 1 5 3 2 1 261
10 11 7 1 6 4 0 0 267 1 6 3 0 2 266 1 5 4 2 0 262 1 5 3 2 2 261
10 11 8 1 6 4 0 1 267 0 0 0 0 0 0 1 5 4 2 1 262 0 0 0 0 0 0
10 11 9 1 6 4 0 2 267 1 6 5 0 0 267 1 5 4 2 2 262 1 5 5 2 0 262
10 11 10 0 0 0 0 0 0 1 6 5 0 1 267 0 0 0 0 0 0 1 5 5 2 1 262
10 11 11 1 6 6 0 0 268 1 6 5 0 2 267 1 5 6 2 0 263 1 5 5 2 2 262
10 11 12 1 6 6 0 1 268 0 0 0 0 0 0 1 5 6 2 1 263 0 0 0 0 0 0
10 11 13 1 6 6 0 2 268 1 6 7 0 0 268 1 5 6 2 2 263 1 5 7 2 0 263
10 11 14 0 0 0 0 0 0 1 6 7 0 1 268 0 0 0 0 0 0 1 5 7 2 1 263
10 11 15 1 6 8 0 0 269 1 6 7 0 2 268 1 5 8 2 0 264 1 5 7 2 2 263
10 11 16 1 6 8 0 1 269 0 0 0 0 0 0 1 5 8 2 1 264 0 0 0 0 0 0
10 11 17 1 6 8 0 2 269 0 0 0 0 0 0 1 5 8 2 2 264 0 0 0 0 0 0
10 11 18 0 0 0 0 0 0 0 0 0 0 0 0 0 0 0 0 0 0 0 0 0 0 0 0
10 11 19 0 0 0 0 0 0 0 0 0 0 0 0 0 0 0 0 0 0 0 0 0 0 0 0
10 11 20 0 0 0 0 0 0 0 0 0 0 0 0 0 0 0 0 0 0 0 0 0 0 0 0
10 11 21 0 0 0 0 0 0 0 0 0 0 0 0 0 0 0 0 0 0 0 0 0 0 0 0
10 11 22 0 0 0 0 0 0 0 0 0 0 0 0 0 0 0 0 0 0 0 0 0 0 0 0
10 11 23 0 0 0 0 0 0 0 0 0 0 0 0 0 0 0 0 0 0 0 0 0 0 0 0
10 11 24 0 0 0 0 0 0 0 0 0 0 0 0 0 0 0 0 0 0 0 0 0 0 0 0
10 11 25 0 0 0 0 0 0 0 0 0 0 0 0 0 0 0 0 0 0 0 0 0 0 0 0
10 11 26 0 0 0 0 0 0 0 0 0 0 0 0 0 0 0 0 0 0 0 0 0 0 0 0
10 11 27 0 0 0 0 0 0 0 0 0 0 0 0 0 0 0 0 0 0 0 0 0 0 0 0
10 11 28 0 0 0 0 0 0 0 0 0 0 0 0 0 0 0 0 0 0 0 0 0 0 0 0
10 11 29 0 0 0 0 0 0 0 0 0 0 0 0 0 0 0 0 0 0 0 0 0 0 0 0
10 11 30 0 0 0 0 0 0 0 0 0 0 0 0 0 0 0 0 0 0 0 0 0 0 0 0
10 11 31 0 0 0 0 0 0 0 0 0 0 0 0 0 0 0 0 0 0 0 0 0 0 0 0
10 12 0 1 6 0 1 1 265 0 0 0 0 0 0 0 0 0 0 0 0 0 0 0 0 0 0
10 12 1 1 6 0 1 2 265 1 6 1 1 0 265 0 0 0 0 0 0 0 0 0 0 0 0
10 12 2 0 0 0 0 0 0 1 6 1 1 1 265 0 0 0 0 0 0 0 0 0 0 0 0
10 12 3 1 6 2 1 0 266 1 6 1 1 2 265 0 0 0 0 0 0 0 0 0 0 0 0
10 12 4 1 6 2 1 1 266 0 0 0 0 0 0 0 0 0 0 0 0 0 0 0 0 0 0
10 12 5 1 6 2 1 2 266 1 6 3 1 0 266 0 0 0 0 0 0 0 0 0 0 0 0
10 12 6 0 0 0 0 0 0 1 6 3 1 1 266 0 0 0 0 0 0 0 0 0 0 0 0
10 12 7 1 6 4 1 0 267 1 6 3 1 2 266 0 0 0 0 0 0 0 0 0 0 0 0
10 12 8 1 6 4 1 1 267 0 0 0 0 0 0 0 0 0 0 0 0 0 0 0 0 0 0
10 12 9 1 6 4 1 2 267 1 6 5 1 0 267 0 0 0 0 0 0 0 0 0 0 0 0
10 12 10 0 0 0 0 0 0 1 6 5 1 1 267 0 0 0 0 0 0 0 0 0 0 0 0
10 12 11 1 6 6 1 0 268 1 6 5 1 2 267 0 0 0 0 0 0 0 0 0 0 0 0
10 12 12 1 6 6 1 1 268 0 0 0 0 0 0 0 0 0 0 0 0 0 0 0 0 0 0
10 12 13 1 6 6 1 2 268 1 6 7 1 0 268 0 0 0 0 0 0 0 0 0 0 0 0
10 12 14 0 0 0 0 0 0 1 6 7 1 1 268 0 0 0 0 0 0 0 0 0 0 0 0
10 12 15 1 6 8 1 0 269 1 6 7 1 2 268 0 0 0 0 0 0 0 0 0 0 0 0
10 12 16 1 6 8 1 1 269 0 0 0 0 0 0 0 0 0 0 0 0 0 0 0 0 0 0
10 12 17 1 6 8 1 2 269 0 0 0 0 0 0 0 0 0 0 0 0 0 0 0 0 0 0
10 12 18 0 0 0 0 0 0 0 0 0 0 0 0 0 0 0 0 0 0 0 0 0 0 0 0
10 12 19 0 0 0 0 0 0 0 0 0 0 0 0 0 0 0 0 0 0 0 0 0 0 0 0
10 12 20 0 0 0 0 0 0 0 0 0 0 0 0 0 0 0 0 0 0 0 0 0 0 0 0
10 12 21 0 0 0 0 0 0 0 0 0 0 0 0 0 0 0 0 0 0 0 0 0 0 0 0
10 12 22 0 0 0 0 0 0 0 0 0 0 0 0 0 0 0 0 0 0 0 0 0 0 0 0
10 12 23 0 0 0 0 0 0 0 0 0 0 0 0 0 0 0 0 0 0 0 0 0 0 0 0
10 12 24 0 0 0 0 0 0 0 0 0 0 0 0 0 0 0 0 0 0 0 0 0 0 0 0
10 12 25 0 0 0 0 0 0 0 0 0 0 0 0 0 0 0 0 0 0 0 0 0 0 0 0
10 12 26 0 0 0 0 0 0 0 0 0 0 0 0 0 0 0 0 0 0 0 0 0 0 0 0
10 12 27 0 0 0 0 0 0 0 0 0 0 0 0 0 0 0 0 0 0 0 0 0 0 0 0
10 12 28 0 0 0 0 0 0 0 0 0 0 0 0 0 0 0 0 0 0 0 0 0 0 0 0
10 12 29 0 0 0 0 0 0 0 0 0 0 0 0 0 0 0 0 0 0 0 0 0 0 0 0
10 12 30 0 0 0 0 0 0 0 0 0 0 0 0 0 0 0 0 0 0 0 0 0 0 0 0
10 12 31 0 0 0 0 0 0 0 0 0 0 0 0 0 0 0 0 0 0 0 0 0 0 0 0
10 13 0 1 6 0 2 1 265 0 0 0 0 0 0 1 7 0 0 1 265 0 0 0 0 0 0
10 13 1 1 6 0 2 2 265 1 6 1 2 0 265 1 7 0 0 2 265 1 7 1 0 0 265
10 13 2 0 0 0 0 0 0 1 6 1 2 1 265 0 0 0 0 0 0 1 7 1 0 1 265
10 13 3 1 6 2 2 0 266 1 6 1 2 2 265 1 7 2 0 0 266 1 7 1 0 2 265
10 13 4 1 6 2 2 1 266 0 0 0 0 0 0 1 7 2 0 1 266 0 0 0 0 0 0
10 13 5 1 6 2 2 2 266 1 6 3 2 0 266 1 7 2 0 2 266 1 7 3 0 0 266
10 13 6 0 0 0 0 0 0 1 6 3 2 1 266 0 0 0 0 0 0 1 7 3 0 1 266
10 13 7 1 6 4 2 0 267 1 6 3 2 2 266 1 7 4 0 0 267 1 7 3 0 2 266
10 13 8 1 6 4 2 1 267 0 0 0 0 0 0 1 7 4 0 1 267 0 0 0 0 0 0
10 13 9 1 6 4 2 2 267 1 6 5 2 0 267 1 7 4 0 2 267 1 7 5 0 0 267
10 13 10 0 0 0 0 0 0 1 6 5 2 1 267 0 0 0 0 0 0 1 7 5 0 1 267
10 13 11 1 6 6 2 0 268 1 6 5 2 2 267 1 7 6 0 0 268 1 7 5 0 2 267
10 13 12 1 6 6 2 1 268 0 0 0 0 0 0 1 7 6 0 1 268 0 0 0 0 0 0
10 13 13 1 6 6 2 2 268 1 6 7 2 0 268 1 7 6 0 2 268 1 7 7 0 0 268
10 13 14 0 0 0 0 0 0 1 6 7 2 1 268 0 0 0 0 0 0 1 7 7 0 1 268
10 13 15 1 6 8 2 0 269 1 6 7 2 2 268 1 7 8 0 0 269 1 7 7 0 2 268
10 13 16 1 6 8 2 1 269 0 0 0 0 0 0 1 7 8 0 1 269 0 0 0 0 0 0
10 13 17 1 6 8 2 2 269 0 0 0 0 0 0 1 7 8 0 2 269 0 0 0 0 0 0
10 13 18 0 0 0 0 0 0 0 0 0 0 0 0 0 0 0 0 0 0 0 0 0 0 0 0
10 13 19 0 0 0 0 0 0 0 0 0 0 0 0 0 0 0 0 0 0 0 0 0 0 0 0
10 13 20 0 0 0 0 0 0 0 0 0 0 0 0 0 0 0 0 0 0 0 0 0 0 0 0
10 13 21 0 0 0 0 0 0 0 0 0 0 0 0 0 0 0 0 0 0 0 0 0 0 0 0
10 13 22 0 0 0 0 0 0 0 0 0 0 0 0 0 0 0 0 0 0 0 0 0 0 0 0
10 13 23 0 0 0 0 0 0 0 0 0 0 0 0 0 0 0 0 0 0 0 0 0 0 0 0
10 13 24 0 0 0 0 0 0 0 0 0 0 0 0 0 0 0 0 0 0 0 0 0 0 0 0
10 13 25 0 0 0 0 0 0 0 0 0 0 0 0 0 0 0 0 0 0 0 0 0 0 0 0
10 13 26 0 0 0 0 0 0 0 0 0 0 0 0 0 0 0 0 0 0 0 0 0 0 0 0
10 13 27 0 0 0 0 0 0 0 0 0 0 0 0 0 0 0 0 0 0 0 0 0 0 0 0
10 13 28 0 0 0 0 0 0 0 0 0 0 0 0 0 0 0 0 0 0 0 0 0 0 0 0
10 13 29 0 0 0 0 0 0 0 0 0 0 0 0 0 0 0 0 0 0 0 0 0 0 0 0
10 13 30 0 0 0 0 0 0 0 0 0 0 0 0 0 0 0 0 0 0 0 0 0 0 0 0
10 13 31 0 0 0 0 0 0 0 0 0 0 0 0 0 0 0 0 0 0 0 0 0 0 0 0
10 14 0 0 0 0 0 0 0 0 0 0 0 0 0 1 7 0 1 1 265 0 0 0 0 0 0
10 14 1 0 0 0 0 0 0 0 0 0 0 0 0 1 7 0 1 2 265 1 7 1 1 0 265
10 14 2 0 0 0 0 0 0 0 0 0 0 0 0 0 0 0 0 0 0 1 7 1 1 1 265
10 14 3 0 0 0 0 0 0 0 0 0 0 0 0 1 7 2 1 0 266 1 7 1 1 2 265
10 14 4 0 0 0 0 0 0 0 0 0 0 0 0 1 7 2 1 1 266 0 0 0 0 0 0
10 14 5 0 0 0 0 0 0 0 0 0 0 0 0 1 7 2 1 2 266 1 7 3 1 0 266
10 14 6 0 0 0 0 0 0 0 0 0 0 0 0 0 0 0 0 0 0 1 7 3 1 1 266
10 14 7 0 0 0 0 0 0 0 0 0 0 0 0 1 7 4 1 0 267 1 7 3 1 2 266
10 14 8 0 0 0 0 0 0 0 0 0 0 0 0 1 7 4 1 1 267 0 0 0 0 0 0
10 14 9 0 0 0 0 0 0 0 0 0 0 0 0 1 7 4 1 2 267 1 7 5 1 0 267
10 14 10 0 0 0 0 0 0 0 0 0 0 0 0 0 0 0 0 0 0 1 7 5 1 1 267
10 14 11 0 0 0 0 0 0 0 0 0 0 0 0 1 7 6 1 0 268 1 7 5 1 2 267
10 14 12 0 0 0 0 0 0 0 0 0 0 0 0 1 7 6 1 1 268 0 0 0 0 0 0
10 14 13 0 0 0 0 0 0 0 0 0 0 0 0 1 7 6 1 2 268 1 7 7 1 0 268
10 14 14 0 0 0 0 0 0 0 0 0 0 0 0 0 0 0 0 0 0 1 7 7 1 1 268
10 14 15 0 0 0 0 0 0 0 0 0 0 0 0 1 7 8 1 0 269 1 7 7 1 2 268
10 14 16 0 0 0 0 0 0 0 0 0 0 0 0 1 7 8 1 1 269 0 0 0 0 0 0
10 14 17 0 0 0 0 0 0 0 0 0 0 0 0 1 7 8 1 2 269 0 0 0 0 0 0
10 14 18 0 0 0 0 0 0 0 0 0 0 0 0 0 0 0 0 0 0 0 0 0 0 0 0
10 14 19 0 0 0 0 0 0 0 0 0 0 0 0 0 0 0 0 0 0 0 0 0 0 0 0
10 14 20 0 0 0 0 0 0 0 0 0 0 0 0 0 0 0 0 0 0 0 0 0 0 0 0
10 14 21 0 0 0 0 0 0 0 0 0 0 0 0 0 0 0 0 0 0 0 0 0 0 0 0
10 14 22 0 0 0 0 0 0 0 0 0 0 0 0 0 0 0 0 0 0 0 0 0 0 0 0
10 14 23 0 0 0 0 0 0 0 0 0 0 0 0 0 0 0 0 0 0 0 0 0 0 0 0
10 14 24 0 0 0 0 0 0 0 0 0 0 0 0 0 0 0 0 0 0 0 0 0 0 0 0
10 14 25 0 0 0 0 0 0 0 0 0 0 0 0 0 0 0 0 0 0 0 0 0 0 0 0
10 14 26 0 0 0 0 0 0 0 0 0 0 0 0 0 0 0 0 0 0 0 0 0 0 0 0
10 14 27 0 0 0 0 0 0 0 0 0 0 0 0 0 0 0 0 0 0 0 0 0 0 0 0
10 14 28 0 0 0 0 0 0 0 0 0 0 0 0 0 0 0 0 0 0 0 0 0 0 0 0
10 14 29 0 0 0 0 0 0 0 0 0 0 0 0 0 0 0 0 0 0 0 0 0 0 0 0
10 14 30 0 0 0 0 0 0 0 0 0 0 0 0 0 0 0 0 0 0 0 0 0 0 0 0
10 14 31 0 0 0 0 0 0 0 0 0 0 0 0 0 0 0 0 0 0 0 0 0 0 0 0
10 15 0 1 8 0 0 1 270 0 0 0 0 0 0 1 7 0 2 1 265 0 0 0 0 0 0
10 15 1 1 8 0 0 2 270 1 8 1 0 0 270 1 7 0 2 2 265 1 7 1 2 0 265
10 15 2 0 0 0 0 0 0 1 8 1 0 1 270 0 0 0 0 0 0 1 7 1 2 1 265
10 15 3 1 8 2 0 0 271 1 8 1 0 2 270 1 7 2 2 0 266 1 7 1 2 2 265
10 15 4 1 8 2 0 1 271 0 0 0 0 0 0 1 7 2 2 1 266 0 0 0 0 0 0
10 15 5 1 8 2 0 2 271 1 8 3 0 0 271 1 7 2 2 2 266 1 7 3 2 0 266
10 15 6 0 0 0 0 0 0 1 8 3 0 1 271 0 0 0 0 0 0 1 7 3 2 1 266
10 15 7 1 8 4 0 0 272 1 8 3 0 2 271 1 7 4 2 0 267 1 7 3 2 2 266
10 15 8 1 8 4 0 1 272 0 0 0 0 0 0 1 7 4 2 1 267 0 0 0 0 0 0
10 15 9 1 8 4 0 2 272 1 8 5 0 0 272 1 7 4 2 2 267 1 7 5 2 0 267
10 15 10 0 0 0 0 0 0 1 8 5 0 1 272 0 0 0 0 0 0 1 7 5 2 1 267
10 15 11 1 8 6 0 0 273 1 8 5 0 2 272 1 7 6 2 0 268 1 7 5 2 2 267
10 15 12 1 8 6 0 1 273 0 0 0 0 0 0 1 7 6 2 1 268 0 0 0 0 0 0
10 15 13 1 8 6 0 2 273 1 8 7 0 0 273 1 7 6 2 2 268 1 7 7 2 0 268
10 15 14 0 0 0 0 0 0 1 8 7 0 1 273 0 0 0 0 0 0 1 7 7 2 1 268
10 15 15 1 8 8 0 0 274 1 8 7 0 2 273 1 7 8 2 0 269 1 7 7 2 2 268
10 15 16 1 8 8 0 1 274 0 0 0 0 0 0 1 7 8 2 1 269 0 0 0 0 0 0
10 15 17 1 8 8 0 2 274 0 0 0 0 0 0 1 7 8 2 2 269 0 0 0 0 0 0
10 15 18 0 0 0 0 0 0 0 0 0 0 0 0 0 0 0 0 0 0 0 0 0 0 0 0
10 15 19 0 0 0 0 0 0 0 0 0 0 0 0 0 0 0 0 0 0 0 0 0 0 0 0
10 15 20 0 0 0 0 0 0 0 0 0 0 0 0 0 0 0 0 0 0 0 0 0 0 0 0
10 15 21 0 0 0 0 0 0 0 0 0 0 0 0 0 0 0 0 0 0 0 0 0 0 0 0
10 15 22 0 0 0 0 0 0 0 0 0 0 0 0 0 0 0 0 0 0 0 0 0 0 0 0
10 15 23 0 0 0 0 0 0 0 0 0 0 0 0 0 0 0 0 0 0 0 0 0 0 0 0
10 15 24 0 0 0 0 0 0 0 0 0 0 0 0 0 0 0 0 0 0 0 0 0 0 0 0
10 15 25 0 0 0 0 0 0 0 0 0 0 0 0 0 0 0 0 0 0 0 0 0 0 0 0
10 15 26 0 0 0 0 0 0 0 0 0 0 0 0 0 0 0 0 0 0 0 0 0 0 0 0
10 15 27 0 0 0 0 0 0 0 0 0 0 0 0 0 0 0 0 0 0 0 0 0 0 0 0
10 15 28 0 0 0 0 0 0 0 0 0 0 0 0 0 0 0 0 0 0 0 0 0 0 0 0
10 15 29 0 0 0 0 0 0 0 0 0 0 0 0 0 0 0 0 0 0 0 0 0 0 0 0
10 15 30 0 0 0 0 0 0 0 0 0 0 0 0 0 0 0 0 0 0 0 0 0 0 0 0
10 15 31 0 0 0 0 0 0 0 0 0 0 0 0 0 0 0 0 0 0 0 0 0 0 0 0
10 16 0 1 8 0 1 1 270 0 0 0 0 0 0 0 0 0 0 0 0 0 0 0 0 0 0
10 16 1 1 8 0 1 2 270 1 8 1 1 0 270 0 0 0 0 0 0 0 0 0 0 0 0
10 16 2 0 0 0 0 0 0 1 8 1 1 1 270 0 0 0 0 0 0 0 0 0 0 0 0
10 16 3 1 8 2 1 0 271 1 8 1 1 2 270 0 0 0 0 0 0 0 0 0 0 0 0
10 16 4 1 8 2 1 1 271 0 0 0 0 0 0 0 0 0 0 0 0 0 0 0 0 0 0
10 16 5 1 8 2 1 2 271 1 8 3 1 0 271 0 0 0 0 0 0 0 0 0 0 0 0
10 16 6 0 0 0 0 0 0 1 8 3 1 1 271 0 0 0 0 0 0 0 0 0 0 0 0
10 16 7 1 8 4 1 0 272 1 8 3 1 2 271 0 0 0 0 0 0 0 0 0 0 0 0
10 16 8 1 8 4 1 1 272 0 0 0 0 0 0 0 0 0 0 0 0 0 0 0 0 0 0
10 16 9 1 8 4 1 2 272 1 8 5 1 0 272 0 0 0 0 0 0 0 0 0 0 0 0
10 16 10 0 0 0 0 0 0 1 8 5 1 1 272 0 0 0 0 0 0 0 0 0 0 0 0
10 16 11 1 8 6 1 0 273 1 8 5 1 2 272 0 0 0 0 0 0 0 0 0 0 0 0
10 16 12 1 8 6 1 1 273 0 0 0 0 0 0 0 0 0 0 0 0 0 0 0 0 0 0
10 16 13 1 8 6 1 2 273 1 8 7 1 0 273 0 0 0 0 0 0 0 0 0 0 0 0
10 16 14 0 0 0 0 0 0 1 8 7 1 1 273 0 0 0 0 0 0 0 0 0 0 0 0
10 16 15 1 8 8 1 0 274 1 8 7 1 2 273 0 0 0 0 0 0 0 0 0 0 0 0
10 16 16 1 8 8 1 1 274 0 0 0 0 0 0 0 0 0 0 0 0 0 0 0 0 0 0
10 16 17 1 8 8 1 2 274 0 0 0 0 0 0 0 0 0 0 0 0 0 0 0 0 0 0
10 16 18 0 0 0 0 0 0 0 0 0 0 0 0 0 0 0 0 0 0 0 0 0 0 0 0
10 16 19 0 0 0 0 0 0 0 0 0 0 0 0 0 0 0 0 0 0 0 0 0 0 0 0
10 16 20 0 0 0 0 0 0 0 0 0 0 0 0 0 0 0 0 0 0 0 0 0 0 0 0
10 16 21 0 0 0 0 0 0 0 0 0 0 0 0 0 0 0 0 0 0 0 0 0 0 0 0
10 16 22 0 0 0 0 0 0 0 0 0 0 0 0 0 0 0 0 0 0 0 0 0 0 0 0
10 16 23 0 0 0 0 0 0 0 0 0 0 0 0 0 0 0 0 0 0 0 0 0 0 0 0
10 16 24 0 0 0 0 0 0 0 0 0 0 0 0 0 0 0 0 0 0 0 0 0 0 0 0
10 16 25 0 0 0 0 0 0 0 0 0 0 0 0 0 0 0 0 0 0 0 0 0 0 0 0
10 16 26 0 0 0 0 0 0 0 0 0 0 0 0 0 0 0 0 0 0 0 0 0 0 0 0
10 16 27 0 0 0 0 0 0 0 0 0 0 0 0 0 0 0 0 0 0 0 0 0 0 0 0
10 16 28 0 0 0 0 0 0 0 0 0 0 0 0 0 0 0 0 0 0 0 0 0 0 0 0
10 16 29 0 0 0 0 0 0 0 0 0 0 0 0 0 0 0 0 0 0 0 0 0 0 0 0
10 16 30 0 0 0 0 0 0 0 0 0 0 0 0 0 0 0 0 0 0 0 0 0 0 0 0
10 16 31 0 0 0 0 0 0 0 0 0 0 0 0 0 0 0 0 0 0 0 0 0 0 0 0
10 17 0 1 8 0 2 1 270 0 0 0 0 0 0 0 0 0 0 0 0 0 0 0 0 0 0
10 17 1 1 8 0 2 2 270 1 8 1 2 0 270 0 0 0 0 0 0 0 0 0 0 0 0
10 17 2 0 0 0 0 0 0 1 8 1 2 1 270 0 0 0 0 0 0 0 0 0 0 0 0
10 17 3 1 8 2 2 0 271 1 8 1 2 2 270 0 0 0 0 0 0 0 0 0 0 0 0
10 17 4 1 8 2 2 1 271 0 0 0 0 0 0 0 0 0 0 0 0 0 0 0 0 0 0
10 17 5 1 8 2 2 2 271 1 8 3 2 0 271 0 0 0 0 0 0 0 0 0 0 0 0
10 17 6 0 0 0 0 0 0 1 8 3 2 1 271 0 0 0 0 0 0 0 0 0 0 0 0
10 17 7 1 8 4 2 0 272 1 8 3 2 2 271 0 0 0 0 0 0 0 0 0 0 0 0
10 17 8 1 8 4 2 1 272 0 0 0 0 0 0 0 0 0 0 0 0 0 0 0 0 0 0
10 17 9 1 8 4 2 2 272 1 8 5 2 0 272 0 0 0 0 0 0 0 0 0 0 0 0
10 17 10 0 0 0 0 0 0 1 8 5 2 1 272 0 0 0 0 0 0 0 0 0 0 0 0
10 17 11 1 8 6 2 0 273 1 8 5 2 2 272 0 0 0 0 0 0 0 0 0 0 0 0
10 17 12 1 8 6 2 1 273 0 0 0 0 0 0 0 0 0 0 0 0 0 0 0 0 0 0
10 17 13 1 8 6 2 2 273 1 8 7 2 0 273 0 0 0 0 0 0 0 0 0 0 0 0
10 17 14 0 0 0 0 0 0 1 8 7 2 1 273 0 0 0 0 0 0 0 0 0 0 0 0
10 17 15 1 8 8 2 0 274 1 8 7 2 2 273 0 0 0 0 0 0 0 0 0 0 0 0
10 17 16 1 8 8 2 1 274 0 0 0 0 0 0 0 0 0 0 0 0 0 0 0 0 0 0
10 17 17 1 8 8 2 2 274 0 0 0 0 0 0 0 0 0 0 0 0 0 0 0 0 0 0
10 17 18 0 0 0 0 0 0 0 0 0 0 0 0 0 0 0 0 0 0 0 0 0 0 0 0
10 17 19 0 0 0 0 0 0 0 0 0 0 0 0 0 0 0 0 0 0 0 0 0 0 0 0
10 17 20 0 0 0 0 0 0 0 0 0 0 0 0 0 0 0 0 0 0 0 0 0 0 0 0
10 17 21 0 0 0 0 0 0 0 0 0 0 0 0 0 0 0 0 0 0 0 0 0 0 0 0
10 17 22 0 0 0 0 0 0 0 0 0 0 0 0 0 0 0 0 0 0 0 0 0 0 0 0
10 17 23 0 0 0 0 0 0 0 0 0 0 0 0 0 0 0 0 0 0 0 0 0 0 0 0
10 17 24 0 0 0 0 0 0 0 0 0 0 0 0 0 0 0 0 0 0 0 0 0 0 0 0
10 17 25 0 0 0 0 0 0 0 0 0 0 0 0 0 0 0 0 0 0 0 0 0 0 0 0
10 17 26 0 0 0 0 0 0 0 0 0 0 0 0 0 0 0 0 0 0 0 0 0 0 0 0
10 17 27 0 0 0 0 0 0 0 0 0 0 0 0 0 0 0 0 0 0 0 0 0 0 0 0
10 17 28 0 0 0 0 0 0 0 0 0 0 0 0 0 0 0 0 0 0 0 0 0 0 0 0
10 17 29 0 0 0 0 0 0 0 0 0 0 0 0 0 0 0 0 0 0 0 0 0 0 0 0
10 17 30 0 0 0 0 0 0 0 0 0 0 0 0 0 0 0 0 0 0 0 0 0 0 0 0
10 17 31 0 0 0 0 0 0 0 0 0 0 0 0 0 0 0 0 0 0 0 0 0 0 0 0
10 18 0 0 0 0 0 0 0 0 0 0 0 0 0 0 0 0 0 0 0 0 0 0 0 0 0
10 18 1 0 0 0 0 0 0 0 0 0 0 0 0 0 0 0 0 0 0 0 0 0 0 0 0
10 18 2 0 0 0 0 0 0 0 0 0 0 0 0 0 0 0 0 0 0 0 0 0 0 0 0
10 18 3 0 0 0 0 0 0 0 0 0 0 0 0 0 0 0 0 0 0 0 0 0 0 0 0
10 18 4 0 0 0 0 0 0 0 0 0 0 0 0 0 0 0 0 0 0 0 0 0 0 0 0
10 18 5 0 0 0 0 0 0 0 0 0 0 0 0 0 0 0 0 0 0 0 0 0 0 0 0
10 18 6 0 0 0 0 0 0 0 0 0 0 0 0 0 0 0 0 0 0 0 0 0 0 0 0
10 18 7 0 0 0 0 0 0 0 0 0 0 0 0 0 0 0 0 0 0 0 0 0 0 0 0
10 18 8 0 0 0 0 0 0 0 0 0 0 0 0 0 0 0 0 0 0 0 0 0 0 0 0
10 18 9 0 0 0 0 0 0 0 0 0 0 0 0 0 0 0 0 0 0 0 0 0 0 0 0
10 18 10 0 0 0 0 0 0 0 0 0 0 0 0 0 0 0 0 0 0 0 0 0 0 0 0
10 18 11 0 0 0 0 0 0 0 0 0 0 0 0 0 0 0 0 0 0 0 0 0 0 0 0
10 18 12 0 0 0 0 0 0 0 0 0 0 0 0 0 0 0 0 0 0 0 0 0 0 0 0
10 18 13 0 0 0 0 0 0 0 0 0 0 0 0 0 0 0 0 0 0 0 0 0 0 0 0
10 18 14 0 0 0 0 0 0 0 0 0 0 0 0 0 0 0 0 0 0 0 0 0 0 0 0
10 18 15 0 0 0 0 0 0 0 0 0 0 0 0 0 0 0 0 0 0 0 0 0 0 0 0
10 18 16 0 0 0 0 0 0 0 0 0 0 0 0 0 0 0 0 0 0 0 0 0 0 0 0
10 18 17 0 0 0 0 0 0 0 0 0 0 0 0 0 0 0 0 0 0 0 0 0 0 0 0
10 18 18 0 0 0 0 0 0 0 0 0 0 0 0 0 0 0 0 0 0 0 0 0 0 0 0
10 18 19 0 0 0 0 0 0 0 0 0 0 0 0 0 0 0 0 0 0 0 0 0 0 0 0
10 18 20 0 0 0 0 0 0 0 0 0 0 0 0 0 0 0 0 0 0 0 0 0 0 0 0
10 18 21 0 0 0 0 0 0 0 0 0 0 0 0 0 0 0 0 0 0 0 0 0 0 0 0
10 18 22 0 0 0 0 0 0 0 0 0 0 0 0 0 0 0 0 0 0 0 0 0 0 0 0
10 18 23 0 0 0 0 0 0 0 0 0 0 0 0 0 0 0 0 0 0 0 0 0 0 0 0
10 18 24 0 0 0 0 0 0 0 0 0 0 0 0 0 0 0 0 0 0 0 0 0 0 0 0
10 18 25 0 0 0 0 0 0 0 0 0 0 0 0 0 0 0 0 0 0 0 0 0 0 0 0
10 18 26 0 0 0 0 0 0 0 0 0 0 0 0 0 0 0 0 0 0 0 0 0 0 0 0
10 18 27 0 0 0 0 0 0 0 0 0 0 0 0 0 0 0 0 0 0 0 0 0 0 0 0
10 18 28 0 0 0 0 0 0 0 0 0 0 0 0 0 0 0 0 0 0 0 0 0 0 0 0
10 18 29 0 0 0 0 0 0 0 0 0 0 0 0 0 0 0 0 0 0 0 0 0 0 0 0
10 18 30 0 0 0 0 0 0 0 0 0 0 0 0 0 0 0 0 0 0 0 0 0 0 0 0
10 18 31 0 0 0 0 0 0 0 0 0 0 0 0 0 0 0 0 0 0 0 0 0 0 0 0
10 19 0 0 0 0 0 0 0 0 0 0 0 0 0 0 0 0 0 0 0 0 0 0 0 0 0
10 19 1 0 0 0 0 0 0 0 0 0 0 0 0 0 0 0 0 0 0 0 0 0 0 0 0
10 19 2 0 0 0 0 0 0 0 0 0 0 0 0 0 0 0 0 0 0 0 0 0 0 0 0
10 19 3 0 0 0 0 0 0 0 0 0 0 0 0 0 0 0 0 0 0 0 0 0 0 0 0
10 19 4 0 0 0 0 0 0 0 0 0 0 0 0 0 0 0 0 0 0 0 0 0 0 0 0
10 19 5 0 0 0 0 0 0 0 0 0 0 0 0 0 0 0 0 0 0 0 0 0 0 0 0
10 19 6 0 0 0 0 0 0 0 0 0 0 0 0 0 0 0 0 0 0 0 0 0 0 0 0
10 19 7 0 0 0 0 0 0 0 0 0 0 0 0 0 0 0 0 0 0 0 0 0 0 0 0
10 19 8 0 0 0 0 0 0 0 0 0 0 0 0 0 0 0 0 0 0 0 0 0 0 0 0
10 19 9 0 0 0 0 0 0 0 0 0 0 0 0 0 0 0 0 0 0 0 0 0 0 0 0
10 19 10 0 0 0 0 0 0 0 0 0 0 0 0 0 0 0 0 0 0 0 0 0 0 0 0
10 19 11 0 0 0 0 0 0 0 0 0 0 0 0 0 0 0 0 0 0 0 0 0 0 0 0
10 19 12 0 0 0 0 0 0 0 0 0 0 0 0 0 0 0 0 0 0 0 0 0 0 0 0
10 19 13 0 0 0 0 0 0 0 0 0 0 0 0 0 0 0 0 0 0 0 0 0 0 0 0
10 19 14 0 0 0 0 0 0 0 0 0 0 0 0 0 0 0 0 0 0 0 0 0 0 0 0
10 19 15 0 0 0 0 0 0 0 0 0 0 0 0 0 0 0 0 0 0 0 0 0 0 0 0
10 19 16 0 0 0 0 0 0 0 0 0 0 0 0 0 0 0 0 0 0 0 0 0 0 0 0
10 19 17 0 0 0 0 0 0 0 0 0 0 0 0 0 0 0 0 0 0 0 0 0 0 0 0
10 19 18 0 0 0 0 0 0 0 0 0 0 0 0 0 0 0 0 0 0 0 0 0 0 0 0
10 19 19 0 0 0 0 0 0 0 0 0 0 0 0 0 0 0 0 0 0 0 0 0 0 0 0
10 19 20 0 0 0 0 0 0 0 0 0 0 0 0 0 0 0 0 0 0 0 0 0 0 0 0
10 19 21 0 0 0 0 0 0 0 0 0 0 0 0 0 0 0 0 0 0 0 0 0 0 0 0
10 19 22 0 0 0 0 0 0 0 0 0 0 0 0 0 0 0 0 0 0 0 0 0 0 0 0
10 19 23 0 0 0 0 0 0 0 0 0 0 0 0 0 0 0 0 0 0 0 0 0 0 0 0
10 19 24 0 0 0 0 0 0 0 0 0 0 0 0 0 0 0 0 0 0 0 0 0 0 0 0
10 19 25 0 0 0 0 0 0 0 0 0 0 0 0 0 0 0 0 0 0 0 0 0 0 0 0
10 19 26 0 0 0 0 0 0 0 0 0 0 0 0 0 0 0 0 0 0 0 0 0 0 0 0
10 19 27 0 0 0 0 0 0 0 0 0 0 0 0 0 0 0 0 0 0 0 0 0 0 0 0
10 19 28 0 0 0 0 0 0 0 0 0 0 0 0 0 0 0 0 0 0 0 0 0 0 0 0
10 19 29 0 0 0 0 0 0 0 0 0 0 0 0 0 0 0 0 0 0 0 0 0 0 0 0
10 19 30 0 0 0 0 0 0 0 0 0 0 0 0 0 0 0 0 0 0 0 0 0 0 0 0
10 19 31 0 0 0 0 0 0 0 0 0 0 0 0 0 0 0 0 0 0 0 0 0 0 0 0
10 20 0 0 0 0 0 0 0 0 0 0 0 0 0 0 0 0 0 0 0 0 0 0 0 0 0
10 20 1 0 0 0 0 0 0 0 0 0 0 0 0 0 0 0 0 0 0 0 0 0 0 0 0
10 20 2 0 0 0 0 0 0 0 0 0 0 0 0 0 0 0 0 0 0 0 0 0 0 0 0
10 20 3 0 0 0 0 0 0 0 0 0 0 0 0 0 0 0 0 0 0 0 0 0 0 0 0
10 20 4 0 0 0 0 0 0 0 0 0 0 0 0 0 0 0 0 0 0 0 0 0 0 0 0
10 20 5 0 0 0 0 0 0 0 0 0 0 0 0 0 0 0 0 0 0 0 0 0 0 0 0
10 20 6 0 0 0 0 0 0 0 0 0 0 0 0 0 0 0 0 0 0 0 0 0 0 0 0
10 20 7 0 0 0 0 0 0 0 0 0 0 0 0 0 0 0 0 0 0 0 0 0 0 0 0
10 20 8 0 0 0 0 0 0 0 0 0 0 0 0 0 0 0 0 0 0 0 0 0 0 0 0
10 20 9 0 0 0 0 0 0 0 0 0 0 0 0 0 0 0 0 0 0 0 0 0 0 0 0
10 20 10 0 0 0 0 0 0 0 0 0 0 0 0 0 0 0 0 0 0 0 0 0 0 0 0
10 20 11 0 0 0 0 0 0 0 0 0 0 0 0 0 0 0 0 0 0 0 0 0 0 0 0
10 20 12 0 0 0 0 0 0 0 0 0 0 0 0 0 0 0 0 0 0 0 0 0 0 0 0
10 20 13 0 0 0 0 0 0 0 0 0 0 0 0 0 0 0 0 0 0 0 0 0 0 0 0
10 20 14 0 0 0 0 0 0 0 0 0 0 0 0 0 0 0 0 0 0 0 0 0 0 0 0
10 20 15 0 0 0 0 0 0 0 0 0 0 0 0 0 0 0 0 0 0 0 0 0 0 0 0
10 20 16 0 0 0 0 0 0 0 0 0 0 0 0 0 0 0 0 0 0 0 0 0 0 0 0
10 20 17 0 0 0 0 0 0 0 0 0 0 0 0 0 0 0 0 0 0 0 0 0 0 0 0
10 20 18 0 0 0 0 0 0 0 0 0 0 0 0 0 0 0 0 0 0 0 0 0 0 0 0
10 20 19 0 0 0 0 0 0 0 0 0 0 0 0 0 0 0 0 0 0 0 0 0 0 0 0
10 20 20 0 0 0 0 0 0 0 0 0 0 0 0 0 0 0 0 0 0 0 0 0 0 0 0
10 20 21 0 0 0 0 0 0 0 0 0 0 0 0 0 0 0 0 0 0 0 0 0 0 0 0
10 20 22 0 0 0 0 0 0 0 0 0 0 0 0 0 0 0 0 0 0 0 0 0 0 0 0
10 20 23 0 0 0 0 0 0 0 0 0 0 0 0 0 0 0 0 0 0 0 0 0 0 0 0
10 20 24 0 0 0 0 0 0 0 0 0 0 0 0 0 0 0 0 0 0 0 0 0 0 0 0
10 20 25 0 0 0 0 0 0 0 0 0 0 0 0 0 0 0 0 0 0 0 0 0 0 0 0
10 20 26 0 0 0 0 0 0 0 0 0 0 0 0 0 0 0 0 0 0 0 0 0 0 0 0
10 20 27 0 0 0 0 0 0 0 0 0 0 0 0 0 0 0 0 0 0 0 0 0 0 0 0
10 20 28 0 0 0 0 0 0 0 0 0 0 0 0 0 0 0 0 0 0 0 0 0 0 0 0
10 20 29 0 0 0 0 0 0 0 0 0 0 0 0 0 0 0 0 0 0 0 0 0 0 0 0
10 20 30 0 0 0 0 0 0 0 0 0 0 0 0 0 0 0 0 0 0 0 0 0 0 0 0
10 20 31 0 0 0 0 0 0 0 0 0 0 0 0 0 0 0 0 0 0 0 0 0 0 0 0
10 21 0 0 0 0 0 0 0 0 0 0 0 0 0 0 0 0 0 0 0 0 0 0 0 0 0
10 21 1 0 0 0 0 0 0 0 0 0 0 0 0 0 0 0 0 0 0 0 0 0 0 0 0
10 21 2 0 0 0 0 0 0 0 0 0 0 0 0 0 0 0 0 0 0 0 0 0 0 0 0
10 21 3 0 0 0 0 0 0 0 0 0 0 0 0 0 0 0 0 0 0 0 0 0 0 0 0
10 21 4 0 0 0 0 0 0 0 0 0 0 0 0 0 0 0 0 0 0 0 0 0 0 0 0
10 21 5 0 0 0 0 0 0 0 0 0 0 0 0 0 0 0 0 0 0 0 0 0 0 0 0
10 21 6 0 0 0 0 0 0 0 0 0 0 0 0 0 0 0 0 0 0 0 0 0 0 0 0
10 21 7 0 0 0 0 0 0 0 0 0 0 0 0 0 0 0 0 0 0 0 0 0 0 0 0
10 21 8 0 0 0 0 0 0 0 0 0 0 0 0 0 0 0 0 0 0 0 0 0 0 0 0
10 21 9 0 0 0 0 0 0 0 0 0 0 0 0 0 0 0 0 0 0 0 0 0 0 0 0
10 21 10 0 0 0 0 0 0 0 0 0 0 0 0 0 0 0 0 0 0 0 0 0 0 0 0
10 21 11 0 0 0 0 0 0 0 0 0 0 0 0 0 0 0 0 0 0 0 0 0 0 0 0
10 21 12 0 0 0 0 0 0 0 0 0 0 0 0 0 0 0 0 0 0 0 0 0 0 0 0
10 21 13 0 0 0 0 0 0 0 0 0 0 0 0 0 0 0 0 0 0 0 0 0 0 0 0
10 21 14 0 0 0 0 0 0 0 0 0 0 0 0 0 0 0 0 0 0 0 0 0 0 0 0
10 21 15 0 0 0 0 0 0 0 0 0 0 0 0 0 0 0 0 0 0 0 0 0 0 0 0
10 21 16 0 0 0 0 0 0 0 0 0 0 0 0 0 0 0 0 0 0 0 0 0 0 0 0
10 21 17 0 0 0 0 0 0 0 0 0 0 0 0 0 0 0 0 0 0 0 0 0 0 0 0
10 21 18 0 0 0 0 0 0 0 0 0 0 0 0 0 0 0 0 0 0 0 0 0 0 0 0
10 21 19 0 0 0 0 0 0 0 0 0 0 0 0 0 0 0 0 0 0 0 0 0 0 0 0
10 21 20 0 0 0 0 0 0 0 0 0 0 0 0 0 0 0 0 0 0 0 0 0 0 0 0
10 21 21 0 0 0 0 0 0 0 0 0 0 0 0 0 0 0 0 0 0 0 0 0 0 0 0
10 21 22 0 0 0 0 0 0 0 0 0 0 0 0 0 0 0 0 0 0 0 0 0 0 0 0
10 21 23 0 0 0 0 0 0 0 0 0 0 0 0 0 0 0 0 0 0 0 0 0 0 0 0
10 21 24 0 0 0 0 0 0 0 0 0 0 0 0 0 0 0 0 0 0 0 0 0 0 0 0
10 21 25 0 0 0 0 0 0 0 0 0 0 0 0 0 0 0 0 0 0 0 0 0 0 0 0
10 21 26 0 0 0 0 0 0 0 0 0 0 0 0 0 0 0 0 0 0 0 0 0 0 0 0
10 21 27 0 0 0 0 0 0 0 0 0 0 0 0 0 0 0 0 0 0 0 0 0 0 0 0
10 21 28 0 0 0 0 0 0 0 0 0 0 0 0 0 0 0 0 0 0 0 0 0 0 0 0
10 21 29 0 0 0 0 0 0 0 0 0 0 0 0 0 0 0 0 0 0 0 0 0 0 0 0
10 21 30 0 0 0 0 0 0 0 0 0 0 0 0 0 0 0 0 0 0 0 0 0 0 0 0
10 21 31 0 0 0 0 0 0 0 0 0 0 0 0 0 0 0 0 0 0 0 0 0 0 0 0
10 22 0 0 0 0 0 0 0 0 0 0 0 0 0 0 0 0 0 0 0 0 0 0 0 0 0
10 22 1 0 0 0 0 0 0 0 0 0 0 0 0 0 0 0 0 0 0 0 0 0 0 0 0
10 22 2 0 0 0 0 0 0 0 0 0 0 0 0 0 0 0 0 0 0 0 0 0 0 0 0
10 22 3 0 0 0 0 0 0 0 0 0 0 0 0 0 0 0 0 0 0 0 0 0 0 0 0
10 22 4 0 0 0 0 0 0 0 0 0 0 0 0 0 0 0 0 0 0 0 0 0 0 0 0
10 22 5 0 0 0 0 0 0 0 0 0 0 0 0 0 0 0 0 0 0 0 0 0 0 0 0
10 22 6 0 0 0 0 0 0 0 0 0 0 0 0 0 0 0 0 0 0 0 0 0 0 0 0
10 22 7 0 0 0 0 0 0 0 0 0 0 0 0 0 0 0 0 0 0 0 0 0 0 0 0
10 22 8 0 0 0 0 0 0 0 0 0 0 0 0 0 0 0 0 0 0 0 0 0 0 0 0
10 22 9 0 0 0 0 0 0 0 0 0 0 0 0 0 0 0 0 0 0 0 0 0 0 0 0
10 22 10 0 0 0 0 0 0 0 0 0 0 0 0 0 0 0 0 0 0 0 0 0 0 0 0
10 22 11 0 0 0 0 0 0 0 0 0 0 0 0 0 0 0 0 0 0 0 0 0 0 0 0
10 22 12 0 0 0 0 0 0 0 0 0 0 0 0 0 0 0 0 0 0 0 0 0 0 0 0
10 22 13 0 0 0 0 0 0 0 0 0 0 0 0 0 0 0 0 0 0 0 0 0 0 0 0
10 22 14 0 0 0 0 0 0 0 0 0 0 0 0 0 0 0 0 0 0 0 0 0 0 0 0
10 22 15 0 0 0 0 0 0 0 0 0 0 0 0 0 0 0 0 0 0 0 0 0 0 0 0
10 22 16 0 0 0 0 0 0 0 0 0 0 0 0 0 0 0 0 0 0 0 0 0 0 0 0
10 22 17 0 0 0 0 0 0 0 0 0 0 0 0 0 0 0 0 0 0 0 0 0 0 0 0
10 22 18 0 0 0 0 0 0 0 0 0 0 0 0 0 0 0 0 0 0 0 0 0 0 0 0
10 22 19 0 0 0 0 0 0 0 0 0 0 0 0 0 0 0 0 0 0 0 0 0 0 0 0
10 22 20 0 0 0 0 0 0 0 0 0 0 0 0 0 0 0 0 0 0 0 0 0 0 0 0
10 22 21 0 0 0 0 0 0 0 0 0 0 0 0 0 0 0 0 0 0 0 0 0 0 0 0
10 22 22 0 0 0 0 0 0 0 0 0 0 0 0 0 0 0 0 0 0 0 0 0 0 0 0
10 22 23 0 0 0 0 0 0 0 0 0 0 0 0 0 0 0 0 0 0 0 0 0 0 0 0
10 22 24 0 0 0 0 0 0 0 0 0 0 0 0 0 0 0 0 0 0 0 0 0 0 0 0
10 22 25 0 0 0 0 0 0 0 0 0 0 0 0 0 0 0 0 0 0 0 0 0 0 0 0
10 22 26 0 0 0 0 0 0 0 0 0 0 0 0 0 0 0 0 0 0 0 0 0 0 0 0
10 22 27 0 0 0 0 0 0 0 0 0 0 0 0 0 0 0 0 0 0 0 0 0 0 0 0
10 22 28 0 0 0 0 0 0 0 0 0 0 0 0 0 0 0 0 0 0 0 0 0 0 0 0
10 22 29 0 0 0 0 0 0 0 0 0 0 0 0 0 0 0 0 0 0 0 0 0 0 0 0
10 22 30 0 0 0 0 0 0 0 0 0 0 0 0 0 0 0 0 0 0 0 0 0 0 0 0
10 22 31 0 0 0 0 0 0 0 0 0 0 0 0 0 0 0 0 0 0 0 0 0 0 0 0
10 23 0 0 0 0 0 0 0 0 0 0 0 0 0 0 0 0 0 0 0 0 0 0 0 0 0
10 23 1 0 0 0 0 0 0 0 0 0 0 0 0 0 0 0 0 0 0 0 0 0 0 0 0
10 23 2 0 0 0 0 0 0 0 0 0 0 0 0 0 0 0 0 0 0 0 0 0 0 0 0
10 23 3 0 0 0 0 0 0 0 0 0 0 0 0 0 0 0 0 0 0 0 0 0 0 0 0
10 23 4 0 0 0 0 0 0 0 0 0 0 0 0 0 0 0 0 0 0 0 0 0 0 0 0
10 23 5 0 0 0 0 0 0 0 0 0 0 0 0 0 0 0 0 0 0 0 0 0 0 0 0
10 23 6 0 0 0 0 0 0 0 0 0 0 0 0 0 0 0 0 0 0 0 0 0 0 0 0
10 23 7 0 0 0 0 0 0 0 0 0 0 0 0 0 0 0 0 0 0 0 0 0 0 0 0
10 23 8 0 0 0 0 0 0 0 0 0 0 0 0 0 0 0 0 0 0 0 0 0 0 0 0
10 23 9 0 0 0 0 0 0 0 0 0 0 0 0 0 0 0 0 0 0 0 0 0 0 0 0
10 23 10 0 0 0 0 0 0 0 0 0 0 0 0 0 0 0 0 0 0 0 0 0 0 0 0
10 23 11 0 0 0 0 0 0 0 0 0 0 0 0 0 0 0 0 0 0 0 0 0 0 0 0
10 23 12 0 0 0 0 0 0 0 0 0 0 0 0 0 0 0 0 0 0 0 0 0 0 0 0
10 23 13 0 0 0 0 0 0 0 0 0 0 0 0 0 0 0 0 0 0 0 0 0 0 0 0
10 23 14 0 0 0 0 0 0 0 0 0 0 0 0 0 0 0 0 0 0 0 0 0 0 0 0
10 23 15 0 0 0 0 0 0 0 0 0 0 0 0 0 0 0 0 0 0 0 0 0 0 0 0
10 23 16 0 0 0 0 0 0 0 0 0 0 0 0 0 0 0 0 0 0 0 0 0 0 0 0
10 23 17 0 0 0 0 0 0 0 0 0 0 0 0 0 0 0 0 0 0 0 0 0 0 0 0
10 23 18 0 0 0 0 0 0 0 0 0 0 0 0 0 0 0 0 0 0 0 0 0 0 0 0
10 23 19 0 0 0 0 0 0 0 0 0 0 0 0 0 0 0 0 0 0 0 0 0 0 0 0
10 23 20 0 0 0 0 0 0 0 0 0 0 0 0 0 0 0 0 0 0 0 0 0 0 0 0
10 23 21 0 0 0 0 0 0 0 0 0 0 0 0 0 0 0 0 0 0 0 0 0 0 0 0
10 23 22 0 0 0 0 0 0 0 0 0 0 0 0 0 0 0 0 0 0 0 0 0 0 0 0
10 23 23 0 0 0 0 0 0 0 0 0 0 0 0 0 0 0 0 0 0 0 0 0 0 0 0
10 23 24 0 0 0 0 0 0 0 0 0 0 0 0 0 0 0 0 0 0 0 0 0 0 0 0
10 23 25 0 0 0 0 0 0 0 0 0 0 0 0 0 0 0 0 0 0 0 0 0 0 0 0
10 23 26 0 0 0 0 0 0 0 0 0 0 0 0 0 0 0 0 0 0 0 0 0 0 0 0
10 23 27 0 0 0 0 0 0 0 0 0 0 0 0 0 0 0 0 0 0 0 0 0 0 0 0
10 23 28 0 0 0 0 0 0 0 0 0 0 0 0 0 0 0 0 0 0 0 0 0 0 0 0
10 23 29 0 0 0 0 0 0 0 0 0 0 0 0 0 0 0 0 0 0 0 0 0 0 0 0
10 23 30 0 0 0 0 0 0 0 0 0 0 0 0 0 0 0 0 0 0 0 0 0 0 0 0
10 23 31 0 0 0 0 0 0 0 0 0 0 0 0 0 0 0 0 0 0 0 0 0 0 0 0
10 24 0 0 0 0 0 0 0 0 0 0 0 0 0 0 0 0 0 0 0 0 0 0 0 0 0
10 24 1 0 0 0 0 0 0 0 0 0 0 0 0 0 0 0 0 0 0 0 0 0 0 0 0
10 24 2 0 0 0 0 0 0 0 0 0 0 0 0 0 0 0 0 0 0 0 0 0 0 0 0
10 24 3 0 0 0 0 0 0 0 0 0 0 0 0 0 0 0 0 0 0 0 0 0 0 0 0
10 24 4 0 0 0 0 0 0 0 0 0 0 0 0 0 0 0 0 0 0 0 0 0 0 0 0
10 24 5 0 0 0 0 0 0 0 0 0 0 0 0 0 0 0 0 0 0 0 0 0 0 0 0
10 24 6 0 0 0 0 0 0 0 0 0 0 0 0 0 0 0 0 0 0 0 0 0 0 0 0
10 24 7 0 0 0 0 0 0 0 0 0 0 0 0 0 0 0 0 0 0 0 0 0 0 0 0
10 24 8 0 0 0 0 0 0 0 0 0 0 0 0 0 0 0 0 0 0 0 0 0 0 0 0
10 24 9 0 0 0 0 0 0 0 0 0 0 0 0 0 0 0 0 0 0 0 0 0 0 0 0
10 24 10 0 0 0 0 0 0 0 0 0 0 0 0 0 0 0 0 0 0 0 0 0 0 0 0
10 24 11 0 0 0 0 0 0 0 0 0 0 0 0 0 0 0 0 0 0 0 0 0 0 0 0
10 24 12 0 0 0 0 0 0 0 0 0 0 0 0 0 0 0 0 0 0 0 0 0 0 0 0
10 24 13 0 0 0 0 0 0 0 0 0 0 0 0 0 0 0 0 0 0 0 0 0 0 0 0
10 24 14 0 0 0 0 0 0 0 0 0 0 0 0 0 0 0 0 0 0 0 0 0 0 0 0
10 24 15 0 0 0 0 0 0 0 0 0 0 0 0 0 0 0 0 0 0 0 0 0 0 0 0
10 24 16 0 0 0 0 0 0 0 0 0 0 0 0 0 0 0 0 0 0 0 0 0 0 0 0
10 24 17 0 0 0 0 0 0 0 0 0 0 0 0 0 0 0 0 0 0 0 0 0 0 0 0
10 24 18 0 0 0 0 0 0 0 0 0 0 0 0 0 0 0 0 0 0 0 0 0 0 0 0
10 24 19 0 0 0 0 0 0 0 0 0 0 0 0 0 0 0 0 0 0 0 0 0 0 0 0
10 24 20 0 0 0 0 0 0 0 0 0 0 0 0 0 0 0 0 0 0 0 0 0 0 0 0
10 24 21 0 0 0 0 0 0 0 0 0 0 0 0 0 0 0 0 0 0 0 0 0 0 0 0
10 24 22 0 0 0 0 0 0 0 0 0 0 0 0 0 0 0 0 0 0 0 0 0 0 0 0
10 24 23 0 0 0 0 0 0 0 0 0 0 0 0 0 0 0 0 0 0 0 0 0 0 0 0
10 24 24 0 0 0 0 0 0 0 0 0 0 0 0 0 0 0 0 0 0 0 0 0 0 0 0
10 24 25 0 0 0 0 0 0 0 0 0 0 0 0 0 0 0 0 0 0 0 0 0 0 0 0
10 24 26 0 0 0 0 0 0 0 0 0 0 0 0 0 0 0 0 0 0 0 0 0 0 0 0
10 24 27 0 0 0 0 0 0 0 0 0 0 0 0 0 0 0 0 0 0 0 0 0 0 0 0
10 24 28 0 0 0 0 0 0 0 0 0 0 0 0 0 0 0 0 0 0 0 0 0 0 0 0
10 24 29 0 0 0 0 0 0 0 0 0 0 0 0 0 0 0 0 0 0 0 0 0 0 0 0
10 24 30 0 0 0 0 0 0 0 0 0 0 0 0 0 0 0 0 0 0 0 0 0 0 0 0
10 24 31 0 0 0 0 0 0 0 0 0 0 0 0 0 0 0 0 0 0 0 0 0 0 0 0
10 25 0 0 0 0 0 0 0 0 0 0 0 0 0 0 0 0 0 0 0 0 0 0 0 0 0
10 25 1 0 0 0 0 0 0 0 0 0 0 0 0 0 0 0 0 0 0 0 0 0 0 0 0
10 25 2 0 0 0 0 0 0 0 0 0 0 0 0 0 0 0 0 0 0 0 0 0 0 0 0
10 25 3 0 0 0 0 0 0 0 0 0 0 0 0 0 0 0 0 0 0 0 0 0 0 0 0
10 25 4 0 0 0 0 0 0 0 0 0 0 0 0 0 0 0 0 0 0 0 0 0 0 0 0
10 25 5 0 0 0 0 0 0 0 0 0 0 0 0 0 0 0 0 0 0 0 0 0 0 0 0
10 25 6 0 0 0 0 0 0 0 0 0 0 0 0 0 0 0 0 0 0 0 0 0 0 0 0
10 25 7 0 0 0 0 0 0 0 0 0 0 0 0 0 0 0 0 0 0 0 0 0 0 0 0
10 25 8 0 0 0 0 0 0 0 0 0 0 0 0 0 0 0 0 0 0 0 0 0 0 0 0
10 25 9 0 0 0 0 0 0 0 0 0 0 0 0 0 0 0 0 0 0 0 0 0 0 0 0
10 25 10 0 0 0 0 0 0 0 0 0 0 0 0 0 0 0 0 0 0 0 0 0 0 0 0
10 25 11 0 0 0 0 0 0 0 0 0 0 0 0 0 0 0 0 0 0 0 0 0 0 0 0
10 25 12 0 0 0 0 0 0 0 0 0 0 0 0 0 0 0 0 0 0 0 0 0 0 0 0
10 25 13 0 0 0 0 0 0 0 0 0 0 0 0 0 0 0 0 0 0 0 0 0 0 0 0
10 25 14 0 0 0 0 0 0 0 0 0 0 0 0 0 0 0 0 0 0 0 0 0 0 0 0
10 25 15 0 0 0 0 0 0 0 0 0 0 0 0 0 0 0 0 0 0 0 0 0 0 0 0
10 25 16 0 0 0 0 0 0 0 0 0 0 0 0 0 0 0 0 0 0 0 0 0 0 0 0
10 25 17 0 0 0 0 0 0 0 0 0 0 0 0 0 0 0 0 0 0 0 0 0 0 0 0
10 25 18 0 0 0 0 0 0 0 0 0 0 0 0 0 0 0 0 0 0 0 0 0 0 0 0
10 25 19 0 0 0 0 0 0 0 0 0 0 0 0 0 0 0 0 0 0 0 0 0 0 0 0
10 25 20 0 0 0 0 0 0 0 0 0 0 0 0 0 0 0 0 0 0 0 0 0 0 0 0
10 25 21 0 0 0 0 0 0 0 0 0 0 0 0 0 0 0 0 0 0 0 0 0 0 0 0
10 25 22 0 0 0 0 0 0 0 0 0 0 0 0 0 0 0 0 0 0 0 0 0 0 0 0
10 25 23 0 0 0 0 0 0 0 0 0 0 0 0 0 0 0 0 0 0 0 0 0 0 0 0
10 25 24 0 0 0 0 0 0 0 0 0 0 0 0 0 0 0 0 0 0 0 0 0 0 0 0
10 25 25 0 0 0 0 0 0 0 0 0 0 0 0 0 0 0 0 0 0 0 0 0 0 0 0
10 25 26 0 0 0 0 0 0 0 0 0 0 0 0 0 0 0 0 0 0 0 0 0 0 0 0
10 25 27 0 0 0 0 0 0 0 0 0 0 0 0 0 0 0 0 0 0 0 0 0 0 0 0
10 25 28 0 0 0 0 0 0 0 0 0 0 0 0 0 0 0 0 0 0 0 0 0 0 0 0
10 25 29 0 0 0 0 0 0 0 0 0 0 0 0 0 0 0 0 0 0 0 0 0 0 0 0
10 25 30 0 0 0 0 0 0 0 0 0 0 0 0 0 0 0 0 0 0 0 0 0 0 0 0
10 25 31 0 0 0 0 0 0 0 0 0 0 0 0 0 0 0 0 0 0 0 0 0 0 0 0
10 26 0 0 0 0 0 0 0 0 0 0 0 0 0 0 0 0 0 0 0 0 0 0 0 0 0
10 26 1 0 0 0 0 0 0 0 0 0 0 0 0 0 0 0 0 0 0 0 0 0 0 0 0
10 26 2 0 0 0 0 0 0 0 0 0 0 0 0 0 0 0 0 0 0 0 0 0 0 0 0
10 26 3 0 0 0 0 0 0 0 0 0 0 0 0 0 0 0 0 0 0 0 0 0 0 0 0
10 26 4 0 0 0 0 0 0 0 0 0 0 0 0 0 0 0 0 0 0 0 0 0 0 0 0
10 26 5 0 0 0 0 0 0 0 0 0 0 0 0 0 0 0 0 0 0 0 0 0 0 0 0
10 26 6 0 0 0 0 0 0 0 0 0 0 0 0 0 0 0 0 0 0 0 0 0 0 0 0
10 26 7 0 0 0 0 0 0 0 0 0 0 0 0 0 0 0 0 0 0 0 0 0 0 0 0
10 26 8 0 0 0 0 0 0 0 0 0 0 0 0 0 0 0 0 0 0 0 0 0 0 0 0
10 26 9 0 0 0 0 0 0 0 0 0 0 0 0 0 0 0 0 0 0 0 0 0 0 0 0
10 26 10 0 0 0 0 0 0 0 0 0 0 0 0 0 0 0 0 0 0 0 0 0 0 0 0
10 26 11 0 0 0 0 0 0 0 0 0 0 0 0 0 0 0 0 0 0 0 0 0 0 0 0
10 26 12 0 0 0 0 0 0 0 0 0 0 0 0 0 0 0 0 0 0 0 0 0 0 0 0
10 26 13 0 0 0 0 0 0 0 0 0 0 0 0 0 0 0 0 0 0 0 0 0 0 0 0
10 26 14 0 0 0 0 0 0 0 0 0 0 0 0 0 0 0 0 0 0 0 0 0 0 0 0
10 26 15 0 0 0 0 0 0 0 0 0 0 0 0 0 0 0 0 0 0 0 0 0 0 0 0
10 26 16 0 0 0 0 0 0 0 0 0 0 0 0 0 0 0 0 0 0 0 0 0 0 0 0
10 26 17 0 0 0 0 0 0 0 0 0 0 0 0 0 0 0 0 0 0 0 0 0 0 0 0
10 26 18 0 0 0 0 0 0 0 0 0 0 0 0 0 0 0 0 0 0 0 0 0 0 0 0
10 26 19 0 0 0 0 0 0 0 0 0 0 0 0 0 0 0 0 0 0 0 0 0 0 0 0
10 26 20 0 0 0 0 0 0 0 0 0 0 0 0 0 0 0 0 0 0 0 0 0 0 0 0
10 26 21 0 0 0 0 0 0 0 0 0 0 0 0 0 0 0 0 0 0 0 0 0 0 0 0
10 26 22 0 0 0 0 0 0 0 0 0 0 0 0 0 0 0 0 0 0 0 0 0 0 0 0
10 26 23 0 0 0 0 0 0 0 0 0 0 0 0 0 0 0 0 0 0 0 0 0 0 0 0
10 26 24 0 0 0 0 0 0 0 0 0 0 0 0 0 0 0 0 0 0 0 0 0 0 0 0
10 26 25 0 0 0 0 0 0 0 0 0 0 0 0 0 0 0 0 0 0 0 0 0 0 0 0
10 26 26 0 0 0 0 0 0 0 0 0 0 0 0 0 0 0 0 0 0 0 0 0 0 0 0
10 26 27 0 0 0 0 0 0 0 0 0 0 0 0 0 0 0 0 0 0 0 0 0 0 0 0
10 26 28 0 0 0 0 0 0 0 0 0 0 0 0 0 0 0 0 0 0 0 0 0 0 0 0
10 26 29 0 0 0 0 0 0 0 0 0 0 0 0 0 0 0 0 0 0 0 0 0 0 0 0
10 26 30 0 0 0 0 0 0 0 0 0 0 0 0 0 0 0 0 0 0 0 0 0 0 0 0
10 26 31 0 0 0 0 0 0 0 0 0 0 0 0 0 0 0 0 0 0 0 0 0 0 0 0
10 27 0 0 0 0 0 0 0 0 0 0 0 0 0 0 0 0 0 0 0 0 0 0 0 0 0
10 27 1 0 0 0 0 0 0 0 0 0 0 0 0 0 0 0 0 0 0 0 0 0 0 0 0
10 27 2 0 0 0 0 0 0 0 0 0 0 0 0 0 0 0 0 0 0 0 0 0 0 0 0
10 27 3 0 0 0 0 0 0 0 0 0 0 0 0 0 0 0 0 0 0 0 0 0 0 0 0
10 27 4 0 0 0 0 0 0 0 0 0 0 0 0 0 0 0 0 0 0 0 0 0 0 0 0
10 27 5 0 0 0 0 0 0 0 0 0 0 0 0 0 0 0 0 0 0 0 0 0 0 0 0
10 27 6 0 0 0 0 0 0 0 0 0 0 0 0 0 0 0 0 0 0 0 0 0 0 0 0
10 27 7 0 0 0 0 0 0 0 0 0 0 0 0 0 0 0 0 0 0 0 0 0 0 0 0
10 27 8 0 0 0 0 0 0 0 0 0 0 0 0 0 0 0 0 0 0 0 0 0 0 0 0
10 27 9 0 0 0 0 0 0 0 0 0 0 0 0 0 0 0 0 0 0 0 0 0 0 0 0
10 27 10 0 0 0 0 0 0 0 0 0 0 0 0 0 0 0 0 0 0 0 0 0 0 0 0
10 27 11 0 0 0 0 0 0 0 0 0 0 0 0 0 0 0 0 0 0 0 0 0 0 0 0
10 27 12 0 0 0 0 0 0 0 0 0 0 0 0 0 0 0 0 0 0 0 0 0 0 0 0
10 27 13 0 0 0 0 0 0 0 0 0 0 0 0 0 0 0 0 0 0 0 0 0 0 0 0
10 27 14 0 0 0 0 0 0 0 0 0 0 0 0 0 0 0 0 0 0 0 0 0 0 0 0
10 27 15 0 0 0 0 0 0 0 0 0 0 0 0 0 0 0 0 0 0 0 0 0 0 0 0
10 27 16 0 0 0 0 0 0 0 0 0 0 0 0 0 0 0 0 0 0 0 0 0 0 0 0
10 27 17 0 0 0 0 0 0 0 0 0 0 0 0 0 0 0 0 0 0 0 0 0 0 0 0
10 27 18 0 0 0 0 0 0 0 0 0 0 0 0 0 0 0 0 0 0 0 0 0 0 0 0
10 27 19 0 0 0 0 0 0 0 0 0 0 0 0 0 0 0 0 0 0 0 0 0 0 0 0
10 27 20 0 0 0 0 0 0 0 0 0 0 0 0 0 0 0 0 0 0 0 0 0 0 0 0
10 27 21 0 0 0 0 0 0 0 0 0 0 0 0 0 0 0 0 0 0 0 0 0 0 0 0
10 27 22 0 0 0 0 0 0 0 0 0 0 0 0 0 0 0 0 0 0 0 0 0 0 0 0
10 27 23 0 0 0 0 0 0 0 0 0 0 0 0 0 0 0 0 0 0 0 0 0 0 0 0
10 27 24 0 0 0 0 0 0 0 0 0 0 0 0 0 0 0 0 0 0 0 0 0 0 0 0
10 27 25 0 0 0 0 0 0 0 0 0 0 0 0 0 0 0 0 0 0 0 0 0 0 0 0
10 27 26 0 0 0 0 0 0 0 0 0 0 0 0 0 0 0 0 0 0 0 0 0 0 0 0
10 27 27 0 0 0 0 0 0 0 0 0 0 0 0 0 0 0 0 0 0 0 0 0 0 0 0
10 27 28 0 0 0 0 0 0 0 0 0 0 0 0 0 0 0 0 0 0 0 0 0 0 0 0
10 27 29 0 0 0 0 0 0 0 0 0 0 0 0 0 0 0 0 0 0 0 0 0 0 0 0
10 27 30 0 0 0 0 0 0 0 0 0 0 0 0 0 0 0 0 0 0 0 0 0 0 0 0
10 27 31 0 0 0 0 0 0 0 0 0 0 0 0 0 0 0 0 0 0 0 0 0 0 0 0
10 28 0 0 0 0 0 0 0 0 0 0 0 0 0 0 0 0 0 0 0 0 0 0 0 0 0
10 28 1 0 0 0 0 0 0 0 0 0 0 0 0 0 0 0 0 0 0 0 0 0 0 0 0
10 28 2 0 0 0 0 0 0 0 0 0 0 0 0 0 0 0 0 0 0 0 0 0 0 0 0
10 28 3 0 0 0 0 0 0 0 0 0 0 0 0 0 0 0 0 0 0 0 0 0 0 0 0
10 28 4 0 0 0 0 0 0 0 0 0 0 0 0 0 0 0 0 0 0 0 0 0 0 0 0
10 28 5 0 0 0 0 0 0 0 0 0 0 0 0 0 0 0 0 0 0 0 0 0 0 0 0
10 28 6 0 0 0 0 0 0 0 0 0 0 0 0 0 0 0 0 0 0 0 0 0 0 0 0
10 28 7 0 0 0 0 0 0 0 0 0 0 0 0 0 0 0 0 0 0 0 0 0 0 0 0
10 28 8 0 0 0 0 0 0 0 0 0 0 0 0 0 0 0 0 0 0 0 0 0 0 0 0
10 28 9 0 0 0 0 0 0 0 0 0 0 0 0 0 0 0 0 0 0 0 0 0 0 0 0
10 28 10 0 0 0 0 0 0 0 0 0 0 0 0 0 0 0 0 0 0 0 0 0 0 0 0
10 28 11 0 0 0 0 0 0 0 0 0 0 0 0 0 0 0 0 0 0 0 0 0 0 0 0
10 28 12 0 0 0 0 0 0 0 0 0 0 0 0 0 0 0 0 0 0 0 0 0 0 0 0
10 28 13 0 0 0 0 0 0 0 0 0 0 0 0 0 0 0 0 0 0 0 0 0 0 0 0
10 28 14 0 0 0 0 0 0 0 0 0 0 0 0 0 0 0 0 0 0 0 0 0 0 0 0
10 28 15 0 0 0 0 0 0 0 0 0 0 0 0 0 0 0 0 0 0 0 0 0 0 0 0
10 28 16 0 0 0 0 0 0 0 0 0 0 0 0 0 0 0 0 0 0 0 0 0 0 0 0
10 28 17 0 0 0 0 0 0 0 0 0 0 0 0 0 0 0 0 0 0 0 0 0 0 0 0
10 28 18 0 0 0 0 0 0 0 0 0 0 0 0 0 0 0 0 0 0 0 0 0 0 0 0
10 28 19 0 0 0 0 0 0 0 0 0 0 0 0 0 0 0 0 0 0 0 0 0 0 0 0
10 28 20 0 0 0 0 0 0 0 0 0 0 0 0 0 0 0 0 0 0 0 0 0 0 0 0
10 28 21 0 0 0 0 0 0 0 0 0 0 0 0 0 0 0 0 0 0 0 0 0 0 0 0
10 28 22 0 0 0 0 0 0 0 0 0 0 0 0 0 0 0 0 0 0 0 0 0 0 0 0
10 28 23 0 0 0 0 0 0 0 0 0 0 0 0 0 0 0 0 0 0 0 0 0 0 0 0
10 28 24 0 0 0 0 0 0 0 0 0 0 0 0 0 0 0 0 0 0 0 0 0 0 0 0
10 28 25 0 0 0 0 0 0 0 0 0 0 0 0 0 0 0 0 0 0 0 0 0 0 0 0
10 28 26 0 0 0 0 0 0 0 0 0 0 0 0 0 0 0 0 0 0 0 0 0 0 0 0
10 28 27 0 0 0 0 0 0 0 0 0 0 0 0 0 0 0 0 0 0 0 0 0 0 0 0
10 28 28 0 0 0 0 0 0 0 0 0 0 0 0 0 0 0 0 0 0 0 0 0 0 0 0
10 28 29 0 0 0 0 0 0 0 0 0 0 0 0 0 0 0 0 0 0 0 0 0 0 0 0
10 28 30 0 0 0 0 0 0 0 0 0 0 0 0 0 0 0 0 0 0 0 0 0 0 0 0
10 28 31 0 0 0 0 0 0 0 0 0 0 0 0 0 0 0 0 0 0 0 0 0 0 0 0
10 29 0 0 0 0 0 0 0 0 0 0 0 0 0 0 0 0 0 0 0 0 0 0 0 0 0
10 29 1 0 0 0 0 0 0 0 0 0 0 0 0 0 0 0 0 0 0 0 0 0 0 0 0
10 29 2 0 0 0 0 0 0 0 0 0 0 0 0 0 0 0 0 0 0 0 0 0 0 0 0
10 29 3 0 0 0 0 0 0 0 0 0 0 0 0 0 0 0 0 0 0 0 0 0 0 0 0
10 29 4 0 0 0 0 0 0 0 0 0 0 0 0 0 0 0 0 0 0 0 0 0 0 0 0
10 29 5 0 0 0 0 0 0 0 0 0 0 0 0 0 0 0 0 0 0 0 0 0 0 0 0
10 29 6 0 0 0 0 0 0 0 0 0 0 0 0 0 0 0 0 0 0 0 0 0 0 0 0
10 29 7 0 0 0 0 0 0 0 0 0 0 0 0 0 0 0 0 0 0 0 0 0 0 0 0
10 29 8 0 0 0 0 0 0 0 0 0 0 0 0 0 0 0 0 0 0 0 0 0 0 0 0
10 29 9 0 0 0 0 0 0 0 0 0 0 0 0 0 0 0 0 0 0 0 0 0 0 0 0
10 29 10 0 0 0 0 0 0 0 0 0 0 0 0 0 0 0 0 0 0 0 0 0 0 0 0
10 29 11 0 0 0 0 0 0 0 0 0 0 0 0 0 0 0 0 0 0 0 0 0 0 0 0
10 29 12 0 0 0 0 0 0 0 0 0 0 0 0 0 0 0 0 0 0 0 0 0 0 0 0
10 29 13 0 0 0 0 0 0 0 0 0 0 0 0 0 0 0 0 0 0 0 0 0 0 0 0
10 29 14 0 0 0 0 0 0 0 0 0 0 0 0 0 0 0 0 0 0 0 0 0 0 0 0
10 29 15 0 0 0 0 0 0 0 0 0 0 0 0 0 0 0 0 0 0 0 0 0 0 0 0
10 29 16 0 0 0 0 0 0 0 0 0 0 0 0 0 0 0 0 0 0 0 0 0 0 0 0
10 29 17 0 0 0 0 0 0 0 0 0 0 0 0 0 0 0 0 0 0 0 0 0 0 0 0
10 29 18 0 0 0 0 0 0 0 0 0 0 0 0 0 0 0 0 0 0 0 0 0 0 0 0
10 29 19 0 0 0 0 0 0 0 0 0 0 0 0 0 0 0 0 0 0 0 0 0 0 0 0
10 29 20 0 0 0 0 0 0 0 0 0 0 0 0 0 0 0 0 0 0 0 0 0 0 0 0
10 29 21 0 0 0 0 0 0 0 0 0 0 0 0 0 0 0 0 0 0 0 0 0 0 0 0
10 29 22 0 0 0 0 0 0 0 0 0 0 0 0 0 0 0 0 0 0 0 0 0 0 0 0
10 29 23 0 0 0 0 0 0 0 0 0 0 0 0 0 0 0 0 0 0 0 0 0 0 0 0
10 29 24 0 0 0 0 0 0 0 0 0 0 0 0 0 0 0 0 0 0 0 0 0 0 0 0
10 29 25 0 0 0 0 0 0 0 0 0 0 0 0 0 0 0 0 0 0 0 0 0 0 0 0
10 29 26 0 0 0 0 0 0 0 0 0 0 0 0 0 0 0 0 0 0 0 0 0 0 0 0
10 29 27 0 0 0 0 0 0 0 0 0 0 0 0 0 0 0 0 0 0 0 0 0 0 0 0
10 29 28 0 0 0 0 0 0 0 0 0 0 0 0 0 0 0 0 0 0 0 0 0 0 0 0
10 29 29 0 0 0 0 0 0 0 0 0 0 0 0 0 0 0 0 0 0 0 0 0 0 0 0
10 29 30 0 0 0 0 0 0 0 0 0 0 0 0 0 0 0 0 0 0 0 0 0 0 0 0
10 29 31 0 0 0 0 0 0 0 0 0 0 0 0 0 0 0 0 0 0 0 0 0 0 0 0
10 30 0 0 0 0 0 0 0 0 0 0 0 0 0 0 0 0 0 0 0 0 0 0 0 0 0
10 30 1 0 0 0 0 0 0 0 0 0 0 0 0 0 0 0 0 0 0 0 0 0 0 0 0
10 30 2 0 0 0 0 0 0 0 0 0 0 0 0 0 0 0 0 0 0 0 0 0 0 0 0
10 30 3 0 0 0 0 0 0 0 0 0 0 0 0 0 0 0 0 0 0 0 0 0 0 0 0
10 30 4 0 0 0 0 0 0 0 0 0 0 0 0 0 0 0 0 0 0 0 0 0 0 0 0
10 30 5 0 0 0 0 0 0 0 0 0 0 0 0 0 0 0 0 0 0 0 0 0 0 0 0
10 30 6 0 0 0 0 0 0 0 0 0 0 0 0 0 0 0 0 0 0 0 0 0 0 0 0
10 30 7 0 0 0 0 0 0 0 0 0 0 0 0 0 0 0 0 0 0 0 0 0 0 0 0
10 30 8 0 0 0 0 0 0 0 0 0 0 0 0 0 0 0 0 0 0 0 0 0 0 0 0
10 30 9 0 0 0 0 0 0 0 0 0 0 0 0 0 0 0 0 0 0 0 0 0 0 0 0
10 30 10 0 0 0 0 0 0 0 0 0 0 0 0 0 0 0 0 0 0 0 0 0 0 0 0
10 30 11 0 0 0 0 0 0 0 0 0 0 0 0 0 0 0 0 0 0 0 0 0 0 0 0
10 30 12 0 0 0 0 0 0 0 0 0 0 0 0 0 0 0 0 0 0 0 0 0 0 0 0
10 30 13 0 0 0 0 0 0 0 0 0 0 0 0 0 0 0 0 0 0 0 0 0 0 0 0
10 30 14 0 0 0 0 0 0 0 0 0 0 0 0 0 0 0 0 0 0 0 0 0 0 0 0
10 30 15 0 0 0 0 0 0 0 0 0 0 0 0 0 0 0 0 0 0 0 0 0 0 0 0
10 30 16 0 0 0 0 0 0 0 0 0 0 0 0 0 0 0 0 0 0 0 0 0 0 0 0
10 30 17 0 0 0 0 0 0 0 0 0 0 0 0 0 0 0 0 0 0 0 0 0 0 0 0
10 30 18 0 0 0 0 0 0 0 0 0 0 0 0 0 0 0 0 0 0 0 0 0 0 0 0
10 30 19 0 0 0 0 0 0 0 0 0 0 0 0 0 0 0 0 0 0 0 0 0 0 0 0
10 30 20 0 0 0 0 0 0 0 0 0 0 0 0 0 0 0 0 0 0 0 0 0 0 0 0
10 30 21 0 0 0 0 0 0 0 0 0 0 0 0 0 0 0 0 0 0 0 0 0 0 0 0
10 30 22 0 0 0 0 0 0 0 0 0 0 0 0 0 0 0 0 0 0 0 0 0 0 0 0
10 30 23 0 0 0 0 0 0 0 0 0 0 0 0 0 0 0 0 0 0 0 0 0 0 0 0
10 30 24 0 0 0 0 0 0 0 0 0 0 0 0 0 0 0 0 0 0 0 0 0 0 0 0
10 30 25 0 0 0 0 0 0 0 0 0 0 0 0 0 0 0 0 0 0 0 0 0 0 0 0
10 30 26 0 0 0 0 0 0 0 0 0 0 0 0 0 0 0 0 0 0 0 0 0 0 0 0
10 30 27 0 0 0 0 0 0 0 0 0 0 0 0 0 0 0 0 0 0 0 0 0 0 0 0
10 30 28 0 0 0 0 0 0 0 0 0 0 0 0 0 0 0 0 0 0 0 0 0 0 0 0
10 30 29 0 0 0 0 0 0 0 0 0 0 0 0 0 0 0 0 0 0 0 0 0 0 0 0
10 30 30 0 0 0 0 0 0 0 0 0 0 0 0 0 0 0 0 0 0 0 0 0 0 0 0
10 30 31 0 0 0 0 0 0 0 0 0 0 0 0 0 0 0 0 0 0 0 0 0 0 0 0
10 31 0 0 0 0 0 0 0 0 0 0 0 0 0 0 0 0 0 0 0 0 0 0 0 0 0
10 31 1 0 0 0 0 0 0 0 0 0 0 0 0 0 0 0 0 0 0 0 0 0 0 0 0
10 31 2 0 0 0 0 0 0 0 0 0 0 0 0 0 0 0 0 0 0 0 0 0 0 0 0
10 31 3 0 0 0 0 0 0 0 0 0 0 0 0 0 0 0 0 0 0 0 0 0 0 0 0
10 31 4 0 0 0 0 0 0 0 0 0 0 0 0 0 0 0 0 0 0 0 0 0 0 0 0
10 31 5 0 0 0 0 0 0 0 0 0 0 0 0 0 0 0 0 0 0 0 0 0 0 0 0
10 31 6 0 0 0 0 0 0 0 0 0 0 0 0 0 0 0 0 0 0 0 0 0 0 0 0
10 31 7 0 0 0 0 0 0 0 0 0 0 0 0 0 0 0 0 0 0 0 0 0 0 0 0
10 31 8 0 0 0 0 0 0 0 0 0 0 0 0 0 0 0 0 0 0 0 0 0 0 0 0
10 31 9 0 0 0 0 0 0 0 0 0 0 0 0 0 0 0 0 0 0 0 0 0 0 0 0
10 31 10 0 0 0 0 0 0 0 0 0 0 0 0 0 0 0 0 0 0 0 0 0 0 0 0
10 31 11 0 0 0 0 0 0 0 0 0 0 0 0 0 0 0 0 0 0 0 0 0 0 0 0
10 31 12 0 0 0 0 0 0 0 0 0 0 0 0 0 0 0 0 0 0 0 0 0 0 0 0
10 31 13 0 0 0 0 0 0 0 0 0 0 0 0 0 0 0 0 0 0 0 0 0 0 0 0
10 31 14 0 0 0 0 0 0 0 0 0 0 0 0 0 0 0 0 0 0 0 0 0 0 0 0
10 31 15 0 0 0 0 0 0 0 0 0 0 0 0 0 0 0 0 0 0 0 0 0 0 0 0
10 31 16 0 0 0 0 0 0 0 0 0 0 0 0 0 0 0 0 0 0 0 0 0 0 0 0
10 31 17 0 0 0 0 0 0 0 0 0 0 0 0 0 0 0 0 0 0 0 0 0 0 0 0
10 31 18 0 0 0 0 0 0 0 0 0 0 0 0 0 0 0 0 0 0 0 0 0 0 0 0
10 31 19 0 0 0 0 0 0 0 0 0 0 0 0 0 0 0 0 0 0 0 0 0 0 0 0
10 31 20 0 0 0 0 0 0 0 0 0 0 0 0 0 0 0 0 0 0 0 0 0 0 0 0
10 31 21 0 0 0 0 0 0 0 0 0 0 0 0 0 0 0 0 0 0 0 0 0 0 0 0
10 31 22 0 0 0 0 0 0 0 0 0 0 0 0 0 0 0 0 0 0 0 0 0 0 0 0
10 31 23 0 0 0 0 0 0 0 0 0 0 0 0 0 0 0 0 0 0 0 0 0 0 0 0
10 31 24 0 0 0 0 0 0 0 0 0 0 0 0 0 0 0 0 0 0 0 0 0 0 0 0
10 31 25 0 0 0 0 0 0 0 0 0 0 0 0 0 0 0 0 0 0 0 0 0 0 0 0
10 31 26 0 0 0 0 0 0 0 0 0 0 0 0 0 0 0 0 0 0 0 0 0 0 0 0
10 31 27 0 0 0 0 0 0 0 0 0 0 0 0 0 0 0 0 0 0 0 0 0 0 0 0
10 31 28 0 0 0 0 0 0 0 0 0 0 0 0 0 0 0 0 0 0 0 0 0 0 0 0
10 31 29 0 0 0 0 0 0 0 0 0 0 0 0 0 0 0 0 0 0 0 0 0 0 0 0
10 31 30 0 0 0 0 0 0 0 0 0 0 0 0 0 0 0 0 0 0 0 0 0 0 0 0
10 31 31 0 0 0 0 0 0 0 0 0 0 0 0 0 0 0 0 0 0 0 0 0 0 0 0
11 0 0 1 0 0 1 1 275 0 0 0 0 0 0 0 0 0 0 0 0 0 0 0 0 0 0
11 0 1 1 0 0 1 2 275 1 0 1 1 0 275 0 0 0 0 0 0 0 0 0 0 0 0
11 0 2 0 0 0 0 0 0 1 0 1 1 1 275 0 0 0 0 0 0 0 0 0 0 0 0
11 0 3 1 0 2 1 0 276 1 0 1 1 2 275 0 0 0 0 0 0 0 0 0 0 0 0
11 0 4 1 0 2 1 1 276 0 0 0 0 0 0 0 0 0 0 0 0 0 0 0 0 0 0
11 0 5 1 0 2 1 2 276 1 0 3 1 0 276 0 0 0 0 0 0 0 0 0 0 0 0
11 0 6 0 0 0 0 0 0 1 0 3 1 1 276 0 0 0 0 0 0 0 0 0 0 0 0
11 0 7 1 0 4 1 0 277 1 0 3 1 2 276 0 0 0 0 0 0 0 0 0 0 0 0
11 0 8 1 0 4 1 1 277 0 0 0 0 0 0 0 0 0 0 0 0 0 0 0 0 0 0
11 0 9 1 0 4 1 2 277 1 0 5 1 0 277 0 0 0 0 0 0 0 0 0 0 0 0
11 0 10 0 0 0 0 0 0 1 0 5 1 1 277 0 0 0 0 0 0 0 0 0 0 0 0
11 0 11 1 0 6 1 0 278 1 0 5 1 2 277 0 0 0 0 0 0 0 0 0 0 0 0
11 0 12 1 0 6 1 1 278 0 0 0 0 0 0 0 0 0 0 0 0 0 0 0 0 0 0
11 0 13 1 0 6 1 2 278 1 0 7 1 0 278 0 0 0 0 0 0 0 0 0 0 0 0
11 0 14 0 0 0 0 0 0 1 0 7 1 1 278 0 0 0 0 0 0 0 0 0 0 0 0
11 0 15 1 0 8 1 0 279 1 0 7 1 2 278 0 0 0 0 0 0 0 0 0 0 0 0
11 0 16 1 0 8 1 1 279 0 0 0 0 0 0 0 0 0 0 0 0 0 0 0 0 0 0
11 0 17 1 0 8 1 2 279 0 0 0 0 0 0 0 0 0 0 0 0 0 0 0 0 0 0
11 0 18 0 0 0 0 0 0 0 0 0 0 0 0 0 0 0 0 0 0 0 0 0 0 0 0
11 0 19 0 0 0 0 0 0 0 0 0 0 0 0 0 0 0 0 0 0 0 0 0 0 0 0
11 0 20 0 0 0 0 0 0 0 0 0 0 0 0 0 0 0 0 0 0 0 0 0 0 0 0
11 0 21 0 0 0 0 0 0 0 0 0 0 0 0 0 0 0 0 0 0 0 0 0 0 0 0
11 0 22 0 0 0 0 0 0 0 0 0 0 0 0 0 0 0 0 0 0 0 0 0 0 0 0
11 0 23 0 0 0 0 0 0 0 0 0 0 0 0 0 0 0 0 0 0 0 0 0 0 0 0
11 0 24 0 0 0 0 0 0 0 0 0 0 0 0 0 0 0 0 0 0 0 0 0 0 0 0
11 0 25 0 0 0 0 0 0 0 0 0 0 0 0 0 0 0 0 0 0 0 0 0 0 0 0
11 0 26 0 0 0 0 0 0 0 0 0 0 0 0 0 0 0 0 0 0 0 0 0 0 0 0
11 0 27 0 0 0 0 0 0 0 0 0 0 0 0 0 0 0 0 0 0 0 0 0 0 0 0
11 0 28 0 0 0 0 0 0 0 0 0 0 0 0 0 0 0 0 0 0 0 0 0 0 0 0
11 0 29 0 0 0 0 0 0 0 0 0 0 0 0 0 0 0 0 0 0 0 0 0 0 0 0
11 0 30 0 0 0 0 0 0 0 0 0 0 0 0 0 0 0 0 0 0 0 0 0 0 0 0
11 0 31 0 0 0 0 0 0 0 0 0 0 0 0 0 0 0 0 0 0 0 0 0 0 0 0
11 1 0 1 0 0 2 1 275 0 0 0 0 0 0 1 1 0 0 1 275 0 0 0 0 0 0
11 1 1 1 0 0 2 2 275 1 0 1 2 0 275 1 1 0 0 2 275 1 1 1 0 0 275
11 1 2 0 0 0 0 0 0 1 0 1 2 1 275 0 0 0 0 0 0 1 1 1 0 1 275
11 1 3 1 0 2 2 0 276 1 0 1 2 2 275 1 1 2 0 0 276 1 1 1 0 2 275
11 1 4 1 0 2 2 1 276 0 0 0 0 0 0 1 1 2 0 1 276 0 0 0 0 0 0
11 1 5 1 0 2 2 2 276 1 0 3 2 0 276 1 1 2 0 2 276 1 1 3 0 0 276
11 1 6 0 0 0 0 0 0 1 0 3 2 1 276 0 0 0 0 0 0 1 1 3 0 1 276
11 1 7 1 0 4 2 0 277 1 0 3 2 2 276 1 1 4 0 0 277 1 1 3 0 2 276
11 1 8 1 0 4 2 1 277 0 0 0 0 0 0 1 1 4 0 1 277 0 0 0 0 0 0
11 1 9 1 0 4 2 2 277 1 0 5 2 0 277 1 1 4 0 2 277 1 1 5 0 0 277
11 1 10 0 0 0 0 0 0 1 0 5 2 1 277 0 0 0 0 0 0 1 1 5 0 1 277
11 1 11 1 0 6 2 0 278 1 0 5 2 2 277 1 1 6 0 0 278 1 1 5 0 2 277
11 1 12 1 0 6 2 1 278 0 0 0 0 0 0 1 1 6 0 1 278 0 0 0 0 0 0
11 1 13 1 0 6 2 2 278 1 0 7 2 0 278 1 1 6 0 2 278 1 1 7 0 0 278
11 1 14 0 0 0 0 0 0 1 0 7 2 1 278 0 0 0 0 0 0 1 1 7 0 1 278
11 1 15 1 0 8 2 0 279 1 0 7 2 2 278 1 1 8 0 0 279 1 1 7 0 2 278
11 1 16 1 0 8 2 1 279 0 0 0 0 0 0 1 1 8 0 1 279 0 0 0 0 0 0
11 1 17 1 0 8 2 2 279 0 0 0 0 0 0 1 1 8 0 2 279 0 0 0 0 0 0
11 1 18 0 0 0 0 0 0 0 0 0 0 0 0 0 0 0 0 0 0 0 0 0 0 0 0
11 1 19 0 0 0 0 0 0 0 0 0 0 0 0 0 0 0 0 0 0 0 0 0 0 0 0
11 1 20 0 0 0 0 0 0 0 0 0 0 0 0 0 0 0 0 0 0 0 0 0 0 0 0
11 1 21 0 0 0 0 0 0 0 0 0 0 0 0 0 0 0 0 0 0 0 0 0 0 0 0
11 1 22 0 0 0 0 0 0 0 0 0 0 0 0 0 0 0 0 0 0 0 0 0 0 0 0
11 1 23 0 0 0 0 0 0 0 0 0 0 0 0 0 0 0 0 0 0 0 0 0 0 0 0
11 1 24 0 0 0 0 0 0 0 0 0 0 0 0 0 0 0 0 0 0 0 0 0 0 0 0
11 1 25 0 0 0 0 0 0 0 0 0 0 0 0 0 0 0 0 0 0 0 0 0 0 0 0
11 1 26 0 0 0 0 0 0 0 0 0 0 0 0 0 0 0 0 0 0 0 0 0 0 0 0
11 1 27 0 0 0 0 0 0 0 0 0 0 0 0 0 0 0 0 0 0 0 0 0 0 0 0
11 1 28 0 0 0 0 0 0 0 0 0 0 0 0 0 0 0 0 0 0 0 0 0 0 0 0
11 1 29 0 0 0 0 0 0 0 0 0 0 0 0 0 0 0 0 0 0 0 0 0 0 0 0
11 1 30 0 0 0 0 0 0 0 0 0 0 0 0 0 0 0 0 0 0 0 0 0 0 0 0
11 1 31 0 0 0 0 0 0 0 0 0 0 0 0 0 0 0 0 0 0 0 0 0 0 0 0
11 2 0 0 0 0 0 0 0 0 0 0 0 0 0 1 1 0 1 1 275 0 0 0 0 0 0
11 2 1 0 0 0 0 0 0 0 0 0 0 0 0 1 1 0 1 2 275 1 1 1 1 0 275
11 2 2 0 0 0 0 0 0 0 0 0 0 0 0 0 0 0 0 0 0 1 1 1 1 1 275
11 2 3 0 0 0 0 0 0 0 0 0 0 0 0 1 1 2 1 0 276 1 1 1 1 2 275
11 2 4 0 0 0 0 0 0 0 0 0 0 0 0 1 1 2 1 1 276 0 0 0 0 0 0
11 2 5 0 0 0 0 0 0 0 0 0 0 0 0 1 1 2 1 2 276 1 1 3 1 0 276
11 2 6 0 0 0 0 0 0 0 0 0 0 0 0 0 0 0 0 0 0 1 1 3 1 1 276
11 2 7 0 0 0 0 0 0 0 0 0 0 0 0 1 1 4 1 0 277 1 1 3 1 2 276
11 2 8 0 0 0 0 0 0 0 0 0 0 0 0 1 1 4 1 1 277 0 0 0 0 0 0
11 2 9 0 0 0 0 0 0 0 0 0 0 0 0 1 1 4 1 2 277 1 1 5 1 0 277
11 2 10 0 0 0 0 0 0 0 0 0 0 0 0 0 0 0 0 0 0 1 1 5 1 1 277
11 2 11 0 0 0 0 0 0 0 0 0 0 0 0 1 1 6 1 0 278 1 1 5 1 2 277
11 2 12 0 0 0 0 0 0 0 0 0 0 0 0 1 1 6 1 1 278 0 0 0 0 0 0
11 2 13 0 0 0 0 0 0 0 0 0 0 0 0 1 1 6 1 2 278 1 1 7 1 0 278
11 2 14 0 0 0 0 0 0 0 0 0 0 0 0 0 0 0 0 0 0 1 1 7 1 1 278
11 2 15 0 0 0 0 0 0 0 0 0 0 0 0 1 1 8 1 0 279 1 1 7 1 2 278
11 2 16 0 0 0 0 0 0 0 0 0 0 0 0 1 1 8 1 1 279 0 0 0 0 0 0
11 2 17 0 0 0 0 0 0 0 0 0 0 0 0 1 1 8 1 2 279 0 0 0 0 0 0
11 2 18 0 0 0 0 0 0 0 0 0 0 0 0 0 0 0 0 0 0 0 0 0 0 0 0
11 2 19 0 0 0 0 0 0 0 0 0 0 0 0 0 0 0 0 0 0 0 0 0 0 0 0
11 2 20 0 0 0 0 0 0 0 0 0 0 0 0 0 0 0 0 0 0 0 0 0 0 0 0
11 2 21 0 0 0 0 0 0 0 0 0 0 0 0 0 0 0 0 0 0 0 0 0 0 0 0
11 2 22 0 0 0 0 0 0 0 0 0 0 0 0 0 0 0 0 0 0 0 0 0 0 0 0
11 2 23 0 0 0 0 0 0 0 0 0 0 0 0 0 0 0 0 0 0 0 0 0 0 0 0
11 2 24 0 0 0 0 0 0 0 0 0 0 0 0 0 0 0 0 0 0 0 0 0 0 0 0
11 2 25 0 0 0 0 0 0 0 0 0 0 0 0 0 0 0 0 0 0 0 0 0 0 0 0
11 2 26 0 0 0 0 0 0 0 0 0 0 0 0 0 0 0 0 0 0 0 0 0 0 0 0
11 2 27 0 0 0 0 0 0 0 0 0 0 0 0 0 0 0 0 0 0 0 0 0 0 0 0
11 2 28 0 0 0 0 0 0 0 0 0 0 0 0 0 0 0 0 0 0 0 0 0 0 0 0
11 2 29 0 0 0 0 0 0 0 0 0 0 0 0 0 0 0 0 0 0 0 0 0 0 0 0
11 2 30 0 0 0 0 0 0 0 0 0 0 0 0 0 0 0 0 0 0 0 0 0 0 0 0
11 2 31 0 0 0 0 0 0 0 0 0 0 0 0 0 0 0 0 0 0 0 0 0 0 0 0
11 3 0 1 2 0 0 1 280 0 0 0 0 0 0 1 1 0 2 1 275 0 0 0 0 0 0
11 3 1 1 2 0 0 2 280 1 2 1 0 0 280 1 1 0 2 2 275 1 1 1 2 0 275
11 3 2 0 0 0 0 0 0 1 2 1 0 1 280 0 0 0 0 0 0 1 1 1 2 1 275
11 3 3 1 2 2 0 0 281 1 2 1 0 2 280 1 1 2 2 0 276 1 1 1 2 2 275
11 3 4 1 2 2 0 1 281 0 0 0 0 0 0 1 1 2 2 1 276 0 0 0 0 0 0
11 3 5 1 2 2 0 2 281 1 2 3 0 0 281 1 1 2 2 2 276 1 1 3 2 0 276
11 3 6 0 0 0 0 0 0 1 2 3 0 1 281 0 0 0 0 0 0 1 1 3 2 1 276
11 3 7 1 2 4 0 0 282 1 2 3 0 2 281 1 1 4 2 0 277 1 1 3 2 2 276
11 3 8 1 2 4 0 1 282 0 0 0 0 0 0 1 1 4 2 1 277 0 0 0 0 0 0
11 3 9 1 2 4 0 2 282 1 2 5 0 0 282 1 1 4 2 2 277 1 1 5 2 0 277
11 3 10 0 0 0 0 0 0 1 2 5 0 1 282 0 0 0 0 0 0 1 1 5 2 1 277
11 3 11 1 2 6 0 0 283 1 2 5 0 2 282 1 1 6 2 0 278 1 1 5 2 2 277
11 3 12 1 2 6 0 1 283 0 0 0 0 0 0 1 1 6 2 1 278 0 0 0 0 0 0
11 3 13 1 2 6 0 2 283 1 2 7 0 0 283 1 1 6 2 2 278 1 1 7 2 0 278
11 3 14 0 0 0 0 0 0 1 2 7 0 1 283 0 0 0 0 0 0 1 1 7 2 1 278
11 3 15 1 2 8 0 0 284 1 2 7 0 2 283 1 1 8 2 0 279 1 1 7 2 2 278
11 3 16 1 2 8 0 1 284 0 0 0 0 0 0 1 1 8 2 1 279 0 0 0 0 0 0
11 3 17 1 2 8 0 2 284 0 0 0 0 0 0 1 1 8 2 2 279 0 0 0 0 0 0
11 3 18 0 0 0 0 0 0 0 0 0 0 0 0 0 0 0 0 0 0 0 0 0 0 0 0
11 3 19 0 0 0 0 0 0 0 0 0 0 0 0 0 0 0 0 0 0 0 0 0 0 0 0
11 3 20 0 0 0 0 0 0 0 0 0 0 0 0 0 0 0 0 0 0 0 0 0 0 0 0
11 3 21 0 0 0 0 0 0 0 0 0 0 0 0 0 0 0 0 0 0 0 0 0 0 0 0
11 3 22 0 0 0 0 0 0 0 0 0 0 0 0 0 0 0 0 0 0 0 0 0 0 0 0
11 3 23 0 0 0 0 0 0 0 0 0 0 0 0 0 0 0 0 0 0 0 0 0 0 0 0
11 3 24 0 0 0 0 0 0 0 0 0 0 0 0 0 0 0 0 0 0 0 0 0 0 0 0
11 3 25 0 0 0 0 0 0 0 0 0 0 0 0 0 0 0 0 0 0 0 0 0 0 0 0
11 3 26 0 0 0 0 0 0 0 0 0 0 0 0 0 0 0 0 0 0 0 0 0 0 0 0
11 3 27 0 0 0 0 0 0 0 0 0 0 0 0 0 0 0 0 0 0 0 0 0 0 0 0
11 3 28 0 0 0 0 0 0 0 0 0 0 0 0 0 0 0 0 0 0 0 0 0 0 0 0
11 3 29 0 0 0 0 0 0 0 0 0 0 0 0 0 0 0 0 0 0 0 0 0 0 0 0
11 3 30 0 0 0 0 0 0 0 0 0 0 0 0 0 0 0 0 0 0 0 0 0 0 0 0
11 3 31 0 0 0 0 0 0 0 0 0 0 0 0 0 0 0 0 0 0 0 0 0 0 0 0
11 4 0 1 2 0 1 1 280 0 0 0 0 0 0 0 0 0 0 0 0 0 0 0 0 0 0
11 4 1 1 2 0 1 2 280 1 2 1 1 0 280 0 0 0 0 0 0 0 0 0 0 0 0
11 4 2 0 0 0 0 0 0 1 2 1 1 1 280 0 0 0 0 0 0 0 0 0 0 0 0
11 4 3 1 2 2 1 0 281 1 2 1 1 2 280 0 0 0 0 0 0 0 0 0 0 0 0
11 4 4 1 2 2 1 1 281 0 0 0 0 0 0 0 0 0 0 0 0 0 0 0 0 0 0
11 4 5 1 2 2 1 2 281 1 2 3 1 0 281 0 0 0 0 0 0 0 0 0 0 0 0
11 4 6 0 0 0 0 0 0 1 2 3 1 1 281 0 0 0 0 0 0 0 0 0 0 0 0
11 4 7 1 2 4 1 0 282 1 2 3 1 2 281 0 0 0 0 0 0 0 0 0 0 0 0
11 4 8 1 2 4 1 1 282 0 0 0 0 0 0 0 0 0 0 0 0 0 0 0 0 0 0
11 4 9 1 2 4 1 2 282 1 2 5 1 0 282 0 0 0 0 0 0 0 0 0 0 0 0
11 4 10 0 0 0 0 0 0 1 2 5 1 1 282 0 0 0 0 0 0 0 0 0 0 0 0
11 4 11 1 2 6 1 0 283 1 2 5 1 2 282 0 0 0 0 0 0 0 0 0 0 0 0
11 4 12 1 2 6 1 1 283 0 0 0 0 0 0 0 0 0 0 0 0 0 0 0 0 0 0
11 4 13 1 2 6 1 2 283 1 2 7 1 0 283 0 0 0 0 0 0 0 0 0 0 0 0
11 4 14 0 0 0 0 0 0 1 2 7 1 1 283 0 0 0 0 0 0 0 0 0 0 0 0
11 4 15 1 2 8 1 0 284 1 2 7 1 2 283 0 0 0 0 0 0 0 0 0 0 0 0
11 4 16 1 2 8 1 1 284 0 0 0 0 0 0 0 0 0 0 0 0 0 0 0 0 0 0
11 4 17 1 2 8 1 2 284 0 0 0 0 0 0 0 0 0 0 0 0 0 0 0 0 0 0
11 4 18 0 0 0 0 0 0 0 0 0 0 0 0 0 0 0 0 0 0 0 0 0 0 0 0
11 4 19 0 0 0 0 0 0 0 0 0 0 0 0 0 0 0 0 0 0 0 0 0 0 0 0
11 4 20 0 0 0 0 0 0 0 0 0 0 0 0 0 0 0 0 0 0 0 0 0 0 0 0
11 4 21 0 0 0 0 0 0 0 0 0 0 0 0 0 0 0 0 0 0 0 0 0 0 0 0
11 4 22 0 0 0 0 0 0 0 0 0 0 0 0 0 0 0 0 0 0 0 0 0 0 0 0
11 4 23 0 0 0 0 0 0 0 0 0 0 0 0 0 0 0 0 0 0 0 0 0 0 0 0
11 4 24 0 0 0 0 0 0 0 0 0 0 0 0 0 0 0 0 0 0 0 0 0 0 0 0
11 4 25 0 0 0 0 0 0 0 0 0 0 0 0 0 0 0 0 0 0 0 0 0 0 0 0
11 4 26 0 0 0 0 0 0 0 0 0 0 0 0 0 0 0 0 0 0 0 0 0 0 0 0
11 4 27 0 0 0 0 0 0 0 0 0 0 0 0 0 0 0 0 0 0 0 0 0 0 0 0
11 4 28 0 0 0 0 0 0 0 0 0 0 0 0 0 0 0 0 0 0 0 0 0 0 0 0
11 4 29 0 0 0 0 0 0 0 0 0 0 0 0 0 0 0 0 0 0 0 0 0 0 0 0
11 4 30 0 0 0 0 0 0 0 0 0 0 0 0 0 0 0 0 0 0 0 0 0 0 0 0
11 4 31 0 0 0 0 0 0 0 0 0 0 0 0 0 0 0 0 0 0 0 0 0 0 0 0
11 5 0 1 2 0 2 1 280 0 0 0 0 0 0 1 3 0 0 1 280 0 0 0 0 0 0
11 5 1 1 2 0 2 2 280 1 2 1 2 0 280 1 3 0 0 2 280 1 3 1 0 0 280
11 5 2 0 0 0 0 0 0 1 2 1 2 1 280 0 0 0 0 0 0 1 3 1 0 1 280
11 5 3 1 2 2 2 0 281 1 2 1 2 2 280 1 3 2 0 0 281 1 3 1 0 2 280
11 5 4 1 2 2 2 1 281 0 0 0 0 0 0 1 3 2 0 1 281 0 0 0 0 0 0
11 5 5 1 2 2 2 2 281 1 2 3 2 0 281 1 3 2 0 2 281 1 3 3 0 0 281
11 5 6 0 0 0 0 0 0 1 2 3 2 1 281 0 0 0 0 0 0 1 3 3 0 1 281
11 5 7 1 2 4 2 0 282 1 2 3 2 2 281 1 3 4 0 0 282 1 3 3 0 2 281
11 5 8 1 2 4 2 1 282 0 0 0 0 0 0 1 3 4 0 1 282 0 0 0 0 0 0
11 5 9 1 2 4 2 2 282 1 2 5 2 0 282 1 3 4 0 2 282 1 3 5 0 0 282
11 5 10 0 0 0 0 0 0 1 2 5 2 1 282 0 0 0 0 0 0 1 3 5 0 1 282
11 5 11 1 2 6 2 0 283 1 2 5 2 2 282 1 3 6 0 0 283 1 3 5 0 2 282
11 5 12 1 2 6 2 1 283 0 0 0 0 0 0 1 3 6 0 1 283 0 0 0 0 0 0
11 5 13 1 2 6 2 2 283 1 2 7 2 0 283 1 3 6 0 2 283 1 3 7 0 0 283
11 5 14 0 0 0 0 0 0 1 2 7 2 1 283 0 0 0 0 0 0 1 3 7 0 1 283
11 5 15 1 2 8 2 0 284 1 2 7 2 2 283 1 3 8 0 0 284 1 3 7 0 2 283
11 5 16 1 2 8 2 1 284 0 0 0 0 0 0 1 3 8 0 1 284 0 0 0 0 0 0
11 5 17 1 2 8 2 2 284 0 0 0 0 0 0 1 3 8 0 2 284 0 0 0 0 0 0
11 5 18 0 0 0 0 0 0 0 0 0 0 0 0 0 0 0 0 0 0 0 0 0 0 0 0
11 5 19 0 0 0 0 0 0 0 0 0 0 0 0 0 0 0 0 0 0 0 0 0 0 0 0
11 5 20 0 0 0 0 0 0 0 0 0 0 0 0 0 0 0 0 0 0 0 0 0 0 0 0
11 5 21 0 0 0 0 0 0 0 0 0 0 0 0 0 0 0 0 0 0 0 0 0 0 0 0
11 5 22 0 0 0 0 0 0 0 0 0 0 0 0 0 0 0 0 0 0 0 0 0 0 0 0
11 5 23 0 0 0 0 0 0 0 0 0 0 0 0 0 0 0 0 0 0 0 0 0 0 0 0
11 5 24 0 0 0 0 0 0 0 0 0 0 0 0 0 0 0 0 0 0 0 0 0 0 0 0
11 5 25 0 0 0 0 0 0 0 0 0 0 0 0 0 0 0 0 0 0 0 0 0 0 0 0
11 5 26 0 0 0 0 0 0 0 0 0 0 0 0 0 0 0 0 0 0 0 0 0 0 0 0
11 5 27 0 0 0 0 0 0 0 0 0 0 0 0 0 0 0 0 0 0 0 0 0 0 0 0
11 5 28 0 0 0 0 0 0 0 0 0 0 0 0 0 0 0 0 0 0 0 0 0 0 0 0
11 5 29 0 0 0 0 0 0 0 0 0 0 0 0 0 0 0 0 0 0 0 0 0 0 0 0
11 5 30 0 0 0 0 0 0 0 0 0 0 0 0 0 0 0 0 0 0 0 0 0 0 0 0
11 5 31 0 0 0 0 0 0 0 0 0 0 0 0 0 0 0 0 0 0 0 0 0 0 0 0
11 6 0 0 0 0 0 0 0 0 0 0 0 0 0 1 3 0 1 1 280 0 0 0 0 0 0
11 6 1 0 0 0 0 0 0 0 0 0 0 0 0 1 3 0 1 2 280 1 3 1 1 0 280
11 6 2 0 0 0 0 0 0 0 0 0 0 0 0 0 0 0 0 0 0 1 3 1 1 1 280
11 6 3 0 0 0 0 0 0 0 0 0 0 0 0 1 3 2 1 0 281 1 3 1 1 2 280
11 6 4 0 0 0 0 0 0 0 0 0 0 0 0 1 3 2 1 1 281 0 0 0 0 0 0
11 6 5 0 0 0 0 0 0 0 0 0 0 0 0 1 3 2 1 2 281 1 3 3 1 0 281
11 6 6 0 0 0 0 0 0 0 0 0 0 0 0 0 0 0 0 0 0 1 3 3 1 1 281
11 6 7 0 0 0 0 0 0 0 0 0 0 0 0 1 3 4 1 0 282 1 3 3 1 2 281
11 6 8 0 0 0 0 0 0 0 0 0 0 0 0 1 3 4 1 1 282 0 0 0 0 0 0
11 6 9 0 0 0 0 0 0 0 0 0 0 0 0 1 3 4 1 2 282 1 3 5 1 0 282
11 6 10 0 0 0 0 0 0 0 0 0 0 0 0 0 0 0 0 0 0 1 3 5 1 1 282
11 6 11 0 0 0 0 0 0 0 0 0 0 0 0 1 3 6 1 0 283 1 3 5 1 2 282
11 6 12 0 0 0 0 0 0 0 0 0 0 0 0 1 3 6 1 1 283 0 0 0 0 0 0
11 6 13 0 0 0 0 0 0 0 0 0 0 0 0 1 3 6 1 2 283 1 3 7 1 0 283
11 6 14 0 0 0 0 0 0 0 0 0 0 0 0 0 0 0 0 0 0 1 3 7 1 1 283
11 6 15 0 0 0 0 0 0 0 0 0 0 0 0 1 3 8 1 0 284 1 3 7 1 2 283
11 6 16 0 0 0 0 0 0 0 0 0 0 0 0 1 3 8 1 1 284 0 0 0 0 0 0
11 6 17 0 0 0 0 0 0 0 0 0 0 0 0 1 3 8 1 2 284 0 0 0 0 0 0
11 6 18 0 0 0 0 0 0 0 0 0 0 0 0 0 0 0 0 0 0 0 0 0 0 0 0
11 6 19 0 0 0 0 0 0 0 0 0 0 0 0 0 0 0 0 0 0 0 0 0 0 0 0
11 6 20 0 0 0 0 0 0 0 0 0 0 0 0 0 0 0 0 0 0 0 0 0 0 0 0
11 6 21 0 0 0 0 0 0 0 0 0 0 0 0 0 0 0 0 0 0 0 0 0 0 0 0
11 6 22 0 0 0 0 0 0 0 0 0 0 0 0 0 0 0 0 0 0 0 0 0 0 0 0
11 6 23 0 0 0 0 0 0 0 0 0 0 0 0 0 0 0 0 0 0 0 0 0 0 0 0
11 6 24 0 0 0 0 0 0 0 0 0 0 0 0 0 0 0 0 0 0 0 0 0 0 0 0
11 6 25 0 0 0 0 0 0 0 0 0 0 0 0 0 0 0 0 0 0 0 0 0 0 0 0
11 6 26 0 0 0 0 0 0 0 0 0 0 0 0 0 0 0 0 0 0 0 0 0 0 0 0
11 6 27 0 0 0 0 0 0 0 0 0 0 0 0 0 0 0 0 0 0 0 0 0 0 0 0
11 6 28 0 0 0 0 0 0 0 0 0 0 0 0 0 0 0 0 0 0 0 0 0 0 0 0
11 6 29 0 0 0 0 0 0 0 0 0 0 0 0 0 0 0 0 0 0 0 0 0 0 0 0
11 6 30 0 0 0 0 0 0 0 0 0 0 0 0 0 0 0 0 0 0 0 0 0 0 0 0
11 6 31 0 0 0 0 0 0 0 0 0 0 0 0 0 0 0 0 0 0 0 0 0 0 0 0
11 7 0 1 4 0 0 1 285 0 0 0 0 0 0 1 3 0 2 1 280 0 0 0 0 0 0
11 7 1 1 4 0 0 2 285 1 4 1 0 0 285 1 3 0 2 2 280 1 3 1 2 0 280
11 7 2 0 0 0 0 0 0 1 4 1 0 1 285 0 0 0 0 0 0 1 3 1 2 1 280
11 7 3 1 4 2 0 0 286 1 4 1 0 2 285 1 3 2 2 0 281 1 3 1 2 2 280
11 7 4 1 4 2 0 1 286 0 0 0 0 0 0 1 3 2 2 1 281 0 0 0 0 0 0
11 7 5 1 4 2 0 2 286 1 4 3 0 0 286 1 3 2 2 2 281 1 3 3 2 0 281
11 7 6 0 0 0 0 0 0 1 4 3 0 1 286 0 0 0 0 0 0 1 3 3 2 1 281
11 7 7 1 4 4 0 0 287 1 4 3 0 2 286 1 3 4 2 0 282 1 3 3 2 2 281
11 7 8 1 4 4 0 1 287 0 0 0 0 0 0 1 3 4 2 1 282 0 0 0 0 0 0
11 7 9 1 4 4 0 2 287 1 4 5 0 0 287 1 3 4 2 2 282 1 3 5 2 0 282
11 7 10 0 0 0 0 0 0 1 4 5 0 1 287 0 0 0 0 0 0 1 3 5 2 1 282
11 7 11 1 4 6 0 0 288 1 4 5 0 2 287 1 3 6 2 0 283 1 3 5 2 2 282
11 7 12 1 4 6 0 1 288 0 0 0 0 0 0 1 3 6 2 1 283 0 0 0 0 0 0
11 7 13 1 4 6 0 2 288 1 4 7 0 0 288 1 3 6 2 2 283 1 3 7 2 0 283
11 7 14 0 0 0 0 0 0 1 4 7 0 1 288 0 0 0 0 0 0 1 3 7 2 1 283
11 7 15 1 4 8 0 0 289 1 4 7 0 2 288 1 3 8 2 0 284 1 3 7 2 2 283
11 7 16 1 4 8 0 1 289 0 0 0 0 0 0 1 3 8 2 1 284 0 0 0 0 0 0
11 7 17 1 4 8 0 2 289 0 0 0 0 0 0 1 3 8 2 2 284 0 0 0 0 0 0
11 7 18 0 0 0 0 0 0 0 0 0 0 0 0 0 0 0 0 0 0 0 0 0 0 0 0
11 7 19 0 0 0 0 0 0 0 0 0 0 0 0 0 0 0 0 0 0 0 0 0 0 0 0
11 7 20 0 0 0 0 0 0 0 0 0 0 0 0 0 0 0 0 0 0 0 0 0 0 0 0
11 7 21 0 0 0 0 0 0 0 0 0 0 0 0 0 0 0 0 0 0 0 0 0 0 0 0
11 7 22 0 0 0 0 0 0 0 0 0 0 0 0 0 0 0 0 0 0 0 0 0 0 0 0
11 7 23 0 0 0 0 0 0 0 0 0 0 0 0 0 0 0 0 0 0 0 0 0 0 0 0
11 7 24 0 0 0 0 0 0 0 0 0 0 0 0 0 0 0 0 0 0 0 0 0 0 0 0
11 7 25 0 0 0 0 0 0 0 0 0 0 0 0 0 0 0 0 0 0 0 0 0 0 0 0
11 7 26 0 0 0 0 0 0 0 0 0 0 0 0 0 0 0 0 0 0 0 0 0 0 0 0
11 7 27 0 0 0 0 0 0 0 0 0 0 0 0 0 0 0 0 0 0 0 0 0 0 0 0
11 7 28 0 0 0 0 0 0 0 0 0 0 0 0 0 0 0 0 0 0 0 0 0 0 0 0
11 7 29 0 0 0 0 0 0 0 0 0 0 0 0 0 0 0 0 0 0 0 0 0 0 0 0
11 7 30 0 0 0 0 0 0 0 0 0 0 0 0 0 0 0 0 0 0 0 0 0 0 0 0
11 7 31 0 0 0 0 0 0 0 0 0 0 0 0 0 0 0 0 0 0 0 0 0 0 0 0
11 8 0 1 4 0 1 1 285 0 0 0 0 0 0 0 0 0 0 0 0 0 0 0 0 0 0
11 8 1 1 4 0 1 2 285 1 4 1 1 0 285 0 0 0 0 0 0 0 0 0 0 0 0
11 8 2 0 0 0 0 0 0 1 4 1 1 1 285 0 0 0 0 0 0 0 0 0 0 0 0
11 8 3 1 4 2 1 0 286 1 4 1 1 2 285 0 0 0 0 0 0 0 0 0 0 0 0
11 8 4 1 4 2 1 1 286 0 0 0 0 0 0 0 0 0 0 0 0 0 0 0 0 0 0
11 8 5 1 4 2 1 2 286 1 4 3 1 0 286 0 0 0 0 0 0 0 0 0 0 0 0
11 8 6 0 0 0 0 0 0 1 4 3 1 1 286 0 0 0 0 0 0 0 0 0 0 0 0
11 8 7 1 4 4 1 0 287 1 4 3 1 2 286 0 0 0 0 0 0 0 0 0 0 0 0
11 8 8 1 4 4 1 1 287 0 0 0 0 0 0 0 0 0 0 0 0 0 0 0 0 0 0
11 8 9 1 4 4 1 2 287 1 4 5 1 0 287 0 0 0 0 0 0 0 0 0 0 0 0
11 8 10 0 0 0 0 0 0 1 4 5 1 1 287 0 0 0 0 0 0 0 0 0 0 0 0
11 8 11 1 4 6 1 0 288 1 4 5 1 2 287 0 0 0 0 0 0 0 0 0 0 0 0
11 8 12 1 4 6 1 1 288 0 0 0 0 0 0 0 0 0 0 0 0 0 0 0 0 0 0
11 8 13 1 4 6 1 2 288 1 4 7 1 0 288 0 0 0 0 0 0 0 0 0 0 0 0
11 8 14 0 0 0 0 0 0 1 4 7 1 1 288 0 0 0 0 0 0 0 0 0 0 0 0
11 8 15 1 4 8 1 0 289 1 4 7 1 2 288 0 0 0 0 0 0 0 0 0 0 0 0
11 8 16 1 4 8 1 1 289 0 0 0 0 0 0 0 0 0 0 0 0 0 0 0 0 0 0
11 8 17 1 4 8 1 2 289 0 0 0 0 0 0 0 0 0 0 0 0 0 0 0 0 0 0
11 8 18 0 0 0 0 0 0 0 0 0 0 0 0 0 0 0 0 0 0 0 0 0 0 0 0
11 8 19 0 0 0 0 0 0 0 0 0 0 0 0 0 0 0 0 0 0 0 0 0 0 0 0
11 8 20 0 0 0 0 0 0 0 0 0 0 0 0 0 0 0 0 0 0 0 0 0 0 0 0
11 8 21 0 0 0 0 0 0 0 0 0 0 0 0 0 0 0 0 0 0 0 0 0 0 0 0
11 8 22 0 0 0 0 0 0 0 0 0 0 0 0 0 0 0 0 0 0 0 0 0 0 0 0
11 8 23 0 0 0 0 0 0 0 0 0 0 0 0 0 0 0 0 0 0 0 0 0 0 0 0
11 8 24 0 0 0 0 0 0 0 0 0 0 0 0 0 0 0 0 0 0 0 0 0 0 0 0
11 8 25 0 0 0 0 0 0 0 0 0 0 0 0 0 0 0 0 0 0 0 0 0 0 0 0
11 8 26 0 0 0 0 0 0 0 0 0 0 0 0 0 0 0 0 0 0 0 0 0 0 0 0
11 8 27 0 0 0 0 0 0 0 0 0 0 0 0 0 0 0 0 0 0 0 0 0 0 0 0
11 8 28 0 0 0 0 0 0 0 0 0 0 0 0 0 0 0 0 0 0 0 0 0 0 0 0
11 8 29 0 0 0 0 0 0 0 0 0 0 0 0 0 0 0 0 0 0 0 0 0 0 0 0
11 8 30 0 0 0 0 0 0 0 0 0 0 0 0 0 0 0 0 0 0 0 0 0 0 0 0
11 8 31 0 0 0 0 0 0 0 0 0 0 0 0 0 0 0 0 0 0 0 0 0 0 0 0
11 9 0 1 4 0 2 1 285 0 0 0 0 0 0 1 5 0 0 1 285 0 0 0 0 0 0
11 9 1 1 4 0 2 2 285 1 4 1 2 0 285 1 5 0 0 2 285 1 5 1 0 0 285
11 9 2 0 0 0 0 0 0 1 4 1 2 1 285 0 0 0 0 0 0 1 5 1 0 1 285
11 9 3 1 4 2 2 0 286 1 4 1 2 2 285 1 5 2 0 0 286 1 5 1 0 2 285
11 9 4 1 4 2 2 1 286 0 0 0 0 0 0 1 5 2 0 1 286 0 0 0 0 0 0
11 9 5 1 4 2 2 2 286 1 4 3 2 0 286 1 5 2 0 2 286 1 5 3 0 0 286
11 9 6 0 0 0 0 0 0 1 4 3 2 1 286 0 0 0 0 0 0 1 5 3 0 1 286
11 9 7 1 4 4 2 0 287 1 4 3 2 2 286 1 5 4 0 0 287 1 5 3 0 2 286
11 9 8 1 4 4 2 1 287 0 0 0 0 0 0 1 5 4 0 1 287 0 0 0 0 0 0
11 9 9 1 4 4 2 2 287 1 4 5 2 0 287 1 5 4 0 2 287 1 5 5 0 0 287
11 9 10 0 0 0 0 0 0 1 4 5 2 1 287 0 0 0 0 0 0 1 5 5 0 1 287
11 9 11 1 4 6 2 0 288 1 4 5 2 2 287 1 5 6 0 0 288 1 5 5 0 2 287
11 9 12 1 4 6 2 1 288 0 0 0 0 0 0 1 5 6 0 1 288 0 0 0 0 0 0
11 9 13 1 4 6 2 2 288 1 4 7 2 0 288 1 5 6 0 2 288 1 5 7 0 0 288
11 9 14 0 0 0 0 0 0 1 4 7 2 1 288 0 0 0 0 0 0 1 5 7 0 1 288
11 9 15 1 4 8 2 0 289 1 4 7 2 2 288 1 5 8 0 0 289 1 5 7 0 2 288
11 9 16 1 4 8 2 1 289 0 0 0 0 0 0 1 5 8 0 1 289 0 0 0 0 0 0
11 9 17 1 4 8 2 2 289 0 0 0 0 0 0 1 5 8 0 2 289 0 0 0 0 0 0
11 9 18 0 0 0 0 0 0 0 0 0 0 0 0 0 0 0 0 0 0 0 0 0 0 0 0
11 9 19 0 0 0 0 0 0 0 0 0 0 0 0 0 0 0 0 0 0 0 0 0 0 0 0
11 9 20 0 0 0 0 0 0 0 0 0 0 0 0 0 0 0 0 0 0 0 0 0 0 0 0
11 9 21 0 0 0 0 0 0 0 0 0 0 0 0 0 0 0 0 0 0 0 0 0 0 0 0
11 9 22 0 0 0 0 0 0 0 0 0 0 0 0 0 0 0 0 0 0 0 0 0 0 0 0
11 9 23 0 0 0 0 0 0 0 0 0 0 0 0 0 0 0 0 0 0 0 0 0 0 0 0
11 9 24 0 0 0 0 0 0 0 0 0 0 0 0 0 0 0 0 0 0 0 0 0 0 0 0
11 9 25 0 0 0 0 0 0 0 0 0 0 0 0 0 0 0 0 0 0 0 0 0 0 0 0
11 9 26 0 0 0 0 0 0 0 0 0 0 0 0 0 0 0 0 0 0 0 0 0 0 0 0
11 9 27 0 0 0 0 0 0 0 0 0 0 0 0 0 0 0 0 0 0 0 0 0 0 0 0
11 9 28 0 0 0 0 0 0 0 0 0 0 0 0 0 0 0 0 0 0 0 0 0 0 0 0
11 9 29 0 0 0 0 0 0 0 0 0 0 0 0 0 0 0 0 0 0 0 0 0 0 0 0
11 9 30 0 0 0 0 0 0 0 0 0 0 0 0 0 0 0 0 0 0 0 0 0 0 0 0
11 9 31 0 0 0 0 0 0 0 0 0 0 0 0 0 0 0 0 0 0 0 0 0 0 0 0
11 10 0 0 0 0 0 0 0 0 0 0 0 0 0 1 5 0 1 1 285 0 0 0 0 0 0
11 10 1 0 0 0 0 0 0 0 0 0 0 0 0 1 5 0 1 2 285 1 5 1 1 0 285
11 10 2 0 0 0 0 0 0 0 0 0 0 0 0 0 0 0 0 0 0 1 5 1 1 1 285
11 10 3 0 0 0 0 0 0 0 0 0 0 0 0 1 5 2 1 0 286 1 5 1 1 2 285
11 10 4 0 0 0 0 0 0 0 0 0 0 0 0 1 5 2 1 1 286 0 0 0 0 0 0
11 10 5 0 0 0 0 0 0 0 0 0 0 0 0 1 5 2 1 2 286 1 5 3 1 0 286
11 10 6 0 0 0 0 0 0 0 0 0 0 0 0 0 0 0 0 0 0 1 5 3 1 1 286
11 10 7 0 0 0 0 0 0 0 0 0 0 0 0 1 5 4 1 0 287 1 5 3 1 2 286
11 10 8 0 0 0 0 0 0 0 0 0 0 0 0 1 5 4 1 1 287 0 0 0 0 0 0
11 10 9 0 0 0 0 0 0 0 0 0 0 0 0 1 5 4 1 2 287 1 5 5 1 0 287
11 10 10 0 0 0 0 0 0 0 0 0 0 0 0 0 0 0 0 0 0 1 5 5 1 1 287
11 10 11 0 0 0 0 0 0 0 0 0 0 0 0 1 5 6 1 0 288 1 5 5 1 2 287
11 10 12 0 0 0 0 0 0 0 0 0 0 0 0 1 5 6 1 1 288 0 0 0 0 0 0
11 10 13 0 0 0 0 0 0 0 0 0 0 0 0 1 5 6 1 2 288 1 5 7 1 0 288
11 10 14 0 0 0 0 0 0 0 0 0 0 0 0 0 0 0 0 0 0 1 5 7 1 1 288
11 10 15 0 0 0 0 0 0 0 0 0 0 0 0 1 5 8 1 0 289 1 5 7 1 2 288
11 10 16 0 0 0 0 0 0 0 0 0 0 0 0 1 5 8 1 1 289 0 0 0 0 0 0
11 10 17 0 0 0 0 0 0 0 0 0 0 0 0 1 5 8 1 2 289 0 0 0 0 0 0
11 10 18 0 0 0 0 0 0 0 0 0 0 0 0 0 0 0 0 0 0 0 0 0 0 0 0
11 10 19 0 0 0 0 0 0 0 0 0 0 0 0 0 0 0 0 0 0 0 0 0 0 0 0
11 10 20 0 0 0 0 0 0 0 0 0 0 0 0 0 0 0 0 0 0 0 0 0 0 0 0
11 10 21 0 0 0 0 0 0 0 0 0 0 0 0 0 0 0 0 0 0 0 0 0 0 0 0
11 10 22 0 0 0 0 0 0 0 0 0 0 0 0 0 0 0 0 0 0 0 0 0 0 0 0
11 10 23 0 0 0 0 0 0 0 0 0 0 0 0 0 0 0 0 0 0 0 0 0 0 0 0
11 10 24 0 0 0 0 0 0 0 0 0 0 0 0 0 0 0 0 0 0 0 0 0 0 0 0
11 10 25 0 0 0 0 0 0 0 0 0 0 0 0 0 0 0 0 0 0 0 0 0 0 0 0
11 10 26 0 0 0 0 0 0 0 0 0 0 0 0 0 0 0 0 0 0 0 0 0 0 0 0
11 10 27 0 0 0 0 0 0 0 0 0 0 0 0 0 0 0 0 0 0 0 0 0 0 0 0
11 10 28 0 0 0 0 0 0 0 0 0 0 0 0 0 0 0 0 0 0 0 0 0 0 0 0
11 10 29 0 0 0 0 0 0 0 0 0 0 0 0 0 0 0 0 0 0 0 0 0 0 0 0
11 10 30 0 0 0 0 0 0 0 0 0 0 0 0 0 0 0 0 0 0 0 0 0 0 0 0
11 10 31 0 0 0 0 0 0 0 0 0 0 0 0 0 0 0 0 0 0 0 0 0 0 0 0
11 11 0 1 6 0 0 1 290 0 0 0 0 0 0 1 5 0 2 1 285 0 0 0 0 0 0
11 11 1 1 6 0 0 2 290 1 6 1 0 0 290 1 5 0 2 2 285 1 5 1 2 0 285
11 11 2 0 0 0 0 0 0 1 6 1 0 1 290 0 0 0 0 0 0 1 5 1 2 1 285
11 11 3 1 6 2 0 0 291 1 6 1 0 2 290 1 5 2 2 0 286 1 5 1 2 2 285
11 11 4 1 6 2 0 1 291 0 0 0 0 0 0 1 5 2 2 1 286 0 0 0 0 0 0
11 11 5 1 6 2 0 2 291 1 6 3 0 0 291 1 5 2 2 2 286 1 5 3 2 0 286
11 11 6 0 0 0 0 0 0 1 6 3 0 1 291 0 0 0 0 0 0 1 5 3 2 1 286
11 11 7 1 6 4 0 0 292 1 6 3 0 2 291 1 5 4 2 0 287 1 5 3 2 2 286
11 11 8 1 6 4 0 1 292 0 0 0 0 0 0 1 5 4 2 1 287 0 0 0 0 0 0
11 11 9 1 6 4 0 2 292 1 6 5 0 0 292 1 5 4 2 2 287 1 5 5 2 0 287
11 11 10 0 0 0 0 0 0 1 6 5 0 1 292 0 0 0 0 0 0 1 5 5 2 1 287
11 11 11 1 6 6 0 0 293 1 6 5 0 2 292 1 5 6 2 0 288 1 5 5 2 2 287
11 11 12 1 6 6 0 1 293 0 0 0 0 0 0 1 5 6 2 1 288 0 0 0 0 0 0
11 11 13 1 6 6 0 2 293 1 6 7 0 0 293 1 5 6 2 2 288 1 5 7 2 0 288
11 11 14 0 0 0 0 0 0 1 6 7 0 1 293 0 0 0 0 0 0 1 5 7 2 1 288
11 11 15 1 6 8 0 0 294 1 6 7 0 2 293 1 5 8 2 0 289 1 5 7 2 2 288
11 11 16 1 6 8 0 1 294 0 0 0 0 0 0 1 5 8 2 1 289 0 0 0 0 0 0
11 11 17 1 6 8 0 2 294 0 0 0 0 0 0 1 5 8 2 2 289 0 0 0 0 0 0
11 11 18 0 0 0 0 0 0 0 0 0 0 0 0 0 0 0 0 0 0 0 0 0 0 0 0
11 11 19 0 0 0 0 0 0 0 0 0 0 0 0 0 0 0 0 0 0 0 0 0 0 0 0
11 11 20 0 0 0 0 0 0 0 0 0 0 0 0 0 0 0 0 0 0 0 0 0 0 0 0
11 11 21 0 0 0 0 0 0 0 0 0 0 0 0 0 0 0 0 0 0 0 0 0 0 0 0
11 11 22 0 0 0 0 0 0 0 0 0 0 0 0 0 0 0 0 0 0 0 0 0 0 0 0
11 11 23 0 0 0 0 0 0 0 0 0 0 0 0 0 0 0 0 0 0 0 0 0 0 0 0
11 11 24 0 0 0 0 0 0 0 0 0 0 0 0 0 0 0 0 0 0 0 0 0 0 0 0
11 11 25 0 0 0 0 0 0 0 0 0 0 0 0 0 0 0 0 0 0 0 0 0 0 0 0
11 11 26 0 0 0 0 0 0 0 0 0 0 0 0 0 0 0 0 0 0 0 0 0 0 0 0
11 11 27 0 0 0 0 0 0 0 0 0 0 0 0 0 0 0 0 0 0 0 0 0 0 0 0
11 11 28 0 0 0 0 0 0 0 0 0 0 0 0 0 0 0 0 0 0 0 0 0 0 0 0
11 11 29 0 0 0 0 0 0 0 0 0 0 0 0 0 0 0 0 0 0 0 0 0 0 0 0
11 11 30 0 0 0 0 0 0 0 0 0 0 0 0 0 0 0 0 0 0 0 0 0 0 0 0
11 11 31 0 0 0 0 0 0 0 0 0 0 0 0 0 0 0 0 0 0 0 0 0 0 0 0
11 12 0 1 6 0 1 1 290 0 0 0 0 0 0 0 0 0 0 0 0 0 0 0 0 0 0
11 12 1 1 6 0 1 2 290 1 6 1 1 0 290 0 0 0 0 0 0 0 0 0 0 0 0
11 12 2 0 0 0 0 0 0 1 6 1 1 1 290 0 0 0 0 0 0 0 0 0 0 0 0
11 12 3 1 6 2 1 0 291 1 6 1 1 2 290 0 0 0 0 0 0 0 0 0 0 0 0
11 12 4 1 6 2 1 1 291 0 0 0 0 0 0 0 0 0 0 0 0 0 0 0 0 0 0
11 12 5 1 6 2 1 2 291 1 6 3 1 0 291 0 0 0 0 0 0 0 0 0 0 0 0
11 12 6 0 0 0 0 0 0 1 6 3 1 1 291 0 0 0 0 0 0 0 0 0 0 0 0
11 12 7 1 6 4 1 0 292 1 6 3 1 2 291 0 0 0 0 0 0 0 0 0 0 0 0
11 12 8 1 6 4 1 1 292 0 0 0 0 0 0 0 0 0 0 0 0 0 0 0 0 0 0
11 12 9 1 6 4 1 2 292 1 6 5 1 0 292 0 0 0 0 0 0 0 0 0 0 0 0
11 12 10 0 0 0 0 0 0 1 6 5 1 1 292 0 0 0 0 0 0 0 0 0 0 0 0
11 12 11 1 6 6 1 0 293 1 6 5 1 2 292 0 0 0 0 0 0 0 0 0 0 0 0
11 12 12 1 6 6 1 1 293 0 0 0 0 0 0 0 0 0 0 0 0 0 0 0 0 0 0
11 12 13 1 6 6 1 2 293 1 6 7 1 0 293 0 0 0 0 0 0 0 0 0 0 0 0
11 12 14 0 0 0 0 0 0 1 6 7 1 1 293 0 0 0 0 0 0 0 0 0 0 0 0
11 12 15 1 6 8 1 0 294 1 6 7 1 2 293 0 0 0 0 0 0 0 0 0 0 0 0
11 12 16 1 6 8 1 1 294 0 0 0 0 0 0 0 0 0 0 0 0 0 0 0 0 0 0
11 12 17 1 6 8 1 2 294 0 0 0 0 0 0 0 0 0 0 0 0 0 0 0 0 0 0
11 12 18 0 0 0 0 0 0 0 0 0 0 0 0 0 0 0 0 0 0 0 0 0 0 0 0
11 12 19 0 0 0 0 0 0 0 0 0 0 0 0 0 0 0 0 0 0 0 0 0 0 0 0
11 12 20 0 0 0 0 0 0 0 0 0 0 0 0 0 0 0 0 0 0 0 0 0 0 0 0
11 12 21 0 0 0 0 0 0 0 0 0 0 0 0 0 0 0 0 0 0 0 0 0 0 0 0
11 12 22 0 0 0 0 0 0 0 0 0 0 0 0 0 0 0 0 0 0 0 0 0 0 0 0
11 12 23 0 0 0 0 0 0 0 0 0 0 0 0 0 0 0 0 0 0 0 0 0 0 0 0
11 12 24 0 0 0 0 0 0 0 0 0 0 0 0 0 0 0 0 0 0 0 0 0 0 0 0
11 12 25 0 0 0 0 0 0 0 0 0 0 0 0 0 0 0 0 0 0 0 0 0 0 0 0
11 12 26 0 0 0 0 0 0 0 0 0 0 0 0 0 0 0 0 0 0 0 0 0 0 0 0
11 12 27 0 0 0 0 0 0 0 0 0 0 0 0 0 0 0 0 0 0 0 0 0 0 0 0
11 12 28 0 0 0 0 0 0 0 0 0 0 0 0 0 0 0 0 0 0 0 0 0 0 0 0
11 12 29 0 0 0 0 0 0 0 0 0 0 0 0 0 0 0 0 0 0 0 0 0 0 0 0
11 12 30 0 0 0 0 0 0 0 0 0 0 0 0 0 0 0 0 0 0 0 0 0 0 0 0
11 12 31 0 0 0 0 0 0 0 0 0 0 0 0 0 0 0 0 0 0 0 0 0 0 0 0
11 13 0 1 6 0 2 1 290 0 0 0 0 0 0 1 7 0 0 1 290 0 0 0 0 0 0
11 13 1 1 6 0 2 2 290 1 6 1 2 0 290 1 7 0 0 2 290 1 7 1 0 0 290
11 13 2 0 0 0 0 0 0 1 6 1 2 1 290 0 0 0 0 0 0 1 7 1 0 1 290
11 13 3 1 6 2 2 0 291 1 6 1 2 2 290 1 7 2 0 0 291 1 7 1 0 2 290
11 13 4 1 6 2 2 1 291 0 0 0 0 0 0 1 7 2 0 1 291 0 0 0 0 0 0
11 13 5 1 6 2 2 2 291 1 6 3 2 0 291 1 7 2 0 2 291 1 7 3 0 0 291
11 13 6 0 0 0 0 0 0 1 6 3 2 1 291 0 0 0 0 0 0 1 7 3 0 1 291
11 13 7 1 6 4 2 0 292 1 6 3 2 2 291 1 7 4 0 0 292 1 7 3 0 2 291
11 13 8 1 6 4 2 1 292 0 0 0 0 0 0 1 7 4 0 1 292 0 0 0 0 0 0
11 13 9 1 6 4 2 2 292 1 6 5 2 0 292 1 7 4 0 2 292 1 7 5 0 0 292
11 13 10 0 0 0 0 0 0 1 6 5 2 1 292 0 0 0 0 0 0 1 7 5 0 1 292
11 13 11 1 6 6 2 0 293 1 6 5 2 2 292 1 7 6 0 0 293 1 7 5 0 2 292
11 13 12 1 6 6 2 1 293 0 0 0 0 0 0 1 7 6 0 1 293 0 0 0 0 0 0
11 13 13 1 6 6 2 2 293 1 6 7 2 0 293 1 7 6 0 2 293 1 7 7 0 0 293
11 13 14 0 0 0 0 0 0 1 6 7 2 1 293 0 0 0 0 0 0 1 7 7 0 1 293
11 13 15 1 6 8 2 0 294 1 6 7 2 2 293 1 7 8 0 0 294 1 7 7 0 2 293
11 13 16 1 6 8 2 1 294 0 0 0 0 0 0 1 7 8 0 1 294 0 0 0 0 0 0
11 13 17 1 6 8 2 2 294 0 0 0 0 0 0 1 7 8 0 2 294 0 0 0 0 0 0
11 13 18 0 0 0 0 0 0 0 0 0 0 0 0 0 0 0 0 0 0 0 0 0 0 0 0
11 13 19 0 0 0 0 0 0 0 0 0 0 0 0 0 0 0 0 0 0 0 0 0 0 0 0
11 13 20 0 0 0 0 0 0 0 0 0 0 0 0 0 0 0 0 0 0 0 0 0 0 0 0
11 13 21 0 0 0 0 0 0 0 0 0 0 0 0 0 0 0 0 0 0 0 0 0 0 0 0
11 13 22 0 0 0 0 0 0 0 0 0 0 0 0 0 0 0 0 0 0 0 0 0 0 0 0
11 13 23 0 0 0 0 0 0 0 0 0 0 0 0 0 0 0 0 0 0 0 0 0 0 0 0
11 13 24 0 0 0 0 0 0 0 0 0 0 0 0 0 0 0 0 0 0 0 0 0 0 0 0
11 13 25 0 0 0 0 0 0 0 0 0 0 0 0 0 0 0 0 0 0 0 0 0 0 0 0
11 13 26 0 0 0 0 0 0 0 0 0 0 0 0 0 0 0 0 0 0 0 0 0 0 0 0
11 13 27 0 0 0 0 0 0 0 0 0 0 0 0 0 0 0 0 0 0 0 0 0 0 0 0
11 13 28 0 0 0 0 0 0 0 0 0 0 0 0 0 0 0 0 0 0 0 0 0 0 0 0
11 13 29 0 0 0 0 0 0 0 0 0 0 0 0 0 0 0 0 0 0 0 0 0 0 0 0
11 13 30 0 0 0 0 0 0 0 0 0 0 0 0 0 0 0 0 0 0 0 0 0 0 0 0
11 13 31 0 0 0 0 0 0 0 0 0 0 0 0 0 0 0 0 0 0 0 0 0 0 0 0
11 14 0 0 0 0 0 0 0 0 0 0 0 0 0 1 7 0 1 1 290 0 0 0 0 0 0
11 14 1 0 0 0 0 0 0 0 0 0 0 0 0 1 7 0 1 2 290 1 7 1 1 0 290
11 14 2 0 0 0 0 0 0 0 0 0 0 0 0 0 0 0 0 0 0 1 7 1 1 1 290
11 14 3 0 0 0 0 0 0 0 0 0 0 0 0 1 7 2 1 0 291 1 7 1 1 2 290
11 14 4 0 0 0 0 0 0 0 0 0 0 0 0 1 7 2 1 1 291 0 0 0 0 0 0
11 14 5 0 0 0 0 0 0 0 0 0 0 0 0 1 7 2 1 2 291 1 7 3 1 0 291
11 14 6 0 0 0 0 0 0 0 0 0 0 0 0 0 0 0 0 0 0 1 7 3 1 1 291
11 14 7 0 0 0 0 0 0 0 0 0 0 0 0 1 7 4 1 0 292 1 7 3 1 2 291
11 14 8 0 0 0 0 0 0 0 0 0 0 0 0 1 7 4 1 1 292 0 0 0 0 0 0
11 14 9 0 0 0 0 0 0 0 0 0 0 0 0 1 7 4 1 2 292 1 7 5 1 0 292
11 14 10 0 0 0 0 0 0 0 0 0 0 0 0 0 0 0 0 0 0 1 7 5 1 1 292
11 14 11 0 0 0 0 0 0 0 0 0 0 0 0 1 7 6 1 0 293 1 7 5 1 2 292
11 14 12 0 0 0 0 0 0 0 0 0 0 0 0 1 7 6 1 1 293 0 0 0 0 0 0
11 14 13 0 0 0 0 0 0 0 0 0 0 0 0 1 7 6 1 2 293 1 7 7 1 0 293
11 14 14 0 0 0 0 0 0 0 0 0 0 0 0 0 0 0 0 0 0 1 7 7 1 1 293
11 14 15 0 0 0 0 0 0 0 0 0 0 0 0 1 7 8 1 0 294 1 7 7 1 2 293
11 14 16 0 0 0 0 0 0 0 0 0 0 0 0 1 7 8 1 1 294 0 0 0 0 0 0
11 14 17 0 0 0 0 0 0 0 0 0 0 0 0 1 7 8 1 2 294 0 0 0 0 0 0
11 14 18 0 0 0 0 0 0 0 0 0 0 0 0 0 0 0 0 0 0 0 0 0 0 0 0
11 14 19 0 0 0 0 0 0 0 0 0 0 0 0 0 0 0 0 0 0 0 0 0 0 0 0
11 14 20 0 0 0 0 0 0 0 0 0 0 0 0 0 0 0 0 0 0 0 0 0 0 0 0
11 14 21 0 0 0 0 0 0 0 0 0 0 0 0 0 0 0 0 0 0 0 0 0 0 0 0
11 14 22 0 0 0 0 0 0 0 0 0 0 0 0 0 0 0 0 0 0 0 0 0 0 0 0
11 14 23 0 0 0 0 0 0 0 0 0 0 0 0 0 0 0 0 0 0 0 0 0 0 0 0
11 14 24 0 0 0 0 0 0 0 0 0 0 0 0 0 0 0 0 0 0 0 0 0 0 0 0
11 14 25 0 0 0 0 0 0 0 0 0 0 0 0 0 0 0 0 0 0 0 0 0 0 0 0
11 14 26 0 0 0 0 0 0 0 0 0 0 0 0 0 0 0 0 0 0 0 0 0 0 0 0
11 14 27 0 0 0 0 0 0 0 0 0 0 0 0 0 0 0 0 0 0 0 0 0 0 0 0
11 14 28 0 0 0 0 0 0 0 0 0 0 0 0 0 0 0 0 0 0 0 0 0 0 0 0
11 14 29 0 0 0 0 0 0 0 0 0 0 0 0 0 0 0 0 0 0 0 0 0 0 0 0
11 14 30 0 0 0 0 0 0 0 0 0 0 0 0 0 0 0 0 0 0 0 0 0 0 0 0
11 14 31 0 0 0 0 0 0 0 0 0 0 0 0 0 0 0 0 0 0 0 0 0 0 0 0
11 15 0 1 8 0 0 1 295 0 0 0 0 0 0 1 7 0 2 1 290 0 0 0 0 0 0
11 15 1 1 8 0 0 2 295 1 8 1 0 0 295 1 7 0 2 2 290 1 7 1 2 0 290
11 15 2 0 0 0 0 0 0 1 8 1 0 1 295 0 0 0 0 0 0 1 7 1 2 1 290
11 15 3 1 8 2 0 0 296 1 8 1 0 2 295 1 7 2 2 0 291 1 7 1 2 2 290
11 15 4 1 8 2 0 1 296 0 0 0 0 0 0 1 7 2 2 1 291 0 0 0 0 0 0
11 15 5 1 8 2 0 2 296 1 8 3 0 0 296 1 7 2 2 2 291 1 7 3 2 0 291
11 15 6 0 0 0 0 0 0 1 8 3 0 1 296 0 0 0 0 0 0 1 7 3 2 1 291
11 15 7 1 8 4 0 0 297 1 8 3 0 2 296 1 7 4 2 0 292 1 7 3 2 2 291
11 15 8 1 8 4 0 1 297 0 0 0 0 0 0 1 7 4 2 1 292 0 0 0 0 0 0
11 15 9 1 8 4 0 2 297 1 8 5 0 0 297 1 7 4 2 2 292 1 7 5 2 0 292
11 15 10 0 0 0 0 0 0 1 8 5 0 1 297 0 0 0 0 0 0 1 7 5 2 1 292
11 15 11 1 8 6 0 0 298 1 8 5 0 2 297 1 7 6 2 0 293 1 7 5 2 2 292
11 15 12 1 8 6 0 1 298 0 0 0 0 0 0 1 7 6 2 1 293 0 0 0 0 0 0
11 15 13 1 8 6 0 2 298 1 8 7 0 0 298 1 7 6 2 2 293 1 7 7 2 0 293
11 15 14 0 0 0 0 0 0 1 8 7 0 1 298 0 0 0 0 0 0 1 7 7 2 1 293
11 15 15 1 8 8 0 0 299 1 8 7 0 2 298 1 7 8 2 0 294 1 7 7 2 2 293
11 15 16 1 8 8 0 1 299 0 0 0 0 0 0 1 7 8 2 1 294 0 0 0 0 0 0
11 15 17 1 8 8 0 2 299 0 0 0 0 0 0 1 7 8 2 2 294 0 0 0 0 0 0
11 15 18 0 0 0 0 0 0 0 0 0 0 0 0 0 0 0 0 0 0 0 0 0 0 0 0
11 15 19 0 0 0 0 0 0 0 0 0 0 0 0 0 0 0 0 0 0 0 0 0 0 0 0
11 15 20 0 0 0 0 0 0 0 0 0 0 0 0 0 0 0 0 0 0 0 0 0 0 0 0
11 15 21 0 0 0 0 0 0 0 0 0 0 0 0 0 0 0 0 0 0 0 0 0 0 0 0
11 15 22 0 0 0 0 0 0 0 0 0 0 0 0 0 0 0 0 0 0 0 0 0 0 0 0
11 15 23 0 0 0 0 0 0 0 0 0 0 0 0 0 0 0 0 0 0 0 0 0 0 0 0
11 15 24 0 0 0 0 0 0 0 0 0 0 0 0 0 0 0 0 0 0 0 0 0 0 0 0
11 15 25 0 0 0 0 0 0 0 0 0 0 0 0 0 0 0 0 0 0 0 0 0 0 0 0
11 15 26 0 0 0 0 0 0 0 0 0 0 0 0 0 0 0 0 0 0 0 0 0 0 0 0
11 15 27 0 0 0 0 0 0 0 0 0 0 0 0 0 0 0 0 0 0 0 0 0 0 0 0
11 15 28 0 0 0 0 0 0 0 0 0 0 0 0 0 0 0 0 0 0 0 0 0 0 0 0
11 15 29 0 0 0 0 0 0 0 0 0 0 0 0 0 0 0 0 0 0 0 0 0 0 0 0
11 15 30 0 0 0 0 0 0 0 0 0 0 0 0 0 0 0 0 0 0 0 0 0 0 0 0
11 15 31 0 0 0 0 0 0 0 0 0 0 0 0 0 0 0 0 0 0 0 0 0 0 0 0
11 16 0 1 8 0 1 1 295 0 0 0 0 0 0 0 0 0 0 0 0 0 0 0 0 0 0
11 16 1 1 8 0 1 2 295 1 8 1 1 0 295 0 0 0 0 0 0 0 0 0 0 0 0
11 16 2 0 0 0 0 0 0 1 8 1 1 1 295 0 0 0 0 0 0 0 0 0 0 0 0
11 16 3 1 8 2 1 0 296 1 8 1 1 2 295 0 0 0 0 0 0 0 0 0 0 0 0
11 16 4 1 8 2 1 1 296 0 0 0 0 0 0 0 0 0 0 0 0 0 0 0 0 0 0
11 16 5 1 8 2 1 2 296 1 8 3 1 0 296 0 0 0 0 0 0 0 0 0 0 0 0
11 16 6 0 0 0 0 0 0 1 8 3 1 1 296 0 0 0 0 0 0 0 0 0 0 0 0
11 16 7 1 8 4 1 0 297 1 8 3 1 2 296 0 0 0 0 0 0 0 0 0 0 0 0
11 16 8 1 8 4 1 1 297 0 0 0 0 0 0 0 0 0 0 0 0 0 0 0 0 0 0
11 16 9 1 8 4 1 2 297 1 8 5 1 0 297 0 0 0 0 0 0 0 0 0 0 0 0
11 16 10 0 0 0 0 0 0 1 8 5 1 1 297 0 0 0 0 0 0 0 0 0 0 0 0
11 16 11 1 8 6 1 0 298 1 8 5 1 2 297 0 0 0 0 0 0 0 0 0 0 0 0
11 16 12 1 8 6 1 1 298 0 0 0 0 0 0 0 0 0 0 0 0 0 0 0 0 0 0
11 16 13 1 8 6 1 2 298 1 8 7 1 0 298 0 0 0 0 0 0 0 0 0 0 0 0
11 16 14 0 0 0 0 0 0 1 8 7 1 1 298 0 0 0 0 0 0 0 0 0 0 0 0
11 16 15 1 8 8 1 0 299 1 8 7 1 2 298 0 0 0 0 0 0 0 0 0 0 0 0
11 16 16 1 8 8 1 1 299 0 0 0 0 0 0 0 0 0 0 0 0 0 0 0 0 0 0
11 16 17 1 8 8 1 2 299 0 0 0 0 0 0 0 0 0 0 0 0 0 0 0 0 0 0
11 16 18 0 0 0 0 0 0 0 0 0 0 0 0 0 0 0 0 0 0 0 0 0 0 0 0
11 16 19 0 0 0 0 0 0 0 0 0 0 0 0 0 0 0 0 0 0 0 0 0 0 0 0
11 16 20 0 0 0 0 0 0 0 0 0 0 0 0 0 0 0 0 0 0 0 0 0 0 0 0
11 16 21 0 0 0 0 0 0 0 0 0 0 0 0 0 0 0 0 0 0 0 0 0 0 0 0
11 16 22 0 0 0 0 0 0 0 0 0 0 0 0 0 0 0 0 0 0 0 0 0 0 0 0
11 16 23 0 0 0 0 0 0 0 0 0 0 0 0 0 0 0 0 0 0 0 0 0 0 0 0
11 16 24 0 0 0 0 0 0 0 0 0 0 0 0 0 0 0 0 0 0 0 0 0 0 0 0
11 16 25 0 0 0 0 0 0 0 0 0 0 0 0 0 0 0 0 0 0 0 0 0 0 0 0
11 16 26 0 0 0 0 0 0 0 0 0 0 0 0 0 0 0 0 0 0 0 0 0 0 0 0
11 16 27 0 0 0 0 0 0 0 0 0 0 0 0 0 0 0 0 0 0 0 0 0 0 0 0
11 16 28 0 0 0 0 0 0 0 0 0 0 0 0 0 0 0 0 0 0 0 0 0 0 0 0
11 16 29 0 0 0 0 0 0 0 0 0 0 0 0 0 0 0 0 0 0 0 0 0 0 0 0
11 16 30 0 0 0 0 0 0 0 0 0 0 0 0 0 0 0 0 0 0 0 0 0 0 0 0
11 16 31 0 0 0 0 0 0 0 0 0 0 0 0 0 0 0 0 0 0 0 0 0 0 0 0
11 17 0 1 8 0 2 1 295 0 0 0 0 0 0 0 0 0 0 0 0 0 0 0 0 0 0
11 17 1 1 8 0 2 2 295 1 8 1 2 0 295 0 0 0 0 0 0 0 0 0 0 0 0
11 17 2 0 0 0 0 0 0 1 8 1 2 1 295 0 0 0 0 0 0 0 0 0 0 0 0
11 17 3 1 8 2 2 0 296 1 8 1 2 2 295 0 0 0 0 0 0 0 0 0 0 0 0
11 17 4 1 8 2 2 1 296 0 0 0 0 0 0 0 0 0 0 0 0 0 0 0 0 0 0
11 17 5 1 8 2 2 2 296 1 8 3 2 0 296 0 0 0 0 0 0 0 0 0 0 0 0
11 17 6 0 0 0 0 0 0 1 8 3 2 1 296 0 0 0 0 0 0 0 0 0 0 0 0
11 17 7 1 8 4 2 0 297 1 8 3 2 2 296 0 0 0 0 0 0 0 0 0 0 0 0
11 17 8 1 8 4 2 1 297 0 0 0 0 0 0 0 0 0 0 0 0 0 0 0 0 0 0
11 17 9 1 8 4 2 2 297 1 8 5 2 0 297 0 0 0 0 0 0 0 0 0 0 0 0
11 17 10 0 0 0 0 0 0 1 8 5 2 1 297 0 0 0 0 0 0 0 0 0 0 0 0
11 17 11 1 8 6 2 0 298 1 8 5 2 2 297 0 0 0 0 0 0 0 0 0 0 0 0
11 17 12 1 8 6 2 1 298 0 0 0 0 0 0 0 0 0 0 0 0 0 0 0 0 0 0
11 17 13 1 8 6 2 2 298 1 8 7 2 0 298 0 0 0 0 0 0 0 0 0 0 0 0
11 17 14 0 0 0 0 0 0 1 8 7 2 1 298 0 0 0 0 0 0 0 0 0 0 0 0
11 17 15 1 8 8 2 0 299 1 8 7 2 2 298 0 0 0 0 0 0 0 0 0 0 0 0
11 17 16 1 8 8 2 1 299 0 0 0 0 0 0 0 0 0 0 0 0 0 0 0 0 0 0
11 17 17 1 8 8 2 2 299 0 0 0 0 0 0 0 0 0 0 0 0 0 0 0 0 0 0
11 17 18 0 0 0 0 0 0 0 0 0 0 0 0 0 0 0 0 0 0 0 0 0 0 0 0
11 17 19 0 0 0 0 0 0 0 0 0 0 0 0 0 0 0 0 0 0 0 0 0 0 0 0
11 17 20 0 0 0 0 0 0 0 0 0 0 0 0 0 0 0 0 0 0 0 0 0 0 0 0
11 17 21 0 0 0 0 0 0 0 0 0 0 0 0 0 0 0 0 0 0 0 0 0 0 0 0
11 17 22 0 0 0 0 0 0 0 0 0 0 0 0 0 0 0 0 0 0 0 0 0 0 0 0
11 17 23 0 0 0 0 0 0 0 0 0 0 0 0 0 0 0 0 0 0 0 0 0 0 0 0
11 17 24 0 0 0 0 0 0 0 0 0 0 0 0 0 0 0 0 0 0 0 0 0 0 0 0
11 17 25 0 0 0 0 0 0 0 0 0 0 0 0 0 0 0 0 0 0 0 0 0 0 0 0
11 17 26 0 0 0 0 0 0 0 0 0 0 0 0 0 0 0 0 0 0 0 0 0 0 0 0
11 17 27 0 0 0 0 0 0 0 0 0 0 0 0 0 0 0 0 0 0 0 0 0 0 0 0
11 17 28 0 0 0 0 0 0 0 0 0 0 0 0 0 0 0 0 0 0 0 0 0 0 0 0
11 17 29 0 0 0 0 0 0 0 0 0 0 0 0 0 0 0 0 0 0 0 0 0 0 0 0
11 17 30 0 0 0 0 0 0 0 0 0 0 0 0 0 0 0 0 0 0 0 0 0 0 0 0
11 17 31 0 0 0 0 0 0 0 0 0 0 0 0 0 0 0 0 0 0 0 0 0 0 0 0
11 18 0 0 0 0 0 0 0 0 0 0 0 0 0 0 0 0 0 0 0 0 0 0 0 0 0
11 18 1 0 0 0 0 0 0 0 0 0 0 0 0 0 0 0 0 0 0 0 0 0 0 0 0
11 18 2 0 0 0 0 0 0 0 0 0 0 0 0 0 0 0 0 0 0 0 0 0 0 0 0
11 18 3 0 0 0 0 0 0 0 0 0 0 0 0 0 0 0 0 0 0 0 0 0 0 0 0
11 18 4 0 0 0 0 0 0 0 0 0 0 0 0 0 0 0 0 0 0 0 0 0 0 0 0
11 18 5 0 0 0 0 0 0 0 0 0 0 0 0 0 0 0 0 0 0 0 0 0 0 0 0
11 18 6 0 0 0 0 0 0 0 0 0 0 0 0 0 0 0 0 0 0 0 0 0 0 0 0
11 18 7 0 0 0 0 0 0 0 0 0 0 0 0 0 0 0 0 0 0 0 0 0 0 0 0
11 18 8 0 0 0 0 0 0 0 0 0 0 0 0 0 0 0 0 0 0 0 0 0 0 0 0
11 18 9 0 0 0 0 0 0 0 0 0 0 0 0 0 0 0 0 0 0 0 0 0 0 0 0
11 18 10 0 0 0 0 0 0 0 0 0 0 0 0 0 0 0 0 0 0 0 0 0 0 0 0
11 18 11 0 0 0 0 0 0 0 0 0 0 0 0 0 0 0 0 0 0 0 0 0 0 0 0
11 18 12 0 0 0 0 0 0 0 0 0 0 0 0 0 0 0 0 0 0 0 0 0 0 0 0
11 18 13 0 0 0 0 0 0 0 0 0 0 0 0 0 0 0 0 0 0 0 0 0 0 0 0
11 18 14 0 0 0 0 0 0 0 0 0 0 0 0 0 0 0 0 0 0 0 0 0 0 0 0
11 18 15 0 0 0 0 0 0 0 0 0 0 0 0 0 0 0 0 0 0 0 0 0 0 0 0
11 18 16 0 0 0 0 0 0 0 0 0 0 0 0 0 0 0 0 0 0 0 0 0 0 0 0
11 18 17 0 0 0 0 0 0 0 0 0 0 0 0 0 0 0 0 0 0 0 0 0 0 0 0
11 18 18 0 0 0 0 0 0 0 0 0 0 0 0 0 0 0 0 0 0 0 0 0 0 0 0
11 18 19 0 0 0 0 0 0 0 0 0 0 0 0 0 0 0 0 0 0 0 0 0 0 0 0
11 18 20 0 0 0 0 0 0 0 0 0 0 0 0 0 0 0 0 0 0 0 0 0 0 0 0
11 18 21 0 0 0 0 0 0 0 0 0 0 0 0 0 0 0 0 0 0 0 0 0 0 0 0
11 18 22 0 0 0 0 0 0 0 0 0 0 0 0 0 0 0 0 0 0 0 0 0 0 0 0
11 18 23 0 0 0 0 0 0 0 0 0 0 0 0 0 0 0 0 0 0 0 0 0 0 0 0
11 18 24 0 0 0 0 0 0 0 0 0 0 0 0 0 0 0 0 0 0 0 0 0 0 0 0
11 18 25 0 0 0 0 0 0 0 0 0 0 0 0 0 0 0 0 0 0 0 0 0 0 0 0
11 18 26 0 0 0 0 0 0 0 0 0 0 0 0 0 0 0 0 0 0 0 0 0 0 0 0
11 18 27 0 0 0 0 0 0 0 0 0 0 0 0 0 0 0 0 0 0 0 0 0 0 0 0
11 18 28 0 0 0 0 0 0 0 0 0 0 0 0 0 0 0 0 0 0 0 0 0 0 0 0
11 18 29 0 0 0 0 0 0 0 0 0 0 0 0 0 0 0 0 0 0 0 0 0 0 0 0
11 18 30 0 0 0 0 0 0 0 0 0 0 0 0 0 0 0 0 0 0 0 0 0 0 0 0
11 18 31 0 0 0 0 0 0 0 0 0 0 0 0 0 0 0 0 0 0 0 0 0 0 0 0
11 19 0 0 0 0 0 0 0 0 0 0 0 0 0 0 0 0 0 0 0 0 0 0 0 0 0
11 19 1 0 0 0 0 0 0 0 0 0 0 0 0 0 0 0 0 0 0 0 0 0 0 0 0
11 19 2 0 0 0 0 0 0 0 0 0 0 0 0 0 0 0 0 0 0 0 0 0 0 0 0
11 19 3 0 0 0 0 0 0 0 0 0 0 0 0 0 0 0 0 0 0 0 0 0 0 0 0
11 19 4 0 0 0 0 0 0 0 0 0 0 0 0 0 0 0 0 0 0 0 0 0 0 0 0
11 19 5 0 0 0 0 0 0 0 0 0 0 0 0 0 0 0 0 0 0 0 0 0 0 0 0
11 19 6 0 0 0 0 0 0 0 0 0 0 0 0 0 0 0 0 0 0 0 0 0 0 0 0
11 19 7 0 0 0 0 0 0 0 0 0 0 0 0 0 0 0 0 0 0 0 0 0 0 0 0
11 19 8 0 0 0 0 0 0 0 0 0 0 0 0 0 0 0 0 0 0 0 0 0 0 0 0
11 19 9 0 0 0 0 0 0 0 0 0 0 0 0 0 0 0 0 0 0 0 0 0 0 0 0
11 19 10 0 0 0 0 0 0 0 0 0 0 0 0 0 0 0 0 0 0 0 0 0 0 0 0
11 19 11 0 0 0 0 0 0 0 0 0 0 0 0 0 0 0 0 0 0 0 0 0 0 0 0
11 19 12 0 0 0 0 0 0 0 0 0 0 0 0 0 0 0 0 0 0 0 0 0 0 0 0
11 19 13 0 0 0 0 0 0 0 0 0 0 0 0 0 0 0 0 0 0 0 0 0 0 0 0
11 19 14 0 0 0 0 0 0 0 0 0 0 0 0 0 0 0 0 0 0 0 0 0 0 0 0
11 19 15 0 0 0 0 0 0 0 0 0 0 0 0 0 0 0 0 0 0 0 0 0 0 0 0
11 19 16 0 0 0 0 0 0 0 0 0 0 0 0 0 0 0 0 0 0 0 0 0 0 0 0
11 19 17 0 0 0 0 0 0 0 0 0 0 0 0 0 0 0 0 0 0 0 0 0 0 0 0
11 19 18 0 0 0 0 0 0 0 0 0 0 0 0 0 0 0 0 0 0 0 0 0 0 0 0
11 19 19 0 0 0 0 0 0 0 0 0 0 0 0 0 0 0 0 0 0 0 0 0 0 0 0
11 19 20 0 0 0 0 0 0 0 0 0 0 0 0 0 0 0 0 0 0 0 0 0 0 0 0
11 19 21 0 0 0 0 0 0 0 0 0 0 0 0 0 0 0 0 0 0 0 0 0 0 0 0
11 19 22 0 0 0 0 0 0 0 0 0 0 0 0 0 0 0 0 0 0 0 0 0 0 0 0
11 19 23 0 0 0 0 0 0 0 0 0 0 0 0 0 0 0 0 0 0 0 0 0 0 0 0
11 19 24 0 0 0 0 0 0 0 0 0 0 0 0 0 0 0 0 0 0 0 0 0 0 0 0
11 19 25 0 0 0 0 0 0 0 0 0 0 0 0 0 0 0 0 0 0 0 0 0 0 0 0
11 19 26 0 0 0 0 0 0 0 0 0 0 0 0 0 0 0 0 0 0 0 0 0 0 0 0
11 19 27 0 0 0 0 0 0 0 0 0 0 0 0 0 0 0 0 0 0 0 0 0 0 0 0
11 19 28 0 0 0 0 0 0 0 0 0 0 0 0 0 0 0 0 0 0 0 0 0 0 0 0
11 19 29 0 0 0 0 0 0 0 0 0 0 0 0 0 0 0 0 0 0 0 0 0 0 0 0
11 19 30 0 0 0 0 0 0 0 0 0 0 0 0 0 0 0 0 0 0 0 0 0 0 0 0
11 19 31 0 0 0 0 0 0 0 0 0 0 0 0 0 0 0 0 0 0 0 0 0 0 0 0
11 20 0 0 0 0 0 0 0 0 0 0 0 0 0 0 0 0 0 0 0 0 0 0 0 0 0
11 20 1 0 0 0 0 0 0 0 0 0 0 0 0 0 0 0 0 0 0 0 0 0 0 0 0
11 20 2 0 0 0 0 0 0 0 0 0 0 0 0 0 0 0 0 0 0 0 0 0 0 0 0
11 20 3 0 0 0 0 0 0 0 0 0 0 0 0 0 0 0 0 0 0 0 0 0 0 0 0
11 20 4 0 0 0 0 0 0 0 0 0 0 0 0 0 0 0 0 0 0 0 0 0 0 0 0
11 20 5 0 0 0 0 0 0 0 0 0 0 0 0 0 0 0 0 0 0 0 0 0 0 0 0
11 20 6 0 0 0 0 0 0 0 0 0 0 0 0 0 0 0 0 0 0 0 0 0 0 0 0
11 20 7 0 0 0 0 0 0 0 0 0 0 0 0 0 0 0 0 0 0 0 0 0 0 0 0
11 20 8 0 0 0 0 0 0 0 0 0 0 0 0 0 0 0 0 0 0 0 0 0 0 0 0
11 20 9 0 0 0 0 0 0 0 0 0 0 0 0 0 0 0 0 0 0 0 0 0 0 0 0
11 20 10 0 0 0 0 0 0 0 0 0 0 0 0 0 0 0 0 0 0 0 0 0 0 0 0
11 20 11 0 0 0 0 0 0 0 0 0 0 0 0 0 0 0 0 0 0 0 0 0 0 0 0
11 20 12 0 0 0 0 0 0 0 0 0 0 0 0 0 0 0 0 0 0 0 0 0 0 0 0
11 20 13 0 0 0 0 0 0 0 0 0 0 0 0 0 0 0 0 0 0 0 0 0 0 0 0
11 20 14 0 0 0 0 0 0 0 0 0 0 0 0 0 0 0 0 0 0 0 0 0 0 0 0
11 20 15 0 0 0 0 0 0 0 0 0 0 0 0 0 0 0 0 0 0 0 0 0 0 0 0
11 20 16 0 0 0 0 0 0 0 0 0 0 0 0 0 0 0 0 0 0 0 0 0 0 0 0
11 20 17 0 0 0 0 0 0 0 0 0 0 0 0 0 0 0 0 0 0 0 0 0 0 0 0
11 20 18 0 0 0 0 0 0 0 0 0 0 0 0 0 0 0 0 0 0 0 0 0 0 0 0
11 20 19 0 0 0 0 0 0 0 0 0 0 0 0 0 0 0 0 0 0 0 0 0 0 0 0
11 20 20 0 0 0 0 0 0 0 0 0 0 0 0 0 0 0 0 0 0 0 0 0 0 0 0
11 20 21 0 0 0 0 0 0 0 0 0 0 0 0 0 0 0 0 0 0 0 0 0 0 0 0
11 20 22 0 0 0 0 0 0 0 0 0 0 0 0 0 0 0 0 0 0 0 0 0 0 0 0
11 20 23 0 0 0 0 0 0 0 0 0 0 0 0 0 0 0 0 0 0 0 0 0 0 0 0
11 20 24 0 0 0 0 0 0 0 0 0 0 0 0 0 0 0 0 0 0 0 0 0 0 0 0
11 20 25 0 0 0 0 0 0 0 0 0 0 0 0 0 0 0 0 0 0 0 0 0 0 0 0
11 20 26 0 0 0 0 0 0 0 0 0 0 0 0 0 0 0 0 0 0 0 0 0 0 0 0
11 20 27 0 0 0 0 0 0 0 0 0 0 0 0 0 0 0 0 0 0 0 0 0 0 0 0
11 20 28 0 0 0 0 0 0 0 0 0 0 0 0 0 0 0 0 0 0 0 0 0 0 0 0
11 20 29 0 0 0 0 0 0 0 0 0 0 0 0 0 0 0 0 0 0 0 0 0 0 0 0
11 20 30 0 0 0 0 0 0 0 0 0 0 0 0 0 0 0 0 0 0 0 0 0 0 0 0
11 20 31 0 0 0 0 0 0 0 0 0 0 0 0 0 0 0 0 0 0 0 0 0 0 0 0
11 21 0 0 0 0 0 0 0 0 0 0 0 0 0 0 0 0 0 0 0 0 0 0 0 0 0
11 21 1 0 0 0 0 0 0 0 0 0 0 0 0 0 0 0 0 0 0 0 0 0 0 0 0
11 21 2 0 0 0 0 0 0 0 0 0 0 0 0 0 0 0 0 0 0 0 0 0 0 0 0
11 21 3 0 0 0 0 0 0 0 0 0 0 0 0 0 0 0 0 0 0 0 0 0 0 0 0
11 21 4 0 0 0 0 0 0 0 0 0 0 0 0 0 0 0 0 0 0 0 0 0 0 0 0
11 21 5 0 0 0 0 0 0 0 0 0 0 0 0 0 0 0 0 0 0 0 0 0 0 0 0
11 21 6 0 0 0 0 0 0 0 0 0 0 0 0 0 0 0 0 0 0 0 0 0 0 0 0
11 21 7 0 0 0 0 0 0 0 0 0 0 0 0 0 0 0 0 0 0 0 0 0 0 0 0
11 21 8 0 0 0 0 0 0 0 0 0 0 0 0 0 0 0 0 0 0 0 0 0 0 0 0
11 21 9 0 0 0 0 0 0 0 0 0 0 0 0 0 0 0 0 0 0 0 0 0 0 0 0
11 21 10 0 0 0 0 0 0 0 0 0 0 0 0 0 0 0 0 0 0 0 0 0 0 0 0
11 21 11 0 0 0 0 0 0 0 0 0 0 0 0 0 0 0 0 0 0 0 0 0 0 0 0
11 21 12 0 0 0 0 0 0 0 0 0 0 0 0 0 0 0 0 0 0 0 0 0 0 0 0
11 21 13 0 0 0 0 0 0 0 0 0 0 0 0 0 0 0 0 0 0 0 0 0 0 0 0
11 21 14 0 0 0 0 0 0 0 0 0 0 0 0 0 0 0 0 0 0 0 0 0 0 0 0
11 21 15 0 0 0 0 0 0 0 0 0 0 0 0 0 0 0 0 0 0 0 0 0 0 0 0
11 21 16 0 0 0 0 0 0 0 0 0 0 0 0 0 0 0 0 0 0 0 0 0 0 0 0
11 21 17 0 0 0 0 0 0 0 0 0 0 0 0 0 0 0 0 0 0 0 0 0 0 0 0
11 21 18 0 0 0 0 0 0 0 0 0 0 0 0 0 0 0 0 0 0 0 0 0 0 0 0
11 21 19 0 0 0 0 0 0 0 0 0 0 0 0 0 0 0 0 0 0 0 0 0 0 0 0
11 21 20 0 0 0 0 0 0 0 0 0 0 0 0 0 0 0 0 0 0 0 0 0 0 0 0
11 21 21 0 0 0 0 0 0 0 0 0 0 0 0 0 0 0 0 0 0 0 0 0 0 0 0
11 21 22 0 0 0 0 0 0 0 0 0 0 0 0 0 0 0 0 0 0 0 0 0 0 0 0
11 21 23 0 0 0 0 0 0 0 0 0 0 0 0 0 0 0 0 0 0 0 0 0 0 0 0
11 21 24 0 0 0 0 0 0 0 0 0 0 0 0 0 0 0 0 0 0 0 0 0 0 0 0
11 21 25 0 0 0 0 0 0 0 0 0 0 0 0 0 0 0 0 0 0 0 0 0 0 0 0
11 21 26 0 0 0 0 0 0 0 0 0 0 0 0 0 0 0 0 0 0 0 0 0 0 0 0
11 21 27 0 0 0 0 0 0 0 0 0 0 0 0 0 0 0 0 0 0 0 0 0 0 0 0
11 21 28 0 0 0 0 0 0 0 0 0 0 0 0 0 0 0 0 0 0 0 0 0 0 0 0
11 21 29 0 0 0 0 0 0 0 0 0 0 0 0 0 0 0 0 0 0 0 0 0 0 0 0
11 21 30 0 0 0 0 0 0 0 0 0 0 0 0 0 0 0 0 0 0 0 0 0 0 0 0
11 21 31 0 0 0 0 0 0 0 0 0 0 0 0 0 0 0 0 0 0 0 0 0 0 0 0
11 22 0 0 0 0 0 0 0 0 0 0 0 0 0 0 0 0 0 0 0 0 0 0 0 0 0
11 22 1 0 0 0 0 0 0 0 0 0 0 0 0 0 0 0 0 0 0 0 0 0 0 0 0
11 22 2 0 0 0 0 0 0 0 0 0 0 0 0 0 0 0 0 0 0 0 0 0 0 0 0
11 22 3 0 0 0 0 0 0 0 0 0 0 0 0 0 0 0 0 0 0 0 0 0 0 0 0
11 22 4 0 0 0 0 0 0 0 0 0 0 0 0 0 0 0 0 0 0 0 0 0 0 0 0
11 22 5 0 0 0 0 0 0 0 0 0 0 0 0 0 0 0 0 0 0 0 0 0 0 0 0
11 22 6 0 0 0 0 0 0 0 0 0 0 0 0 0 0 0 0 0 0 0 0 0 0 0 0
11 22 7 0 0 0 0 0 0 0 0 0 0 0 0 0 0 0 0 0 0 0 0 0 0 0 0
11 22 8 0 0 0 0 0 0 0 0 0 0 0 0 0 0 0 0 0 0 0 0 0 0 0 0
11 22 9 0 0 0 0 0 0 0 0 0 0 0 0 0 0 0 0 0 0 0 0 0 0 0 0
11 22 10 0 0 0 0 0 0 0 0 0 0 0 0 0 0 0 0 0 0 0 0 0 0 0 0
11 22 11 0 0 0 0 0 0 0 0 0 0 0 0 0 0 0 0 0 0 0 0 0 0 0 0
11 22 12 0 0 0 0 0 0 0 0 0 0 0 0 0 0 0 0 0 0 0 0 0 0 0 0
11 22 13 0 0 0 0 0 0 0 0 0 0 0 0 0 0 0 0 0 0 0 0 0 0 0 0
11 22 14 0 0 0 0 0 0 0 0 0 0 0 0 0 0 0 0 0 0 0 0 0 0 0 0
11 22 15 0 0 0 0 0 0 0 0 0 0 0 0 0 0 0 0 0 0 0 0 0 0 0 0
11 22 16 0 0 0 0 0 0 0 0 0 0 0 0 0 0 0 0 0 0 0 0 0 0 0 0
11 22 17 0 0 0 0 0 0 0 0 0 0 0 0 0 0 0 0 0 0 0 0 0 0 0 0
11 22 18 0 0 0 0 0 0 0 0 0 0 0 0 0 0 0 0 0 0 0 0 0 0 0 0
11 22 19 0 0 0 0 0 0 0 0 0 0 0 0 0 0 0 0 0 0 0 0 0 0 0 0
11 22 20 0 0 0 0 0 0 0 0 0 0 0 0 0 0 0 0 0 0 0 0 0 0 0 0
11 22 21 0 0 0 0 0 0 0 0 0 0 0 0 0 0 0 0 0 0 0 0 0 0 0 0
11 22 22 0 0 0 0 0 0 0 0 0 0 0 0 0 0 0 0 0 0 0 0 0 0 0 0
11 22 23 0 0 0 0 0 0 0 0 0 0 0 0 0 0 0 0 0 0 0 0 0 0 0 0
11 22 24 0 0 0 0 0 0 0 0 0 0 0 0 0 0 0 0 0 0 0 0 0 0 0 0
11 22 25 0 0 0 0 0 0 0 0 0 0 0 0 0 0 0 0 0 0 0 0 0 0 0 0
11 22 26 0 0 0 0 0 0 0 0 0 0 0 0 0 0 0 0 0 0 0 0 0 0 0 0
11 22 27 0 0 0 0 0 0 0 0 0 0 0 0 0 0 0 0 0 0 0 0 0 0 0 0
11 22 28 0 0 0 0 0 0 0 0 0 0 0 0 0 0 0 0 0 0 0 0 0 0 0 0
11 22 29 0 0 0 0 0 0 0 0 0 0 0 0 0 0 0 0 0 0 0 0 0 0 0 0
11 22 30 0 0 0 0 0 0 0 0 0 0 0 0 0 0 0 0 0 0 0 0 0 0 0 0
11 22 31 0 0 0 0 0 0 0 0 0 0 0 0 0 0 0 0 0 0 0 0 0 0 0 0
11 23 0 0 0 0 0 0 0 0 0 0 0 0 0 0 0 0 0 0 0 0 0 0 0 0 0
11 23 1 0 0 0 0 0 0 0 0 0 0 0 0 0 0 0 0 0 0 0 0 0 0 0 0
11 23 2 0 0 0 0 0 0 0 0 0 0 0 0 0 0 0 0 0 0 0 0 0 0 0 0
11 23 3 0 0 0 0 0 0 0 0 0 0 0 0 0 0 0 0 0 0 0 0 0 0 0 0
11 23 4 0 0 0 0 0 0 0 0 0 0 0 0 0 0 0 0 0 0 0 0 0 0 0 0
11 23 5 0 0 0 0 0 0 0 0 0 0 0 0 0 0 0 0 0 0 0 0 0 0 0 0
11 23 6 0 0 0 0 0 0 0 0 0 0 0 0 0 0 0 0 0 0 0 0 0 0 0 0
11 23 7 0 0 0 0 0 0 0 0 0 0 0 0 0 0 0 0 0 0 0 0 0 0 0 0
11 23 8 0 0 0 0 0 0 0 0 0 0 0 0 0 0 0 0 0 0 0 0 0 0 0 0
11 23 9 0 0 0 0 0 0 0 0 0 0 0 0 0 0 0 0 0 0 0 0 0 0 0 0
11 23 10 0 0 0 0 0 0 0 0 0 0 0 0 0 0 0 0 0 0 0 0 0 0 0 0
11 23 11 0 0 0 0 0 0 0 0 0 0 0 0 0 0 0 0 0 0 0 0 0 0 0 0
11 23 12 0 0 0 0 0 0 0 0 0 0 0 0 0 0 0 0 0 0 0 0 0 0 0 0
11 23 13 0 0 0 0 0 0 0 0 0 0 0 0 0 0 0 0 0 0 0 0 0 0 0 0
11 23 14 0 0 0 0 0 0 0 0 0 0 0 0 0 0 0 0 0 0 0 0 0 0 0 0
11 23 15 0 0 0 0 0 0 0 0 0 0 0 0 0 0 0 0 0 0 0 0 0 0 0 0
11 23 16 0 0 0 0 0 0 0 0 0 0 0 0 0 0 0 0 0 0 0 0 0 0 0 0
11 23 17 0 0 0 0 0 0 0 0 0 0 0 0 0 0 0 0 0 0 0 0 0 0 0 0
11 23 18 0 0 0 0 0 0 0 0 0 0 0 0 0 0 0 0 0 0 0 0 0 0 0 0
11 23 19 0 0 0 0 0 0 0 0 0 0 0 0 0 0 0 0 0 0 0 0 0 0 0 0
11 23 20 0 0 0 0 0 0 0 0 0 0 0 0 0 0 0 0 0 0 0 0 0 0 0 0
11 23 21 0 0 0 0 0 0 0 0 0 0 0 0 0 0 0 0 0 0 0 0 0 0 0 0
11 23 22 0 0 0 0 0 0 0 0 0 0 0 0 0 0 0 0 0 0 0 0 0 0 0 0
11 23 23 0 0 0 0 0 0 0 0 0 0 0 0 0 0 0 0 0 0 0 0 0 0 0 0
11 23 24 0 0 0 0 0 0 0 0 0 0 0 0 0 0 0 0 0 0 0 0 0 0 0 0
11 23 25 0 0 0 0 0 0 0 0 0 0 0 0 0 0 0 0 0 0 0 0 0 0 0 0
11 23 26 0 0 0 0 0 0 0 0 0 0 0 0 0 0 0 0 0 0 0 0 0 0 0 0
11 23 27 0 0 0 0 0 0 0 0 0 0 0 0 0 0 0 0 0 0 0 0 0 0 0 0
11 23 28 0 0 0 0 0 0 0 0 0 0 0 0 0 0 0 0 0 0 0 0 0 0 0 0
11 23 29 0 0 0 0 0 0 0 0 0 0 0 0 0 0 0 0 0 0 0 0 0 0 0 0
11 23 30 0 0 0 0 0 0 0 0 0 0 0 0 0 0 0 0 0 0 0 0 0 0 0 0
11 23 31 0 0 0 0 0 0 0 0 0 0 0 0 0 0 0 0 0 0 0 0 0 0 0 0
11 24 0 0 0 0 0 0 0 0 0 0 0 0 0 0 0 0 0 0 0 0 0 0 0 0 0
11 24 1 0 0 0 0 0 0 0 0 0 0 0 0 0 0 0 0 0 0 0 0 0 0 0 0
11 24 2 0 0 0 0 0 0 0 0 0 0 0 0 0 0 0 0 0 0 0 0 0 0 0 0
11 24 3 0 0 0 0 0 0 0 0 0 0 0 0 0 0 0 0 0 0 0 0 0 0 0 0
11 24 4 0 0 0 0 0 0 0 0 0 0 0 0 0 0 0 0 0 0 0 0 0 0 0 0
11 24 5 0 0 0 0 0 0 0 0 0 0 0 0 0 0 0 0 0 0 0 0 0 0 0 0
11 24 6 0 0 0 0 0 0 0 0 0 0 0 0 0 0 0 0 0 0 0 0 0 0 0 0
11 24 7 0 0 0 0 0 0 0 0 0 0 0 0 0 0 0 0 0 0 0 0 0 0 0 0
11 24 8 0 0 0 0 0 0 0 0 0 0 0 0 0 0 0 0 0 0 0 0 0 0 0 0
11 24 9 0 0 0 0 0 0 0 0 0 0 0 0 0 0 0 0 0 0 0 0 0 0 0 0
11 24 10 0 0 0 0 0 0 0 0 0 0 0 0 0 0 0 0 0 0 0 0 0 0 0 0
11 24 11 0 0 0 0 0 0 0 0 0 0 0 0 0 0 0 0 0 0 0 0 0 0 0 0
11 24 12 0 0 0 0 0 0 0 0 0 0 0 0 0 0 0 0 0 0 0 0 0 0 0 0
11 24 13 0 0 0 0 0 0 0 0 0 0 0 0 0 0 0 0 0 0 0 0 0 0 0 0
11 24 14 0 0 0 0 0 0 0 0 0 0 0 0 0 0 0 0 0 0 0 0 0 0 0 0
11 24 15 0 0 0 0 0 0 0 0 0 0 0 0 0 0 0 0 0 0 0 0 0 0 0 0
11 24 16 0 0 0 0 0 0 0 0 0 0 0 0 0 0 0 0 0 0 0 0 0 0 0 0
11 24 17 0 0 0 0 0 0 0 0 0 0 0 0 0 0 0 0 0 0 0 0 0 0 0 0
11 24 18 0 0 0 0 0 0 0 0 0 0 0 0 0 0 0 0 0 0 0 0 0 0 0 0
11 24 19 0 0 0 0 0 0 0 0 0 0 0 0 0 0 0 0 0 0 0 0 0 0 0 0
11 24 20 0 0 0 0 0 0 0 0 0 0 0 0 0 0 0 0 0 0 0 0 0 0 0 0
11 24 21 0 0 0 0 0 0 0 0 0 0 0 0 0 0 0 0 0 0 0 0 0 0 0 0
11 24 22 0 0 0 0 0 0 0 0 0 0 0 0 0 0 0 0 0 0 0 0 0 0 0 0
11 24 23 0 0 0 0 0 0 0 0 0 0 0 0 0 0 0 0 0 0 0 0 0 0 0 0
11 24 24 0 0 0 0 0 0 0 0 0 0 0 0 0 0 0 0 0 0 0 0 0 0 0 0
11 24 25 0 0 0 0 0 0 0 0 0 0 0 0 0 0 0 0 0 0 0 0 0 0 0 0
11 24 26 0 0 0 0 0 0 0 0 0 0 0 0 0 0 0 0 0 0 0 0 0 0 0 0
11 24 27 0 0 0 0 0 0 0 0 0 0 0 0 0 0 0 0 0 0 0 0 0 0 0 0
11 24 28 0 0 0 0 0 0 0 0 0 0 0 0 0 0 0 0 0 0 0 0 0 0 0 0
11 24 29 0 0 0 0 0 0 0 0 0 0 0 0 0 0 0 0 0 0 0 0 0 0 0 0
11 24 30 0 0 0 0 0 0 0 0 0 0 0 0 0 0 0 0 0 0 0 0 0 0 0 0
11 24 31 0 0 0 0 0 0 0 0 0 0 0 0 0 0 0 0 0 0 0 0 0 0 0 0
11 25 0 0 0 0 0 0 0 0 0 0 0 0 0 0 0 0 0 0 0 0 0 0 0 0 0
11 25 1 0 0 0 0 0 0 0 0 0 0 0 0 0 0 0 0 0 0 0 0 0 0 0 0
11 25 2 0 0 0 0 0 0 0 0 0 0 0 0 0 0 0 0 0 0 0 0 0 0 0 0
11 25 3 0 0 0 0 0 0 0 0 0 0 0 0 0 0 0 0 0 0 0 0 0 0 0 0
11 25 4 0 0 0 0 0 0 0 0 0 0 0 0 0 0 0 0 0 0 0 0 0 0 0 0
11 25 5 0 0 0 0 0 0 0 0 0 0 0 0 0 0 0 0 0 0 0 0 0 0 0 0
11 25 6 0 0 0 0 0 0 0 0 0 0 0 0 0 0 0 0 0 0 0 0 0 0 0 0
11 25 7 0 0 0 0 0 0 0 0 0 0 0 0 0 0 0 0 0 0 0 0 0 0 0 0
11 25 8 0 0 0 0 0 0 0 0 0 0 0 0 0 0 0 0 0 0 0 0 0 0 0 0
11 25 9 0 0 0 0 0 0 0 0 0 0 0 0 0 0 0 0 0 0 0 0 0 0 0 0
11 25 10 0 0 0 0 0 0 0 0 0 0 0 0 0 0 0 0 0 0 0 0 0 0 0 0
11 25 11 0 0 0 0 0 0 0 0 0 0 0 0 0 0 0 0 0 0 0 0 0 0 0 0
11 25 12 0 0 0 0 0 0 0 0 0 0 0 0 0 0 0 0 0 0 0 0 0 0 0 0
11 25 13 0 0 0 0 0 0 0 0 0 0 0 0 0 0 0 0 0 0 0 0 0 0 0 0
11 25 14 0 0 0 0 0 0 0 0 0 0 0 0 0 0 0 0 0 0 0 0 0 0 0 0
11 25 15 0 0 0 0 0 0 0 0 0 0 0 0 0 0 0 0 0 0 0 0 0 0 0 0
11 25 16 0 0 0 0 0 0 0 0 0 0 0 0 0 0 0 0 0 0 0 0 0 0 0 0
11 25 17 0 0 0 0 0 0 0 0 0 0 0 0 0 0 0 0 0 0 0 0 0 0 0 0
11 25 18 0 0 0 0 0 0 0 0 0 0 0 0 0 0 0 0 0 0 0 0 0 0 0 0
11 25 19 0 0 0 0 0 0 0 0 0 0 0 0 0 0 0 0 0 0 0 0 0 0 0 0
11 25 20 0 0 0 0 0 0 0 0 0 0 0 0 0 0 0 0 0 0 0 0 0 0 0 0
11 25 21 0 0 0 0 0 0 0 0 0 0 0 0 0 0 0 0 0 0 0 0 0 0 0 0
11 25 22 0 0 0 0 0 0 0 0 0 0 0 0 0 0 0 0 0 0 0 0 0 0 0 0
11 25 23 0 0 0 0 0 0 0 0 0 0 0 0 0 0 0 0 0 0 0 0 0 0 0 0
11 25 24 0 0 0 0 0 0 0 0 0 0 0 0 0 0 0 0 0 0 0 0 0 0 0 0
11 25 25 0 0 0 0 0 0 0 0 0 0 0 0 0 0 0 0 0 0 0 0 0 0 0 0
11 25 26 0 0 0 0 0 0 0 0 0 0 0 0 0 0 0 0 0 0 0 0 0 0 0 0
11 25 27 0 0 0 0 0 0 0 0 0 0 0 0 0 0 0 0 0 0 0 0 0 0 0 0
11 25 28 0 0 0 0 0 0 0 0 0 0 0 0 0 0 0 0 0 0 0 0 0 0 0 0
11 25 29 0 0 0 0 0 0 0 0 0 0 0 0 0 0 0 0 0 0 0 0 0 0 0 0
11 25 30 0 0 0 0 0 0 0 0 0 0 0 0 0 0 0 0 0 0 0 0 0 0 0 0
11 25 31 0 0 0 0 0 0 0 0 0 0 0 0 0 0 0 0 0 0 0 0 0 0 0 0
11 26 0 0 0 0 0 0 0 0 0 0 0 0 0 0 0 0 0 0 0 0 0 0 0 0 0
11 26 1 0 0 0 0 0 0 0 0 0 0 0 0 0 0 0 0 0 0 0 0 0 0 0 0
11 26 2 0 0 0 0 0 0 0 0 0 0 0 0 0 0 0 0 0 0 0 0 0 0 0 0
11 26 3 0 0 0 0 0 0 0 0 0 0 0 0 0 0 0 0 0 0 0 0 0 0 0 0
11 26 4 0 0 0 0 0 0 0 0 0 0 0 0 0 0 0 0 0 0 0 0 0 0 0 0
11 26 5 0 0 0 0 0 0 0 0 0 0 0 0 0 0 0 0 0 0 0 0 0 0 0 0
11 26 6 0 0 0 0 0 0 0 0 0 0 0 0 0 0 0 0 0 0 0 0 0 0 0 0
11 26 7 0 0 0 0 0 0 0 0 0 0 0 0 0 0 0 0 0 0 0 0 0 0 0 0
11 26 8 0 0 0 0 0 0 0 0 0 0 0 0 0 0 0 0 0 0 0 0 0 0 0 0
11 26 9 0 0 0 0 0 0 0 0 0 0 0 0 0 0 0 0 0 0 0 0 0 0 0 0
11 26 10 0 0 0 0 0 0 0 0 0 0 0 0 0 0 0 0 0 0 0 0 0 0 0 0
11 26 11 0 0 0 0 0 0 0 0 0 0 0 0 0 0 0 0 0 0 0 0 0 0 0 0
11 26 12 0 0 0 0 0 0 0 0 0 0 0 0 0 0 0 0 0 0 0 0 0 0 0 0
11 26 13 0 0 0 0 0 0 0 0 0 0 0 0 0 0 0 0 0 0 0 0 0 0 0 0
11 26 14 0 0 0 0 0 0 0 0 0 0 0 0 0 0 0 0 0 0 0 0 0 0 0 0
11 26 15 0 0 0 0 0 0 0 0 0 0 0 0 0 0 0 0 0 0 0 0 0 0 0 0
11 26 16 0 0 0 0 0 0 0 0 0 0 0 0 0 0 0 0 0 0 0 0 0 0 0 0
11 26 17 0 0 0 0 0 0 0 0 0 0 0 0 0 0 0 0 0 0 0 0 0 0 0 0
11 26 18 0 0 0 0 0 0 0 0 0 0 0 0 0 0 0 0 0 0 0 0 0 0 0 0
11 26 19 0 0 0 0 0 0 0 0 0 0 0 0 0 0 0 0 0 0 0 0 0 0 0 0
11 26 20 0 0 0 0 0 0 0 0 0 0 0 0 0 0 0 0 0 0 0 0 0 0 0 0
11 26 21 0 0 0 0 0 0 0 0 0 0 0 0 0 0 0 0 0 0 0 0 0 0 0 0
11 26 22 0 0 0 0 0 0 0 0 0 0 0 0 0 0 0 0 0 0 0 0 0 0 0 0
11 26 23 0 0 0 0 0 0 0 0 0 0 0 0 0 0 0 0 0 0 0 0 0 0 0 0
11 26 24 0 0 0 0 0 0 0 0 0 0 0 0 0 0 0 0 0 0 0 0 0 0 0 0
11 26 25 0 0 0 0 0 0 0 0 0 0 0 0 0 0 0 0 0 0 0 0 0 0 0 0
11 26 26 0 0 0 0 0 0 0 0 0 0 0 0 0 0 0 0 0 0 0 0 0 0 0 0
11 26 27 0 0 0 0 0 0 0 0 0 0 0 0 0 0 0 0 0 0 0 0 0 0 0 0
11 26 28 0 0 0 0 0 0 0 0 0 0 0 0 0 0 0 0 0 0 0 0 0 0 0 0
11 26 29 0 0 0 0 0 0 0 0 0 0 0 0 0 0 0 0 0 0 0 0 0 0 0 0
11 26 30 0 0 0 0 0 0 0 0 0 0 0 0 0 0 0 0 0 0 0 0 0 0 0 0
11 26 31 0 0 0 0 0 0 0 0 0 0 0 0 0 0 0 0 0 0 0 0 0 0 0 0
11 27 0 0 0 0 0 0 0 0 0 0 0 0 0 0 0 0 0 0 0 0 0 0 0 0 0
11 27 1 0 0 0 0 0 0 0 0 0 0 0 0 0 0 0 0 0 0 0 0 0 0 0 0
11 27 2 0 0 0 0 0 0 0 0 0 0 0 0 0 0 0 0 0 0 0 0 0 0 0 0
11 27 3 0 0 0 0 0 0 0 0 0 0 0 0 0 0 0 0 0 0 0 0 0 0 0 0
11 27 4 0 0 0 0 0 0 0 0 0 0 0 0 0 0 0 0 0 0 0 0 0 0 0 0
11 27 5 0 0 0 0 0 0 0 0 0 0 0 0 0 0 0 0 0 0 0 0 0 0 0 0
11 27 6 0 0 0 0 0 0 0 0 0 0 0 0 0 0 0 0 0 0 0 0 0 0 0 0
11 27 7 0 0 0 0 0 0 0 0 0 0 0 0 0 0 0 0 0 0 0 0 0 0 0 0
11 27 8 0 0 0 0 0 0 0 0 0 0 0 0 0 0 0 0 0 0 0 0 0 0 0 0
11 27 9 0 0 0 0 0 0 0 0 0 0 0 0 0 0 0 0 0 0 0 0 0 0 0 0
11 27 10 0 0 0 0 0 0 0 0 0 0 0 0 0 0 0 0 0 0 0 0 0 0 0 0
11 27 11 0 0 0 0 0 0 0 0 0 0 0 0 0 0 0 0 0 0 0 0 0 0 0 0
11 27 12 0 0 0 0 0 0 0 0 0 0 0 0 0 0 0 0 0 0 0 0 0 0 0 0
11 27 13 0 0 0 0 0 0 0 0 0 0 0 0 0 0 0 0 0 0 0 0 0 0 0 0
11 27 14 0 0 0 0 0 0 0 0 0 0 0 0 0 0 0 0 0 0 0 0 0 0 0 0
11 27 15 0 0 0 0 0 0 0 0 0 0 0 0 0 0 0 0 0 0 0 0 0 0 0 0
11 27 16 0 0 0 0 0 0 0 0 0 0 0 0 0 0 0 0 0 0 0 0 0 0 0 0
11 27 17 0 0 0 0 0 0 0 0 0 0 0 0 0 0 0 0 0 0 0 0 0 0 0 0
11 27 18 0 0 0 0 0 0 0 0 0 0 0 0 0 0 0 0 0 0 0 0 0 0 0 0
11 27 19 0 0 0 0 0 0 0 0 0 0 0 0 0 0 0 0 0 0 0 0 0 0 0 0
11 27 20 0 0 0 0 0 0 0 0 0 0 0 0 0 0 0 0 0 0 0 0 0 0 0 0
11 27 21 0 0 0 0 0 0 0 0 0 0 0 0 0 0 0 0 0 0 0 0 0 0 0 0
11 27 22 0 0 0 0 0 0 0 0 0 0 0 0 0 0 0 0 0 0 0 0 0 0 0 0
11 27 23 0 0 0 0 0 0 0 0 0 0 0 0 0 0 0 0 0 0 0 0 0 0 0 0
11 27 24 0 0 0 0 0 0 0 0 0 0 0 0 0 0 0 0 0 0 0 0 0 0 0 0
11 27 25 0 0 0 0 0 0 0 0 0 0 0 0 0 0 0 0 0 0 0 0 0 0 0 0
11 27 26 0 0 0 0 0 0 0 0 0 0 0 0 0 0 0 0 0 0 0 0 0 0 0 0
11 27 27 0 0 0 0 0 0 0 0 0 0 0 0 0 0 0 0 0 0 0 0 0 0 0 0
11 27 28 0 0 0 0 0 0 0 0 0 0 0 0 0 0 0 0 0 0 0 0 0 0 0 0
11 27 29 0 0 0 0 0 0 0 0 0 0 0 0 0 0 0 0 0 0 0 0 0 0 0 0
11 27 30 0 0 0 0 0 0 0 0 0 0 0 0 0 0 0 0 0 0 0 0 0 0 0 0
11 27 31 0 0 0 0 0 0 0 0 0 0 0 0 0 0 0 0 0 0 0 0 0 0 0 0
11 28 0 0 0 0 0 0 0 0 0 0 0 0 0 0 0 0 0 0 0 0 0 0 0 0 0
11 28 1 0 0 0 0 0 0 0 0 0 0 0 0 0 0 0 0 0 0 0 0 0 0 0 0
11 28 2 0 0 0 0 0 0 0 0 0 0 0 0 0 0 0 0 0 0 0 0 0 0 0 0
11 28 3 0 0 0 0 0 0 0 0 0 0 0 0 0 0 0 0 0 0 0 0 0 0 0 0
11 28 4 0 0 0 0 0 0 0 0 0 0 0 0 0 0 0 0 0 0 0 0 0 0 0 0
11 28 5 0 0 0 0 0 0 0 0 0 0 0 0 0 0 0 0 0 0 0 0 0 0 0 0
11 28 6 0 0 0 0 0 0 0 0 0 0 0 0 0 0 0 0 0 0 0 0 0 0 0 0
11 28 7 0 0 0 0 0 0 0 0 0 0 0 0 0 0 0 0 0 0 0 0 0 0 0 0
11 28 8 0 0 0 0 0 0 0 0 0 0 0 0 0 0 0 0 0 0 0 0 0 0 0 0
11 28 9 0 0 0 0 0 0 0 0 0 0 0 0 0 0 0 0 0 0 0 0 0 0 0 0
11 28 10 0 0 0 0 0 0 0 0 0 0 0 0 0 0 0 0 0 0 0 0 0 0 0 0
11 28 11 0 0 0 0 0 0 0 0 0 0 0 0 0 0 0 0 0 0 0 0 0 0 0 0
11 28 12 0 0 0 0 0 0 0 0 0 0 0 0 0 0 0 0 0 0 0 0 0 0 0 0
11 28 13 0 0 0 0 0 0 0 0 0 0 0 0 0 0 0 0 0 0 0 0 0 0 0 0
11 28 14 0 0 0 0 0 0 0 0 0 0 0 0 0 0 0 0 0 0 0 0 0 0 0 0
11 28 15 0 0 0 0 0 0 0 0 0 0 0 0 0 0 0 0 0 0 0 0 0 0 0 0
11 28 16 0 0 0 0 0 0 0 0 0 0 0 0 0 0 0 0 0 0 0 0 0 0 0 0
11 28 17 0 0 0 0 0 0 0 0 0 0 0 0 0 0 0 0 0 0 0 0 0 0 0 0
11 28 18 0 0 0 0 0 0 0 0 0 0 0 0 0 0 0 0 0 0 0 0 0 0 0 0
11 28 19 0 0 0 0 0 0 0 0 0 0 0 0 0 0 0 0 0 0 0 0 0 0 0 0
11 28 20 0 0 0 0 0 0 0 0 0 0 0 0 0 0 0 0 0 0 0 0 0 0 0 0
11 28 21 0 0 0 0 0 0 0 0 0 0 0 0 0 0 0 0 0 0 0 0 0 0 0 0
11 28 22 0 0 0 0 0 0 0 0 0 0 0 0 0 0 0 0 0 0 0 0 0 0 0 0
11 28 23 0 0 0 0 0 0 0 0 0 0 0 0 0 0 0 0 0 0 0 0 0 0 0 0
11 28 24 0 0 0 0 0 0 0 0 0 0 0 0 0 0 0 0 0 0 0 0 0 0 0 0
11 28 25 0 0 0 0 0 0 0 0 0 0 0 0 0 0 0 0 0 0 0 0 0 0 0 0
11 28 26 0 0 0 0 0 0 0 0 0 0 0 0 0 0 0 0 0 0 0 0 0 0 0 0
11 28 27 0 0 0 0 0 0 0 0 0 0 0 0 0 0 0 0 0 0 0 0 0 0 0 0
11 28 28 0 0 0 0 0 0 0 0 0 0 0 0 0 0 0 0 0 0 0 0 0 0 0 0
11 28 29 0 0 0 0 0 0 0 0 0 0 0 0 0 0 0 0 0 0 0 0 0 0 0 0
11 28 30 0 0 0 0 0 0 0 0 0 0 0 0 0 0 0 0 0 0 0 0 0 0 0 0
11 28 31 0 0 0 0 0 0 0 0 0 0 0 0 0 0 0 0 0 0 0 0 0 0 0 0
11 29 0 0 0 0 0 0 0 0 0 0 0 0 0 0 0 0 0 0 0 0 0 0 0 0 0
11 29 1 0 0 0 0 0 0 0 0 0 0 0 0 0 0 0 0 0 0 0 0 0 0 0 0
11 29 2 0 0 0 0 0 0 0 0 0 0 0 0 0 0 0 0 0 0 0 0 0 0 0 0
11 29 3 0 0 0 0 0 0 0 0 0 0 0 0 0 0 0 0 0 0 0 0 0 0 0 0
11 29 4 0 0 0 0 0 0 0 0 0 0 0 0 0 0 0 0 0 0 0 0 0 0 0 0
11 29 5 0 0 0 0 0 0 0 0 0 0 0 0 0 0 0 0 0 0 0 0 0 0 0 0
11 29 6 0 0 0 0 0 0 0 0 0 0 0 0 0 0 0 0 0 0 0 0 0 0 0 0
11 29 7 0 0 0 0 0 0 0 0 0 0 0 0 0 0 0 0 0 0 0 0 0 0 0 0
11 29 8 0 0 0 0 0 0 0 0 0 0 0 0 0 0 0 0 0 0 0 0 0 0 0 0
11 29 9 0 0 0 0 0 0 0 0 0 0 0 0 0 0 0 0 0 0 0 0 0 0 0 0
11 29 10 0 0 0 0 0 0 0 0 0 0 0 0 0 0 0 0 0 0 0 0 0 0 0 0
11 29 11 0 0 0 0 0 0 0 0 0 0 0 0 0 0 0 0 0 0 0 0 0 0 0 0
11 29 12 0 0 0 0 0 0 0 0 0 0 0 0 0 0 0 0 0 0 0 0 0 0 0 0
11 29 13 0 0 0 0 0 0 0 0 0 0 0 0 0 0 0 0 0 0 0 0 0 0 0 0
11 29 14 0 0 0 0 0 0 0 0 0 0 0 0 0 0 0 0 0 0 0 0 0 0 0 0
11 29 15 0 0 0 0 0 0 0 0 0 0 0 0 0 0 0 0 0 0 0 0 0 0 0 0
11 29 16 0 0 0 0 0 0 0 0 0 0 0 0 0 0 0 0 0 0 0 0 0 0 0 0
11 29 17 0 0 0 0 0 0 0 0 0 0 0 0 0 0 0 0 0 0 0 0 0 0 0 0
11 29 18 0 0 0 0 0 0 0 0 0 0 0 0 0 0 0 0 0 0 0 0 0 0 0 0
11 29 19 0 0 0 0 0 0 0 0 0 0 0 0 0 0 0 0 0 0 0 0 0 0 0 0
11 29 20 0 0 0 0 0 0 0 0 0 0 0 0 0 0 0 0 0 0 0 0 0 0 0 0
11 29 21 0 0 0 0 0 0 0 0 0 0 0 0 0 0 0 0 0 0 0 0 0 0 0 0
11 29 22 0 0 0 0 0 0 0 0 0 0 0 0 0 0 0 0 0 0 0 0 0 0 0 0
11 29 23 0 0 0 0 0 0 0 0 0 0 0 0 0 0 0 0 0 0 0 0 0 0 0 0
11 29 24 0 0 0 0 0 0 0 0 0 0 0 0 0 0 0 0 0 0 0 0 0 0 0 0
11 29 25 0 0 0 0 0 0 0 0 0 0 0 0 0 0 0 0 0 0 0 0 0 0 0 0
11 29 26 0 0 0 0 0 0 0 0 0 0 0 0 0 0 0 0 0 0 0 0 0 0 0 0
11 29 27 0 0 0 0 0 0 0 0 0 0 0 0 0 0 0 0 0 0 0 0 0 0 0 0
11 29 28 0 0 0 0 0 0 0 0 0 0 0 0 0 0 0 0 0 0 0 0 0 0 0 0
11 29 29 0 0 0 0 0 0 0 0 0 0 0 0 0 0 0 0 0 0 0 0 0 0 0 0
11 29 30 0 0 0 0 0 0 0 0 0 0 0 0 0 0 0 0 0 0 0 0 0 0 0 0
11 29 31 0 0 0 0 0 0 0 0 0 0 0 0 0 0 0 0 0 0 0 0 0 0 0 0
11 30 0 0 0 0 0 0 0 0 0 0 0 0 0 0 0 0 0 0 0 0 0 0 0 0 0
11 30 1 0 0 0 0 0 0 0 0 0 0 0 0 0 0 0 0 0 0 0 0 0 0 0 0
11 30 2 0 0 0 0 0 0 0 0 0 0 0 0 0 0 0 0 0 0 0 0 0 0 0 0
11 30 3 0 0 0 0 0 0 0 0 0 0 0 0 0 0 0 0 0 0 0 0 0 0 0 0
11 30 4 0 0 0 0 0 0 0 0 0 0 0 0 0 0 0 0 0 0 0 0 0 0 0 0
11 30 5 0 0 0 0 0 0 0 0 0 0 0 0 0 0 0 0 0 0 0 0 0 0 0 0
11 30 6 0 0 0 0 0 0 0 0 0 0 0 0 0 0 0 0 0 0 0 0 0 0 0 0
11 30 7 0 0 0 0 0 0 0 0 0 0 0 0 0 0 0 0 0 0 0 0 0 0 0 0
11 30 8 0 0 0 0 0 0 0 0 0 0 0 0 0 0 0 0 0 0 0 0 0 0 0 0
11 30 9 0 0 0 0 0 0 0 0 0 0 0 0 0 0 0 0 0 0 0 0 0 0 0 0
11 30 10 0 0 0 0 0 0 0 0 0 0 0 0 0 0 0 0 0 0 0 0 0 0 0 0
11 30 11 0 0 0 0 0 0 0 0 0 0 0 0 0 0 0 0 0 0 0 0 0 0 0 0
11 30 12 0 0 0 0 0 0 0 0 0 0 0 0 0 0 0 0 0 0 0 0 0 0 0 0
11 30 13 0 0 0 0 0 0 0 0 0 0 0 0 0 0 0 0 0 0 0 0 0 0 0 0
11 30 14 0 0 0 0 0 0 0 0 0 0 0 0 0 0 0 0 0 0 0 0 0 0 0 0
11 30 15 0 0 0 0 0 0 0 0 0 0 0 0 0 0 0 0 0 0 0 0 0 0 0 0
11 30 16 0 0 0 0 0 0 0 0 0 0 0 0 0 0 0 0 0 0 0 0 0 0 0 0
11 30 17 0 0 0 0 0 0 0 0 0 0 0 0 0 0 0 0 0 0 0 0 0 0 0 0
11 30 18 0 0 0 0 0 0 0 0 0 0 0 0 0 0 0 0 0 0 0 0 0 0 0 0
11 30 19 0 0 0 0 0 0 0 0 0 0 0 0 0 0 0 0 0 0 0 0 0 0 0 0
11 30 20 0 0 0 0 0 0 0 0 0 0 0 0 0 0 0 0 0 0 0 0 0 0 0 0
11 30 21 0 0 0 0 0 0 0 0 0 0 0 0 0 0 0 0 0 0 0 0 0 0 0 0
11 30 22 0 0 0 0 0 0 0 0 0 0 0 0 0 0 0 0 0 0 0 0 0 0 0 0
11 30 23 0 0 0 0 0 0 0 0 0 0 0 0 0 0 0 0 0 0 0 0 0 0 0 0
11 30 24 0 0 0 0 0 0 0 0 0 0 0 0 0 0 0 0 0 0 0 0 0 0 0 0
11 30 25 0 0 0 0 0 0 0 0 0 0 0 0 0 0 0 0 0 0 0 0 0 0 0 0
11 30 26 0 0 0 0 0 0 0 0 0 0 0 0 0 0 0 0 0 0 0 0 0 0 0 0
11 30 27 0 0 0 0 0 0 0 0 0 0 0 0 0 0 0 0 0 0 0 0 0 0 0 0
11 30 28 0 0 0 0 0 0 0 0 0 0 0 0 0 0 0 0 0 0 0 0 0 0 0 0
11 30 29 0 0 0 0 0 0 0 0 0 0 0 0 0 0 0 0 0 0 0 0 0 0 0 0
11 30 30 0 0 0 0 0 0 0 0 0 0 0 0 0 0 0 0 0 0 0 0 0 0 0 0
11 30 31 0 0 0 0 0 0 0 0 0 0 0 0 0 0 0 0 0 0 0 0 0 0 0 0
11 31 0 0 0 0 0 0 0 0 0 0 0 0 0 0 0 0 0 0 0 0 0 0 0 0 0
11 31 1 0 0 0 0 0 0 0 0 0 0 0 0 0 0 0 0 0 0 0 0 0 0 0 0
11 31 2 0 0 0 0 0 0 0 0 0 0 0 0 0 0 0 0 0 0 0 0 0 0 0 0
11 31 3 0 0 0 0 0 0 0 0 0 0 0 0 0 0 0 0 0 0 0 0 0 0 0 0
11 31 4 0 0 0 0 0 0 0 0 0 0 0 0 0 0 0 0 0 0 0 0 0 0 0 0
11 31 5 0 0 0 0 0 0 0 0 0 0 0 0 0 0 0 0 0 0 0 0 0 0 0 0
11 31 6 0 0 0 0 0 0 0 0 0 0 0 0 0 0 0 0 0 0 0 0 0 0 0 0
11 31 7 0 0 0 0 0 0 0 0 0 0 0 0 0 0 0 0 0 0 0 0 0 0 0 0
11 31 8 0 0 0 0 0 0 0 0 0 0 0 0 0 0 0 0 0 0 0 0 0 0 0 0
11 31 9 0 0 0 0 0 0 0 0 0 0 0 0 0 0 0 0 0 0 0 0 0 0 0 0
11 31 10 0 0 0 0 0 0 0 0 0 0 0 0 0 0 0 0 0 0 0 0 0 0 0 0
11 31 11 0 0 0 0 0 0 0 0 0 0 0 0 0 0 0 0 0 0 0 0 0 0 0 0
11 31 12 0 0 0 0 0 0 0 0 0 0 0 0 0 0 0 0 0 0 0 0 0 0 0 0
11 31 13 0 0 0 0 0 0 0 0 0 0 0 0 0 0 0 0 0 0 0 0 0 0 0 0
11 31 14 0 0 0 0 0 0 0 0 0 0 0 0 0 0 0 0 0 0 0 0 0 0 0 0
11 31 15 0 0 0 0 0 0 0 0 0 0 0 0 0 0 0 0 0 0 0 0 0 0 0 0
11 31 16 0 0 0 0 0 0 0 0 0 0 0 0 0 0 0 0 0 0 0 0 0 0 0 0
11 31 17 0 0 0 0 0 0 0 0 0 0 0 0 0 0 0 0 0 0 0 0 0 0 0 0
11 31 18 0 0 0 0 0 0 0 0 0 0 0 0 0 0 0 0 0 0 0 0 0 0 0 0
11 31 19 0 0 0 0 0 0 0 0 0 0 0 0 0 0 0 0 0 0 0 0 0 0 0 0
11 31 20 0 0 0 0 0 0 0 0 0 0 0 0 0 0 0 0 0 0 0 0 0 0 0 0
11 31 21 0 0 0 0 0 0 0 0 0 0 0 0 0 0 0 0 0 0 0 0 0 0 0 0
11 31 22 0 0 0 0 0 0 0 0 0 0 0 0 0 0 0 0 0 0 0 0 0 0 0 0
11 31 23 0 0 0 0 0 0 0 0 0 0 0 0 0 0 0 0 0 0 0 0 0 0 0 0
11 31 24 0 0 0 0 0 0 0 0 0 0 0 0 0 0 0 0 0 0 0 0 0 0 0 0
11 31 25 0 0 0 0 0 0 0 0 0 0 0 0 0 0 0 0 0 0 0 0 0 0 0 0
11 31 26 0 0 0 0 0 0 0 0 0 0 0 0 0 0 0 0 0 0 0 0 0 0 0 0
11 31 27 0 0 0 0 0 0 0 0 0 0 0 0 0 0 0 0 0 0 0 0 0 0 0 0
11 31 28 0 0 0 0 0 0 0 0 0 0 0 0 0 0 0 0 0 0 0 0 0 0 0 0
11 31 29 0 0 0 0 0 0 0 0 0 0 0 0 0 0 0 0 0 0 0 0 0 0 0 0
11 31 30 0 0 0 0 0 0 0 0 0 0 0 0 0 0 0 0 0 0 0 0 0 0 0 0
11 31 31 0 0 0 0 0 0 0 0 0 0 0 0 0 0 0 0 0 0 0 0 0 0 0 0
12 0 0 1 0 0 1 1 300 0 0 0 0 0 0 0 0 0 0 0 0 0 0 0 0 0 0
12 0 1 1 0 0 1 2 300 1 0 1 1 0 300 0 0 0 0 0 0 0 0 0 0 0 0
12 0 2 0 0 0 0 0 0 1 0 1 1 1 300 0 0 0 0 0 0 0 0 0 0 0 0
12 0 3 1 0 2 1 0 301 1 0 1 1 2 300 0 0 0 0 0 0 0 0 0 0 0 0
12 0 4 1 0 2 1 1 301 0 0 0 0 0 0 0 0 0 0 0 0 0 0 0 0 0 0
12 0 5 1 0 2 1 2 301 1 0 3 1 0 301 0 0 0 0 0 0 0 0 0 0 0 0
12 0 6 0 0 0 0 0 0 1 0 3 1 1 301 0 0 0 0 0 0 0 0 0 0 0 0
12 0 7 1 0 4 1 0 302 1 0 3 1 2 301 0 0 0 0 0 0 0 0 0 0 0 0
12 0 8 1 0 4 1 1 302 0 0 0 0 0 0 0 0 0 0 0 0 0 0 0 0 0 0
12 0 9 1 0 4 1 2 302 1 0 5 1 0 302 0 0 0 0 0 0 0 0 0 0 0 0
12 0 10 0 0 0 0 0 0 1 0 5 1 1 302 0 0 0 0 0 0 0 0 0 0 0 0
12 0 11 1 0 6 1 0 303 1 0 5 1 2 302 0 0 0 0 0 0 0 0 0 0 0 0
12 0 12 1 0 6 1 1 303 0 0 0 0 0 0 0 0 0 0 0 0 0 0 0 0 0 0
12 0 13 1 0 6 1 2 303 1 0 7 1 0 303 0 0 0 0 0 0 0 0 0 0 0 0
12 0 14 0 0 0 0 0 0 1 0 7 1 1 303 0 0 0 0 0 0 0 0 0 0 0 0
12 0 15 1 0 8 1 0 304 1 0 7 1 2 303 0 0 0 0 0 0 0 0 0 0 0 0
12 0 16 1 0 8 1 1 304 0 0 0 0 0 0 0 0 0 0 0 0 0 0 0 0 0 0
12 0 17 1 0 8 1 2 304 0 0 0 0 0 0 0 0 0 0 0 0 0 0 0 0 0 0
12 0 18 0 0 0 0 0 0 0 0 0 0 0 0 0 0 0 0 0 0 0 0 0 0 0 0
12 0 19 0 0 0 0 0 0 0 0 0 0 0 0 0 0 0 0 0 0 0 0 0 0 0 0
12 0 20 0 0 0 0 0 0 0 0 0 0 0 0 0 0 0 0 0 0 0 0 0 0 0 0
12 0 21 0 0 0 0 0 0 0 0 0 0 0 0 0 0 0 0 0 0 0 0 0 0 0 0
12 0 22 0 0 0 0 0 0 0 0 0 0 0 0 0 0 0 0 0 0 0 0 0 0 0 0
12 0 23 0 0 0 0 0 0 0 0 0 0 0 0 0 0 0 0 0 0 0 0 0 0 0 0
12 0 24 0 0 0 0 0 0 0 0 0 0 0 0 0 0 0 0 0 0 0 0 0 0 0 0
12 0 25 0 0 0 0 0 0 0 0 0 0 0 0 0 0 0 0 0 0 0 0 0 0 0 0
12 0 26 0 0 0 0 0 0 0 0 0 0 0 0 0 0 0 0 0 0 0 0 0 0 0 0
12 0 27 0 0 0 0 0 0 0 0 0 0 0 0 0 0 0 0 0 0 0 0 0 0 0 0
12 0 28 0 0 0 0 0 0 0 0 0 0 0 0 0 0 0 0 0 0 0 0 0 0 0 0
12 0 29 0 0 0 0 0 0 0 0 0 0 0 0 0 0 0 0 0 0 0 0 0 0 0 0
12 0 30 0 0 0 0 0 0 0 0 0 0 0 0 0 0 0 0 0 0 0 0 0 0 0 0
12 0 31 0 0 0 0 0 0 0 0 0 0 0 0 0 0 0 0 0 0 0 0 0 0 0 0
12 1 0 1 0 0 2 1 300 0 0 0 0 0 0 1 1 0 0 1 300 0 0 0 0 0 0
12 1 1 1 0 0 2 2 300 1 0 1 2 0 300 1 1 0 0 2 300 1 1 1 0 0 300
12 1 2 0 0 0 0 0 0 1 0 1 2 1 300 0 0 0 0 0 0 1 1 1 0 1 300
12 1 3 1 0 2 2 0 301 1 0 1 2 2 300 1 1 2 0 0 301 1 1 1 0 2 300
12 1 4 1 0 2 2 1 301 0 0 0 0 0 0 1 1 2 0 1 301 0 0 0 0 0 0
12 1 5 1 0 2 2 2 301 1 0 3 2 0 301 1 1 2 0 2 301 1 1 3 0 0 301
12 1 6 0 0 0 0 0 0 1 0 3 2 1 301 0 0 0 0 0 0 1 1 3 0 1 301
12 1 7 1 0 4 2 0 302 1 0 3 2 2 301 1 1 4 0 0 302 1 1 3 0 2 301
12 1 8 1 0 4 2 1 302 0 0 0 0 0 0 1 1 4 0 1 302 0 0 0 0 0 0
12 1 9 1 0 4 2 2 302 1 0 5 2 0 302 1 1 4 0 2 302 1 1 5 0 0 302
12 1 10 0 0 0 0 0 0 1 0 5 2 1 302 0 0 0 0 0 0 1 1 5 0 1 302
12 1 11 1 0 6 2 0 303 1 0 5 2 2 302 1 1 6 0 0 303 1 1 5 0 2 302
12 1 12 1 0 6 2 1 303 0 0 0 0 0 0 1 1 6 0 1 303 0 0 0 0 0 0
12 1 13 1 0 6 2 2 303 1 0 7 2 0 303 1 1 6 0 2 303 1 1 7 0 0 303
12 1 14 0 0 0 0 0 0 1 0 7 2 1 303 0 0 0 0 0 0 1 1 7 0 1 303
12 1 15 1 0 8 2 0 304 1 0 7 2 2 303 1 1 8 0 0 304 1 1 7 0 2 303
12 1 16 1 0 8 2 1 304 0 0 0 0 0 0 1 1 8 0 1 304 0 0 0 0 0 0
12 1 17 1 0 8 2 2 304 0 0 0 0 0 0 1 1 8 0 2 304 0 0 0 0 0 0
12 1 18 0 0 0 0 0 0 0 0 0 0 0 0 0 0 0 0 0 0 0 0 0 0 0 0
12 1 19 0 0 0 0 0 0 0 0 0 0 0 0 0 0 0 0 0 0 0 0 0 0 0 0
12 1 20 0 0 0 0 0 0 0 0 0 0 0 0 0 0 0 0 0 0 0 0 0 0 0 0
12 1 21 0 0 0 0 0 0 0 0 0 0 0 0 0 0 0 0 0 0 0 0 0 0 0 0
12 1 22 0 0 0 0 0 0 0 0 0 0 0 0 0 0 0 0 0 0 0 0 0 0 0 0
12 1 23 0 0 0 0 0 0 0 0 0 0 0 0 0 0 0 0 0 0 0 0 0 0 0 0
12 1 24 0 0 0 0 0 0 0 0 0 0 0 0 0 0 0 0 0 0 0 0 0 0 0 0
12 1 25 0 0 0 0 0 0 0 0 0 0 0 0 0 0 0 0 0 0 0 0 0 0 0 0
12 1 26 0 0 0 0 0 0 0 0 0 0 0 0 0 0 0 0 0 0 0 0 0 0 0 0
12 1 27 0 0 0 0 0 0 0 0 0 0 0 0 0 0 0 0 0 0 0 0 0 0 0 0
12 1 28 0 0 0 0 0 0 0 0 0 0 0 0 0 0 0 0 0 0 0 0 0 0 0 0
12 1 29 0 0 0 0 0 0 0 0 0 0 0 0 0 0 0 0 0 0 0 0 0 0 0 0
12 1 30 0 0 0 0 0 0 0 0 0 0 0 0 0 0 0 0 0 0 0 0 0 0 0 0
12 1 31 0 0 0 0 0 0 0 0 0 0 0 0 0 0 0 0 0 0 0 0 0 0 0 0
12 2 0 0 0 0 0 0 0 0 0 0 0 0 0 1 1 0 1 1 300 0 0 0 0 0 0
12 2 1 0 0 0 0 0 0 0 0 0 0 0 0 1 1 0 1 2 300 1 1 1 1 0 300
12 2 2 0 0 0 0 0 0 0 0 0 0 0 0 0 0 0 0 0 0 1 1 1 1 1 300
12 2 3 0 0 0 0 0 0 0 0 0 0 0 0 1 1 2 1 0 301 1 1 1 1 2 300
12 2 4 0 0 0 0 0 0 0 0 0 0 0 0 1 1 2 1 1 301 0 0 0 0 0 0
12 2 5 0 0 0 0 0 0 0 0 0 0 0 0 1 1 2 1 2 301 1 1 3 1 0 301
12 2 6 0 0 0 0 0 0 0 0 0 0 0 0 0 0 0 0 0 0 1 1 3 1 1 301
12 2 7 0 0 0 0 0 0 0 0 0 0 0 0 1 1 4 1 0 302 1 1 3 1 2 301
12 2 8 0 0 0 0 0 0 0 0 0 0 0 0 1 1 4 1 1 302 0 0 0 0 0 0
12 2 9 0 0 0 0 0 0 0 0 0 0 0 0 1 1 4 1 2 302 1 1 5 1 0 302
12 2 10 0 0 0 0 0 0 0 0 0 0 0 0 0 0 0 0 0 0 1 1 5 1 1 302
12 2 11 0 0 0 0 0 0 0 0 0 0 0 0 1 1 6 1 0 303 1 1 5 1 2 302
12 2 12 0 0 0 0 0 0 0 0 0 0 0 0 1 1 6 1 1 303 0 0 0 0 0 0
12 2 13 0 0 0 0 0 0 0 0 0 0 0 0 1 1 6 1 2 303 1 1 7 1 0 303
12 2 14 0 0 0 0 0 0 0 0 0 0 0 0 0 0 0 0 0 0 1 1 7 1 1 303
12 2 15 0 0 0 0 0 0 0 0 0 0 0 0 1 1 8 1 0 304 1 1 7 1 2 303
12 2 16 0 0 0 0 0 0 0 0 0 0 0 0 1 1 8 1 1 304 0 0 0 0 0 0
12 2 17 0 0 0 0 0 0 0 0 0 0 0 0 1 1 8 1 2 304 0 0 0 0 0 0
12 2 18 0 0 0 0 0 0 0 0 0 0 0 0 0 0 0 0 0 0 0 0 0 0 0 0
12 2 19 0 0 0 0 0 0 0 0 0 0 0 0 0 0 0 0 0 0 0 0 0 0 0 0
12 2 20 0 0 0 0 0 0 0 0 0 0 0 0 0 0 0 0 0 0 0 0 0 0 0 0
12 2 21 0 0 0 0 0 0 0 0 0 0 0 0 0 0 0 0 0 0 0 0 0 0 0 0
12 2 22 0 0 0 0 0 0 0 0 0 0 0 0 0 0 0 0 0 0 0 0 0 0 0 0
12 2 23 0 0 0 0 0 0 0 0 0 0 0 0 0 0 0 0 0 0 0 0 0 0 0 0
12 2 24 0 0 0 0 0 0 0 0 0 0 0 0 0 0 0 0 0 0 0 0 0 0 0 0
12 2 25 0 0 0 0 0 0 0 0 0 0 0 0 0 0 0 0 0 0 0 0 0 0 0 0
12 2 26 0 0 0 0 0 0 0 0 0 0 0 0 0 0 0 0 0 0 0 0 0 0 0 0
12 2 27 0 0 0 0 0 0 0 0 0 0 0 0 0 0 0 0 0 0 0 0 0 0 0 0
12 2 28 0 0 0 0 0 0 0 0 0 0 0 0 0 0 0 0 0 0 0 0 0 0 0 0
12 2 29 0 0 0 0 0 0 0 0 0 0 0 0 0 0 0 0 0 0 0 0 0 0 0 0
12 2 30 0 0 0 0 0 0 0 0 0 0 0 0 0 0 0 0 0 0 0 0 0 0 0 0
12 2 31 0 0 0 0 0 0 0 0 0 0 0 0 0 0 0 0 0 0 0 0 0 0 0 0
12 3 0 1 2 0 0 1 305 0 0 0 0 0 0 1 1 0 2 1 300 0 0 0 0 0 0
12 3 1 1 2 0 0 2 305 1 2 1 0 0 305 1 1 0 2 2 300 1 1 1 2 0 300
12 3 2 0 0 0 0 0 0 1 2 1 0 1 305 0 0 0 0 0 0 1 1 1 2 1 300
12 3 3 1 2 2 0 0 306 1 2 1 0 2 305 1 1 2 2 0 301 1 1 1 2 2 300
12 3 4 1 2 2 0 1 306 0 0 0 0 0 0 1 1 2 2 1 301 0 0 0 0 0 0
12 3 5 1 2 2 0 2 306 1 2 3 0 0 306 1 1 2 2 2 301 1 1 3 2 0 301
12 3 6 0 0 0 0 0 0 1 2 3 0 1 306 0 0 0 0 0 0 1 1 3 2 1 301
12 3 7 1 2 4 0 0 307 1 2 3 0 2 306 1 1 4 2 0 302 1 1 3 2 2 301
12 3 8 1 2 4 0 1 307 0 0 0 0 0 0 1 1 4 2 1 302 0 0 0 0 0 0
12 3 9 1 2 4 0 2 307 1 2 5 0 0 307 1 1 4 2 2 302 1 1 5 2 0 302
12 3 10 0 0 0 0 0 0 1 2 5 0 1 307 0 0 0 0 0 0 1 1 5 2 1 302
12 3 11 1 2 6 0 0 308 1 2 5 0 2 307 1 1 6 2 0 303 1 1 5 2 2 302
12 3 12 1 2 6 0 1 308 0 0 0 0 0 0 1 1 6 2 1 303 0 0 0 0 0 0
12 3 13 1 2 6 0 2 308 1 2 7 0 0 308 1 1 6 2 2 303 1 1 7 2 0 303
12 3 14 0 0 0 0 0 0 1 2 7 0 1 308 0 0 0 0 0 0 1 1 7 2 1 303
12 3 15 1 2 8 0 0 309 1 2 7 0 2 308 1 1 8 2 0 304 1 1 7 2 2 303
12 3 16 1 2 8 0 1 309 0 0 0 0 0 0 1 1 8 2 1 304 0 0 0 0 0 0
12 3 17 1 2 8 0 2 309 0 0 0 0 0 0 1 1 8 2 2 304 0 0 0 0 0 0
12 3 18 0 0 0 0 0 0 0 0 0 0 0 0 0 0 0 0 0 0 0 0 0 0 0 0
12 3 19 0 0 0 0 0 0 0 0 0 0 0 0 0 0 0 0 0 0 0 0 0 0 0 0
12 3 20 0 0 0 0 0 0 0 0 0 0 0 0 0 0 0 0 0 0 0 0 0 0 0 0
12 3 21 0 0 0 0 0 0 0 0 0 0 0 0 0 0 0 0 0 0 0 0 0 0 0 0
12 3 22 0 0 0 0 0 0 0 0 0 0 0 0 0 0 0 0 0 0 0 0 0 0 0 0
12 3 23 0 0 0 0 0 0 0 0 0 0 0 0 0 0 0 0 0 0 0 0 0 0 0 0
12 3 24 0 0 0 0 0 0 0 0 0 0 0 0 0 0 0 0 0 0 0 0 0 0 0 0
12 3 25 0 0 0 0 0 0 0 0 0 0 0 0 0 0 0 0 0 0 0 0 0 0 0 0
12 3 26 0 0 0 0 0 0 0 0 0 0 0 0 0 0 0 0 0 0 0 0 0 0 0 0
12 3 27 0 0 0 0 0 0 0 0 0 0 0 0 0 0 0 0 0 0 0 0 0 0 0 0
12 3 28 0 0 0 0 0 0 0 0 0 0 0 0 0 0 0 0 0 0 0 0 0 0 0 0
12 3 29 0 0 0 0 0 0 0 0 0 0 0 0 0 0 0 0 0 0 0 0 0 0 0 0
12 3 30 0 0 0 0 0 0 0 0 0 0 0 0 0 0 0 0 0 0 0 0 0 0 0 0
12 3 31 0 0 0 0 0 0 0 0 0 0 0 0 0 0 0 0 0 0 0 0 0 0 0 0
12 4 0 1 2 0 1 1 305 0 0 0 0 0 0 0 0 0 0 0 0 0 0 0 0 0 0
12 4 1 1 2 0 1 2 305 1 2 1 1 0 305 0 0 0 0 0 0 0 0 0 0 0 0
12 4 2 0 0 0 0 0 0 1 2 1 1 1 305 0 0 0 0 0 0 0 0 0 0 0 0
12 4 3 1 2 2 1 0 306 1 2 1 1 2 305 0 0 0 0 0 0 0 0 0 0 0 0
12 4 4 1 2 2 1 1 306 0 0 0 0 0 0 0 0 0 0 0 0 0 0 0 0 0 0
12 4 5 1 2 2 1 2 306 1 2 3 1 0 306 0 0 0 0 0 0 0 0 0 0 0 0
12 4 6 0 0 0 0 0 0 1 2 3 1 1 306 0 0 0 0 0 0 0 0 0 0 0 0
12 4 7 1 2 4 1 0 307 1 2 3 1 2 306 0 0 0 0 0 0 0 0 0 0 0 0
12 4 8 1 2 4 1 1 307 0 0 0 0 0 0 0 0 0 0 0 0 0 0 0 0 0 0
12 4 9 1 2 4 1 2 307 1 2 5 1 0 307 0 0 0 0 0 0 0 0 0 0 0 0
12 4 10 0 0 0 0 0 0 1 2 5 1 1 307 0 0 0 0 0 0 0 0 0 0 0 0
12 4 11 1 2 6 1 0 308 1 2 5 1 2 307 0 0 0 0 0 0 0 0 0 0 0 0
12 4 12 1 2 6 1 1 308 0 0 0 0 0 0 0 0 0 0 0 0 0 0 0 0 0 0
12 4 13 1 2 6 1 2 308 1 2 7 1 0 308 0 0 0 0 0 0 0 0 0 0 0 0
12 4 14 0 0 0 0 0 0 1 2 7 1 1 308 0 0 0 0 0 0 0 0 0 0 0 0
12 4 15 1 2 8 1 0 309 1 2 7 1 2 308 0 0 0 0 0 0 0 0 0 0 0 0
12 4 16 1 2 8 1 1 309 0 0 0 0 0 0 0 0 0 0 0 0 0 0 0 0 0 0
12 4 17 1 2 8 1 2 309 0 0 0 0 0 0 0 0 0 0 0 0 0 0 0 0 0 0
12 4 18 0 0 0 0 0 0 0 0 0 0 0 0 0 0 0 0 0 0 0 0 0 0 0 0
12 4 19 0 0 0 0 0 0 0 0 0 0 0 0 0 0 0 0 0 0 0 0 0 0 0 0
12 4 20 0 0 0 0 0 0 0 0 0 0 0 0 0 0 0 0 0 0 0 0 0 0 0 0
12 4 21 0 0 0 0 0 0 0 0 0 0 0 0 0 0 0 0 0 0 0 0 0 0 0 0
12 4 22 0 0 0 0 0 0 0 0 0 0 0 0 0 0 0 0 0 0 0 0 0 0 0 0
12 4 23 0 0 0 0 0 0 0 0 0 0 0 0 0 0 0 0 0 0 0 0 0 0 0 0
12 4 24 0 0 0 0 0 0 0 0 0 0 0 0 0 0 0 0 0 0 0 0 0 0 0 0
12 4 25 0 0 0 0 0 0 0 0 0 0 0 0 0 0 0 0 0 0 0 0 0 0 0 0
12 4 26 0 0 0 0 0 0 0 0 0 0 0 0 0 0 0 0 0 0 0 0 0 0 0 0
12 4 27 0 0 0 0 0 0 0 0 0 0 0 0 0 0 0 0 0 0 0 0 0 0 0 0
12 4 28 0 0 0 0 0 0 0 0 0 0 0 0 0 0 0 0 0 0 0 0 0 0 0 0
12 4 29 0 0 0 0 0 0 0 0 0 0 0 0 0 0 0 0 0 0 0 0 0 0 0 0
12 4 30 0 0 0 0 0 0 0 0 0 0 0 0 0 0 0 0 0 0 0 0 0 0 0 0
12 4 31 0 0 0 0 0 0 0 0 0 0 0 0 0 0 0 0 0 0 0 0 0 0 0 0
12 5 0 1 2 0 2 1 305 0 0 0 0 0 0 1 3 0 0 1 305 0 0 0 0 0 0
12 5 1 1 2 0 2 2 305 1 2 1 2 0 305 1 3 0 0 2 305 1 3 1 0 0 305
12 5 2 0 0 0 0 0 0 1 2 1 2 1 305 0 0 0 0 0 0 1 3 1 0 1 305
12 5 3 1 2 2 2 0 306 1 2 1 2 2 305 1 3 2 0 0 306 1 3 1 0 2 305
12 5 4 1 2 2 2 1 306 0 0 0 0 0 0 1 3 2 0 1 306 0 0 0 0 0 0
12 5 5 1 2 2 2 2 306 1 2 3 2 0 306 1 3 2 0 2 306 1 3 3 0 0 306
12 5 6 0 0 0 0 0 0 1 2 3 2 1 306 0 0 0 0 0 0 1 3 3 0 1 306
12 5 7 1 2 4 2 0 307 1 2 3 2 2 306 1 3 4 0 0 307 1 3 3 0 2 306
12 5 8 1 2 4 2 1 307 0 0 0 0 0 0 1 3 4 0 1 307 0 0 0 0 0 0
12 5 9 1 2 4 2 2 307 1 2 5 2 0 307 1 3 4 0 2 307 1 3 5 0 0 307
12 5 10 0 0 0 0 0 0 1 2 5 2 1 307 0 0 0 0 0 0 1 3 5 0 1 307
12 5 11 1 2 6 2 0 308 1 2 5 2 2 307 1 3 6 0 0 308 1 3 5 0 2 307
12 5 12 1 2 6 2 1 308 0 0 0 0 0 0 1 3 6 0 1 308 0 0 0 0 0 0
12 5 13 1 2 6 2 2 308 1 2 7 2 0 308 1 3 6 0 2 308 1 3 7 0 0 308
12 5 14 0 0 0 0 0 0 1 2 7 2 1 308 0 0 0 0 0 0 1 3 7 0 1 308
12 5 15 1 2 8 2 0 309 1 2 7 2 2 308 1 3 8 0 0 309 1 3 7 0 2 308
12 5 16 1 2 8 2 1 309 0 0 0 0 0 0 1 3 8 0 1 309 0 0 0 0 0 0
12 5 17 1 2 8 2 2 309 0 0 0 0 0 0 1 3 8 0 2 309 0 0 0 0 0 0
12 5 18 0 0 0 0 0 0 0 0 0 0 0 0 0 0 0 0 0 0 0 0 0 0 0 0
12 5 19 0 0 0 0 0 0 0 0 0 0 0 0 0 0 0 0 0 0 0 0 0 0 0 0
12 5 20 0 0 0 0 0 0 0 0 0 0 0 0 0 0 0 0 0 0 0 0 0 0 0 0
12 5 21 0 0 0 0 0 0 0 0 0 0 0 0 0 0 0 0 0 0 0 0 0 0 0 0
12 5 22 0 0 0 0 0 0 0 0 0 0 0 0 0 0 0 0 0 0 0 0 0 0 0 0
12 5 23 0 0 0 0 0 0 0 0 0 0 0 0 0 0 0 0 0 0 0 0 0 0 0 0
12 5 24 0 0 0 0 0 0 0 0 0 0 0 0 0 0 0 0 0 0 0 0 0 0 0 0
12 5 25 0 0 0 0 0 0 0 0 0 0 0 0 0 0 0 0 0 0 0 0 0 0 0 0
12 5 26 0 0 0 0 0 0 0 0 0 0 0 0 0 0 0 0 0 0 0 0 0 0 0 0
12 5 27 0 0 0 0 0 0 0 0 0 0 0 0 0 0 0 0 0 0 0 0 0 0 0 0
12 5 28 0 0 0 0 0 0 0 0 0 0 0 0 0 0 0 0 0 0 0 0 0 0 0 0
12 5 29 0 0 0 0 0 0 0 0 0 0 0 0 0 0 0 0 0 0 0 0 0 0 0 0
12 5 30 0 0 0 0 0 0 0 0 0 0 0 0 0 0 0 0 0 0 0 0 0 0 0 0
12 5 31 0 0 0 0 0 0 0 0 0 0 0 0 0 0 0 0 0 0 0 0 0 0 0 0
12 6 0 0 0 0 0 0 0 0 0 0 0 0 0 1 3 0 1 1 305 0 0 0 0 0 0
12 6 1 0 0 0 0 0 0 0 0 0 0 0 0 1 3 0 1 2 305 1 3 1 1 0 305
12 6 2 0 0 0 0 0 0 0 0 0 0 0 0 0 0 0 0 0 0 1 3 1 1 1 305
12 6 3 0 0 0 0 0 0 0 0 0 0 0 0 1 3 2 1 0 306 1 3 1 1 2 305
12 6 4 0 0 0 0 0 0 0 0 0 0 0 0 1 3 2 1 1 306 0 0 0 0 0 0
12 6 5 0 0 0 0 0 0 0 0 0 0 0 0 1 3 2 1 2 306 1 3 3 1 0 306
12 6 6 0 0 0 0 0 0 0 0 0 0 0 0 0 0 0 0 0 0 1 3 3 1 1 306
12 6 7 0 0 0 0 0 0 0 0 0 0 0 0 1 3 4 1 0 307 1 3 3 1 2 306
12 6 8 0 0 0 0 0 0 0 0 0 0 0 0 1 3 4 1 1 307 0 0 0 0 0 0
12 6 9 0 0 0 0 0 0 0 0 0 0 0 0 1 3 4 1 2 307 1 3 5 1 0 307
12 6 10 0 0 0 0 0 0 0 0 0 0 0 0 0 0 0 0 0 0 1 3 5 1 1 307
12 6 11 0 0 0 0 0 0 0 0 0 0 0 0 1 3 6 1 0 308 1 3 5 1 2 307
12 6 12 0 0 0 0 0 0 0 0 0 0 0 0 1 3 6 1 1 308 0 0 0 0 0 0
12 6 13 0 0 0 0 0 0 0 0 0 0 0 0 1 3 6 1 2 308 1 3 7 1 0 308
12 6 14 0 0 0 0 0 0 0 0 0 0 0 0 0 0 0 0 0 0 1 3 7 1 1 308
12 6 15 0 0 0 0 0 0 0 0 0 0 0 0 1 3 8 1 0 309 1 3 7 1 2 308
12 6 16 0 0 0 0 0 0 0 0 0 0 0 0 1 3 8 1 1 309 0 0 0 0 0 0
12 6 17 0 0 0 0 0 0 0 0 0 0 0 0 1 3 8 1 2 309 0 0 0 0 0 0
12 6 18 0 0 0 0 0 0 0 0 0 0 0 0 0 0 0 0 0 0 0 0 0 0 0 0
12 6 19 0 0 0 0 0 0 0 0 0 0 0 0 0 0 0 0 0 0 0 0 0 0 0 0
12 6 20 0 0 0 0 0 0 0 0 0 0 0 0 0 0 0 0 0 0 0 0 0 0 0 0
12 6 21 0 0 0 0 0 0 0 0 0 0 0 0 0 0 0 0 0 0 0 0 0 0 0 0
12 6 22 0 0 0 0 0 0 0 0 0 0 0 0 0 0 0 0 0 0 0 0 0 0 0 0
12 6 23 0 0 0 0 0 0 0 0 0 0 0 0 0 0 0 0 0 0 0 0 0 0 0 0
12 6 24 0 0 0 0 0 0 0 0 0 0 0 0 0 0 0 0 0 0 0 0 0 0 0 0
12 6 25 0 0 0 0 0 0 0 0 0 0 0 0 0 0 0 0 0 0 0 0 0 0 0 0
12 6 26 0 0 0 0 0 0 0 0 0 0 0 0 0 0 0 0 0 0 0 0 0 0 0 0
12 6 27 0 0 0 0 0 0 0 0 0 0 0 0 0 0 0 0 0 0 0 0 0 0 0 0
12 6 28 0 0 0 0 0 0 0 0 0 0 0 0 0 0 0 0 0 0 0 0 0 0 0 0
12 6 29 0 0 0 0 0 0 0 0 0 0 0 0 0 0 0 0 0 0 0 0 0 0 0 0
12 6 30 0 0 0 0 0 0 0 0 0 0 0 0 0 0 0 0 0 0 0 0 0 0 0 0
12 6 31 0 0 0 0 0 0 0 0 0 0 0 0 0 0 0 0 0 0 0 0 0 0 0 0
12 7 0 1 4 0 0 1 310 0 0 0 0 0 0 1 3 0 2 1 305 0 0 0 0 0 0
12 7 1 1 4 0 0 2 310 1 4 1 0 0 310 1 3 0 2 2 305 1 3 1 2 0 305
12 7 2 0 0 0 0 0 0 1 4 1 0 1 310 0 0 0 0 0 0 1 3 1 2 1 305
12 7 3 1 4 2 0 0 311 1 4 1 0 2 310 1 3 2 2 0 306 1 3 1 2 2 305
12 7 4 1 4 2 0 1 311 0 0 0 0 0 0 1 3 2 2 1 306 0 0 0 0 0 0
12 7 5 1 4 2 0 2 311 1 4 3 0 0 311 1 3 2 2 2 306 1 3 3 2 0 306
12 7 6 0 0 0 0 0 0 1 4 3 0 1 311 0 0 0 0 0 0 1 3 3 2 1 306
12 7 7 1 4 4 0 0 312 1 4 3 0 2 311 1 3 4 2 0 307 1 3 3 2 2 306
12 7 8 1 4 4 0 1 312 0 0 0 0 0 0 1 3 4 2 1 307 0 0 0 0 0 0
12 7 9 1 4 4 0 2 312 1 4 5 0 0 312 1 3 4 2 2 307 1 3 5 2 0 307
12 7 10 0 0 0 0 0 0 1 4 5 0 1 312 0 0 0 0 0 0 1 3 5 2 1 307
12 7 11 1 4 6 0 0 313 1 4 5 0 2 312 1 3 6 2 0 308 1 3 5 2 2 307
12 7 12 1 4 6 0 1 313 0 0 0 0 0 0 1 3 6 2 1 308 0 0 0 0 0 0
12 7 13 1 4 6 0 2 313 1 4 7 0 0 313 1 3 6 2 2 308 1 3 7 2 0 308
12 7 14 0 0 0 0 0 0 1 4 7 0 1 313 0 0 0 0 0 0 1 3 7 2 1 308
12 7 15 1 4 8 0 0 314 1 4 7 0 2 313 1 3 8 2 0 309 1 3 7 2 2 308
12 7 16 1 4 8 0 1 314 0 0 0 0 0 0 1 3 8 2 1 309 0 0 0 0 0 0
12 7 17 1 4 8 0 2 314 0 0 0 0 0 0 1 3 8 2 2 309 0 0 0 0 0 0
12 7 18 0 0 0 0 0 0 0 0 0 0 0 0 0 0 0 0 0 0 0 0 0 0 0 0
12 7 19 0 0 0 0 0 0 0 0 0 0 0 0 0 0 0 0 0 0 0 0 0 0 0 0
12 7 20 0 0 0 0 0 0 0 0 0 0 0 0 0 0 0 0 0 0 0 0 0 0 0 0
12 7 21 0 0 0 0 0 0 0 0 0 0 0 0 0 0 0 0 0 0 0 0 0 0 0 0
12 7 22 0 0 0 0 0 0 0 0 0 0 0 0 0 0 0 0 0 0 0 0 0 0 0 0
12 7 23 0 0 0 0 0 0 0 0 0 0 0 0 0 0 0 0 0 0 0 0 0 0 0 0
12 7 24 0 0 0 0 0 0 0 0 0 0 0 0 0 0 0 0 0 0 0 0 0 0 0 0
12 7 25 0 0 0 0 0 0 0 0 0 0 0 0 0 0 0 0 0 0 0 0 0 0 0 0
12 7 26 0 0 0 0 0 0 0 0 0 0 0 0 0 0 0 0 0 0 0 0 0 0 0 0
12 7 27 0 0 0 0 0 0 0 0 0 0 0 0 0 0 0 0 0 0 0 0 0 0 0 0
12 7 28 0 0 0 0 0 0 0 0 0 0 0 0 0 0 0 0 0 0 0 0 0 0 0 0
12 7 29 0 0 0 0 0 0 0 0 0 0 0 0 0 0 0 0 0 0 0 0 0 0 0 0
12 7 30 0 0 0 0 0 0 0 0 0 0 0 0 0 0 0 0 0 0 0 0 0 0 0 0
12 7 31 0 0 0 0 0 0 0 0 0 0 0 0 0 0 0 0 0 0 0 0 0 0 0 0
12 8 0 1 4 0 1 1 310 0 0 0 0 0 0 0 0 0 0 0 0 0 0 0 0 0 0
12 8 1 1 4 0 1 2 310 1 4 1 1 0 310 0 0 0 0 0 0 0 0 0 0 0 0
12 8 2 0 0 0 0 0 0 1 4 1 1 1 310 0 0 0 0 0 0 0 0 0 0 0 0
12 8 3 1 4 2 1 0 311 1 4 1 1 2 310 0 0 0 0 0 0 0 0 0 0 0 0
12 8 4 1 4 2 1 1 311 0 0 0 0 0 0 0 0 0 0 0 0 0 0 0 0 0 0
12 8 5 1 4 2 1 2 311 1 4 3 1 0 311 0 0 0 0 0 0 0 0 0 0 0 0
12 8 6 0 0 0 0 0 0 1 4 3 1 1 311 0 0 0 0 0 0 0 0 0 0 0 0
12 8 7 1 4 4 1 0 312 1 4 3 1 2 311 0 0 0 0 0 0 0 0 0 0 0 0
12 8 8 1 4 4 1 1 312 0 0 0 0 0 0 0 0 0 0 0 0 0 0 0 0 0 0
12 8 9 1 4 4 1 2 312 1 4 5 1 0 312 0 0 0 0 0 0 0 0 0 0 0 0
12 8 10 0 0 0 0 0 0 1 4 5 1 1 312 0 0 0 0 0 0 0 0 0 0 0 0
12 8 11 1 4 6 1 0 313 1 4 5 1 2 312 0 0 0 0 0 0 0 0 0 0 0 0
12 8 12 1 4 6 1 1 313 0 0 0 0 0 0 0 0 0 0 0 0 0 0 0 0 0 0
12 8 13 1 4 6 1 2 313 1 4 7 1 0 313 0 0 0 0 0 0 0 0 0 0 0 0
12 8 14 0 0 0 0 0 0 1 4 7 1 1 313 0 0 0 0 0 0 0 0 0 0 0 0
12 8 15 1 4 8 1 0 314 1 4 7 1 2 313 0 0 0 0 0 0 0 0 0 0 0 0
12 8 16 1 4 8 1 1 314 0 0 0 0 0 0 0 0 0 0 0 0 0 0 0 0 0 0
12 8 17 1 4 8 1 2 314 0 0 0 0 0 0 0 0 0 0 0 0 0 0 0 0 0 0
12 8 18 0 0 0 0 0 0 0 0 0 0 0 0 0 0 0 0 0 0 0 0 0 0 0 0
12 8 19 0 0 0 0 0 0 0 0 0 0 0 0 0 0 0 0 0 0 0 0 0 0 0 0
12 8 20 0 0 0 0 0 0 0 0 0 0 0 0 0 0 0 0 0 0 0 0 0 0 0 0
12 8 21 0 0 0 0 0 0 0 0 0 0 0 0 0 0 0 0 0 0 0 0 0 0 0 0
12 8 22 0 0 0 0 0 0 0 0 0 0 0 0 0 0 0 0 0 0 0 0 0 0 0 0
12 8 23 0 0 0 0 0 0 0 0 0 0 0 0 0 0 0 0 0 0 0 0 0 0 0 0
12 8 24 0 0 0 0 0 0 0 0 0 0 0 0 0 0 0 0 0 0 0 0 0 0 0 0
12 8 25 0 0 0 0 0 0 0 0 0 0 0 0 0 0 0 0 0 0 0 0 0 0 0 0
12 8 26 0 0 0 0 0 0 0 0 0 0 0 0 0 0 0 0 0 0 0 0 0 0 0 0
12 8 27 0 0 0 0 0 0 0 0 0 0 0 0 0 0 0 0 0 0 0 0 0 0 0 0
12 8 28 0 0 0 0 0 0 0 0 0 0 0 0 0 0 0 0 0 0 0 0 0 0 0 0
12 8 29 0 0 0 0 0 0 0 0 0 0 0 0 0 0 0 0 0 0 0 0 0 0 0 0
12 8 30 0 0 0 0 0 0 0 0 0 0 0 0 0 0 0 0 0 0 0 0 0 0 0 0
12 8 31 0 0 0 0 0 0 0 0 0 0 0 0 0 0 0 0 0 0 0 0 0 0 0 0
12 9 0 1 4 0 2 1 310 0 0 0 0 0 0 1 5 0 0 1 310 0 0 0 0 0 0
12 9 1 1 4 0 2 2 310 1 4 1 2 0 310 1 5 0 0 2 310 1 5 1 0 0 310
12 9 2 0 0 0 0 0 0 1 4 1 2 1 310 0 0 0 0 0 0 1 5 1 0 1 310
12 9 3 1 4 2 2 0 311 1 4 1 2 2 310 1 5 2 0 0 311 1 5 1 0 2 310
12 9 4 1 4 2 2 1 311 0 0 0 0 0 0 1 5 2 0 1 311 0 0 0 0 0 0
12 9 5 1 4 2 2 2 311 1 4 3 2 0 311 1 5 2 0 2 311 1 5 3 0 0 311
12 9 6 0 0 0 0 0 0 1 4 3 2 1 311 0 0 0 0 0 0 1 5 3 0 1 311
12 9 7 1 4 4 2 0 312 1 4 3 2 2 311 1 5 4 0 0 312 1 5 3 0 2 311
12 9 8 1 4 4 2 1 312 0 0 0 0 0 0 1 5 4 0 1 312 0 0 0 0 0 0
12 9 9 1 4 4 2 2 312 1 4 5 2 0 312 1 5 4 0 2 312 1 5 5 0 0 312
12 9 10 0 0 0 0 0 0 1 4 5 2 1 312 0 0 0 0 0 0 1 5 5 0 1 312
12 9 11 1 4 6 2 0 313 1 4 5 2 2 312 1 5 6 0 0 313 1 5 5 0 2 312
12 9 12 1 4 6 2 1 313 0 0 0 0 0 0 1 5 6 0 1 313 0 0 0 0 0 0
12 9 13 1 4 6 2 2 313 1 4 7 2 0 313 1 5 6 0 2 313 1 5 7 0 0 313
12 9 14 0 0 0 0 0 0 1 4 7 2 1 313 0 0 0 0 0 0 1 5 7 0 1 313
12 9 15 1 4 8 2 0 314 1 4 7 2 2 313 1 5 8 0 0 314 1 5 7 0 2 313
12 9 16 1 4 8 2 1 314 0 0 0 0 0 0 1 5 8 0 1 314 0 0 0 0 0 0
12 9 17 1 4 8 2 2 314 0 0 0 0 0 0 1 5 8 0 2 314 0 0 0 0 0 0
12 9 18 0 0 0 0 0 0 0 0 0 0 0 0 0 0 0 0 0 0 0 0 0 0 0 0
12 9 19 0 0 0 0 0 0 0 0 0 0 0 0 0 0 0 0 0 0 0 0 0 0 0 0
12 9 20 0 0 0 0 0 0 0 0 0 0 0 0 0 0 0 0 0 0 0 0 0 0 0 0
12 9 21 0 0 0 0 0 0 0 0 0 0 0 0 0 0 0 0 0 0 0 0 0 0 0 0
12 9 22 0 0 0 0 0 0 0 0 0 0 0 0 0 0 0 0 0 0 0 0 0 0 0 0
12 9 23 0 0 0 0 0 0 0 0 0 0 0 0 0 0 0 0 0 0 0 0 0 0 0 0
12 9 24 0 0 0 0 0 0 0 0 0 0 0 0 0 0 0 0 0 0 0 0 0 0 0 0
12 9 25 0 0 0 0 0 0 0 0 0 0 0 0 0 0 0 0 0 0 0 0 0 0 0 0
12 9 26 0 0 0 0 0 0 0 0 0 0 0 0 0 0 0 0 0 0 0 0 0 0 0 0
12 9 27 0 0 0 0 0 0 0 0 0 0 0 0 0 0 0 0 0 0 0 0 0 0 0 0
12 9 28 0 0 0 0 0 0 0 0 0 0 0 0 0 0 0 0 0 0 0 0 0 0 0 0
12 9 29 0 0 0 0 0 0 0 0 0 0 0 0 0 0 0 0 0 0 0 0 0 0 0 0
12 9 30 0 0 0 0 0 0 0 0 0 0 0 0 0 0 0 0 0 0 0 0 0 0 0 0
12 9 31 0 0 0 0 0 0 0 0 0 0 0 0 0 0 0 0 0 0 0 0 0 0 0 0
12 10 0 0 0 0 0 0 0 0 0 0 0 0 0 1 5 0 1 1 310 0 0 0 0 0 0
12 10 1 0 0 0 0 0 0 0 0 0 0 0 0 1 5 0 1 2 310 1 5 1 1 0 310
12 10 2 0 0 0 0 0 0 0 0 0 0 0 0 0 0 0 0 0 0 1 5 1 1 1 310
12 10 3 0 0 0 0 0 0 0 0 0 0 0 0 1 5 2 1 0 311 1 5 1 1 2 310
12 10 4 0 0 0 0 0 0 0 0 0 0 0 0 1 5 2 1 1 311 0 0 0 0 0 0
12 10 5 0 0 0 0 0 0 0 0 0 0 0 0 1 5 2 1 2 311 1 5 3 1 0 311
12 10 6 0 0 0 0 0 0 0 0 0 0 0 0 0 0 0 0 0 0 1 5 3 1 1 311
12 10 7 0 0 0 0 0 0 0 0 0 0 0 0 1 5 4 1 0 312 1 5 3 1 2 311
12 10 8 0 0 0 0 0 0 0 0 0 0 0 0 1 5 4 1 1 312 0 0 0 0 0 0
12 10 9 0 0 0 0 0 0 0 0 0 0 0 0 1 5 4 1 2 312 1 5 5 1 0 312
12 10 10 0 0 0 0 0 0 0 0 0 0 0 0 0 0 0 0 0 0 1 5 5 1 1 312
12 10 11 0 0 0 0 0 0 0 0 0 0 0 0 1 5 6 1 0 313 1 5 5 1 2 312
12 10 12 0 0 0 0 0 0 0 0 0 0 0 0 1 5 6 1 1 313 0 0 0 0 0 0
12 10 13 0 0 0 0 0 0 0 0 0 0 0 0 1 5 6 1 2 313 1 5 7 1 0 313
12 10 14 0 0 0 0 0 0 0 0 0 0 0 0 0 0 0 0 0 0 1 5 7 1 1 313
12 10 15 0 0 0 0 0 0 0 0 0 0 0 0 1 5 8 1 0 314 1 5 7 1 2 313
12 10 16 0 0 0 0 0 0 0 0 0 0 0 0 1 5 8 1 1 314 0 0 0 0 0 0
12 10 17 0 0 0 0 0 0 0 0 0 0 0 0 1 5 8 1 2 314 0 0 0 0 0 0
12 10 18 0 0 0 0 0 0 0 0 0 0 0 0 0 0 0 0 0 0 0 0 0 0 0 0
12 10 19 0 0 0 0 0 0 0 0 0 0 0 0 0 0 0 0 0 0 0 0 0 0 0 0
12 10 20 0 0 0 0 0 0 0 0 0 0 0 0 0 0 0 0 0 0 0 0 0 0 0 0
12 10 21 0 0 0 0 0 0 0 0 0 0 0 0 0 0 0 0 0 0 0 0 0 0 0 0
12 10 22 0 0 0 0 0 0 0 0 0 0 0 0 0 0 0 0 0 0 0 0 0 0 0 0
12 10 23 0 0 0 0 0 0 0 0 0 0 0 0 0 0 0 0 0 0 0 0 0 0 0 0
12 10 24 0 0 0 0 0 0 0 0 0 0 0 0 0 0 0 0 0 0 0 0 0 0 0 0
12 10 25 0 0 0 0 0 0 0 0 0 0 0 0 0 0 0 0 0 0 0 0 0 0 0 0
12 10 26 0 0 0 0 0 0 0 0 0 0 0 0 0 0 0 0 0 0 0 0 0 0 0 0
12 10 27 0 0 0 0 0 0 0 0 0 0 0 0 0 0 0 0 0 0 0 0 0 0 0 0
12 10 28 0 0 0 0 0 0 0 0 0 0 0 0 0 0 0 0 0 0 0 0 0 0 0 0
12 10 29 0 0 0 0 0 0 0 0 0 0 0 0 0 0 0 0 0 0 0 0 0 0 0 0
12 10 30 0 0 0 0 0 0 0 0 0 0 0 0 0 0 0 0 0 0 0 0 0 0 0 0
12 10 31 0 0 0 0 0 0 0 0 0 0 0 0 0 0 0 0 0 0 0 0 0 0 0 0
12 11 0 1 6 0 0 1 315 0 0 0 0 0 0 1 5 0 2 1 310 0 0 0 0 0 0
12 11 1 1 6 0 0 2 315 1 6 1 0 0 315 1 5 0 2 2 310 1 5 1 2 0 310
12 11 2 0 0 0 0 0 0 1 6 1 0 1 315 0 0 0 0 0 0 1 5 1 2 1 310
12 11 3 1 6 2 0 0 316 1 6 1 0 2 315 1 5 2 2 0 311 1 5 1 2 2 310
12 11 4 1 6 2 0 1 316 0 0 0 0 0 0 1 5 2 2 1 311 0 0 0 0 0 0
12 11 5 1 6 2 0 2 316 1 6 3 0 0 316 1 5 2 2 2 311 1 5 3 2 0 311
12 11 6 0 0 0 0 0 0 1 6 3 0 1 316 0 0 0 0 0 0 1 5 3 2 1 311
12 11 7 1 6 4 0 0 317 1 6 3 0 2 316 1 5 4 2 0 312 1 5 3 2 2 311
12 11 8 1 6 4 0 1 317 0 0 0 0 0 0 1 5 4 2 1 312 0 0 0 0 0 0
12 11 9 1 6 4 0 2 317 1 6 5 0 0 317 1 5 4 2 2 312 1 5 5 2 0 312
12 11 10 0 0 0 0 0 0 1 6 5 0 1 317 0 0 0 0 0 0 1 5 5 2 1 312
12 11 11 1 6 6 0 0 318 1 6 5 0 2 317 1 5 6 2 0 313 1 5 5 2 2 312
12 11 12 1 6 6 0 1 318 0 0 0 0 0 0 1 5 6 2 1 313 0 0 0 0 0 0
12 11 13 1 6 6 0 2 318 1 6 7 0 0 318 1 5 6 2 2 313 1 5 7 2 0 313
12 11 14 0 0 0 0 0 0 1 6 7 0 1 318 0 0 0 0 0 0 1 5 7 2 1 313
12 11 15 1 6 8 0 0 319 1 6 7 0 2 318 1 5 8 2 0 314 1 5 7 2 2 313
12 11 16 1 6 8 0 1 319 0 0 0 0 0 0 1 5 8 2 1 314 0 0 0 0 0 0
12 11 17 1 6 8 0 2 319 0 0 0 0 0 0 1 5 8 2 2 314 0 0 0 0 0 0
12 11 18 0 0 0 0 0 0 0 0 0 0 0 0 0 0 0 0 0 0 0 0 0 0 0 0
12 11 19 0 0 0 0 0 0 0 0 0 0 0 0 0 0 0 0 0 0 0 0 0 0 0 0
12 11 20 0 0 0 0 0 0 0 0 0 0 0 0 0 0 0 0 0 0 0 0 0 0 0 0
12 11 21 0 0 0 0 0 0 0 0 0 0 0 0 0 0 0 0 0 0 0 0 0 0 0 0
12 11 22 0 0 0 0 0 0 0 0 0 0 0 0 0 0 0 0 0 0 0 0 0 0 0 0
12 11 23 0 0 0 0 0 0 0 0 0 0 0 0 0 0 0 0 0 0 0 0 0 0 0 0
12 11 24 0 0 0 0 0 0 0 0 0 0 0 0 0 0 0 0 0 0 0 0 0 0 0 0
12 11 25 0 0 0 0 0 0 0 0 0 0 0 0 0 0 0 0 0 0 0 0 0 0 0 0
12 11 26 0 0 0 0 0 0 0 0 0 0 0 0 0 0 0 0 0 0 0 0 0 0 0 0
12 11 27 0 0 0 0 0 0 0 0 0 0 0 0 0 0 0 0 0 0 0 0 0 0 0 0
12 11 28 0 0 0 0 0 0 0 0 0 0 0 0 0 0 0 0 0 0 0 0 0 0 0 0
12 11 29 0 0 0 0 0 0 0 0 0 0 0 0 0 0 0 0 0 0 0 0 0 0 0 0
12 11 30 0 0 0 0 0 0 0 0 0 0 0 0 0 0 0 0 0 0 0 0 0 0 0 0
12 11 31 0 0 0 0 0 0 0 0 0 0 0 0 0 0 0 0 0 0 0 0 0 0 0 0
12 12 0 1 6 0 1 1 315 0 0 0 0 0 0 0 0 0 0 0 0 0 0 0 0 0 0
12 12 1 1 6 0 1 2 315 1 6 1 1 0 315 0 0 0 0 0 0 0 0 0 0 0 0
12 12 2 0 0 0 0 0 0 1 6 1 1 1 315 0 0 0 0 0 0 0 0 0 0 0 0
12 12 3 1 6 2 1 0 316 1 6 1 1 2 315 0 0 0 0 0 0 0 0 0 0 0 0
12 12 4 1 6 2 1 1 316 0 0 0 0 0 0 0 0 0 0 0 0 0 0 0 0 0 0
12 12 5 1 6 2 1 2 316 1 6 3 1 0 316 0 0 0 0 0 0 0 0 0 0 0 0
12 12 6 0 0 0 0 0 0 1 6 3 1 1 316 0 0 0 0 0 0 0 0 0 0 0 0
12 12 7 1 6 4 1 0 317 1 6 3 1 2 316 0 0 0 0 0 0 0 0 0 0 0 0
12 12 8 1 6 4 1 1 317 0 0 0 0 0 0 0 0 0 0 0 0 0 0 0 0 0 0
12 12 9 1 6 4 1 2 317 1 6 5 1 0 317 0 0 0 0 0 0 0 0 0 0 0 0
12 12 10 0 0 0 0 0 0 1 6 5 1 1 317 0 0 0 0 0 0 0 0 0 0 0 0
12 12 11 1 6 6 1 0 318 1 6 5 1 2 317 0 0 0 0 0 0 0 0 0 0 0 0
12 12 12 1 6 6 1 1 318 0 0 0 0 0 0 0 0 0 0 0 0 0 0 0 0 0 0
12 12 13 1 6 6 1 2 318 1 6 7 1 0 318 0 0 0 0 0 0 0 0 0 0 0 0
12 12 14 0 0 0 0 0 0 1 6 7 1 1 318 0 0 0 0 0 0 0 0 0 0 0 0
12 12 15 1 6 8 1 0 319 1 6 7 1 2 318 0 0 0 0 0 0 0 0 0 0 0 0
12 12 16 1 6 8 1 1 319 0 0 0 0 0 0 0 0 0 0 0 0 0 0 0 0 0 0
12 12 17 1 6 8 1 2 319 0 0 0 0 0 0 0 0 0 0 0 0 0 0 0 0 0 0
12 12 18 0 0 0 0 0 0 0 0 0 0 0 0 0 0 0 0 0 0 0 0 0 0 0 0
12 12 19 0 0 0 0 0 0 0 0 0 0 0 0 0 0 0 0 0 0 0 0 0 0 0 0
12 12 20 0 0 0 0 0 0 0 0 0 0 0 0 0 0 0 0 0 0 0 0 0 0 0 0
12 12 21 0 0 0 0 0 0 0 0 0 0 0 0 0 0 0 0 0 0 0 0 0 0 0 0
12 12 22 0 0 0 0 0 0 0 0 0 0 0 0 0 0 0 0 0 0 0 0 0 0 0 0
12 12 23 0 0 0 0 0 0 0 0 0 0 0 0 0 0 0 0 0 0 0 0 0 0 0 0
12 12 24 0 0 0 0 0 0 0 0 0 0 0 0 0 0 0 0 0 0 0 0 0 0 0 0
12 12 25 0 0 0 0 0 0 0 0 0 0 0 0 0 0 0 0 0 0 0 0 0 0 0 0
12 12 26 0 0 0 0 0 0 0 0 0 0 0 0 0 0 0 0 0 0 0 0 0 0 0 0
12 12 27 0 0 0 0 0 0 0 0 0 0 0 0 0 0 0 0 0 0 0 0 0 0 0 0
12 12 28 0 0 0 0 0 0 0 0 0 0 0 0 0 0 0 0 0 0 0 0 0 0 0 0
12 12 29 0 0 0 0 0 0 0 0 0 0 0 0 0 0 0 0 0 0 0 0 0 0 0 0
12 12 30 0 0 0 0 0 0 0 0 0 0 0 0 0 0 0 0 0 0 0 0 0 0 0 0
12 12 31 0 0 0 0 0 0 0 0 0 0 0 0 0 0 0 0 0 0 0 0 0 0 0 0
12 13 0 1 6 0 2 1 315 0 0 0 0 0 0 1 7 0 0 1 315 0 0 0 0 0 0
12 13 1 1 6 0 2 2 315 1 6 1 2 0 315 1 7 0 0 2 315 1 7 1 0 0 315
12 13 2 0 0 0 0 0 0 1 6 1 2 1 315 0 0 0 0 0 0 1 7 1 0 1 315
12 13 3 1 6 2 2 0 316 1 6 1 2 2 315 1 7 2 0 0 316 1 7 1 0 2 315
12 13 4 1 6 2 2 1 316 0 0 0 0 0 0 1 7 2 0 1 316 0 0 0 0 0 0
12 13 5 1 6 2 2 2 316 1 6 3 2 0 316 1 7 2 0 2 316 1 7 3 0 0 316
12 13 6 0 0 0 0 0 0 1 6 3 2 1 316 0 0 0 0 0 0 1 7 3 0 1 316
12 13 7 1 6 4 2 0 317 1 6 3 2 2 316 1 7 4 0 0 317 1 7 3 0 2 316
12 13 8 1 6 4 2 1 317 0 0 0 0 0 0 1 7 4 0 1 317 0 0 0 0 0 0
12 13 9 1 6 4 2 2 317 1 6 5 2 0 317 1 7 4 0 2 317 1 7 5 0 0 317
12 13 10 0 0 0 0 0 0 1 6 5 2 1 317 0 0 0 0 0 0 1 7 5 0 1 317
12 13 11 1 6 6 2 0 318 1 6 5 2 2 317 1 7 6 0 0 318 1 7 5 0 2 317
12 13 12 1 6 6 2 1 318 0 0 0 0 0 0 1 7 6 0 1 318 0 0 0 0 0 0
12 13 13 1 6 6 2 2 318 1 6 7 2 0 318 1 7 6 0 2 318 1 7 7 0 0 318
12 13 14 0 0 0 0 0 0 1 6 7 2 1 318 0 0 0 0 0 0 1 7 7 0 1 318
12 13 15 1 6 8 2 0 319 1 6 7 2 2 318 1 7 8 0 0 319 1 7 7 0 2 318
12 13 16 1 6 8 2 1 319 0 0 0 0 0 0 1 7 8 0 1 319 0 0 0 0 0 0
12 13 17 1 6 8 2 2 319 0 0 0 0 0 0 1 7 8 0 2 319 0 0 0 0 0 0
12 13 18 0 0 0 0 0 0 0 0 0 0 0 0 0 0 0 0 0 0 0 0 0 0 0 0
12 13 19 0 0 0 0 0 0 0 0 0 0 0 0 0 0 0 0 0 0 0 0 0 0 0 0
12 13 20 0 0 0 0 0 0 0 0 0 0 0 0 0 0 0 0 0 0 0 0 0 0 0 0
12 13 21 0 0 0 0 0 0 0 0 0 0 0 0 0 0 0 0 0 0 0 0 0 0 0 0
12 13 22 0 0 0 0 0 0 0 0 0 0 0 0 0 0 0 0 0 0 0 0 0 0 0 0
12 13 23 0 0 0 0 0 0 0 0 0 0 0 0 0 0 0 0 0 0 0 0 0 0 0 0
12 13 24 0 0 0 0 0 0 0 0 0 0 0 0 0 0 0 0 0 0 0 0 0 0 0 0
12 13 25 0 0 0 0 0 0 0 0 0 0 0 0 0 0 0 0 0 0 0 0 0 0 0 0
12 13 26 0 0 0 0 0 0 0 0 0 0 0 0 0 0 0 0 0 0 0 0 0 0 0 0
12 13 27 0 0 0 0 0 0 0 0 0 0 0 0 0 0 0 0 0 0 0 0 0 0 0 0
12 13 28 0 0 0 0 0 0 0 0 0 0 0 0 0 0 0 0 0 0 0 0 0 0 0 0
12 13 29 0 0 0 0 0 0 0 0 0 0 0 0 0 0 0 0 0 0 0 0 0 0 0 0
12 13 30 0 0 0 0 0 0 0 0 0 0 0 0 0 0 0 0 0 0 0 0 0 0 0 0
12 13 31 0 0 0 0 0 0 0 0 0 0 0 0 0 0 0 0 0 0 0 0 0 0 0 0
12 14 0 0 0 0 0 0 0 0 0 0 0 0 0 1 7 0 1 1 315 0 0 0 0 0 0
12 14 1 0 0 0 0 0 0 0 0 0 0 0 0 1 7 0 1 2 315 1 7 1 1 0 315
12 14 2 0 0 0 0 0 0 0 0 0 0 0 0 0 0 0 0 0 0 1 7 1 1 1 315
12 14 3 0 0 0 0 0 0 0 0 0 0 0 0 1 7 2 1 0 316 1 7 1 1 2 315
12 14 4 0 0 0 0 0 0 0 0 0 0 0 0 1 7 2 1 1 316 0 0 0 0 0 0
12 14 5 0 0 0 0 0 0 0 0 0 0 0 0 1 7 2 1 2 316 1 7 3 1 0 316
12 14 6 0 0 0 0 0 0 0 0 0 0 0 0 0 0 0 0 0 0 1 7 3 1 1 316
12 14 7 0 0 0 0 0 0 0 0 0 0 0 0 1 7 4 1 0 317 1 7 3 1 2 316
12 14 8 0 0 0 0 0 0 0 0 0 0 0 0 1 7 4 1 1 317 0 0 0 0 0 0
12 14 9 0 0 0 0 0 0 0 0 0 0 0 0 1 7 4 1 2 317 1 7 5 1 0 317
12 14 10 0 0 0 0 0 0 0 0 0 0 0 0 0 0 0 0 0 0 1 7 5 1 1 317
12 14 11 0 0 0 0 0 0 0 0 0 0 0 0 1 7 6 1 0 318 1 7 5 1 2 317
12 14 12 0 0 0 0 0 0 0 0 0 0 0 0 1 7 6 1 1 318 0 0 0 0 0 0
12 14 13 0 0 0 0 0 0 0 0 0 0 0 0 1 7 6 1 2 318 1 7 7 1 0 318
12 14 14 0 0 0 0 0 0 0 0 0 0 0 0 0 0 0 0 0 0 1 7 7 1 1 318
12 14 15 0 0 0 0 0 0 0 0 0 0 0 0 1 7 8 1 0 319 1 7 7 1 2 318
12 14 16 0 0 0 0 0 0 0 0 0 0 0 0 1 7 8 1 1 319 0 0 0 0 0 0
12 14 17 0 0 0 0 0 0 0 0 0 0 0 0 1 7 8 1 2 319 0 0 0 0 0 0
12 14 18 0 0 0 0 0 0 0 0 0 0 0 0 0 0 0 0 0 0 0 0 0 0 0 0
12 14 19 0 0 0 0 0 0 0 0 0 0 0 0 0 0 0 0 0 0 0 0 0 0 0 0
12 14 20 0 0 0 0 0 0 0 0 0 0 0 0 0 0 0 0 0 0 0 0 0 0 0 0
12 14 21 0 0 0 0 0 0 0 0 0 0 0 0 0 0 0 0 0 0 0 0 0 0 0 0
12 14 22 0 0 0 0 0 0 0 0 0 0 0 0 0 0 0 0 0 0 0 0 0 0 0 0
12 14 23 0 0 0 0 0 0 0 0 0 0 0 0 0 0 0 0 0 0 0 0 0 0 0 0
12 14 24 0 0 0 0 0 0 0 0 0 0 0 0 0 0 0 0 0 0 0 0 0 0 0 0
12 14 25 0 0 0 0 0 0 0 0 0 0 0 0 0 0 0 0 0 0 0 0 0 0 0 0
12 14 26 0 0 0 0 0 0 0 0 0 0 0 0 0 0 0 0 0 0 0 0 0 0 0 0
12 14 27 0 0 0 0 0 0 0 0 0 0 0 0 0 0 0 0 0 0 0 0 0 0 0 0
12 14 28 0 0 0 0 0 0 0 0 0 0 0 0 0 0 0 0 0 0 0 0 0 0 0 0
12 14 29 0 0 0 0 0 0 0 0 0 0 0 0 0 0 0 0 0 0 0 0 0 0 0 0
12 14 30 0 0 0 0 0 0 0 0 0 0 0 0 0 0 0 0 0 0 0 0 0 0 0 0
12 14 31 0 0 0 0 0 0 0 0 0 0 0 0 0 0 0 0 0 0 0 0 0 0 0 0
12 15 0 1 8 0 0 1 320 0 0 0 0 0 0 1 7 0 2 1 315 0 0 0 0 0 0
12 15 1 1 8 0 0 2 320 1 8 1 0 0 320 1 7 0 2 2 315 1 7 1 2 0 315
12 15 2 0 0 0 0 0 0 1 8 1 0 1 320 0 0 0 0 0 0 1 7 1 2 1 315
12 15 3 1 8 2 0 0 321 1 8 1 0 2 320 1 7 2 2 0 316 1 7 1 2 2 315
12 15 4 1 8 2 0 1 321 0 0 0 0 0 0 1 7 2 2 1 316 0 0 0 0 0 0
12 15 5 1 8 2 0 2 321 1 8 3 0 0 321 1 7 2 2 2 316 1 7 3 2 0 316
12 15 6 0 0 0 0 0 0 1 8 3 0 1 321 0 0 0 0 0 0 1 7 3 2 1 316
12 15 7 1 8 4 0 0 322 1 8 3 0 2 321 1 7 4 2 0 317 1 7 3 2 2 316
12 15 8 1 8 4 0 1 322 0 0 0 0 0 0 1 7 4 2 1 317 0 0 0 0 0 0
12 15 9 1 8 4 0 2 322 1 8 5 0 0 322 1 7 4 2 2 317 1 7 5 2 0 317
12 15 10 0 0 0 0 0 0 1 8 5 0 1 322 0 0 0 0 0 0 1 7 5 2 1 317
12 15 11 1 8 6 0 0 323 1 8 5 0 2 322 1 7 6 2 0 318 1 7 5 2 2 317
12 15 12 1 8 6 0 1 323 0 0 0 0 0 0 1 7 6 2 1 318 0 0 0 0 0 0
12 15 13 1 8 6 0 2 323 1 8 7 0 0 323 1 7 6 2 2 318 1 7 7 2 0 318
12 15 14 0 0 0 0 0 0 1 8 7 0 1 323 0 0 0 0 0 0 1 7 7 2 1 318
12 15 15 1 8 8 0 0 324 1 8 7 0 2 323 1 7 8 2 0 319 1 7 7 2 2 318
12 15 16 1 8 8 0 1 324 0 0 0 0 0 0 1 7 8 2 1 319 0 0 0 0 0 0
12 15 17 1 8 8 0 2 324 0 0 0 0 0 0 1 7 8 2 2 319 0 0 0 0 0 0
12 15 18 0 0 0 0 0 0 0 0 0 0 0 0 0 0 0 0 0 0 0 0 0 0 0 0
12 15 19 0 0 0 0 0 0 0 0 0 0 0 0 0 0 0 0 0 0 0 0 0 0 0 0
12 15 20 0 0 0 0 0 0 0 0 0 0 0 0 0 0 0 0 0 0 0 0 0 0 0 0
12 15 21 0 0 0 0 0 0 0 0 0 0 0 0 0 0 0 0 0 0 0 0 0 0 0 0
12 15 22 0 0 0 0 0 0 0 0 0 0 0 0 0 0 0 0 0 0 0 0 0 0 0 0
12 15 23 0 0 0 0 0 0 0 0 0 0 0 0 0 0 0 0 0 0 0 0 0 0 0 0
12 15 24 0 0 0 0 0 0 0 0 0 0 0 0 0 0 0 0 0 0 0 0 0 0 0 0
12 15 25 0 0 0 0 0 0 0 0 0 0 0 0 0 0 0 0 0 0 0 0 0 0 0 0
12 15 26 0 0 0 0 0 0 0 0 0 0 0 0 0 0 0 0 0 0 0 0 0 0 0 0
12 15 27 0 0 0 0 0 0 0 0 0 0 0 0 0 0 0 0 0 0 0 0 0 0 0 0
12 15 28 0 0 0 0 0 0 0 0 0 0 0 0 0 0 0 0 0 0 0 0 0 0 0 0
12 15 29 0 0 0 0 0 0 0 0 0 0 0 0 0 0 0 0 0 0 0 0 0 0 0 0
12 15 30 0 0 0 0 0 0 0 0 0 0 0 0 0 0 0 0 0 0 0 0 0 0 0 0
12 15 31 0 0 0 0 0 0 0 0 0 0 0 0 0 0 0 0 0 0 0 0 0 0 0 0
12 16 0 1 8 0 1 1 320 0 0 0 0 0 0 0 0 0 0 0 0 0 0 0 0 0 0
12 16 1 1 8 0 1 2 320 1 8 1 1 0 320 0 0 0 0 0 0 0 0 0 0 0 0
12 16 2 0 0 0 0 0 0 1 8 1 1 1 320 0 0 0 0 0 0 0 0 0 0 0 0
12 16 3 1 8 2 1 0 321 1 8 1 1 2 320 0 0 0 0 0 0 0 0 0 0 0 0
12 16 4 1 8 2 1 1 321 0 0 0 0 0 0 0 0 0 0 0 0 0 0 0 0 0 0
12 16 5 1 8 2 1 2 321 1 8 3 1 0 321 0 0 0 0 0 0 0 0 0 0 0 0
12 16 6 0 0 0 0 0 0 1 8 3 1 1 321 0 0 0 0 0 0 0 0 0 0 0 0
12 16 7 1 8 4 1 0 322 1 8 3 1 2 321 0 0 0 0 0 0 0 0 0 0 0 0
12 16 8 1 8 4 1 1 322 0 0 0 0 0 0 0 0 0 0 0 0 0 0 0 0 0 0
12 16 9 1 8 4 1 2 322 1 8 5 1 0 322 0 0 0 0 0 0 0 0 0 0 0 0
12 16 10 0 0 0 0 0 0 1 8 5 1 1 322 0 0 0 0 0 0 0 0 0 0 0 0
12 16 11 1 8 6 1 0 323 1 8 5 1 2 322 0 0 0 0 0 0 0 0 0 0 0 0
12 16 12 1 8 6 1 1 323 0 0 0 0 0 0 0 0 0 0 0 0 0 0 0 0 0 0
12 16 13 1 8 6 1 2 323 1 8 7 1 0 323 0 0 0 0 0 0 0 0 0 0 0 0
12 16 14 0 0 0 0 0 0 1 8 7 1 1 323 0 0 0 0 0 0 0 0 0 0 0 0
12 16 15 1 8 8 1 0 324 1 8 7 1 2 323 0 0 0 0 0 0 0 0 0 0 0 0
12 16 16 1 8 8 1 1 324 0 0 0 0 0 0 0 0 0 0 0 0 0 0 0 0 0 0
12 16 17 1 8 8 1 2 324 0 0 0 0 0 0 0 0 0 0 0 0 0 0 0 0 0 0
12 16 18 0 0 0 0 0 0 0 0 0 0 0 0 0 0 0 0 0 0 0 0 0 0 0 0
12 16 19 0 0 0 0 0 0 0 0 0 0 0 0 0 0 0 0 0 0 0 0 0 0 0 0
12 16 20 0 0 0 0 0 0 0 0 0 0 0 0 0 0 0 0 0 0 0 0 0 0 0 0
12 16 21 0 0 0 0 0 0 0 0 0 0 0 0 0 0 0 0 0 0 0 0 0 0 0 0
12 16 22 0 0 0 0 0 0 0 0 0 0 0 0 0 0 0 0 0 0 0 0 0 0 0 0
12 16 23 0 0 0 0 0 0 0 0 0 0 0 0 0 0 0 0 0 0 0 0 0 0 0 0
12 16 24 0 0 0 0 0 0 0 0 0 0 0 0 0 0 0 0 0 0 0 0 0 0 0 0
12 16 25 0 0 0 0 0 0 0 0 0 0 0 0 0 0 0 0 0 0 0 0 0 0 0 0
12 16 26 0 0 0 0 0 0 0 0 0 0 0 0 0 0 0 0 0 0 0 0 0 0 0 0
12 16 27 0 0 0 0 0 0 0 0 0 0 0 0 0 0 0 0 0 0 0 0 0 0 0 0
12 16 28 0 0 0 0 0 0 0 0 0 0 0 0 0 0 0 0 0 0 0 0 0 0 0 0
12 16 29 0 0 0 0 0 0 0 0 0 0 0 0 0 0 0 0 0 0 0 0 0 0 0 0
12 16 30 0 0 0 0 0 0 0 0 0 0 0 0 0 0 0 0 0 0 0 0 0 0 0 0
12 16 31 0 0 0 0 0 0 0 0 0 0 0 0 0 0 0 0 0 0 0 0 0 0 0 0
12 17 0 1 8 0 2 1 320 0 0 0 0 0 0 0 0 0 0 0 0 0 0 0 0 0 0
12 17 1 1 8 0 2 2 320 1 8 1 2 0 320 0 0 0 0 0 0 0 0 0 0 0 0
12 17 2 0 0 0 0 0 0 1 8 1 2 1 320 0 0 0 0 0 0 0 0 0 0 0 0
12 17 3 1 8 2 2 0 321 1 8 1 2 2 320 0 0 0 0 0 0 0 0 0 0 0 0
12 17 4 1 8 2 2 1 321 0 0 0 0 0 0 0 0 0 0 0 0 0 0 0 0 0 0
12 17 5 1 8 2 2 2 321 1 8 3 2 0 321 0 0 0 0 0 0 0 0 0 0 0 0
12 17 6 0 0 0 0 0 0 1 8 3 2 1 321 0 0 0 0 0 0 0 0 0 0 0 0
12 17 7 1 8 4 2 0 322 1 8 3 2 2 321 0 0 0 0 0 0 0 0 0 0 0 0
12 17 8 1 8 4 2 1 322 0 0 0 0 0 0 0 0 0 0 0 0 0 0 0 0 0 0
12 17 9 1 8 4 2 2 322 1 8 5 2 0 322 0 0 0 0 0 0 0 0 0 0 0 0
12 17 10 0 0 0 0 0 0 1 8 5 2 1 322 0 0 0 0 0 0 0 0 0 0 0 0
12 17 11 1 8 6 2 0 323 1 8 5 2 2 322 0 0 0 0 0 0 0 0 0 0 0 0
12 17 12 1 8 6 2 1 323 0 0 0 0 0 0 0 0 0 0 0 0 0 0 0 0 0 0
12 17 13 1 8 6 2 2 323 1 8 7 2 0 323 0 0 0 0 0 0 0 0 0 0 0 0
12 17 14 0 0 0 0 0 0 1 8 7 2 1 323 0 0 0 0 0 0 0 0 0 0 0 0
12 17 15 1 8 8 2 0 324 1 8 7 2 2 323 0 0 0 0 0 0 0 0 0 0 0 0
12 17 16 1 8 8 2 1 324 0 0 0 0 0 0 0 0 0 0 0 0 0 0 0 0 0 0
12 17 17 1 8 8 2 2 324 0 0 0 0 0 0 0 0 0 0 0 0 0 0 0 0 0 0
12 17 18 0 0 0 0 0 0 0 0 0 0 0 0 0 0 0 0 0 0 0 0 0 0 0 0
12 17 19 0 0 0 0 0 0 0 0 0 0 0 0 0 0 0 0 0 0 0 0 0 0 0 0
12 17 20 0 0 0 0 0 0 0 0 0 0 0 0 0 0 0 0 0 0 0 0 0 0 0 0
12 17 21 0 0 0 0 0 0 0 0 0 0 0 0 0 0 0 0 0 0 0 0 0 0 0 0
12 17 22 0 0 0 0 0 0 0 0 0 0 0 0 0 0 0 0 0 0 0 0 0 0 0 0
12 17 23 0 0 0 0 0 0 0 0 0 0 0 0 0 0 0 0 0 0 0 0 0 0 0 0
12 17 24 0 0 0 0 0 0 0 0 0 0 0 0 0 0 0 0 0 0 0 0 0 0 0 0
12 17 25 0 0 0 0 0 0 0 0 0 0 0 0 0 0 0 0 0 0 0 0 0 0 0 0
12 17 26 0 0 0 0 0 0 0 0 0 0 0 0 0 0 0 0 0 0 0 0 0 0 0 0
12 17 27 0 0 0 0 0 0 0 0 0 0 0 0 0 0 0 0 0 0 0 0 0 0 0 0
12 17 28 0 0 0 0 0 0 0 0 0 0 0 0 0 0 0 0 0 0 0 0 0 0 0 0
12 17 29 0 0 0 0 0 0 0 0 0 0 0 0 0 0 0 0 0 0 0 0 0 0 0 0
12 17 30 0 0 0 0 0 0 0 0 0 0 0 0 0 0 0 0 0 0 0 0 0 0 0 0
12 17 31 0 0 0 0 0 0 0 0 0 0 0 0 0 0 0 0 0 0 0 0 0 0 0 0
12 18 0 0 0 0 0 0 0 0 0 0 0 0 0 0 0 0 0 0 0 0 0 0 0 0 0
12 18 1 0 0 0 0 0 0 0 0 0 0 0 0 0 0 0 0 0 0 0 0 0 0 0 0
12 18 2 0 0 0 0 0 0 0 0 0 0 0 0 0 0 0 0 0 0 0 0 0 0 0 0
12 18 3 0 0 0 0 0 0 0 0 0 0 0 0 0 0 0 0 0 0 0 0 0 0 0 0
12 18 4 0 0 0 0 0 0 0 0 0 0 0 0 0 0 0 0 0 0 0 0 0 0 0 0
12 18 5 0 0 0 0 0 0 0 0 0 0 0 0 0 0 0 0 0 0 0 0 0 0 0 0
12 18 6 0 0 0 0 0 0 0 0 0 0 0 0 0 0 0 0 0 0 0 0 0 0 0 0
12 18 7 0 0 0 0 0 0 0 0 0 0 0 0 0 0 0 0 0 0 0 0 0 0 0 0
12 18 8 0 0 0 0 0 0 0 0 0 0 0 0 0 0 0 0 0 0 0 0 0 0 0 0
12 18 9 0 0 0 0 0 0 0 0 0 0 0 0 0 0 0 0 0 0 0 0 0 0 0 0
12 18 10 0 0 0 0 0 0 0 0 0 0 0 0 0 0 0 0 0 0 0 0 0 0 0 0
12 18 11 0 0 0 0 0 0 0 0 0 0 0 0 0 0 0 0 0 0 0 0 0 0 0 0
12 18 12 0 0 0 0 0 0 0 0 0 0 0 0 0 0 0 0 0 0 0 0 0 0 0 0
12 18 13 0 0 0 0 0 0 0 0 0 0 0 0 0 0 0 0 0 0 0 0 0 0 0 0
12 18 14 0 0 0 0 0 0 0 0 0 0 0 0 0 0 0 0 0 0 0 0 0 0 0 0
12 18 15 0 0 0 0 0 0 0 0 0 0 0 0 0 0 0 0 0 0 0 0 0 0 0 0
12 18 16 0 0 0 0 0 0 0 0 0 0 0 0 0 0 0 0 0 0 0 0 0 0 0 0
12 18 17 0 0 0 0 0 0 0 0 0 0 0 0 0 0 0 0 0 0 0 0 0 0 0 0
12 18 18 0 0 0 0 0 0 0 0 0 0 0 0 0 0 0 0 0 0 0 0 0 0 0 0
12 18 19 0 0 0 0 0 0 0 0 0 0 0 0 0 0 0 0 0 0 0 0 0 0 0 0
12 18 20 0 0 0 0 0 0 0 0 0 0 0 0 0 0 0 0 0 0 0 0 0 0 0 0
12 18 21 0 0 0 0 0 0 0 0 0 0 0 0 0 0 0 0 0 0 0 0 0 0 0 0
12 18 22 0 0 0 0 0 0 0 0 0 0 0 0 0 0 0 0 0 0 0 0 0 0 0 0
12 18 23 0 0 0 0 0 0 0 0 0 0 0 0 0 0 0 0 0 0 0 0 0 0 0 0
12 18 24 0 0 0 0 0 0 0 0 0 0 0 0 0 0 0 0 0 0 0 0 0 0 0 0
12 18 25 0 0 0 0 0 0 0 0 0 0 0 0 0 0 0 0 0 0 0 0 0 0 0 0
12 18 26 0 0 0 0 0 0 0 0 0 0 0 0 0 0 0 0 0 0 0 0 0 0 0 0
12 18 27 0 0 0 0 0 0 0 0 0 0 0 0 0 0 0 0 0 0 0 0 0 0 0 0
12 18 28 0 0 0 0 0 0 0 0 0 0 0 0 0 0 0 0 0 0 0 0 0 0 0 0
12 18 29 0 0 0 0 0 0 0 0 0 0 0 0 0 0 0 0 0 0 0 0 0 0 0 0
12 18 30 0 0 0 0 0 0 0 0 0 0 0 0 0 0 0 0 0 0 0 0 0 0 0 0
12 18 31 0 0 0 0 0 0 0 0 0 0 0 0 0 0 0 0 0 0 0 0 0 0 0 0
12 19 0 0 0 0 0 0 0 0 0 0 0 0 0 0 0 0 0 0 0 0 0 0 0 0 0
12 19 1 0 0 0 0 0 0 0 0 0 0 0 0 0 0 0 0 0 0 0 0 0 0 0 0
12 19 2 0 0 0 0 0 0 0 0 0 0 0 0 0 0 0 0 0 0 0 0 0 0 0 0
12 19 3 0 0 0 0 0 0 0 0 0 0 0 0 0 0 0 0 0 0 0 0 0 0 0 0
12 19 4 0 0 0 0 0 0 0 0 0 0 0 0 0 0 0 0 0 0 0 0 0 0 0 0
12 19 5 0 0 0 0 0 0 0 0 0 0 0 0 0 0 0 0 0 0 0 0 0 0 0 0
12 19 6 0 0 0 0 0 0 0 0 0 0 0 0 0 0 0 0 0 0 0 0 0 0 0 0
12 19 7 0 0 0 0 0 0 0 0 0 0 0 0 0 0 0 0 0 0 0 0 0 0 0 0
12 19 8 0 0 0 0 0 0 0 0 0 0 0 0 0 0 0 0 0 0 0 0 0 0 0 0
12 19 9 0 0 0 0 0 0 0 0 0 0 0 0 0 0 0 0 0 0 0 0 0 0 0 0
12 19 10 0 0 0 0 0 0 0 0 0 0 0 0 0 0 0 0 0 0 0 0 0 0 0 0
12 19 11 0 0 0 0 0 0 0 0 0 0 0 0 0 0 0 0 0 0 0 0 0 0 0 0
12 19 12 0 0 0 0 0 0 0 0 0 0 0 0 0 0 0 0 0 0 0 0 0 0 0 0
12 19 13 0 0 0 0 0 0 0 0 0 0 0 0 0 0 0 0 0 0 0 0 0 0 0 0
12 19 14 0 0 0 0 0 0 0 0 0 0 0 0 0 0 0 0 0 0 0 0 0 0 0 0
12 19 15 0 0 0 0 0 0 0 0 0 0 0 0 0 0 0 0 0 0 0 0 0 0 0 0
12 19 16 0 0 0 0 0 0 0 0 0 0 0 0 0 0 0 0 0 0 0 0 0 0 0 0
12 19 17 0 0 0 0 0 0 0 0 0 0 0 0 0 0 0 0 0 0 0 0 0 0 0 0
12 19 18 0 0 0 0 0 0 0 0 0 0 0 0 0 0 0 0 0 0 0 0 0 0 0 0
12 19 19 0 0 0 0 0 0 0 0 0 0 0 0 0 0 0 0 0 0 0 0 0 0 0 0
12 19 20 0 0 0 0 0 0 0 0 0 0 0 0 0 0 0 0 0 0 0 0 0 0 0 0
12 19 21 0 0 0 0 0 0 0 0 0 0 0 0 0 0 0 0 0 0 0 0 0 0 0 0
12 19 22 0 0 0 0 0 0 0 0 0 0 0 0 0 0 0 0 0 0 0 0 0 0 0 0
12 19 23 0 0 0 0 0 0 0 0 0 0 0 0 0 0 0 0 0 0 0 0 0 0 0 0
12 19 24 0 0 0 0 0 0 0 0 0 0 0 0 0 0 0 0 0 0 0 0 0 0 0 0
12 19 25 0 0 0 0 0 0 0 0 0 0 0 0 0 0 0 0 0 0 0 0 0 0 0 0
12 19 26 0 0 0 0 0 0 0 0 0 0 0 0 0 0 0 0 0 0 0 0 0 0 0 0
12 19 27 0 0 0 0 0 0 0 0 0 0 0 0 0 0 0 0 0 0 0 0 0 0 0 0
12 19 28 0 0 0 0 0 0 0 0 0 0 0 0 0 0 0 0 0 0 0 0 0 0 0 0
12 19 29 0 0 0 0 0 0 0 0 0 0 0 0 0 0 0 0 0 0 0 0 0 0 0 0
12 19 30 0 0 0 0 0 0 0 0 0 0 0 0 0 0 0 0 0 0 0 0 0 0 0 0
12 19 31 0 0 0 0 0 0 0 0 0 0 0 0 0 0 0 0 0 0 0 0 0 0 0 0
12 20 0 0 0 0 0 0 0 0 0 0 0 0 0 0 0 0 0 0 0 0 0 0 0 0 0
12 20 1 0 0 0 0 0 0 0 0 0 0 0 0 0 0 0 0 0 0 0 0 0 0 0 0
12 20 2 0 0 0 0 0 0 0 0 0 0 0 0 0 0 0 0 0 0 0 0 0 0 0 0
12 20 3 0 0 0 0 0 0 0 0 0 0 0 0 0 0 0 0 0 0 0 0 0 0 0 0
12 20 4 0 0 0 0 0 0 0 0 0 0 0 0 0 0 0 0 0 0 0 0 0 0 0 0
12 20 5 0 0 0 0 0 0 0 0 0 0 0 0 0 0 0 0 0 0 0 0 0 0 0 0
12 20 6 0 0 0 0 0 0 0 0 0 0 0 0 0 0 0 0 0 0 0 0 0 0 0 0
12 20 7 0 0 0 0 0 0 0 0 0 0 0 0 0 0 0 0 0 0 0 0 0 0 0 0
12 20 8 0 0 0 0 0 0 0 0 0 0 0 0 0 0 0 0 0 0 0 0 0 0 0 0
12 20 9 0 0 0 0 0 0 0 0 0 0 0 0 0 0 0 0 0 0 0 0 0 0 0 0
12 20 10 0 0 0 0 0 0 0 0 0 0 0 0 0 0 0 0 0 0 0 0 0 0 0 0
12 20 11 0 0 0 0 0 0 0 0 0 0 0 0 0 0 0 0 0 0 0 0 0 0 0 0
12 20 12 0 0 0 0 0 0 0 0 0 0 0 0 0 0 0 0 0 0 0 0 0 0 0 0
12 20 13 0 0 0 0 0 0 0 0 0 0 0 0 0 0 0 0 0 0 0 0 0 0 0 0
12 20 14 0 0 0 0 0 0 0 0 0 0 0 0 0 0 0 0 0 0 0 0 0 0 0 0
12 20 15 0 0 0 0 0 0 0 0 0 0 0 0 0 0 0 0 0 0 0 0 0 0 0 0
12 20 16 0 0 0 0 0 0 0 0 0 0 0 0 0 0 0 0 0 0 0 0 0 0 0 0
12 20 17 0 0 0 0 0 0 0 0 0 0 0 0 0 0 0 0 0 0 0 0 0 0 0 0
12 20 18 0 0 0 0 0 0 0 0 0 0 0 0 0 0 0 0 0 0 0 0 0 0 0 0
12 20 19 0 0 0 0 0 0 0 0 0 0 0 0 0 0 0 0 0 0 0 0 0 0 0 0
12 20 20 0 0 0 0 0 0 0 0 0 0 0 0 0 0 0 0 0 0 0 0 0 0 0 0
12 20 21 0 0 0 0 0 0 0 0 0 0 0 0 0 0 0 0 0 0 0 0 0 0 0 0
12 20 22 0 0 0 0 0 0 0 0 0 0 0 0 0 0 0 0 0 0 0 0 0 0 0 0
12 20 23 0 0 0 0 0 0 0 0 0 0 0 0 0 0 0 0 0 0 0 0 0 0 0 0
12 20 24 0 0 0 0 0 0 0 0 0 0 0 0 0 0 0 0 0 0 0 0 0 0 0 0
12 20 25 0 0 0 0 0 0 0 0 0 0 0 0 0 0 0 0 0 0 0 0 0 0 0 0
12 20 26 0 0 0 0 0 0 0 0 0 0 0 0 0 0 0 0 0 0 0 0 0 0 0 0
12 20 27 0 0 0 0 0 0 0 0 0 0 0 0 0 0 0 0 0 0 0 0 0 0 0 0
12 20 28 0 0 0 0 0 0 0 0 0 0 0 0 0 0 0 0 0 0 0 0 0 0 0 0
12 20 29 0 0 0 0 0 0 0 0 0 0 0 0 0 0 0 0 0 0 0 0 0 0 0 0
12 20 30 0 0 0 0 0 0 0 0 0 0 0 0 0 0 0 0 0 0 0 0 0 0 0 0
12 20 31 0 0 0 0 0 0 0 0 0 0 0 0 0 0 0 0 0 0 0 0 0 0 0 0
12 21 0 0 0 0 0 0 0 0 0 0 0 0 0 0 0 0 0 0 0 0 0 0 0 0 0
12 21 1 0 0 0 0 0 0 0 0 0 0 0 0 0 0 0 0 0 0 0 0 0 0 0 0
12 21 2 0 0 0 0 0 0 0 0 0 0 0 0 0 0 0 0 0 0 0 0 0 0 0 0
12 21 3 0 0 0 0 0 0 0 0 0 0 0 0 0 0 0 0 0 0 0 0 0 0 0 0
12 21 4 0 0 0 0 0 0 0 0 0 0 0 0 0 0 0 0 0 0 0 0 0 0 0 0
12 21 5 0 0 0 0 0 0 0 0 0 0 0 0 0 0 0 0 0 0 0 0 0 0 0 0
12 21 6 0 0 0 0 0 0 0 0 0 0 0 0 0 0 0 0 0 0 0 0 0 0 0 0
12 21 7 0 0 0 0 0 0 0 0 0 0 0 0 0 0 0 0 0 0 0 0 0 0 0 0
12 21 8 0 0 0 0 0 0 0 0 0 0 0 0 0 0 0 0 0 0 0 0 0 0 0 0
12 21 9 0 0 0 0 0 0 0 0 0 0 0 0 0 0 0 0 0 0 0 0 0 0 0 0
12 21 10 0 0 0 0 0 0 0 0 0 0 0 0 0 0 0 0 0 0 0 0 0 0 0 0
12 21 11 0 0 0 0 0 0 0 0 0 0 0 0 0 0 0 0 0 0 0 0 0 0 0 0
12 21 12 0 0 0 0 0 0 0 0 0 0 0 0 0 0 0 0 0 0 0 0 0 0 0 0
12 21 13 0 0 0 0 0 0 0 0 0 0 0 0 0 0 0 0 0 0 0 0 0 0 0 0
12 21 14 0 0 0 0 0 0 0 0 0 0 0 0 0 0 0 0 0 0 0 0 0 0 0 0
12 21 15 0 0 0 0 0 0 0 0 0 0 0 0 0 0 0 0 0 0 0 0 0 0 0 0
12 21 16 0 0 0 0 0 0 0 0 0 0 0 0 0 0 0 0 0 0 0 0 0 0 0 0
12 21 17 0 0 0 0 0 0 0 0 0 0 0 0 0 0 0 0 0 0 0 0 0 0 0 0
12 21 18 0 0 0 0 0 0 0 0 0 0 0 0 0 0 0 0 0 0 0 0 0 0 0 0
12 21 19 0 0 0 0 0 0 0 0 0 0 0 0 0 0 0 0 0 0 0 0 0 0 0 0
12 21 20 0 0 0 0 0 0 0 0 0 0 0 0 0 0 0 0 0 0 0 0 0 0 0 0
12 21 21 0 0 0 0 0 0 0 0 0 0 0 0 0 0 0 0 0 0 0 0 0 0 0 0
12 21 22 0 0 0 0 0 0 0 0 0 0 0 0 0 0 0 0 0 0 0 0 0 0 0 0
12 21 23 0 0 0 0 0 0 0 0 0 0 0 0 0 0 0 0 0 0 0 0 0 0 0 0
12 21 24 0 0 0 0 0 0 0 0 0 0 0 0 0 0 0 0 0 0 0 0 0 0 0 0
12 21 25 0 0 0 0 0 0 0 0 0 0 0 0 0 0 0 0 0 0 0 0 0 0 0 0
12 21 26 0 0 0 0 0 0 0 0 0 0 0 0 0 0 0 0 0 0 0 0 0 0 0 0
12 21 27 0 0 0 0 0 0 0 0 0 0 0 0 0 0 0 0 0 0 0 0 0 0 0 0
12 21 28 0 0 0 0 0 0 0 0 0 0 0 0 0 0 0 0 0 0 0 0 0 0 0 0
12 21 29 0 0 0 0 0 0 0 0 0 0 0 0 0 0 0 0 0 0 0 0 0 0 0 0
12 21 30 0 0 0 0 0 0 0 0 0 0 0 0 0 0 0 0 0 0 0 0 0 0 0 0
12 21 31 0 0 0 0 0 0 0 0 0 0 0 0 0 0 0 0 0 0 0 0 0 0 0 0
12 22 0 0 0 0 0 0 0 0 0 0 0 0 0 0 0 0 0 0 0 0 0 0 0 0 0
12 22 1 0 0 0 0 0 0 0 0 0 0 0 0 0 0 0 0 0 0 0 0 0 0 0 0
12 22 2 0 0 0 0 0 0 0 0 0 0 0 0 0 0 0 0 0 0 0 0 0 0 0 0
12 22 3 0 0 0 0 0 0 0 0 0 0 0 0 0 0 0 0 0 0 0 0 0 0 0 0
12 22 4 0 0 0 0 0 0 0 0 0 0 0 0 0 0 0 0 0 0 0 0 0 0 0 0
12 22 5 0 0 0 0 0 0 0 0 0 0 0 0 0 0 0 0 0 0 0 0 0 0 0 0
12 22 6 0 0 0 0 0 0 0 0 0 0 0 0 0 0 0 0 0 0 0 0 0 0 0 0
12 22 7 0 0 0 0 0 0 0 0 0 0 0 0 0 0 0 0 0 0 0 0 0 0 0 0
12 22 8 0 0 0 0 0 0 0 0 0 0 0 0 0 0 0 0 0 0 0 0 0 0 0 0
12 22 9 0 0 0 0 0 0 0 0 0 0 0 0 0 0 0 0 0 0 0 0 0 0 0 0
12 22 10 0 0 0 0 0 0 0 0 0 0 0 0 0 0 0 0 0 0 0 0 0 0 0 0
12 22 11 0 0 0 0 0 0 0 0 0 0 0 0 0 0 0 0 0 0 0 0 0 0 0 0
12 22 12 0 0 0 0 0 0 0 0 0 0 0 0 0 0 0 0 0 0 0 0 0 0 0 0
12 22 13 0 0 0 0 0 0 0 0 0 0 0 0 0 0 0 0 0 0 0 0 0 0 0 0
12 22 14 0 0 0 0 0 0 0 0 0 0 0 0 0 0 0 0 0 0 0 0 0 0 0 0
12 22 15 0 0 0 0 0 0 0 0 0 0 0 0 0 0 0 0 0 0 0 0 0 0 0 0
12 22 16 0 0 0 0 0 0 0 0 0 0 0 0 0 0 0 0 0 0 0 0 0 0 0 0
12 22 17 0 0 0 0 0 0 0 0 0 0 0 0 0 0 0 0 0 0 0 0 0 0 0 0
12 22 18 0 0 0 0 0 0 0 0 0 0 0 0 0 0 0 0 0 0 0 0 0 0 0 0
12 22 19 0 0 0 0 0 0 0 0 0 0 0 0 0 0 0 0 0 0 0 0 0 0 0 0
12 22 20 0 0 0 0 0 0 0 0 0 0 0 0 0 0 0 0 0 0 0 0 0 0 0 0
12 22 21 0 0 0 0 0 0 0 0 0 0 0 0 0 0 0 0 0 0 0 0 0 0 0 0
12 22 22 0 0 0 0 0 0 0 0 0 0 0 0 0 0 0 0 0 0 0 0 0 0 0 0
12 22 23 0 0 0 0 0 0 0 0 0 0 0 0 0 0 0 0 0 0 0 0 0 0 0 0
12 22 24 0 0 0 0 0 0 0 0 0 0 0 0 0 0 0 0 0 0 0 0 0 0 0 0
12 22 25 0 0 0 0 0 0 0 0 0 0 0 0 0 0 0 0 0 0 0 0 0 0 0 0
12 22 26 0 0 0 0 0 0 0 0 0 0 0 0 0 0 0 0 0 0 0 0 0 0 0 0
12 22 27 0 0 0 0 0 0 0 0 0 0 0 0 0 0 0 0 0 0 0 0 0 0 0 0
12 22 28 0 0 0 0 0 0 0 0 0 0 0 0 0 0 0 0 0 0 0 0 0 0 0 0
12 22 29 0 0 0 0 0 0 0 0 0 0 0 0 0 0 0 0 0 0 0 0 0 0 0 0
12 22 30 0 0 0 0 0 0 0 0 0 0 0 0 0 0 0 0 0 0 0 0 0 0 0 0
12 22 31 0 0 0 0 0 0 0 0 0 0 0 0 0 0 0 0 0 0 0 0 0 0 0 0
12 23 0 0 0 0 0 0 0 0 0 0 0 0 0 0 0 0 0 0 0 0 0 0 0 0 0
12 23 1 0 0 0 0 0 0 0 0 0 0 0 0 0 0 0 0 0 0 0 0 0 0 0 0
12 23 2 0 0 0 0 0 0 0 0 0 0 0 0 0 0 0 0 0 0 0 0 0 0 0 0
12 23 3 0 0 0 0 0 0 0 0 0 0 0 0 0 0 0 0 0 0 0 0 0 0 0 0
12 23 4 0 0 0 0 0 0 0 0 0 0 0 0 0 0 0 0 0 0 0 0 0 0 0 0
12 23 5 0 0 0 0 0 0 0 0 0 0 0 0 0 0 0 0 0 0 0 0 0 0 0 0
12 23 6 0 0 0 0 0 0 0 0 0 0 0 0 0 0 0 0 0 0 0 0 0 0 0 0
12 23 7 0 0 0 0 0 0 0 0 0 0 0 0 0 0 0 0 0 0 0 0 0 0 0 0
12 23 8 0 0 0 0 0 0 0 0 0 0 0 0 0 0 0 0 0 0 0 0 0 0 0 0
12 23 9 0 0 0 0 0 0 0 0 0 0 0 0 0 0 0 0 0 0 0 0 0 0 0 0
12 23 10 0 0 0 0 0 0 0 0 0 0 0 0 0 0 0 0 0 0 0 0 0 0 0 0
12 23 11 0 0 0 0 0 0 0 0 0 0 0 0 0 0 0 0 0 0 0 0 0 0 0 0
12 23 12 0 0 0 0 0 0 0 0 0 0 0 0 0 0 0 0 0 0 0 0 0 0 0 0
12 23 13 0 0 0 0 0 0 0 0 0 0 0 0 0 0 0 0 0 0 0 0 0 0 0 0
12 23 14 0 0 0 0 0 0 0 0 0 0 0 0 0 0 0 0 0 0 0 0 0 0 0 0
12 23 15 0 0 0 0 0 0 0 0 0 0 0 0 0 0 0 0 0 0 0 0 0 0 0 0
12 23 16 0 0 0 0 0 0 0 0 0 0 0 0 0 0 0 0 0 0 0 0 0 0 0 0
12 23 17 0 0 0 0 0 0 0 0 0 0 0 0 0 0 0 0 0 0 0 0 0 0 0 0
12 23 18 0 0 0 0 0 0 0 0 0 0 0 0 0 0 0 0 0 0 0 0 0 0 0 0
12 23 19 0 0 0 0 0 0 0 0 0 0 0 0 0 0 0 0 0 0 0 0 0 0 0 0
12 23 20 0 0 0 0 0 0 0 0 0 0 0 0 0 0 0 0 0 0 0 0 0 0 0 0
12 23 21 0 0 0 0 0 0 0 0 0 0 0 0 0 0 0 0 0 0 0 0 0 0 0 0
12 23 22 0 0 0 0 0 0 0 0 0 0 0 0 0 0 0 0 0 0 0 0 0 0 0 0
12 23 23 0 0 0 0 0 0 0 0 0 0 0 0 0 0 0 0 0 0 0 0 0 0 0 0
12 23 24 0 0 0 0 0 0 0 0 0 0 0 0 0 0 0 0 0 0 0 0 0 0 0 0
12 23 25 0 0 0 0 0 0 0 0 0 0 0 0 0 0 0 0 0 0 0 0 0 0 0 0
12 23 26 0 0 0 0 0 0 0 0 0 0 0 0 0 0 0 0 0 0 0 0 0 0 0 0
12 23 27 0 0 0 0 0 0 0 0 0 0 0 0 0 0 0 0 0 0 0 0 0 0 0 0
12 23 28 0 0 0 0 0 0 0 0 0 0 0 0 0 0 0 0 0 0 0 0 0 0 0 0
12 23 29 0 0 0 0 0 0 0 0 0 0 0 0 0 0 0 0 0 0 0 0 0 0 0 0
12 23 30 0 0 0 0 0 0 0 0 0 0 0 0 0 0 0 0 0 0 0 0 0 0 0 0
12 23 31 0 0 0 0 0 0 0 0 0 0 0 0 0 0 0 0 0 0 0 0 0 0 0 0
12 24 0 0 0 0 0 0 0 0 0 0 0 0 0 0 0 0 0 0 0 0 0 0 0 0 0
12 24 1 0 0 0 0 0 0 0 0 0 0 0 0 0 0 0 0 0 0 0 0 0 0 0 0
12 24 2 0 0 0 0 0 0 0 0 0 0 0 0 0 0 0 0 0 0 0 0 0 0 0 0
12 24 3 0 0 0 0 0 0 0 0 0 0 0 0 0 0 0 0 0 0 0 0 0 0 0 0
12 24 4 0 0 0 0 0 0 0 0 0 0 0 0 0 0 0 0 0 0 0 0 0 0 0 0
12 24 5 0 0 0 0 0 0 0 0 0 0 0 0 0 0 0 0 0 0 0 0 0 0 0 0
12 24 6 0 0 0 0 0 0 0 0 0 0 0 0 0 0 0 0 0 0 0 0 0 0 0 0
12 24 7 0 0 0 0 0 0 0 0 0 0 0 0 0 0 0 0 0 0 0 0 0 0 0 0
12 24 8 0 0 0 0 0 0 0 0 0 0 0 0 0 0 0 0 0 0 0 0 0 0 0 0
12 24 9 0 0 0 0 0 0 0 0 0 0 0 0 0 0 0 0 0 0 0 0 0 0 0 0
12 24 10 0 0 0 0 0 0 0 0 0 0 0 0 0 0 0 0 0 0 0 0 0 0 0 0
12 24 11 0 0 0 0 0 0 0 0 0 0 0 0 0 0 0 0 0 0 0 0 0 0 0 0
12 24 12 0 0 0 0 0 0 0 0 0 0 0 0 0 0 0 0 0 0 0 0 0 0 0 0
12 24 13 0 0 0 0 0 0 0 0 0 0 0 0 0 0 0 0 0 0 0 0 0 0 0 0
12 24 14 0 0 0 0 0 0 0 0 0 0 0 0 0 0 0 0 0 0 0 0 0 0 0 0
12 24 15 0 0 0 0 0 0 0 0 0 0 0 0 0 0 0 0 0 0 0 0 0 0 0 0
12 24 16 0 0 0 0 0 0 0 0 0 0 0 0 0 0 0 0 0 0 0 0 0 0 0 0
12 24 17 0 0 0 0 0 0 0 0 0 0 0 0 0 0 0 0 0 0 0 0 0 0 0 0
12 24 18 0 0 0 0 0 0 0 0 0 0 0 0 0 0 0 0 0 0 0 0 0 0 0 0
12 24 19 0 0 0 0 0 0 0 0 0 0 0 0 0 0 0 0 0 0 0 0 0 0 0 0
12 24 20 0 0 0 0 0 0 0 0 0 0 0 0 0 0 0 0 0 0 0 0 0 0 0 0
12 24 21 0 0 0 0 0 0 0 0 0 0 0 0 0 0 0 0 0 0 0 0 0 0 0 0
12 24 22 0 0 0 0 0 0 0 0 0 0 0 0 0 0 0 0 0 0 0 0 0 0 0 0
12 24 23 0 0 0 0 0 0 0 0 0 0 0 0 0 0 0 0 0 0 0 0 0 0 0 0
12 24 24 0 0 0 0 0 0 0 0 0 0 0 0 0 0 0 0 0 0 0 0 0 0 0 0
12 24 25 0 0 0 0 0 0 0 0 0 0 0 0 0 0 0 0 0 0 0 0 0 0 0 0
12 24 26 0 0 0 0 0 0 0 0 0 0 0 0 0 0 0 0 0 0 0 0 0 0 0 0
12 24 27 0 0 0 0 0 0 0 0 0 0 0 0 0 0 0 0 0 0 0 0 0 0 0 0
12 24 28 0 0 0 0 0 0 0 0 0 0 0 0 0 0 0 0 0 0 0 0 0 0 0 0
12 24 29 0 0 0 0 0 0 0 0 0 0 0 0 0 0 0 0 0 0 0 0 0 0 0 0
12 24 30 0 0 0 0 0 0 0 0 0 0 0 0 0 0 0 0 0 0 0 0 0 0 0 0
12 24 31 0 0 0 0 0 0 0 0 0 0 0 0 0 0 0 0 0 0 0 0 0 0 0 0
12 25 0 0 0 0 0 0 0 0 0 0 0 0 0 0 0 0 0 0 0 0 0 0 0 0 0
12 25 1 0 0 0 0 0 0 0 0 0 0 0 0 0 0 0 0 0 0 0 0 0 0 0 0
12 25 2 0 0 0 0 0 0 0 0 0 0 0 0 0 0 0 0 0 0 0 0 0 0 0 0
12 25 3 0 0 0 0 0 0 0 0 0 0 0 0 0 0 0 0 0 0 0 0 0 0 0 0
12 25 4 0 0 0 0 0 0 0 0 0 0 0 0 0 0 0 0 0 0 0 0 0 0 0 0
12 25 5 0 0 0 0 0 0 0 0 0 0 0 0 0 0 0 0 0 0 0 0 0 0 0 0
12 25 6 0 0 0 0 0 0 0 0 0 0 0 0 0 0 0 0 0 0 0 0 0 0 0 0
12 25 7 0 0 0 0 0 0 0 0 0 0 0 0 0 0 0 0 0 0 0 0 0 0 0 0
12 25 8 0 0 0 0 0 0 0 0 0 0 0 0 0 0 0 0 0 0 0 0 0 0 0 0
12 25 9 0 0 0 0 0 0 0 0 0 0 0 0 0 0 0 0 0 0 0 0 0 0 0 0
12 25 10 0 0 0 0 0 0 0 0 0 0 0 0 0 0 0 0 0 0 0 0 0 0 0 0
12 25 11 0 0 0 0 0 0 0 0 0 0 0 0 0 0 0 0 0 0 0 0 0 0 0 0
12 25 12 0 0 0 0 0 0 0 0 0 0 0 0 0 0 0 0 0 0 0 0 0 0 0 0
12 25 13 0 0 0 0 0 0 0 0 0 0 0 0 0 0 0 0 0 0 0 0 0 0 0 0
12 25 14 0 0 0 0 0 0 0 0 0 0 0 0 0 0 0 0 0 0 0 0 0 0 0 0
12 25 15 0 0 0 0 0 0 0 0 0 0 0 0 0 0 0 0 0 0 0 0 0 0 0 0
12 25 16 0 0 0 0 0 0 0 0 0 0 0 0 0 0 0 0 0 0 0 0 0 0 0 0
12 25 17 0 0 0 0 0 0 0 0 0 0 0 0 0 0 0 0 0 0 0 0 0 0 0 0
12 25 18 0 0 0 0 0 0 0 0 0 0 0 0 0 0 0 0 0 0 0 0 0 0 0 0
12 25 19 0 0 0 0 0 0 0 0 0 0 0 0 0 0 0 0 0 0 0 0 0 0 0 0
12 25 20 0 0 0 0 0 0 0 0 0 0 0 0 0 0 0 0 0 0 0 0 0 0 0 0
12 25 21 0 0 0 0 0 0 0 0 0 0 0 0 0 0 0 0 0 0 0 0 0 0 0 0
12 25 22 0 0 0 0 0 0 0 0 0 0 0 0 0 0 0 0 0 0 0 0 0 0 0 0
12 25 23 0 0 0 0 0 0 0 0 0 0 0 0 0 0 0 0 0 0 0 0 0 0 0 0
12 25 24 0 0 0 0 0 0 0 0 0 0 0 0 0 0 0 0 0 0 0 0 0 0 0 0
12 25 25 0 0 0 0 0 0 0 0 0 0 0 0 0 0 0 0 0 0 0 0 0 0 0 0
12 25 26 0 0 0 0 0 0 0 0 0 0 0 0 0 0 0 0 0 0 0 0 0 0 0 0
12 25 27 0 0 0 0 0 0 0 0 0 0 0 0 0 0 0 0 0 0 0 0 0 0 0 0
12 25 28 0 0 0 0 0 0 0 0 0 0 0 0 0 0 0 0 0 0 0 0 0 0 0 0
12 25 29 0 0 0 0 0 0 0 0 0 0 0 0 0 0 0 0 0 0 0 0 0 0 0 0
12 25 30 0 0 0 0 0 0 0 0 0 0 0 0 0 0 0 0 0 0 0 0 0 0 0 0
12 25 31 0 0 0 0 0 0 0 0 0 0 0 0 0 0 0 0 0 0 0 0 0 0 0 0
12 26 0 0 0 0 0 0 0 0 0 0 0 0 0 0 0 0 0 0 0 0 0 0 0 0 0
12 26 1 0 0 0 0 0 0 0 0 0 0 0 0 0 0 0 0 0 0 0 0 0 0 0 0
12 26 2 0 0 0 0 0 0 0 0 0 0 0 0 0 0 0 0 0 0 0 0 0 0 0 0
12 26 3 0 0 0 0 0 0 0 0 0 0 0 0 0 0 0 0 0 0 0 0 0 0 0 0
12 26 4 0 0 0 0 0 0 0 0 0 0 0 0 0 0 0 0 0 0 0 0 0 0 0 0
12 26 5 0 0 0 0 0 0 0 0 0 0 0 0 0 0 0 0 0 0 0 0 0 0 0 0
12 26 6 0 0 0 0 0 0 0 0 0 0 0 0 0 0 0 0 0 0 0 0 0 0 0 0
12 26 7 0 0 0 0 0 0 0 0 0 0 0 0 0 0 0 0 0 0 0 0 0 0 0 0
12 26 8 0 0 0 0 0 0 0 0 0 0 0 0 0 0 0 0 0 0 0 0 0 0 0 0
12 26 9 0 0 0 0 0 0 0 0 0 0 0 0 0 0 0 0 0 0 0 0 0 0 0 0
12 26 10 0 0 0 0 0 0 0 0 0 0 0 0 0 0 0 0 0 0 0 0 0 0 0 0
12 26 11 0 0 0 0 0 0 0 0 0 0 0 0 0 0 0 0 0 0 0 0 0 0 0 0
12 26 12 0 0 0 0 0 0 0 0 0 0 0 0 0 0 0 0 0 0 0 0 0 0 0 0
12 26 13 0 0 0 0 0 0 0 0 0 0 0 0 0 0 0 0 0 0 0 0 0 0 0 0
12 26 14 0 0 0 0 0 0 0 0 0 0 0 0 0 0 0 0 0 0 0 0 0 0 0 0
12 26 15 0 0 0 0 0 0 0 0 0 0 0 0 0 0 0 0 0 0 0 0 0 0 0 0
12 26 16 0 0 0 0 0 0 0 0 0 0 0 0 0 0 0 0 0 0 0 0 0 0 0 0
12 26 17 0 0 0 0 0 0 0 0 0 0 0 0 0 0 0 0 0 0 0 0 0 0 0 0
12 26 18 0 0 0 0 0 0 0 0 0 0 0 0 0 0 0 0 0 0 0 0 0 0 0 0
12 26 19 0 0 0 0 0 0 0 0 0 0 0 0 0 0 0 0 0 0 0 0 0 0 0 0
12 26 20 0 0 0 0 0 0 0 0 0 0 0 0 0 0 0 0 0 0 0 0 0 0 0 0
12 26 21 0 0 0 0 0 0 0 0 0 0 0 0 0 0 0 0 0 0 0 0 0 0 0 0
12 26 22 0 0 0 0 0 0 0 0 0 0 0 0 0 0 0 0 0 0 0 0 0 0 0 0
12 26 23 0 0 0 0 0 0 0 0 0 0 0 0 0 0 0 0 0 0 0 0 0 0 0 0
12 26 24 0 0 0 0 0 0 0 0 0 0 0 0 0 0 0 0 0 0 0 0 0 0 0 0
12 26 25 0 0 0 0 0 0 0 0 0 0 0 0 0 0 0 0 0 0 0 0 0 0 0 0
12 26 26 0 0 0 0 0 0 0 0 0 0 0 0 0 0 0 0 0 0 0 0 0 0 0 0
12 26 27 0 0 0 0 0 0 0 0 0 0 0 0 0 0 0 0 0 0 0 0 0 0 0 0
12 26 28 0 0 0 0 0 0 0 0 0 0 0 0 0 0 0 0 0 0 0 0 0 0 0 0
12 26 29 0 0 0 0 0 0 0 0 0 0 0 0 0 0 0 0 0 0 0 0 0 0 0 0
12 26 30 0 0 0 0 0 0 0 0 0 0 0 0 0 0 0 0 0 0 0 0 0 0 0 0
12 26 31 0 0 0 0 0 0 0 0 0 0 0 0 0 0 0 0 0 0 0 0 0 0 0 0
12 27 0 0 0 0 0 0 0 0 0 0 0 0 0 0 0 0 0 0 0 0 0 0 0 0 0
12 27 1 0 0 0 0 0 0 0 0 0 0 0 0 0 0 0 0 0 0 0 0 0 0 0 0
12 27 2 0 0 0 0 0 0 0 0 0 0 0 0 0 0 0 0 0 0 0 0 0 0 0 0
12 27 3 0 0 0 0 0 0 0 0 0 0 0 0 0 0 0 0 0 0 0 0 0 0 0 0
12 27 4 0 0 0 0 0 0 0 0 0 0 0 0 0 0 0 0 0 0 0 0 0 0 0 0
12 27 5 0 0 0 0 0 0 0 0 0 0 0 0 0 0 0 0 0 0 0 0 0 0 0 0
12 27 6 0 0 0 0 0 0 0 0 0 0 0 0 0 0 0 0 0 0 0 0 0 0 0 0
12 27 7 0 0 0 0 0 0 0 0 0 0 0 0 0 0 0 0 0 0 0 0 0 0 0 0
12 27 8 0 0 0 0 0 0 0 0 0 0 0 0 0 0 0 0 0 0 0 0 0 0 0 0
12 27 9 0 0 0 0 0 0 0 0 0 0 0 0 0 0 0 0 0 0 0 0 0 0 0 0
12 27 10 0 0 0 0 0 0 0 0 0 0 0 0 0 0 0 0 0 0 0 0 0 0 0 0
12 27 11 0 0 0 0 0 0 0 0 0 0 0 0 0 0 0 0 0 0 0 0 0 0 0 0
12 27 12 0 0 0 0 0 0 0 0 0 0 0 0 0 0 0 0 0 0 0 0 0 0 0 0
12 27 13 0 0 0 0 0 0 0 0 0 0 0 0 0 0 0 0 0 0 0 0 0 0 0 0
12 27 14 0 0 0 0 0 0 0 0 0 0 0 0 0 0 0 0 0 0 0 0 0 0 0 0
12 27 15 0 0 0 0 0 0 0 0 0 0 0 0 0 0 0 0 0 0 0 0 0 0 0 0
12 27 16 0 0 0 0 0 0 0 0 0 0 0 0 0 0 0 0 0 0 0 0 0 0 0 0
12 27 17 0 0 0 0 0 0 0 0 0 0 0 0 0 0 0 0 0 0 0 0 0 0 0 0
12 27 18 0 0 0 0 0 0 0 0 0 0 0 0 0 0 0 0 0 0 0 0 0 0 0 0
12 27 19 0 0 0 0 0 0 0 0 0 0 0 0 0 0 0 0 0 0 0 0 0 0 0 0
12 27 20 0 0 0 0 0 0 0 0 0 0 0 0 0 0 0 0 0 0 0 0 0 0 0 0
12 27 21 0 0 0 0 0 0 0 0 0 0 0 0 0 0 0 0 0 0 0 0 0 0 0 0
12 27 22 0 0 0 0 0 0 0 0 0 0 0 0 0 0 0 0 0 0 0 0 0 0 0 0
12 27 23 0 0 0 0 0 0 0 0 0 0 0 0 0 0 0 0 0 0 0 0 0 0 0 0
12 27 24 0 0 0 0 0 0 0 0 0 0 0 0 0 0 0 0 0 0 0 0 0 0 0 0
12 27 25 0 0 0 0 0 0 0 0 0 0 0 0 0 0 0 0 0 0 0 0 0 0 0 0
12 27 26 0 0 0 0 0 0 0 0 0 0 0 0 0 0 0 0 0 0 0 0 0 0 0 0
12 27 27 0 0 0 0 0 0 0 0 0 0 0 0 0 0 0 0 0 0 0 0 0 0 0 0
12 27 28 0 0 0 0 0 0 0 0 0 0 0 0 0 0 0 0 0 0 0 0 0 0 0 0
12 27 29 0 0 0 0 0 0 0 0 0 0 0 0 0 0 0 0 0 0 0 0 0 0 0 0
12 27 30 0 0 0 0 0 0 0 0 0 0 0 0 0 0 0 0 0 0 0 0 0 0 0 0
12 27 31 0 0 0 0 0 0 0 0 0 0 0 0 0 0 0 0 0 0 0 0 0 0 0 0
12 28 0 0 0 0 0 0 0 0 0 0 0 0 0 0 0 0 0 0 0 0 0 0 0 0 0
12 28 1 0 0 0 0 0 0 0 0 0 0 0 0 0 0 0 0 0 0 0 0 0 0 0 0
12 28 2 0 0 0 0 0 0 0 0 0 0 0 0 0 0 0 0 0 0 0 0 0 0 0 0
12 28 3 0 0 0 0 0 0 0 0 0 0 0 0 0 0 0 0 0 0 0 0 0 0 0 0
12 28 4 0 0 0 0 0 0 0 0 0 0 0 0 0 0 0 0 0 0 0 0 0 0 0 0
12 28 5 0 0 0 0 0 0 0 0 0 0 0 0 0 0 0 0 0 0 0 0 0 0 0 0
12 28 6 0 0 0 0 0 0 0 0 0 0 0 0 0 0 0 0 0 0 0 0 0 0 0 0
12 28 7 0 0 0 0 0 0 0 0 0 0 0 0 0 0 0 0 0 0 0 0 0 0 0 0
12 28 8 0 0 0 0 0 0 0 0 0 0 0 0 0 0 0 0 0 0 0 0 0 0 0 0
12 28 9 0 0 0 0 0 0 0 0 0 0 0 0 0 0 0 0 0 0 0 0 0 0 0 0
12 28 10 0 0 0 0 0 0 0 0 0 0 0 0 0 0 0 0 0 0 0 0 0 0 0 0
12 28 11 0 0 0 0 0 0 0 0 0 0 0 0 0 0 0 0 0 0 0 0 0 0 0 0
12 28 12 0 0 0 0 0 0 0 0 0 0 0 0 0 0 0 0 0 0 0 0 0 0 0 0
12 28 13 0 0 0 0 0 0 0 0 0 0 0 0 0 0 0 0 0 0 0 0 0 0 0 0
12 28 14 0 0 0 0 0 0 0 0 0 0 0 0 0 0 0 0 0 0 0 0 0 0 0 0
12 28 15 0 0 0 0 0 0 0 0 0 0 0 0 0 0 0 0 0 0 0 0 0 0 0 0
12 28 16 0 0 0 0 0 0 0 0 0 0 0 0 0 0 0 0 0 0 0 0 0 0 0 0
12 28 17 0 0 0 0 0 0 0 0 0 0 0 0 0 0 0 0 0 0 0 0 0 0 0 0
12 28 18 0 0 0 0 0 0 0 0 0 0 0 0 0 0 0 0 0 0 0 0 0 0 0 0
12 28 19 0 0 0 0 0 0 0 0 0 0 0 0 0 0 0 0 0 0 0 0 0 0 0 0
12 28 20 0 0 0 0 0 0 0 0 0 0 0 0 0 0 0 0 0 0 0 0 0 0 0 0
12 28 21 0 0 0 0 0 0 0 0 0 0 0 0 0 0 0 0 0 0 0 0 0 0 0 0
12 28 22 0 0 0 0 0 0 0 0 0 0 0 0 0 0 0 0 0 0 0 0 0 0 0 0
12 28 23 0 0 0 0 0 0 0 0 0 0 0 0 0 0 0 0 0 0 0 0 0 0 0 0
12 28 24 0 0 0 0 0 0 0 0 0 0 0 0 0 0 0 0 0 0 0 0 0 0 0 0
12 28 25 0 0 0 0 0 0 0 0 0 0 0 0 0 0 0 0 0 0 0 0 0 0 0 0
12 28 26 0 0 0 0 0 0 0 0 0 0 0 0 0 0 0 0 0 0 0 0 0 0 0 0
12 28 27 0 0 0 0 0 0 0 0 0 0 0 0 0 0 0 0 0 0 0 0 0 0 0 0
12 28 28 0 0 0 0 0 0 0 0 0 0 0 0 0 0 0 0 0 0 0 0 0 0 0 0
12 28 29 0 0 0 0 0 0 0 0 0 0 0 0 0 0 0 0 0 0 0 0 0 0 0 0
12 28 30 0 0 0 0 0 0 0 0 0 0 0 0 0 0 0 0 0 0 0 0 0 0 0 0
12 28 31 0 0 0 0 0 0 0 0 0 0 0 0 0 0 0 0 0 0 0 0 0 0 0 0
12 29 0 0 0 0 0 0 0 0 0 0 0 0 0 0 0 0 0 0 0 0 0 0 0 0 0
12 29 1 0 0 0 0 0 0 0 0 0 0 0 0 0 0 0 0 0 0 0 0 0 0 0 0
12 29 2 0 0 0 0 0 0 0 0 0 0 0 0 0 0 0 0 0 0 0 0 0 0 0 0
12 29 3 0 0 0 0 0 0 0 0 0 0 0 0 0 0 0 0 0 0 0 0 0 0 0 0
12 29 4 0 0 0 0 0 0 0 0 0 0 0 0 0 0 0 0 0 0 0 0 0 0 0 0
12 29 5 0 0 0 0 0 0 0 0 0 0 0 0 0 0 0 0 0 0 0 0 0 0 0 0
12 29 6 0 0 0 0 0 0 0 0 0 0 0 0 0 0 0 0 0 0 0 0 0 0 0 0
12 29 7 0 0 0 0 0 0 0 0 0 0 0 0 0 0 0 0 0 0 0 0 0 0 0 0
12 29 8 0 0 0 0 0 0 0 0 0 0 0 0 0 0 0 0 0 0 0 0 0 0 0 0
12 29 9 0 0 0 0 0 0 0 0 0 0 0 0 0 0 0 0 0 0 0 0 0 0 0 0
12 29 10 0 0 0 0 0 0 0 0 0 0 0 0 0 0 0 0 0 0 0 0 0 0 0 0
12 29 11 0 0 0 0 0 0 0 0 0 0 0 0 0 0 0 0 0 0 0 0 0 0 0 0
12 29 12 0 0 0 0 0 0 0 0 0 0 0 0 0 0 0 0 0 0 0 0 0 0 0 0
12 29 13 0 0 0 0 0 0 0 0 0 0 0 0 0 0 0 0 0 0 0 0 0 0 0 0
12 29 14 0 0 0 0 0 0 0 0 0 0 0 0 0 0 0 0 0 0 0 0 0 0 0 0
12 29 15 0 0 0 0 0 0 0 0 0 0 0 0 0 0 0 0 0 0 0 0 0 0 0 0
12 29 16 0 0 0 0 0 0 0 0 0 0 0 0 0 0 0 0 0 0 0 0 0 0 0 0
12 29 17 0 0 0 0 0 0 0 0 0 0 0 0 0 0 0 0 0 0 0 0 0 0 0 0
12 29 18 0 0 0 0 0 0 0 0 0 0 0 0 0 0 0 0 0 0 0 0 0 0 0 0
12 29 19 0 0 0 0 0 0 0 0 0 0 0 0 0 0 0 0 0 0 0 0 0 0 0 0
12 29 20 0 0 0 0 0 0 0 0 0 0 0 0 0 0 0 0 0 0 0 0 0 0 0 0
12 29 21 0 0 0 0 0 0 0 0 0 0 0 0 0 0 0 0 0 0 0 0 0 0 0 0
12 29 22 0 0 0 0 0 0 0 0 0 0 0 0 0 0 0 0 0 0 0 0 0 0 0 0
12 29 23 0 0 0 0 0 0 0 0 0 0 0 0 0 0 0 0 0 0 0 0 0 0 0 0
12 29 24 0 0 0 0 0 0 0 0 0 0 0 0 0 0 0 0 0 0 0 0 0 0 0 0
12 29 25 0 0 0 0 0 0 0 0 0 0 0 0 0 0 0 0 0 0 0 0 0 0 0 0
12 29 26 0 0 0 0 0 0 0 0 0 0 0 0 0 0 0 0 0 0 0 0 0 0 0 0
12 29 27 0 0 0 0 0 0 0 0 0 0 0 0 0 0 0 0 0 0 0 0 0 0 0 0
12 29 28 0 0 0 0 0 0 0 0 0 0 0 0 0 0 0 0 0 0 0 0 0 0 0 0
12 29 29 0 0 0 0 0 0 0 0 0 0 0 0 0 0 0 0 0 0 0 0 0 0 0 0
12 29 30 0 0 0 0 0 0 0 0 0 0 0 0 0 0 0 0 0 0 0 0 0 0 0 0
12 29 31 0 0 0 0 0 0 0 0 0 0 0 0 0 0 0 0 0 0 0 0 0 0 0 0
12 30 0 0 0 0 0 0 0 0 0 0 0 0 0 0 0 0 0 0 0 0 0 0 0 0 0
12 30 1 0 0 0 0 0 0 0 0 0 0 0 0 0 0 0 0 0 0 0 0 0 0 0 0
12 30 2 0 0 0 0 0 0 0 0 0 0 0 0 0 0 0 0 0 0 0 0 0 0 0 0
12 30 3 0 0 0 0 0 0 0 0 0 0 0 0 0 0 0 0 0 0 0 0 0 0 0 0
12 30 4 0 0 0 0 0 0 0 0 0 0 0 0 0 0 0 0 0 0 0 0 0 0 0 0
12 30 5 0 0 0 0 0 0 0 0 0 0 0 0 0 0 0 0 0 0 0 0 0 0 0 0
12 30 6 0 0 0 0 0 0 0 0 0 0 0 0 0 0 0 0 0 0 0 0 0 0 0 0
12 30 7 0 0 0 0 0 0 0 0 0 0 0 0 0 0 0 0 0 0 0 0 0 0 0 0
12 30 8 0 0 0 0 0 0 0 0 0 0 0 0 0 0 0 0 0 0 0 0 0 0 0 0
12 30 9 0 0 0 0 0 0 0 0 0 0 0 0 0 0 0 0 0 0 0 0 0 0 0 0
12 30 10 0 0 0 0 0 0 0 0 0 0 0 0 0 0 0 0 0 0 0 0 0 0 0 0
12 30 11 0 0 0 0 0 0 0 0 0 0 0 0 0 0 0 0 0 0 0 0 0 0 0 0
12 30 12 0 0 0 0 0 0 0 0 0 0 0 0 0 0 0 0 0 0 0 0 0 0 0 0
12 30 13 0 0 0 0 0 0 0 0 0 0 0 0 0 0 0 0 0 0 0 0 0 0 0 0
12 30 14 0 0 0 0 0 0 0 0 0 0 0 0 0 0 0 0 0 0 0 0 0 0 0 0
12 30 15 0 0 0 0 0 0 0 0 0 0 0 0 0 0 0 0 0 0 0 0 0 0 0 0
12 30 16 0 0 0 0 0 0 0 0 0 0 0 0 0 0 0 0 0 0 0 0 0 0 0 0
12 30 17 0 0 0 0 0 0 0 0 0 0 0 0 0 0 0 0 0 0 0 0 0 0 0 0
12 30 18 0 0 0 0 0 0 0 0 0 0 0 0 0 0 0 0 0 0 0 0 0 0 0 0
12 30 19 0 0 0 0 0 0 0 0 0 0 0 0 0 0 0 0 0 0 0 0 0 0 0 0
12 30 20 0 0 0 0 0 0 0 0 0 0 0 0 0 0 0 0 0 0 0 0 0 0 0 0
12 30 21 0 0 0 0 0 0 0 0 0 0 0 0 0 0 0 0 0 0 0 0 0 0 0 0
12 30 22 0 0 0 0 0 0 0 0 0 0 0 0 0 0 0 0 0 0 0 0 0 0 0 0
12 30 23 0 0 0 0 0 0 0 0 0 0 0 0 0 0 0 0 0 0 0 0 0 0 0 0
12 30 24 0 0 0 0 0 0 0 0 0 0 0 0 0 0 0 0 0 0 0 0 0 0 0 0
12 30 25 0 0 0 0 0 0 0 0 0 0 0 0 0 0 0 0 0 0 0 0 0 0 0 0
12 30 26 0 0 0 0 0 0 0 0 0 0 0 0 0 0 0 0 0 0 0 0 0 0 0 0
12 30 27 0 0 0 0 0 0 0 0 0 0 0 0 0 0 0 0 0 0 0 0 0 0 0 0
12 30 28 0 0 0 0 0 0 0 0 0 0 0 0 0 0 0 0 0 0 0 0 0 0 0 0
12 30 29 0 0 0 0 0 0 0 0 0 0 0 0 0 0 0 0 0 0 0 0 0 0 0 0
12 30 30 0 0 0 0 0 0 0 0 0 0 0 0 0 0 0 0 0 0 0 0 0 0 0 0
12 30 31 0 0 0 0 0 0 0 0 0 0 0 0 0 0 0 0 0 0 0 0 0 0 0 0
12 31 0 0 0 0 0 0 0 0 0 0 0 0 0 0 0 0 0 0 0 0 0 0 0 0 0
12 31 1 0 0 0 0 0 0 0 0 0 0 0 0 0 0 0 0 0 0 0 0 0 0 0 0
12 31 2 0 0 0 0 0 0 0 0 0 0 0 0 0 0 0 0 0 0 0 0 0 0 0 0
12 31 3 0 0 0 0 0 0 0 0 0 0 0 0 0 0 0 0 0 0 0 0 0 0 0 0
12 31 4 0 0 0 0 0 0 0 0 0 0 0 0 0 0 0 0 0 0 0 0 0 0 0 0
12 31 5 0 0 0 0 0 0 0 0 0 0 0 0 0 0 0 0 0 0 0 0 0 0 0 0
12 31 6 0 0 0 0 0 0 0 0 0 0 0 0 0 0 0 0 0 0 0 0 0 0 0 0
12 31 7 0 0 0 0 0 0 0 0 0 0 0 0 0 0 0 0 0 0 0 0 0 0 0 0
12 31 8 0 0 0 0 0 0 0 0 0 0 0 0 0 0 0 0 0 0 0 0 0 0 0 0
12 31 9 0 0 0 0 0 0 0 0 0 0 0 0 0 0 0 0 0 0 0 0 0 0 0 0
12 31 10 0 0 0 0 0 0 0 0 0 0 0 0 0 0 0 0 0 0 0 0 0 0 0 0
12 31 11 0 0 0 0 0 0 0 0 0 0 0 0 0 0 0 0 0 0 0 0 0 0 0 0
12 31 12 0 0 0 0 0 0 0 0 0 0 0 0 0 0 0 0 0 0 0 0 0 0 0 0
12 31 13 0 0 0 0 0 0 0 0 0 0 0 0 0 0 0 0 0 0 0 0 0 0 0 0
12 31 14 0 0 0 0 0 0 0 0 0 0 0 0 0 0 0 0 0 0 0 0 0 0 0 0
12 31 15 0 0 0 0 0 0 0 0 0 0 0 0 0 0 0 0 0 0 0 0 0 0 0 0
12 31 16 0 0 0 0 0 0 0 0 0 0 0 0 0 0 0 0 0 0 0 0 0 0 0 0
12 31 17 0 0 0 0 0 0 0 0 0 0 0 0 0 0 0 0 0 0 0 0 0 0 0 0
12 31 18 0 0 0 0 0 0 0 0 0 0 0 0 0 0 0 0 0 0 0 0 0 0 0 0
12 31 19 0 0 0 0 0 0 0 0 0 0 0 0 0 0 0 0 0 0 0 0 0 0 0 0
12 31 20 0 0 0 0 0 0 0 0 0 0 0 0 0 0 0 0 0 0 0 0 0 0 0 0
12 31 21 0 0 0 0 0 0 0 0 0 0 0 0 0 0 0 0 0 0 0 0 0 0 0 0
12 31 22 0 0 0 0 0 0 0 0 0 0 0 0 0 0 0 0 0 0 0 0 0 0 0 0
12 31 23 0 0 0 0 0 0 0 0 0 0 0 0 0 0 0 0 0 0 0 0 0 0 0 0
12 31 24 0 0 0 0 0 0 0 0 0 0 0 0 0 0 0 0 0 0 0 0 0 0 0 0
12 31 25 0 0 0 0 0 0 0 0 0 0 0 0 0 0 0 0 0 0 0 0 0 0 0 0
12 31 26 0 0 0 0 0 0 0 0 0 0 0 0 0 0 0 0 0 0 0 0 0 0 0 0
12 31 27 0 0 0 0 0 0 0 0 0 0 0 0 0 0 0 0 0 0 0 0 0 0 0 0
12 31 28 0 0 0 0 0 0 0 0 0 0 0 0 0 0 0 0 0 0 0 0 0 0 0 0
12 31 29 0 0 0 0 0 0 0 0 0 0 0 0 0 0 0 0 0 0 0 0 0 0 0 0
12 31 30 0 0 0 0 0 0 0 0 0 0 0 0 0 0 0 0 0 0 0 0 0 0 0 0
12 31 31 0 0 0 0 0 0 0 0 0 0 0 0 0 0 0 0 0 0 0 0 0 0 0 0
13 0 0 1 0 0 1 1 325 0 0 0 0 0 0 0 0 0 0 0 0 0 0 0 0 0 0
13 0 1 1 0 0 1 2 325 1 0 1 1 0 325 0 0 0 0 0 0 0 0 0 0 0 0
13 0 2 0 0 0 0 0 0 1 0 1 1 1 325 0 0 0 0 0 0 0 0 0 0 0 0
13 0 3 1 0 2 1 0 326 1 0 1 1 2 325 0 0 0 0 0 0 0 0 0 0 0 0
13 0 4 1 0 2 1 1 326 0 0 0 0 0 0 0 0 0 0 0 0 0 0 0 0 0 0
13 0 5 1 0 2 1 2 326 1 0 3 1 0 326 0 0 0 0 0 0 0 0 0 0 0 0
13 0 6 0 0 0 0 0 0 1 0 3 1 1 326 0 0 0 0 0 0 0 0 0 0 0 0
13 0 7 1 0 4 1 0 327 1 0 3 1 2 326 0 0 0 0 0 0 0 0 0 0 0 0
13 0 8 1 0 4 1 1 327 0 0 0 0 0 0 0 0 0 0 0 0 0 0 0 0 0 0
13 0 9 1 0 4 1 2 327 1 0 5 1 0 327 0 0 0 0 0 0 0 0 0 0 0 0
13 0 10 0 0 0 0 0 0 1 0 5 1 1 327 0 0 0 0 0 0 0 0 0 0 0 0
13 0 11 1 0 6 1 0 328 1 0 5 1 2 327 0 0 0 0 0 0 0 0 0 0 0 0
13 0 12 1 0 6 1 1 328 0 0 0 0 0 0 0 0 0 0 0 0 0 0 0 0 0 0
13 0 13 1 0 6 1 2 328 1 0 7 1 0 328 0 0 0 0 0 0 0 0 0 0 0 0
13 0 14 0 0 0 0 0 0 1 0 7 1 1 328 0 0 0 0 0 0 0 0 0 0 0 0
13 0 15 1 0 8 1 0 329 1 0 7 1 2 328 0 0 0 0 0 0 0 0 0 0 0 0
13 0 16 1 0 8 1 1 329 0 0 0 0 0 0 0 0 0 0 0 0 0 0 0 0 0 0
13 0 17 1 0 8 1 2 329 0 0 0 0 0 0 0 0 0 0 0 0 0 0 0 0 0 0
13 0 18 0 0 0 0 0 0 0 0 0 0 0 0 0 0 0 0 0 0 0 0 0 0 0 0
13 0 19 0 0 0 0 0 0 0 0 0 0 0 0 0 0 0 0 0 0 0 0 0 0 0 0
13 0 20 0 0 0 0 0 0 0 0 0 0 0 0 0 0 0 0 0 0 0 0 0 0 0 0
13 0 21 0 0 0 0 0 0 0 0 0 0 0 0 0 0 0 0 0 0 0 0 0 0 0 0
13 0 22 0 0 0 0 0 0 0 0 0 0 0 0 0 0 0 0 0 0 0 0 0 0 0 0
13 0 23 0 0 0 0 0 0 0 0 0 0 0 0 0 0 0 0 0 0 0 0 0 0 0 0
13 0 24 0 0 0 0 0 0 0 0 0 0 0 0 0 0 0 0 0 0 0 0 0 0 0 0
13 0 25 0 0 0 0 0 0 0 0 0 0 0 0 0 0 0 0 0 0 0 0 0 0 0 0
13 0 26 0 0 0 0 0 0 0 0 0 0 0 0 0 0 0 0 0 0 0 0 0 0 0 0
13 0 27 0 0 0 0 0 0 0 0 0 0 0 0 0 0 0 0 0 0 0 0 0 0 0 0
13 0 28 0 0 0 0 0 0 0 0 0 0 0 0 0 0 0 0 0 0 0 0 0 0 0 0
13 0 29 0 0 0 0 0 0 0 0 0 0 0 0 0 0 0 0 0 0 0 0 0 0 0 0
13 0 30 0 0 0 0 0 0 0 0 0 0 0 0 0 0 0 0 0 0 0 0 0 0 0 0
13 0 31 0 0 0 0 0 0 0 0 0 0 0 0 0 0 0 0 0 0 0 0 0 0 0 0
13 1 0 1 0 0 2 1 325 0 0 0 0 0 0 1 1 0 0 1 325 0 0 0 0 0 0
13 1 1 1 0 0 2 2 325 1 0 1 2 0 325 1 1 0 0 2 325 1 1 1 0 0 325
13 1 2 0 0 0 0 0 0 1 0 1 2 1 325 0 0 0 0 0 0 1 1 1 0 1 325
13 1 3 1 0 2 2 0 326 1 0 1 2 2 325 1 1 2 0 0 326 1 1 1 0 2 325
13 1 4 1 0 2 2 1 326 0 0 0 0 0 0 1 1 2 0 1 326 0 0 0 0 0 0
13 1 5 1 0 2 2 2 326 1 0 3 2 0 326 1 1 2 0 2 326 1 1 3 0 0 326
13 1 6 0 0 0 0 0 0 1 0 3 2 1 326 0 0 0 0 0 0 1 1 3 0 1 326
13 1 7 1 0 4 2 0 327 1 0 3 2 2 326 1 1 4 0 0 327 1 1 3 0 2 326
13 1 8 1 0 4 2 1 327 0 0 0 0 0 0 1 1 4 0 1 327 0 0 0 0 0 0
13 1 9 1 0 4 2 2 327 1 0 5 2 0 327 1 1 4 0 2 327 1 1 5 0 0 327
13 1 10 0 0 0 0 0 0 1 0 5 2 1 327 0 0 0 0 0 0 1 1 5 0 1 327
13 1 11 1 0 6 2 0 328 1 0 5 2 2 327 1 1 6 0 0 328 1 1 5 0 2 327
13 1 12 1 0 6 2 1 328 0 0 0 0 0 0 1 1 6 0 1 328 0 0 0 0 0 0
13 1 13 1 0 6 2 2 328 1 0 7 2 0 328 1 1 6 0 2 328 1 1 7 0 0 328
13 1 14 0 0 0 0 0 0 1 0 7 2 1 328 0 0 0 0 0 0 1 1 7 0 1 328
13 1 15 1 0 8 2 0 329 1 0 7 2 2 328 1 1 8 0 0 329 1 1 7 0 2 328
13 1 16 1 0 8 2 1 329 0 0 0 0 0 0 1 1 8 0 1 329 0 0 0 0 0 0
13 1 17 1 0 8 2 2 329 0 0 0 0 0 0 1 1 8 0 2 329 0 0 0 0 0 0
13 1 18 0 0 0 0 0 0 0 0 0 0 0 0 0 0 0 0 0 0 0 0 0 0 0 0
13 1 19 0 0 0 0 0 0 0 0 0 0 0 0 0 0 0 0 0 0 0 0 0 0 0 0
13 1 20 0 0 0 0 0 0 0 0 0 0 0 0 0 0 0 0 0 0 0 0 0 0 0 0
13 1 21 0 0 0 0 0 0 0 0 0 0 0 0 0 0 0 0 0 0 0 0 0 0 0 0
13 1 22 0 0 0 0 0 0 0 0 0 0 0 0 0 0 0 0 0 0 0 0 0 0 0 0
13 1 23 0 0 0 0 0 0 0 0 0 0 0 0 0 0 0 0 0 0 0 0 0 0 0 0
13 1 24 0 0 0 0 0 0 0 0 0 0 0 0 0 0 0 0 0 0 0 0 0 0 0 0
13 1 25 0 0 0 0 0 0 0 0 0 0 0 0 0 0 0 0 0 0 0 0 0 0 0 0
13 1 26 0 0 0 0 0 0 0 0 0 0 0 0 0 0 0 0 0 0 0 0 0 0 0 0
13 1 27 0 0 0 0 0 0 0 0 0 0 0 0 0 0 0 0 0 0 0 0 0 0 0 0
13 1 28 0 0 0 0 0 0 0 0 0 0 0 0 0 0 0 0 0 0 0 0 0 0 0 0
13 1 29 0 0 0 0 0 0 0 0 0 0 0 0 0 0 0 0 0 0 0 0 0 0 0 0
13 1 30 0 0 0 0 0 0 0 0 0 0 0 0 0 0 0 0 0 0 0 0 0 0 0 0
13 1 31 0 0 0 0 0 0 0 0 0 0 0 0 0 0 0 0 0 0 0 0 0 0 0 0
13 2 0 0 0 0 0 0 0 0 0 0 0 0 0 1 1 0 1 1 325 0 0 0 0 0 0
13 2 1 0 0 0 0 0 0 0 0 0 0 0 0 1 1 0 1 2 325 1 1 1 1 0 325
13 2 2 0 0 0 0 0 0 0 0 0 0 0 0 0 0 0 0 0 0 1 1 1 1 1 325
13 2 3 0 0 0 0 0 0 0 0 0 0 0 0 1 1 2 1 0 326 1 1 1 1 2 325
13 2 4 0 0 0 0 0 0 0 0 0 0 0 0 1 1 2 1 1 326 0 0 0 0 0 0
13 2 5 0 0 0 0 0 0 0 0 0 0 0 0 1 1 2 1 2 326 1 1 3 1 0 326
13 2 6 0 0 0 0 0 0 0 0 0 0 0 0 0 0 0 0 0 0 1 1 3 1 1 326
13 2 7 0 0 0 0 0 0 0 0 0 0 0 0 1 1 4 1 0 327 1 1 3 1 2 326
13 2 8 0 0 0 0 0 0 0 0 0 0 0 0 1 1 4 1 1 327 0 0 0 0 0 0
13 2 9 0 0 0 0 0 0 0 0 0 0 0 0 1 1 4 1 2 327 1 1 5 1 0 327
13 2 10 0 0 0 0 0 0 0 0 0 0 0 0 0 0 0 0 0 0 1 1 5 1 1 327
13 2 11 0 0 0 0 0 0 0 0 0 0 0 0 1 1 6 1 0 328 1 1 5 1 2 327
13 2 12 0 0 0 0 0 0 0 0 0 0 0 0 1 1 6 1 1 328 0 0 0 0 0 0
13 2 13 0 0 0 0 0 0 0 0 0 0 0 0 1 1 6 1 2 328 1 1 7 1 0 328
13 2 14 0 0 0 0 0 0 0 0 0 0 0 0 0 0 0 0 0 0 1 1 7 1 1 328
13 2 15 0 0 0 0 0 0 0 0 0 0 0 0 1 1 8 1 0 329 1 1 7 1 2 328
13 2 16 0 0 0 0 0 0 0 0 0 0 0 0 1 1 8 1 1 329 0 0 0 0 0 0
13 2 17 0 0 0 0 0 0 0 0 0 0 0 0 1 1 8 1 2 329 0 0 0 0 0 0
13 2 18 0 0 0 0 0 0 0 0 0 0 0 0 0 0 0 0 0 0 0 0 0 0 0 0
13 2 19 0 0 0 0 0 0 0 0 0 0 0 0 0 0 0 0 0 0 0 0 0 0 0 0
13 2 20 0 0 0 0 0 0 0 0 0 0 0 0 0 0 0 0 0 0 0 0 0 0 0 0
13 2 21 0 0 0 0 0 0 0 0 0 0 0 0 0 0 0 0 0 0 0 0 0 0 0 0
13 2 22 0 0 0 0 0 0 0 0 0 0 0 0 0 0 0 0 0 0 0 0 0 0 0 0
13 2 23 0 0 0 0 0 0 0 0 0 0 0 0 0 0 0 0 0 0 0 0 0 0 0 0
13 2 24 0 0 0 0 0 0 0 0 0 0 0 0 0 0 0 0 0 0 0 0 0 0 0 0
13 2 25 0 0 0 0 0 0 0 0 0 0 0 0 0 0 0 0 0 0 0 0 0 0 0 0
13 2 26 0 0 0 0 0 0 0 0 0 0 0 0 0 0 0 0 0 0 0 0 0 0 0 0
13 2 27 0 0 0 0 0 0 0 0 0 0 0 0 0 0 0 0 0 0 0 0 0 0 0 0
13 2 28 0 0 0 0 0 0 0 0 0 0 0 0 0 0 0 0 0 0 0 0 0 0 0 0
13 2 29 0 0 0 0 0 0 0 0 0 0 0 0 0 0 0 0 0 0 0 0 0 0 0 0
13 2 30 0 0 0 0 0 0 0 0 0 0 0 0 0 0 0 0 0 0 0 0 0 0 0 0
13 2 31 0 0 0 0 0 0 0 0 0 0 0 0 0 0 0 0 0 0 0 0 0 0 0 0
13 3 0 1 2 0 0 1 330 0 0 0 0 0 0 1 1 0 2 1 325 0 0 0 0 0 0
13 3 1 1 2 0 0 2 330 1 2 1 0 0 330 1 1 0 2 2 325 1 1 1 2 0 325
13 3 2 0 0 0 0 0 0 1 2 1 0 1 330 0 0 0 0 0 0 1 1 1 2 1 325
13 3 3 1 2 2 0 0 331 1 2 1 0 2 330 1 1 2 2 0 326 1 1 1 2 2 325
13 3 4 1 2 2 0 1 331 0 0 0 0 0 0 1 1 2 2 1 326 0 0 0 0 0 0
13 3 5 1 2 2 0 2 331 1 2 3 0 0 331 1 1 2 2 2 326 1 1 3 2 0 326
13 3 6 0 0 0 0 0 0 1 2 3 0 1 331 0 0 0 0 0 0 1 1 3 2 1 326
13 3 7 1 2 4 0 0 332 1 2 3 0 2 331 1 1 4 2 0 327 1 1 3 2 2 326
13 3 8 1 2 4 0 1 332 0 0 0 0 0 0 1 1 4 2 1 327 0 0 0 0 0 0
13 3 9 1 2 4 0 2 332 1 2 5 0 0 332 1 1 4 2 2 327 1 1 5 2 0 327
13 3 10 0 0 0 0 0 0 1 2 5 0 1 332 0 0 0 0 0 0 1 1 5 2 1 327
13 3 11 1 2 6 0 0 333 1 2 5 0 2 332 1 1 6 2 0 328 1 1 5 2 2 327
13 3 12 1 2 6 0 1 333 0 0 0 0 0 0 1 1 6 2 1 328 0 0 0 0 0 0
13 3 13 1 2 6 0 2 333 1 2 7 0 0 333 1 1 6 2 2 328 1 1 7 2 0 328
13 3 14 0 0 0 0 0 0 1 2 7 0 1 333 0 0 0 0 0 0 1 1 7 2 1 328
13 3 15 1 2 8 0 0 334 1 2 7 0 2 333 1 1 8 2 0 329 1 1 7 2 2 328
13 3 16 1 2 8 0 1 334 0 0 0 0 0 0 1 1 8 2 1 329 0 0 0 0 0 0
13 3 17 1 2 8 0 2 334 0 0 0 0 0 0 1 1 8 2 2 329 0 0 0 0 0 0
13 3 18 0 0 0 0 0 0 0 0 0 0 0 0 0 0 0 0 0 0 0 0 0 0 0 0
13 3 19 0 0 0 0 0 0 0 0 0 0 0 0 0 0 0 0 0 0 0 0 0 0 0 0
13 3 20 0 0 0 0 0 0 0 0 0 0 0 0 0 0 0 0 0 0 0 0 0 0 0 0
13 3 21 0 0 0 0 0 0 0 0 0 0 0 0 0 0 0 0 0 0 0 0 0 0 0 0
13 3 22 0 0 0 0 0 0 0 0 0 0 0 0 0 0 0 0 0 0 0 0 0 0 0 0
13 3 23 0 0 0 0 0 0 0 0 0 0 0 0 0 0 0 0 0 0 0 0 0 0 0 0
13 3 24 0 0 0 0 0 0 0 0 0 0 0 0 0 0 0 0 0 0 0 0 0 0 0 0
13 3 25 0 0 0 0 0 0 0 0 0 0 0 0 0 0 0 0 0 0 0 0 0 0 0 0
13 3 26 0 0 0 0 0 0 0 0 0 0 0 0 0 0 0 0 0 0 0 0 0 0 0 0
13 3 27 0 0 0 0 0 0 0 0 0 0 0 0 0 0 0 0 0 0 0 0 0 0 0 0
13 3 28 0 0 0 0 0 0 0 0 0 0 0 0 0 0 0 0 0 0 0 0 0 0 0 0
13 3 29 0 0 0 0 0 0 0 0 0 0 0 0 0 0 0 0 0 0 0 0 0 0 0 0
13 3 30 0 0 0 0 0 0 0 0 0 0 0 0 0 0 0 0 0 0 0 0 0 0 0 0
13 3 31 0 0 0 0 0 0 0 0 0 0 0 0 0 0 0 0 0 0 0 0 0 0 0 0
13 4 0 1 2 0 1 1 330 0 0 0 0 0 0 0 0 0 0 0 0 0 0 0 0 0 0
13 4 1 1 2 0 1 2 330 1 2 1 1 0 330 0 0 0 0 0 0 0 0 0 0 0 0
13 4 2 0 0 0 0 0 0 1 2 1 1 1 330 0 0 0 0 0 0 0 0 0 0 0 0
13 4 3 1 2 2 1 0 331 1 2 1 1 2 330 0 0 0 0 0 0 0 0 0 0 0 0
13 4 4 1 2 2 1 1 331 0 0 0 0 0 0 0 0 0 0 0 0 0 0 0 0 0 0
13 4 5 1 2 2 1 2 331 1 2 3 1 0 331 0 0 0 0 0 0 0 0 0 0 0 0
13 4 6 0 0 0 0 0 0 1 2 3 1 1 331 0 0 0 0 0 0 0 0 0 0 0 0
13 4 7 1 2 4 1 0 332 1 2 3 1 2 331 0 0 0 0 0 0 0 0 0 0 0 0
13 4 8 1 2 4 1 1 332 0 0 0 0 0 0 0 0 0 0 0 0 0 0 0 0 0 0
13 4 9 1 2 4 1 2 332 1 2 5 1 0 332 0 0 0 0 0 0 0 0 0 0 0 0
13 4 10 0 0 0 0 0 0 1 2 5 1 1 332 0 0 0 0 0 0 0 0 0 0 0 0
13 4 11 1 2 6 1 0 333 1 2 5 1 2 332 0 0 0 0 0 0 0 0 0 0 0 0
13 4 12 1 2 6 1 1 333 0 0 0 0 0 0 0 0 0 0 0 0 0 0 0 0 0 0
13 4 13 1 2 6 1 2 333 1 2 7 1 0 333 0 0 0 0 0 0 0 0 0 0 0 0
13 4 14 0 0 0 0 0 0 1 2 7 1 1 333 0 0 0 0 0 0 0 0 0 0 0 0
13 4 15 1 2 8 1 0 334 1 2 7 1 2 333 0 0 0 0 0 0 0 0 0 0 0 0
13 4 16 1 2 8 1 1 334 0 0 0 0 0 0 0 0 0 0 0 0 0 0 0 0 0 0
13 4 17 1 2 8 1 2 334 0 0 0 0 0 0 0 0 0 0 0 0 0 0 0 0 0 0
13 4 18 0 0 0 0 0 0 0 0 0 0 0 0 0 0 0 0 0 0 0 0 0 0 0 0
13 4 19 0 0 0 0 0 0 0 0 0 0 0 0 0 0 0 0 0 0 0 0 0 0 0 0
13 4 20 0 0 0 0 0 0 0 0 0 0 0 0 0 0 0 0 0 0 0 0 0 0 0 0
13 4 21 0 0 0 0 0 0 0 0 0 0 0 0 0 0 0 0 0 0 0 0 0 0 0 0
13 4 22 0 0 0 0 0 0 0 0 0 0 0 0 0 0 0 0 0 0 0 0 0 0 0 0
13 4 23 0 0 0 0 0 0 0 0 0 0 0 0 0 0 0 0 0 0 0 0 0 0 0 0
13 4 24 0 0 0 0 0 0 0 0 0 0 0 0 0 0 0 0 0 0 0 0 0 0 0 0
13 4 25 0 0 0 0 0 0 0 0 0 0 0 0 0 0 0 0 0 0 0 0 0 0 0 0
13 4 26 0 0 0 0 0 0 0 0 0 0 0 0 0 0 0 0 0 0 0 0 0 0 0 0
13 4 27 0 0 0 0 0 0 0 0 0 0 0 0 0 0 0 0 0 0 0 0 0 0 0 0
13 4 28 0 0 0 0 0 0 0 0 0 0 0 0 0 0 0 0 0 0 0 0 0 0 0 0
13 4 29 0 0 0 0 0 0 0 0 0 0 0 0 0 0 0 0 0 0 0 0 0 0 0 0
13 4 30 0 0 0 0 0 0 0 0 0 0 0 0 0 0 0 0 0 0 0 0 0 0 0 0
13 4 31 0 0 0 0 0 0 0 0 0 0 0 0 0 0 0 0 0 0 0 0 0 0 0 0
13 5 0 1 2 0 2 1 330 0 0 0 0 0 0 1 3 0 0 1 330 0 0 0 0 0 0
13 5 1 1 2 0 2 2 330 1 2 1 2 0 330 1 3 0 0 2 330 1 3 1 0 0 330
13 5 2 0 0 0 0 0 0 1 2 1 2 1 330 0 0 0 0 0 0 1 3 1 0 1 330
13 5 3 1 2 2 2 0 331 1 2 1 2 2 330 1 3 2 0 0 331 1 3 1 0 2 330
13 5 4 1 2 2 2 1 331 0 0 0 0 0 0 1 3 2 0 1 331 0 0 0 0 0 0
13 5 5 1 2 2 2 2 331 1 2 3 2 0 331 1 3 2 0 2 331 1 3 3 0 0 331
13 5 6 0 0 0 0 0 0 1 2 3 2 1 331 0 0 0 0 0 0 1 3 3 0 1 331
13 5 7 1 2 4 2 0 332 1 2 3 2 2 331 1 3 4 0 0 332 1 3 3 0 2 331
13 5 8 1 2 4 2 1 332 0 0 0 0 0 0 1 3 4 0 1 332 0 0 0 0 0 0
13 5 9 1 2 4 2 2 332 1 2 5 2 0 332 1 3 4 0 2 332 1 3 5 0 0 332
13 5 10 0 0 0 0 0 0 1 2 5 2 1 332 0 0 0 0 0 0 1 3 5 0 1 332
13 5 11 1 2 6 2 0 333 1 2 5 2 2 332 1 3 6 0 0 333 1 3 5 0 2 332
13 5 12 1 2 6 2 1 333 0 0 0 0 0 0 1 3 6 0 1 333 0 0 0 0 0 0
13 5 13 1 2 6 2 2 333 1 2 7 2 0 333 1 3 6 0 2 333 1 3 7 0 0 333
13 5 14 0 0 0 0 0 0 1 2 7 2 1 333 0 0 0 0 0 0 1 3 7 0 1 333
13 5 15 1 2 8 2 0 334 1 2 7 2 2 333 1 3 8 0 0 334 1 3 7 0 2 333
13 5 16 1 2 8 2 1 334 0 0 0 0 0 0 1 3 8 0 1 334 0 0 0 0 0 0
13 5 17 1 2 8 2 2 334 0 0 0 0 0 0 1 3 8 0 2 334 0 0 0 0 0 0
13 5 18 0 0 0 0 0 0 0 0 0 0 0 0 0 0 0 0 0 0 0 0 0 0 0 0
13 5 19 0 0 0 0 0 0 0 0 0 0 0 0 0 0 0 0 0 0 0 0 0 0 0 0
13 5 20 0 0 0 0 0 0 0 0 0 0 0 0 0 0 0 0 0 0 0 0 0 0 0 0
13 5 21 0 0 0 0 0 0 0 0 0 0 0 0 0 0 0 0 0 0 0 0 0 0 0 0
13 5 22 0 0 0 0 0 0 0 0 0 0 0 0 0 0 0 0 0 0 0 0 0 0 0 0
13 5 23 0 0 0 0 0 0 0 0 0 0 0 0 0 0 0 0 0 0 0 0 0 0 0 0
13 5 24 0 0 0 0 0 0 0 0 0 0 0 0 0 0 0 0 0 0 0 0 0 0 0 0
13 5 25 0 0 0 0 0 0 0 0 0 0 0 0 0 0 0 0 0 0 0 0 0 0 0 0
13 5 26 0 0 0 0 0 0 0 0 0 0 0 0 0 0 0 0 0 0 0 0 0 0 0 0
13 5 27 0 0 0 0 0 0 0 0 0 0 0 0 0 0 0 0 0 0 0 0 0 0 0 0
13 5 28 0 0 0 0 0 0 0 0 0 0 0 0 0 0 0 0 0 0 0 0 0 0 0 0
13 5 29 0 0 0 0 0 0 0 0 0 0 0 0 0 0 0 0 0 0 0 0 0 0 0 0
13 5 30 0 0 0 0 0 0 0 0 0 0 0 0 0 0 0 0 0 0 0 0 0 0 0 0
13 5 31 0 0 0 0 0 0 0 0 0 0 0 0 0 0 0 0 0 0 0 0 0 0 0 0
13 6 0 0 0 0 0 0 0 0 0 0 0 0 0 1 3 0 1 1 330 0 0 0 0 0 0
13 6 1 0 0 0 0 0 0 0 0 0 0 0 0 1 3 0 1 2 330 1 3 1 1 0 330
13 6 2 0 0 0 0 0 0 0 0 0 0 0 0 0 0 0 0 0 0 1 3 1 1 1 330
13 6 3 0 0 0 0 0 0 0 0 0 0 0 0 1 3 2 1 0 331 1 3 1 1 2 330
13 6 4 0 0 0 0 0 0 0 0 0 0 0 0 1 3 2 1 1 331 0 0 0 0 0 0
13 6 5 0 0 0 0 0 0 0 0 0 0 0 0 1 3 2 1 2 331 1 3 3 1 0 331
13 6 6 0 0 0 0 0 0 0 0 0 0 0 0 0 0 0 0 0 0 1 3 3 1 1 331
13 6 7 0 0 0 0 0 0 0 0 0 0 0 0 1 3 4 1 0 332 1 3 3 1 2 331
13 6 8 0 0 0 0 0 0 0 0 0 0 0 0 1 3 4 1 1 332 0 0 0 0 0 0
13 6 9 0 0 0 0 0 0 0 0 0 0 0 0 1 3 4 1 2 332 1 3 5 1 0 332
13 6 10 0 0 0 0 0 0 0 0 0 0 0 0 0 0 0 0 0 0 1 3 5 1 1 332
13 6 11 0 0 0 0 0 0 0 0 0 0 0 0 1 3 6 1 0 333 1 3 5 1 2 332
13 6 12 0 0 0 0 0 0 0 0 0 0 0 0 1 3 6 1 1 333 0 0 0 0 0 0
13 6 13 0 0 0 0 0 0 0 0 0 0 0 0 1 3 6 1 2 333 1 3 7 1 0 333
13 6 14 0 0 0 0 0 0 0 0 0 0 0 0 0 0 0 0 0 0 1 3 7 1 1 333
13 6 15 0 0 0 0 0 0 0 0 0 0 0 0 1 3 8 1 0 334 1 3 7 1 2 333
13 6 16 0 0 0 0 0 0 0 0 0 0 0 0 1 3 8 1 1 334 0 0 0 0 0 0
13 6 17 0 0 0 0 0 0 0 0 0 0 0 0 1 3 8 1 2 334 0 0 0 0 0 0
13 6 18 0 0 0 0 0 0 0 0 0 0 0 0 0 0 0 0 0 0 0 0 0 0 0 0
13 6 19 0 0 0 0 0 0 0 0 0 0 0 0 0 0 0 0 0 0 0 0 0 0 0 0
13 6 20 0 0 0 0 0 0 0 0 0 0 0 0 0 0 0 0 0 0 0 0 0 0 0 0
13 6 21 0 0 0 0 0 0 0 0 0 0 0 0 0 0 0 0 0 0 0 0 0 0 0 0
13 6 22 0 0 0 0 0 0 0 0 0 0 0 0 0 0 0 0 0 0 0 0 0 0 0 0
13 6 23 0 0 0 0 0 0 0 0 0 0 0 0 0 0 0 0 0 0 0 0 0 0 0 0
13 6 24 0 0 0 0 0 0 0 0 0 0 0 0 0 0 0 0 0 0 0 0 0 0 0 0
13 6 25 0 0 0 0 0 0 0 0 0 0 0 0 0 0 0 0 0 0 0 0 0 0 0 0
13 6 26 0 0 0 0 0 0 0 0 0 0 0 0 0 0 0 0 0 0 0 0 0 0 0 0
13 6 27 0 0 0 0 0 0 0 0 0 0 0 0 0 0 0 0 0 0 0 0 0 0 0 0
13 6 28 0 0 0 0 0 0 0 0 0 0 0 0 0 0 0 0 0 0 0 0 0 0 0 0
13 6 29 0 0 0 0 0 0 0 0 0 0 0 0 0 0 0 0 0 0 0 0 0 0 0 0
13 6 30 0 0 0 0 0 0 0 0 0 0 0 0 0 0 0 0 0 0 0 0 0 0 0 0
13 6 31 0 0 0 0 0 0 0 0 0 0 0 0 0 0 0 0 0 0 0 0 0 0 0 0
13 7 0 1 4 0 0 1 335 0 0 0 0 0 0 1 3 0 2 1 330 0 0 0 0 0 0
13 7 1 1 4 0 0 2 335 1 4 1 0 0 335 1 3 0 2 2 330 1 3 1 2 0 330
13 7 2 0 0 0 0 0 0 1 4 1 0 1 335 0 0 0 0 0 0 1 3 1 2 1 330
13 7 3 1 4 2 0 0 336 1 4 1 0 2 335 1 3 2 2 0 331 1 3 1 2 2 330
13 7 4 1 4 2 0 1 336 0 0 0 0 0 0 1 3 2 2 1 331 0 0 0 0 0 0
13 7 5 1 4 2 0 2 336 1 4 3 0 0 336 1 3 2 2 2 331 1 3 3 2 0 331
13 7 6 0 0 0 0 0 0 1 4 3 0 1 336 0 0 0 0 0 0 1 3 3 2 1 331
13 7 7 1 4 4 0 0 337 1 4 3 0 2 336 1 3 4 2 0 332 1 3 3 2 2 331
13 7 8 1 4 4 0 1 337 0 0 0 0 0 0 1 3 4 2 1 332 0 0 0 0 0 0
13 7 9 1 4 4 0 2 337 1 4 5 0 0 337 1 3 4 2 2 332 1 3 5 2 0 332
13 7 10 0 0 0 0 0 0 1 4 5 0 1 337 0 0 0 0 0 0 1 3 5 2 1 332
13 7 11 1 4 6 0 0 338 1 4 5 0 2 337 1 3 6 2 0 333 1 3 5 2 2 332
13 7 12 1 4 6 0 1 338 0 0 0 0 0 0 1 3 6 2 1 333 0 0 0 0 0 0
13 7 13 1 4 6 0 2 338 1 4 7 0 0 338 1 3 6 2 2 333 1 3 7 2 0 333
13 7 14 0 0 0 0 0 0 1 4 7 0 1 338 0 0 0 0 0 0 1 3 7 2 1 333
13 7 15 1 4 8 0 0 339 1 4 7 0 2 338 1 3 8 2 0 334 1 3 7 2 2 333
13 7 16 1 4 8 0 1 339 0 0 0 0 0 0 1 3 8 2 1 334 0 0 0 0 0 0
13 7 17 1 4 8 0 2 339 0 0 0 0 0 0 1 3 8 2 2 334 0 0 0 0 0 0
13 7 18 0 0 0 0 0 0 0 0 0 0 0 0 0 0 0 0 0 0 0 0 0 0 0 0
13 7 19 0 0 0 0 0 0 0 0 0 0 0 0 0 0 0 0 0 0 0 0 0 0 0 0
13 7 20 0 0 0 0 0 0 0 0 0 0 0 0 0 0 0 0 0 0 0 0 0 0 0 0
13 7 21 0 0 0 0 0 0 0 0 0 0 0 0 0 0 0 0 0 0 0 0 0 0 0 0
13 7 22 0 0 0 0 0 0 0 0 0 0 0 0 0 0 0 0 0 0 0 0 0 0 0 0
13 7 23 0 0 0 0 0 0 0 0 0 0 0 0 0 0 0 0 0 0 0 0 0 0 0 0
13 7 24 0 0 0 0 0 0 0 0 0 0 0 0 0 0 0 0 0 0 0 0 0 0 0 0
13 7 25 0 0 0 0 0 0 0 0 0 0 0 0 0 0 0 0 0 0 0 0 0 0 0 0
13 7 26 0 0 0 0 0 0 0 0 0 0 0 0 0 0 0 0 0 0 0 0 0 0 0 0
13 7 27 0 0 0 0 0 0 0 0 0 0 0 0 0 0 0 0 0 0 0 0 0 0 0 0
13 7 28 0 0 0 0 0 0 0 0 0 0 0 0 0 0 0 0 0 0 0 0 0 0 0 0
13 7 29 0 0 0 0 0 0 0 0 0 0 0 0 0 0 0 0 0 0 0 0 0 0 0 0
13 7 30 0 0 0 0 0 0 0 0 0 0 0 0 0 0 0 0 0 0 0 0 0 0 0 0
13 7 31 0 0 0 0 0 0 0 0 0 0 0 0 0 0 0 0 0 0 0 0 0 0 0 0
13 8 0 1 4 0 1 1 335 0 0 0 0 0 0 0 0 0 0 0 0 0 0 0 0 0 0
13 8 1 1 4 0 1 2 335 1 4 1 1 0 335 0 0 0 0 0 0 0 0 0 0 0 0
13 8 2 0 0 0 0 0 0 1 4 1 1 1 335 0 0 0 0 0 0 0 0 0 0 0 0
13 8 3 1 4 2 1 0 336 1 4 1 1 2 335 0 0 0 0 0 0 0 0 0 0 0 0
13 8 4 1 4 2 1 1 336 0 0 0 0 0 0 0 0 0 0 0 0 0 0 0 0 0 0
13 8 5 1 4 2 1 2 336 1 4 3 1 0 336 0 0 0 0 0 0 0 0 0 0 0 0
13 8 6 0 0 0 0 0 0 1 4 3 1 1 336 0 0 0 0 0 0 0 0 0 0 0 0
13 8 7 1 4 4 1 0 337 1 4 3 1 2 336 0 0 0 0 0 0 0 0 0 0 0 0
13 8 8 1 4 4 1 1 337 0 0 0 0 0 0 0 0 0 0 0 0 0 0 0 0 0 0
13 8 9 1 4 4 1 2 337 1 4 5 1 0 337 0 0 0 0 0 0 0 0 0 0 0 0
13 8 10 0 0 0 0 0 0 1 4 5 1 1 337 0 0 0 0 0 0 0 0 0 0 0 0
13 8 11 1 4 6 1 0 338 1 4 5 1 2 337 0 0 0 0 0 0 0 0 0 0 0 0
13 8 12 1 4 6 1 1 338 0 0 0 0 0 0 0 0 0 0 0 0 0 0 0 0 0 0
13 8 13 1 4 6 1 2 338 1 4 7 1 0 338 0 0 0 0 0 0 0 0 0 0 0 0
13 8 14 0 0 0 0 0 0 1 4 7 1 1 338 0 0 0 0 0 0 0 0 0 0 0 0
13 8 15 1 4 8 1 0 339 1 4 7 1 2 338 0 0 0 0 0 0 0 0 0 0 0 0
13 8 16 1 4 8 1 1 339 0 0 0 0 0 0 0 0 0 0 0 0 0 0 0 0 0 0
13 8 17 1 4 8 1 2 339 0 0 0 0 0 0 0 0 0 0 0 0 0 0 0 0 0 0
13 8 18 0 0 0 0 0 0 0 0 0 0 0 0 0 0 0 0 0 0 0 0 0 0 0 0
13 8 19 0 0 0 0 0 0 0 0 0 0 0 0 0 0 0 0 0 0 0 0 0 0 0 0
13 8 20 0 0 0 0 0 0 0 0 0 0 0 0 0 0 0 0 0 0 0 0 0 0 0 0
13 8 21 0 0 0 0 0 0 0 0 0 0 0 0 0 0 0 0 0 0 0 0 0 0 0 0
13 8 22 0 0 0 0 0 0 0 0 0 0 0 0 0 0 0 0 0 0 0 0 0 0 0 0
13 8 23 0 0 0 0 0 0 0 0 0 0 0 0 0 0 0 0 0 0 0 0 0 0 0 0
13 8 24 0 0 0 0 0 0 0 0 0 0 0 0 0 0 0 0 0 0 0 0 0 0 0 0
13 8 25 0 0 0 0 0 0 0 0 0 0 0 0 0 0 0 0 0 0 0 0 0 0 0 0
13 8 26 0 0 0 0 0 0 0 0 0 0 0 0 0 0 0 0 0 0 0 0 0 0 0 0
13 8 27 0 0 0 0 0 0 0 0 0 0 0 0 0 0 0 0 0 0 0 0 0 0 0 0
13 8 28 0 0 0 0 0 0 0 0 0 0 0 0 0 0 0 0 0 0 0 0 0 0 0 0
13 8 29 0 0 0 0 0 0 0 0 0 0 0 0 0 0 0 0 0 0 0 0 0 0 0 0
13 8 30 0 0 0 0 0 0 0 0 0 0 0 0 0 0 0 0 0 0 0 0 0 0 0 0
13 8 31 0 0 0 0 0 0 0 0 0 0 0 0 0 0 0 0 0 0 0 0 0 0 0 0
13 9 0 1 4 0 2 1 335 0 0 0 0 0 0 1 5 0 0 1 335 0 0 0 0 0 0
13 9 1 1 4 0 2 2 335 1 4 1 2 0 335 1 5 0 0 2 335 1 5 1 0 0 335
13 9 2 0 0 0 0 0 0 1 4 1 2 1 335 0 0 0 0 0 0 1 5 1 0 1 335
13 9 3 1 4 2 2 0 336 1 4 1 2 2 335 1 5 2 0 0 336 1 5 1 0 2 335
13 9 4 1 4 2 2 1 336 0 0 0 0 0 0 1 5 2 0 1 336 0 0 0 0 0 0
13 9 5 1 4 2 2 2 336 1 4 3 2 0 336 1 5 2 0 2 336 1 5 3 0 0 336
13 9 6 0 0 0 0 0 0 1 4 3 2 1 336 0 0 0 0 0 0 1 5 3 0 1 336
13 9 7 1 4 4 2 0 337 1 4 3 2 2 336 1 5 4 0 0 337 1 5 3 0 2 336
13 9 8 1 4 4 2 1 337 0 0 0 0 0 0 1 5 4 0 1 337 0 0 0 0 0 0
13 9 9 1 4 4 2 2 337 1 4 5 2 0 337 1 5 4 0 2 337 1 5 5 0 0 337
13 9 10 0 0 0 0 0 0 1 4 5 2 1 337 0 0 0 0 0 0 1 5 5 0 1 337
13 9 11 1 4 6 2 0 338 1 4 5 2 2 337 1 5 6 0 0 338 1 5 5 0 2 337
13 9 12 1 4 6 2 1 338 0 0 0 0 0 0 1 5 6 0 1 338 0 0 0 0 0 0
13 9 13 1 4 6 2 2 338 1 4 7 2 0 338 1 5 6 0 2 338 1 5 7 0 0 338
13 9 14 0 0 0 0 0 0 1 4 7 2 1 338 0 0 0 0 0 0 1 5 7 0 1 338
13 9 15 1 4 8 2 0 339 1 4 7 2 2 338 1 5 8 0 0 339 1 5 7 0 2 338
13 9 16 1 4 8 2 1 339 0 0 0 0 0 0 1 5 8 0 1 339 0 0 0 0 0 0
13 9 17 1 4 8 2 2 339 0 0 0 0 0 0 1 5 8 0 2 339 0 0 0 0 0 0
13 9 18 0 0 0 0 0 0 0 0 0 0 0 0 0 0 0 0 0 0 0 0 0 0 0 0
13 9 19 0 0 0 0 0 0 0 0 0 0 0 0 0 0 0 0 0 0 0 0 0 0 0 0
13 9 20 0 0 0 0 0 0 0 0 0 0 0 0 0 0 0 0 0 0 0 0 0 0 0 0
13 9 21 0 0 0 0 0 0 0 0 0 0 0 0 0 0 0 0 0 0 0 0 0 0 0 0
13 9 22 0 0 0 0 0 0 0 0 0 0 0 0 0 0 0 0 0 0 0 0 0 0 0 0
13 9 23 0 0 0 0 0 0 0 0 0 0 0 0 0 0 0 0 0 0 0 0 0 0 0 0
13 9 24 0 0 0 0 0 0 0 0 0 0 0 0 0 0 0 0 0 0 0 0 0 0 0 0
13 9 25 0 0 0 0 0 0 0 0 0 0 0 0 0 0 0 0 0 0 0 0 0 0 0 0
13 9 26 0 0 0 0 0 0 0 0 0 0 0 0 0 0 0 0 0 0 0 0 0 0 0 0
13 9 27 0 0 0 0 0 0 0 0 0 0 0 0 0 0 0 0 0 0 0 0 0 0 0 0
13 9 28 0 0 0 0 0 0 0 0 0 0 0 0 0 0 0 0 0 0 0 0 0 0 0 0
13 9 29 0 0 0 0 0 0 0 0 0 0 0 0 0 0 0 0 0 0 0 0 0 0 0 0
13 9 30 0 0 0 0 0 0 0 0 0 0 0 0 0 0 0 0 0 0 0 0 0 0 0 0
13 9 31 0 0 0 0 0 0 0 0 0 0 0 0 0 0 0 0 0 0 0 0 0 0 0 0
13 10 0 0 0 0 0 0 0 0 0 0 0 0 0 1 5 0 1 1 335 0 0 0 0 0 0
13 10 1 0 0 0 0 0 0 0 0 0 0 0 0 1 5 0 1 2 335 1 5 1 1 0 335
13 10 2 0 0 0 0 0 0 0 0 0 0 0 0 0 0 0 0 0 0 1 5 1 1 1 335
13 10 3 0 0 0 0 0 0 0 0 0 0 0 0 1 5 2 1 0 336 1 5 1 1 2 335
13 10 4 0 0 0 0 0 0 0 0 0 0 0 0 1 5 2 1 1 336 0 0 0 0 0 0
13 10 5 0 0 0 0 0 0 0 0 0 0 0 0 1 5 2 1 2 336 1 5 3 1 0 336
13 10 6 0 0 0 0 0 0 0 0 0 0 0 0 0 0 0 0 0 0 1 5 3 1 1 336
13 10 7 0 0 0 0 0 0 0 0 0 0 0 0 1 5 4 1 0 337 1 5 3 1 2 336
13 10 8 0 0 0 0 0 0 0 0 0 0 0 0 1 5 4 1 1 337 0 0 0 0 0 0
13 10 9 0 0 0 0 0 0 0 0 0 0 0 0 1 5 4 1 2 337 1 5 5 1 0 337
13 10 10 0 0 0 0 0 0 0 0 0 0 0 0 0 0 0 0 0 0 1 5 5 1 1 337
13 10 11 0 0 0 0 0 0 0 0 0 0 0 0 1 5 6 1 0 338 1 5 5 1 2 337
13 10 12 0 0 0 0 0 0 0 0 0 0 0 0 1 5 6 1 1 338 0 0 0 0 0 0
13 10 13 0 0 0 0 0 0 0 0 0 0 0 0 1 5 6 1 2 338 1 5 7 1 0 338
13 10 14 0 0 0 0 0 0 0 0 0 0 0 0 0 0 0 0 0 0 1 5 7 1 1 338
13 10 15 0 0 0 0 0 0 0 0 0 0 0 0 1 5 8 1 0 339 1 5 7 1 2 338
13 10 16 0 0 0 0 0 0 0 0 0 0 0 0 1 5 8 1 1 339 0 0 0 0 0 0
13 10 17 0 0 0 0 0 0 0 0 0 0 0 0 1 5 8 1 2 339 0 0 0 0 0 0
13 10 18 0 0 0 0 0 0 0 0 0 0 0 0 0 0 0 0 0 0 0 0 0 0 0 0
13 10 19 0 0 0 0 0 0 0 0 0 0 0 0 0 0 0 0 0 0 0 0 0 0 0 0
13 10 20 0 0 0 0 0 0 0 0 0 0 0 0 0 0 0 0 0 0 0 0 0 0 0 0
13 10 21 0 0 0 0 0 0 0 0 0 0 0 0 0 0 0 0 0 0 0 0 0 0 0 0
13 10 22 0 0 0 0 0 0 0 0 0 0 0 0 0 0 0 0 0 0 0 0 0 0 0 0
13 10 23 0 0 0 0 0 0 0 0 0 0 0 0 0 0 0 0 0 0 0 0 0 0 0 0
13 10 24 0 0 0 0 0 0 0 0 0 0 0 0 0 0 0 0 0 0 0 0 0 0 0 0
13 10 25 0 0 0 0 0 0 0 0 0 0 0 0 0 0 0 0 0 0 0 0 0 0 0 0
13 10 26 0 0 0 0 0 0 0 0 0 0 0 0 0 0 0 0 0 0 0 0 0 0 0 0
13 10 27 0 0 0 0 0 0 0 0 0 0 0 0 0 0 0 0 0 0 0 0 0 0 0 0
13 10 28 0 0 0 0 0 0 0 0 0 0 0 0 0 0 0 0 0 0 0 0 0 0 0 0
13 10 29 0 0 0 0 0 0 0 0 0 0 0 0 0 0 0 0 0 0 0 0 0 0 0 0
13 10 30 0 0 0 0 0 0 0 0 0 0 0 0 0 0 0 0 0 0 0 0 0 0 0 0
13 10 31 0 0 0 0 0 0 0 0 0 0 0 0 0 0 0 0 0 0 0 0 0 0 0 0
13 11 0 1 6 0 0 1 340 0 0 0 0 0 0 1 5 0 2 1 335 0 0 0 0 0 0
13 11 1 1 6 0 0 2 340 1 6 1 0 0 340 1 5 0 2 2 335 1 5 1 2 0 335
13 11 2 0 0 0 0 0 0 1 6 1 0 1 340 0 0 0 0 0 0 1 5 1 2 1 335
13 11 3 1 6 2 0 0 341 1 6 1 0 2 340 1 5 2 2 0 336 1 5 1 2 2 335
13 11 4 1 6 2 0 1 341 0 0 0 0 0 0 1 5 2 2 1 336 0 0 0 0 0 0
13 11 5 1 6 2 0 2 341 1 6 3 0 0 341 1 5 2 2 2 336 1 5 3 2 0 336
13 11 6 0 0 0 0 0 0 1 6 3 0 1 341 0 0 0 0 0 0 1 5 3 2 1 336
13 11 7 1 6 4 0 0 342 1 6 3 0 2 341 1 5 4 2 0 337 1 5 3 2 2 336
13 11 8 1 6 4 0 1 342 0 0 0 0 0 0 1 5 4 2 1 337 0 0 0 0 0 0
13 11 9 1 6 4 0 2 342 1 6 5 0 0 342 1 5 4 2 2 337 1 5 5 2 0 337
13 11 10 0 0 0 0 0 0 1 6 5 0 1 342 0 0 0 0 0 0 1 5 5 2 1 337
13 11 11 1 6 6 0 0 343 1 6 5 0 2 342 1 5 6 2 0 338 1 5 5 2 2 337
13 11 12 1 6 6 0 1 343 0 0 0 0 0 0 1 5 6 2 1 338 0 0 0 0 0 0
13 11 13 1 6 6 0 2 343 1 6 7 0 0 343 1 5 6 2 2 338 1 5 7 2 0 338
13 11 14 0 0 0 0 0 0 1 6 7 0 1 343 0 0 0 0 0 0 1 5 7 2 1 338
13 11 15 1 6 8 0 0 344 1 6 7 0 2 343 1 5 8 2 0 339 1 5 7 2 2 338
13 11 16 1 6 8 0 1 344 0 0 0 0 0 0 1 5 8 2 1 339 0 0 0 0 0 0
13 11 17 1 6 8 0 2 344 0 0 0 0 0 0 1 5 8 2 2 339 0 0 0 0 0 0
13 11 18 0 0 0 0 0 0 0 0 0 0 0 0 0 0 0 0 0 0 0 0 0 0 0 0
13 11 19 0 0 0 0 0 0 0 0 0 0 0 0 0 0 0 0 0 0 0 0 0 0 0 0
13 11 20 0 0 0 0 0 0 0 0 0 0 0 0 0 0 0 0 0 0 0 0 0 0 0 0
13 11 21 0 0 0 0 0 0 0 0 0 0 0 0 0 0 0 0 0 0 0 0 0 0 0 0
13 11 22 0 0 0 0 0 0 0 0 0 0 0 0 0 0 0 0 0 0 0 0 0 0 0 0
13 11 23 0 0 0 0 0 0 0 0 0 0 0 0 0 0 0 0 0 0 0 0 0 0 0 0
13 11 24 0 0 0 0 0 0 0 0 0 0 0 0 0 0 0 0 0 0 0 0 0 0 0 0
13 11 25 0 0 0 0 0 0 0 0 0 0 0 0 0 0 0 0 0 0 0 0 0 0 0 0
13 11 26 0 0 0 0 0 0 0 0 0 0 0 0 0 0 0 0 0 0 0 0 0 0 0 0
13 11 27 0 0 0 0 0 0 0 0 0 0 0 0 0 0 0 0 0 0 0 0 0 0 0 0
13 11 28 0 0 0 0 0 0 0 0 0 0 0 0 0 0 0 0 0 0 0 0 0 0 0 0
13 11 29 0 0 0 0 0 0 0 0 0 0 0 0 0 0 0 0 0 0 0 0 0 0 0 0
13 11 30 0 0 0 0 0 0 0 0 0 0 0 0 0 0 0 0 0 0 0 0 0 0 0 0
13 11 31 0 0 0 0 0 0 0 0 0 0 0 0 0 0 0 0 0 0 0 0 0 0 0 0
13 12 0 1 6 0 1 1 340 0 0 0 0 0 0 0 0 0 0 0 0 0 0 0 0 0 0
13 12 1 1 6 0 1 2 340 1 6 1 1 0 340 0 0 0 0 0 0 0 0 0 0 0 0
13 12 2 0 0 0 0 0 0 1 6 1 1 1 340 0 0 0 0 0 0 0 0 0 0 0 0
13 12 3 1 6 2 1 0 341 1 6 1 1 2 340 0 0 0 0 0 0 0 0 0 0 0 0
13 12 4 1 6 2 1 1 341 0 0 0 0 0 0 0 0 0 0 0 0 0 0 0 0 0 0
13 12 5 1 6 2 1 2 341 1 6 3 1 0 341 0 0 0 0 0 0 0 0 0 0 0 0
13 12 6 0 0 0 0 0 0 1 6 3 1 1 341 0 0 0 0 0 0 0 0 0 0 0 0
13 12 7 1 6 4 1 0 342 1 6 3 1 2 341 0 0 0 0 0 0 0 0 0 0 0 0
13 12 8 1 6 4 1 1 342 0 0 0 0 0 0 0 0 0 0 0 0 0 0 0 0 0 0
13 12 9 1 6 4 1 2 342 1 6 5 1 0 342 0 0 0 0 0 0 0 0 0 0 0 0
13 12 10 0 0 0 0 0 0 1 6 5 1 1 342 0 0 0 0 0 0 0 0 0 0 0 0
13 12 11 1 6 6 1 0 343 1 6 5 1 2 342 0 0 0 0 0 0 0 0 0 0 0 0
13 12 12 1 6 6 1 1 343 0 0 0 0 0 0 0 0 0 0 0 0 0 0 0 0 0 0
13 12 13 1 6 6 1 2 343 1 6 7 1 0 343 0 0 0 0 0 0 0 0 0 0 0 0
13 12 14 0 0 0 0 0 0 1 6 7 1 1 343 0 0 0 0 0 0 0 0 0 0 0 0
13 12 15 1 6 8 1 0 344 1 6 7 1 2 343 0 0 0 0 0 0 0 0 0 0 0 0
13 12 16 1 6 8 1 1 344 0 0 0 0 0 0 0 0 0 0 0 0 0 0 0 0 0 0
13 12 17 1 6 8 1 2 344 0 0 0 0 0 0 0 0 0 0 0 0 0 0 0 0 0 0
13 12 18 0 0 0 0 0 0 0 0 0 0 0 0 0 0 0 0 0 0 0 0 0 0 0 0
13 12 19 0 0 0 0 0 0 0 0 0 0 0 0 0 0 0 0 0 0 0 0 0 0 0 0
13 12 20 0 0 0 0 0 0 0 0 0 0 0 0 0 0 0 0 0 0 0 0 0 0 0 0
13 12 21 0 0 0 0 0 0 0 0 0 0 0 0 0 0 0 0 0 0 0 0 0 0 0 0
13 12 22 0 0 0 0 0 0 0 0 0 0 0 0 0 0 0 0 0 0 0 0 0 0 0 0
13 12 23 0 0 0 0 0 0 0 0 0 0 0 0 0 0 0 0 0 0 0 0 0 0 0 0
13 12 24 0 0 0 0 0 0 0 0 0 0 0 0 0 0 0 0 0 0 0 0 0 0 0 0
13 12 25 0 0 0 0 0 0 0 0 0 0 0 0 0 0 0 0 0 0 0 0 0 0 0 0
13 12 26 0 0 0 0 0 0 0 0 0 0 0 0 0 0 0 0 0 0 0 0 0 0 0 0
13 12 27 0 0 0 0 0 0 0 0 0 0 0 0 0 0 0 0 0 0 0 0 0 0 0 0
13 12 28 0 0 0 0 0 0 0 0 0 0 0 0 0 0 0 0 0 0 0 0 0 0 0 0
13 12 29 0 0 0 0 0 0 0 0 0 0 0 0 0 0 0 0 0 0 0 0 0 0 0 0
13 12 30 0 0 0 0 0 0 0 0 0 0 0 0 0 0 0 0 0 0 0 0 0 0 0 0
13 12 31 0 0 0 0 0 0 0 0 0 0 0 0 0 0 0 0 0 0 0 0 0 0 0 0
13 13 0 1 6 0 2 1 340 0 0 0 0 0 0 1 7 0 0 1 340 0 0 0 0 0 0
13 13 1 1 6 0 2 2 340 1 6 1 2 0 340 1 7 0 0 2 340 1 7 1 0 0 340
13 13 2 0 0 0 0 0 0 1 6 1 2 1 340 0 0 0 0 0 0 1 7 1 0 1 340
13 13 3 1 6 2 2 0 341 1 6 1 2 2 340 1 7 2 0 0 341 1 7 1 0 2 340
13 13 4 1 6 2 2 1 341 0 0 0 0 0 0 1 7 2 0 1 341 0 0 0 0 0 0
13 13 5 1 6 2 2 2 341 1 6 3 2 0 341 1 7 2 0 2 341 1 7 3 0 0 341
13 13 6 0 0 0 0 0 0 1 6 3 2 1 341 0 0 0 0 0 0 1 7 3 0 1 341
13 13 7 1 6 4 2 0 342 1 6 3 2 2 341 1 7 4 0 0 342 1 7 3 0 2 341
13 13 8 1 6 4 2 1 342 0 0 0 0 0 0 1 7 4 0 1 342 0 0 0 0 0 0
13 13 9 1 6 4 2 2 342 1 6 5 2 0 342 1 7 4 0 2 342 1 7 5 0 0 342
13 13 10 0 0 0 0 0 0 1 6 5 2 1 342 0 0 0 0 0 0 1 7 5 0 1 342
13 13 11 1 6 6 2 0 343 1 6 5 2 2 342 1 7 6 0 0 343 1 7 5 0 2 342
13 13 12 1 6 6 2 1 343 0 0 0 0 0 0 1 7 6 0 1 343 0 0 0 0 0 0
13 13 13 1 6 6 2 2 343 1 6 7 2 0 343 1 7 6 0 2 343 1 7 7 0 0 343
13 13 14 0 0 0 0 0 0 1 6 7 2 1 343 0 0 0 0 0 0 1 7 7 0 1 343
13 13 15 1 6 8 2 0 344 1 6 7 2 2 343 1 7 8 0 0 344 1 7 7 0 2 343
13 13 16 1 6 8 2 1 344 0 0 0 0 0 0 1 7 8 0 1 344 0 0 0 0 0 0
13 13 17 1 6 8 2 2 344 0 0 0 0 0 0 1 7 8 0 2 344 0 0 0 0 0 0
13 13 18 0 0 0 0 0 0 0 0 0 0 0 0 0 0 0 0 0 0 0 0 0 0 0 0
13 13 19 0 0 0 0 0 0 0 0 0 0 0 0 0 0 0 0 0 0 0 0 0 0 0 0
13 13 20 0 0 0 0 0 0 0 0 0 0 0 0 0 0 0 0 0 0 0 0 0 0 0 0
13 13 21 0 0 0 0 0 0 0 0 0 0 0 0 0 0 0 0 0 0 0 0 0 0 0 0
13 13 22 0 0 0 0 0 0 0 0 0 0 0 0 0 0 0 0 0 0 0 0 0 0 0 0
13 13 23 0 0 0 0 0 0 0 0 0 0 0 0 0 0 0 0 0 0 0 0 0 0 0 0
13 13 24 0 0 0 0 0 0 0 0 0 0 0 0 0 0 0 0 0 0 0 0 0 0 0 0
13 13 25 0 0 0 0 0 0 0 0 0 0 0 0 0 0 0 0 0 0 0 0 0 0 0 0
13 13 26 0 0 0 0 0 0 0 0 0 0 0 0 0 0 0 0 0 0 0 0 0 0 0 0
13 13 27 0 0 0 0 0 0 0 0 0 0 0 0 0 0 0 0 0 0 0 0 0 0 0 0
13 13 28 0 0 0 0 0 0 0 0 0 0 0 0 0 0 0 0 0 0 0 0 0 0 0 0
13 13 29 0 0 0 0 0 0 0 0 0 0 0 0 0 0 0 0 0 0 0 0 0 0 0 0
13 13 30 0 0 0 0 0 0 0 0 0 0 0 0 0 0 0 0 0 0 0 0 0 0 0 0
13 13 31 0 0 0 0 0 0 0 0 0 0 0 0 0 0 0 0 0 0 0 0 0 0 0 0
13 14 0 0 0 0 0 0 0 0 0 0 0 0 0 1 7 0 1 1 340 0 0 0 0 0 0
13 14 1 0 0 0 0 0 0 0 0 0 0 0 0 1 7 0 1 2 340 1 7 1 1 0 340
13 14 2 0 0 0 0 0 0 0 0 0 0 0 0 0 0 0 0 0 0 1 7 1 1 1 340
13 14 3 0 0 0 0 0 0 0 0 0 0 0 0 1 7 2 1 0 341 1 7 1 1 2 340
13 14 4 0 0 0 0 0 0 0 0 0 0 0 0 1 7 2 1 1 341 0 0 0 0 0 0
13 14 5 0 0 0 0 0 0 0 0 0 0 0 0 1 7 2 1 2 341 1 7 3 1 0 341
13 14 6 0 0 0 0 0 0 0 0 0 0 0 0 0 0 0 0 0 0 1 7 3 1 1 341
13 14 7 0 0 0 0 0 0 0 0 0 0 0 0 1 7 4 1 0 342 1 7 3 1 2 341
13 14 8 0 0 0 0 0 0 0 0 0 0 0 0 1 7 4 1 1 342 0 0 0 0 0 0
13 14 9 0 0 0 0 0 0 0 0 0 0 0 0 1 7 4 1 2 342 1 7 5 1 0 342
13 14 10 0 0 0 0 0 0 0 0 0 0 0 0 0 0 0 0 0 0 1 7 5 1 1 342
13 14 11 0 0 0 0 0 0 0 0 0 0 0 0 1 7 6 1 0 343 1 7 5 1 2 342
13 14 12 0 0 0 0 0 0 0 0 0 0 0 0 1 7 6 1 1 343 0 0 0 0 0 0
13 14 13 0 0 0 0 0 0 0 0 0 0 0 0 1 7 6 1 2 343 1 7 7 1 0 343
13 14 14 0 0 0 0 0 0 0 0 0 0 0 0 0 0 0 0 0 0 1 7 7 1 1 343
13 14 15 0 0 0 0 0 0 0 0 0 0 0 0 1 7 8 1 0 344 1 7 7 1 2 343
13 14 16 0 0 0 0 0 0 0 0 0 0 0 0 1 7 8 1 1 344 0 0 0 0 0 0
13 14 17 0 0 0 0 0 0 0 0 0 0 0 0 1 7 8 1 2 344 0 0 0 0 0 0
13 14 18 0 0 0 0 0 0 0 0 0 0 0 0 0 0 0 0 0 0 0 0 0 0 0 0
13 14 19 0 0 0 0 0 0 0 0 0 0 0 0 0 0 0 0 0 0 0 0 0 0 0 0
13 14 20 0 0 0 0 0 0 0 0 0 0 0 0 0 0 0 0 0 0 0 0 0 0 0 0
13 14 21 0 0 0 0 0 0 0 0 0 0 0 0 0 0 0 0 0 0 0 0 0 0 0 0
13 14 22 0 0 0 0 0 0 0 0 0 0 0 0 0 0 0 0 0 0 0 0 0 0 0 0
13 14 23 0 0 0 0 0 0 0 0 0 0 0 0 0 0 0 0 0 0 0 0 0 0 0 0
13 14 24 0 0 0 0 0 0 0 0 0 0 0 0 0 0 0 0 0 0 0 0 0 0 0 0
13 14 25 0 0 0 0 0 0 0 0 0 0 0 0 0 0 0 0 0 0 0 0 0 0 0 0
13 14 26 0 0 0 0 0 0 0 0 0 0 0 0 0 0 0 0 0 0 0 0 0 0 0 0
13 14 27 0 0 0 0 0 0 0 0 0 0 0 0 0 0 0 0 0 0 0 0 0 0 0 0
13 14 28 0 0 0 0 0 0 0 0 0 0 0 0 0 0 0 0 0 0 0 0 0 0 0 0
13 14 29 0 0 0 0 0 0 0 0 0 0 0 0 0 0 0 0 0 0 0 0 0 0 0 0
13 14 30 0 0 0 0 0 0 0 0 0 0 0 0 0 0 0 0 0 0 0 0 0 0 0 0
13 14 31 0 0 0 0 0 0 0 0 0 0 0 0 0 0 0 0 0 0 0 0 0 0 0 0
13 15 0 1 8 0 0 1 345 0 0 0 0 0 0 1 7 0 2 1 340 0 0 0 0 0 0
13 15 1 1 8 0 0 2 345 1 8 1 0 0 345 1 7 0 2 2 340 1 7 1 2 0 340
13 15 2 0 0 0 0 0 0 1 8 1 0 1 345 0 0 0 0 0 0 1 7 1 2 1 340
13 15 3 1 8 2 0 0 346 1 8 1 0 2 345 1 7 2 2 0 341 1 7 1 2 2 340
13 15 4 1 8 2 0 1 346 0 0 0 0 0 0 1 7 2 2 1 341 0 0 0 0 0 0
13 15 5 1 8 2 0 2 346 1 8 3 0 0 346 1 7 2 2 2 341 1 7 3 2 0 341
13 15 6 0 0 0 0 0 0 1 8 3 0 1 346 0 0 0 0 0 0 1 7 3 2 1 341
13 15 7 1 8 4 0 0 347 1 8 3 0 2 346 1 7 4 2 0 342 1 7 3 2 2 341
13 15 8 1 8 4 0 1 347 0 0 0 0 0 0 1 7 4 2 1 342 0 0 0 0 0 0
13 15 9 1 8 4 0 2 347 1 8 5 0 0 347 1 7 4 2 2 342 1 7 5 2 0 342
13 15 10 0 0 0 0 0 0 1 8 5 0 1 347 0 0 0 0 0 0 1 7 5 2 1 342
13 15 11 1 8 6 0 0 348 1 8 5 0 2 347 1 7 6 2 0 343 1 7 5 2 2 342
13 15 12 1 8 6 0 1 348 0 0 0 0 0 0 1 7 6 2 1 343 0 0 0 0 0 0
13 15 13 1 8 6 0 2 348 1 8 7 0 0 348 1 7 6 2 2 343 1 7 7 2 0 343
13 15 14 0 0 0 0 0 0 1 8 7 0 1 348 0 0 0 0 0 0 1 7 7 2 1 343
13 15 15 1 8 8 0 0 349 1 8 7 0 2 348 1 7 8 2 0 344 1 7 7 2 2 343
13 15 16 1 8 8 0 1 349 0 0 0 0 0 0 1 7 8 2 1 344 0 0 0 0 0 0
13 15 17 1 8 8 0 2 349 0 0 0 0 0 0 1 7 8 2 2 344 0 0 0 0 0 0
13 15 18 0 0 0 0 0 0 0 0 0 0 0 0 0 0 0 0 0 0 0 0 0 0 0 0
13 15 19 0 0 0 0 0 0 0 0 0 0 0 0 0 0 0 0 0 0 0 0 0 0 0 0
13 15 20 0 0 0 0 0 0 0 0 0 0 0 0 0 0 0 0 0 0 0 0 0 0 0 0
13 15 21 0 0 0 0 0 0 0 0 0 0 0 0 0 0 0 0 0 0 0 0 0 0 0 0
13 15 22 0 0 0 0 0 0 0 0 0 0 0 0 0 0 0 0 0 0 0 0 0 0 0 0
13 15 23 0 0 0 0 0 0 0 0 0 0 0 0 0 0 0 0 0 0 0 0 0 0 0 0
13 15 24 0 0 0 0 0 0 0 0 0 0 0 0 0 0 0 0 0 0 0 0 0 0 0 0
13 15 25 0 0 0 0 0 0 0 0 0 0 0 0 0 0 0 0 0 0 0 0 0 0 0 0
13 15 26 0 0 0 0 0 0 0 0 0 0 0 0 0 0 0 0 0 0 0 0 0 0 0 0
13 15 27 0 0 0 0 0 0 0 0 0 0 0 0 0 0 0 0 0 0 0 0 0 0 0 0
13 15 28 0 0 0 0 0 0 0 0 0 0 0 0 0 0 0 0 0 0 0 0 0 0 0 0
13 15 29 0 0 0 0 0 0 0 0 0 0 0 0 0 0 0 0 0 0 0 0 0 0 0 0
13 15 30 0 0 0 0 0 0 0 0 0 0 0 0 0 0 0 0 0 0 0 0 0 0 0 0
13 15 31 0 0 0 0 0 0 0 0 0 0 0 0 0 0 0 0 0 0 0 0 0 0 0 0
13 16 0 1 8 0 1 1 345 0 0 0 0 0 0 0 0 0 0 0 0 0 0 0 0 0 0
13 16 1 1 8 0 1 2 345 1 8 1 1 0 345 0 0 0 0 0 0 0 0 0 0 0 0
13 16 2 0 0 0 0 0 0 1 8 1 1 1 345 0 0 0 0 0 0 0 0 0 0 0 0
13 16 3 1 8 2 1 0 346 1 8 1 1 2 345 0 0 0 0 0 0 0 0 0 0 0 0
13 16 4 1 8 2 1 1 346 0 0 0 0 0 0 0 0 0 0 0 0 0 0 0 0 0 0
13 16 5 1 8 2 1 2 346 1 8 3 1 0 346 0 0 0 0 0 0 0 0 0 0 0 0
13 16 6 0 0 0 0 0 0 1 8 3 1 1 346 0 0 0 0 0 0 0 0 0 0 0 0
13 16 7 1 8 4 1 0 347 1 8 3 1 2 346 0 0 0 0 0 0 0 0 0 0 0 0
13 16 8 1 8 4 1 1 347 0 0 0 0 0 0 0 0 0 0 0 0 0 0 0 0 0 0
13 16 9 1 8 4 1 2 347 1 8 5 1 0 347 0 0 0 0 0 0 0 0 0 0 0 0
13 16 10 0 0 0 0 0 0 1 8 5 1 1 347 0 0 0 0 0 0 0 0 0 0 0 0
13 16 11 1 8 6 1 0 348 1 8 5 1 2 347 0 0 0 0 0 0 0 0 0 0 0 0
13 16 12 1 8 6 1 1 348 0 0 0 0 0 0 0 0 0 0 0 0 0 0 0 0 0 0
13 16 13 1 8 6 1 2 348 1 8 7 1 0 348 0 0 0 0 0 0 0 0 0 0 0 0
13 16 14 0 0 0 0 0 0 1 8 7 1 1 348 0 0 0 0 0 0 0 0 0 0 0 0
13 16 15 1 8 8 1 0 349 1 8 7 1 2 348 0 0 0 0 0 0 0 0 0 0 0 0
13 16 16 1 8 8 1 1 349 0 0 0 0 0 0 0 0 0 0 0 0 0 0 0 0 0 0
13 16 17 1 8 8 1 2 349 0 0 0 0 0 0 0 0 0 0 0 0 0 0 0 0 0 0
13 16 18 0 0 0 0 0 0 0 0 0 0 0 0 0 0 0 0 0 0 0 0 0 0 0 0
13 16 19 0 0 0 0 0 0 0 0 0 0 0 0 0 0 0 0 0 0 0 0 0 0 0 0
13 16 20 0 0 0 0 0 0 0 0 0 0 0 0 0 0 0 0 0 0 0 0 0 0 0 0
13 16 21 0 0 0 0 0 0 0 0 0 0 0 0 0 0 0 0 0 0 0 0 0 0 0 0
13 16 22 0 0 0 0 0 0 0 0 0 0 0 0 0 0 0 0 0 0 0 0 0 0 0 0
13 16 23 0 0 0 0 0 0 0 0 0 0 0 0 0 0 0 0 0 0 0 0 0 0 0 0
13 16 24 0 0 0 0 0 0 0 0 0 0 0 0 0 0 0 0 0 0 0 0 0 0 0 0
13 16 25 0 0 0 0 0 0 0 0 0 0 0 0 0 0 0 0 0 0 0 0 0 0 0 0
13 16 26 0 0 0 0 0 0 0 0 0 0 0 0 0 0 0 0 0 0 0 0 0 0 0 0
13 16 27 0 0 0 0 0 0 0 0 0 0 0 0 0 0 0 0 0 0 0 0 0 0 0 0
13 16 28 0 0 0 0 0 0 0 0 0 0 0 0 0 0 0 0 0 0 0 0 0 0 0 0
13 16 29 0 0 0 0 0 0 0 0 0 0 0 0 0 0 0 0 0 0 0 0 0 0 0 0
13 16 30 0 0 0 0 0 0 0 0 0 0 0 0 0 0 0 0 0 0 0 0 0 0 0 0
13 16 31 0 0 0 0 0 0 0 0 0 0 0 0 0 0 0 0 0 0 0 0 0 0 0 0
13 17 0 1 8 0 2 1 345 0 0 0 0 0 0 0 0 0 0 0 0 0 0 0 0 0 0
13 17 1 1 8 0 2 2 345 1 8 1 2 0 345 0 0 0 0 0 0 0 0 0 0 0 0
13 17 2 0 0 0 0 0 0 1 8 1 2 1 345 0 0 0 0 0 0 0 0 0 0 0 0
13 17 3 1 8 2 2 0 346 1 8 1 2 2 345 0 0 0 0 0 0 0 0 0 0 0 0
13 17 4 1 8 2 2 1 346 0 0 0 0 0 0 0 0 0 0 0 0 0 0 0 0 0 0
13 17 5 1 8 2 2 2 346 1 8 3 2 0 346 0 0 0 0 0 0 0 0 0 0 0 0
13 17 6 0 0 0 0 0 0 1 8 3 2 1 346 0 0 0 0 0 0 0 0 0 0 0 0
13 17 7 1 8 4 2 0 347 1 8 3 2 2 346 0 0 0 0 0 0 0 0 0 0 0 0
13 17 8 1 8 4 2 1 347 0 0 0 0 0 0 0 0 0 0 0 0 0 0 0 0 0 0
13 17 9 1 8 4 2 2 347 1 8 5 2 0 347 0 0 0 0 0 0 0 0 0 0 0 0
13 17 10 0 0 0 0 0 0 1 8 5 2 1 347 0 0 0 0 0 0 0 0 0 0 0 0
13 17 11 1 8 6 2 0 348 1 8 5 2 2 347 0 0 0 0 0 0 0 0 0 0 0 0
13 17 12 1 8 6 2 1 348 0 0 0 0 0 0 0 0 0 0 0 0 0 0 0 0 0 0
13 17 13 1 8 6 2 2 348 1 8 7 2 0 348 0 0 0 0 0 0 0 0 0 0 0 0
13 17 14 0 0 0 0 0 0 1 8 7 2 1 348 0 0 0 0 0 0 0 0 0 0 0 0
13 17 15 1 8 8 2 0 349 1 8 7 2 2 348 0 0 0 0 0 0 0 0 0 0 0 0
13 17 16 1 8 8 2 1 349 0 0 0 0 0 0 0 0 0 0 0 0 0 0 0 0 0 0
13 17 17 1 8 8 2 2 349 0 0 0 0 0 0 0 0 0 0 0 0 0 0 0 0 0 0
13 17 18 0 0 0 0 0 0 0 0 0 0 0 0 0 0 0 0 0 0 0 0 0 0 0 0
13 17 19 0 0 0 0 0 0 0 0 0 0 0 0 0 0 0 0 0 0 0 0 0 0 0 0
13 17 20 0 0 0 0 0 0 0 0 0 0 0 0 0 0 0 0 0 0 0 0 0 0 0 0
13 17 21 0 0 0 0 0 0 0 0 0 0 0 0 0 0 0 0 0 0 0 0 0 0 0 0
13 17 22 0 0 0 0 0 0 0 0 0 0 0 0 0 0 0 0 0 0 0 0 0 0 0 0
13 17 23 0 0 0 0 0 0 0 0 0 0 0 0 0 0 0 0 0 0 0 0 0 0 0 0
13 17 24 0 0 0 0 0 0 0 0 0 0 0 0 0 0 0 0 0 0 0 0 0 0 0 0
13 17 25 0 0 0 0 0 0 0 0 0 0 0 0 0 0 0 0 0 0 0 0 0 0 0 0
13 17 26 0 0 0 0 0 0 0 0 0 0 0 0 0 0 0 0 0 0 0 0 0 0 0 0
13 17 27 0 0 0 0 0 0 0 0 0 0 0 0 0 0 0 0 0 0 0 0 0 0 0 0
13 17 28 0 0 0 0 0 0 0 0 0 0 0 0 0 0 0 0 0 0 0 0 0 0 0 0
13 17 29 0 0 0 0 0 0 0 0 0 0 0 0 0 0 0 0 0 0 0 0 0 0 0 0
13 17 30 0 0 0 0 0 0 0 0 0 0 0 0 0 0 0 0 0 0 0 0 0 0 0 0
13 17 31 0 0 0 0 0 0 0 0 0 0 0 0 0 0 0 0 0 0 0 0 0 0 0 0
13 18 0 0 0 0 0 0 0 0 0 0 0 0 0 0 0 0 0 0 0 0 0 0 0 0 0
13 18 1 0 0 0 0 0 0 0 0 0 0 0 0 0 0 0 0 0 0 0 0 0 0 0 0
13 18 2 0 0 0 0 0 0 0 0 0 0 0 0 0 0 0 0 0 0 0 0 0 0 0 0
13 18 3 0 0 0 0 0 0 0 0 0 0 0 0 0 0 0 0 0 0 0 0 0 0 0 0
13 18 4 0 0 0 0 0 0 0 0 0 0 0 0 0 0 0 0 0 0 0 0 0 0 0 0
13 18 5 0 0 0 0 0 0 0 0 0 0 0 0 0 0 0 0 0 0 0 0 0 0 0 0
13 18 6 0 0 0 0 0 0 0 0 0 0 0 0 0 0 0 0 0 0 0 0 0 0 0 0
13 18 7 0 0 0 0 0 0 0 0 0 0 0 0 0 0 0 0 0 0 0 0 0 0 0 0
13 18 8 0 0 0 0 0 0 0 0 0 0 0 0 0 0 0 0 0 0 0 0 0 0 0 0
13 18 9 0 0 0 0 0 0 0 0 0 0 0 0 0 0 0 0 0 0 0 0 0 0 0 0
13 18 10 0 0 0 0 0 0 0 0 0 0 0 0 0 0 0 0 0 0 0 0 0 0 0 0
13 18 11 0 0 0 0 0 0 0 0 0 0 0 0 0 0 0 0 0 0 0 0 0 0 0 0
13 18 12 0 0 0 0 0 0 0 0 0 0 0 0 0 0 0 0 0 0 0 0 0 0 0 0
13 18 13 0 0 0 0 0 0 0 0 0 0 0 0 0 0 0 0 0 0 0 0 0 0 0 0
13 18 14 0 0 0 0 0 0 0 0 0 0 0 0 0 0 0 0 0 0 0 0 0 0 0 0
13 18 15 0 0 0 0 0 0 0 0 0 0 0 0 0 0 0 0 0 0 0 0 0 0 0 0
13 18 16 0 0 0 0 0 0 0 0 0 0 0 0 0 0 0 0 0 0 0 0 0 0 0 0
13 18 17 0 0 0 0 0 0 0 0 0 0 0 0 0 0 0 0 0 0 0 0 0 0 0 0
13 18 18 0 0 0 0 0 0 0 0 0 0 0 0 0 0 0 0 0 0 0 0 0 0 0 0
13 18 19 0 0 0 0 0 0 0 0 0 0 0 0 0 0 0 0 0 0 0 0 0 0 0 0
13 18 20 0 0 0 0 0 0 0 0 0 0 0 0 0 0 0 0 0 0 0 0 0 0 0 0
13 18 21 0 0 0 0 0 0 0 0 0 0 0 0 0 0 0 0 0 0 0 0 0 0 0 0
13 18 22 0 0 0 0 0 0 0 0 0 0 0 0 0 0 0 0 0 0 0 0 0 0 0 0
13 18 23 0 0 0 0 0 0 0 0 0 0 0 0 0 0 0 0 0 0 0 0 0 0 0 0
13 18 24 0 0 0 0 0 0 0 0 0 0 0 0 0 0 0 0 0 0 0 0 0 0 0 0
13 18 25 0 0 0 0 0 0 0 0 0 0 0 0 0 0 0 0 0 0 0 0 0 0 0 0
13 18 26 0 0 0 0 0 0 0 0 0 0 0 0 0 0 0 0 0 0 0 0 0 0 0 0
13 18 27 0 0 0 0 0 0 0 0 0 0 0 0 0 0 0 0 0 0 0 0 0 0 0 0
13 18 28 0 0 0 0 0 0 0 0 0 0 0 0 0 0 0 0 0 0 0 0 0 0 0 0
13 18 29 0 0 0 0 0 0 0 0 0 0 0 0 0 0 0 0 0 0 0 0 0 0 0 0
13 18 30 0 0 0 0 0 0 0 0 0 0 0 0 0 0 0 0 0 0 0 0 0 0 0 0
13 18 31 0 0 0 0 0 0 0 0 0 0 0 0 0 0 0 0 0 0 0 0 0 0 0 0
13 19 0 0 0 0 0 0 0 0 0 0 0 0 0 0 0 0 0 0 0 0 0 0 0 0 0
13 19 1 0 0 0 0 0 0 0 0 0 0 0 0 0 0 0 0 0 0 0 0 0 0 0 0
13 19 2 0 0 0 0 0 0 0 0 0 0 0 0 0 0 0 0 0 0 0 0 0 0 0 0
13 19 3 0 0 0 0 0 0 0 0 0 0 0 0 0 0 0 0 0 0 0 0 0 0 0 0
13 19 4 0 0 0 0 0 0 0 0 0 0 0 0 0 0 0 0 0 0 0 0 0 0 0 0
13 19 5 0 0 0 0 0 0 0 0 0 0 0 0 0 0 0 0 0 0 0 0 0 0 0 0
13 19 6 0 0 0 0 0 0 0 0 0 0 0 0 0 0 0 0 0 0 0 0 0 0 0 0
13 19 7 0 0 0 0 0 0 0 0 0 0 0 0 0 0 0 0 0 0 0 0 0 0 0 0
13 19 8 0 0 0 0 0 0 0 0 0 0 0 0 0 0 0 0 0 0 0 0 0 0 0 0
13 19 9 0 0 0 0 0 0 0 0 0 0 0 0 0 0 0 0 0 0 0 0 0 0 0 0
13 19 10 0 0 0 0 0 0 0 0 0 0 0 0 0 0 0 0 0 0 0 0 0 0 0 0
13 19 11 0 0 0 0 0 0 0 0 0 0 0 0 0 0 0 0 0 0 0 0 0 0 0 0
13 19 12 0 0 0 0 0 0 0 0 0 0 0 0 0 0 0 0 0 0 0 0 0 0 0 0
13 19 13 0 0 0 0 0 0 0 0 0 0 0 0 0 0 0 0 0 0 0 0 0 0 0 0
13 19 14 0 0 0 0 0 0 0 0 0 0 0 0 0 0 0 0 0 0 0 0 0 0 0 0
13 19 15 0 0 0 0 0 0 0 0 0 0 0 0 0 0 0 0 0 0 0 0 0 0 0 0
13 19 16 0 0 0 0 0 0 0 0 0 0 0 0 0 0 0 0 0 0 0 0 0 0 0 0
13 19 17 0 0 0 0 0 0 0 0 0 0 0 0 0 0 0 0 0 0 0 0 0 0 0 0
13 19 18 0 0 0 0 0 0 0 0 0 0 0 0 0 0 0 0 0 0 0 0 0 0 0 0
13 19 19 0 0 0 0 0 0 0 0 0 0 0 0 0 0 0 0 0 0 0 0 0 0 0 0
13 19 20 0 0 0 0 0 0 0 0 0 0 0 0 0 0 0 0 0 0 0 0 0 0 0 0
13 19 21 0 0 0 0 0 0 0 0 0 0 0 0 0 0 0 0 0 0 0 0 0 0 0 0
13 19 22 0 0 0 0 0 0 0 0 0 0 0 0 0 0 0 0 0 0 0 0 0 0 0 0
13 19 23 0 0 0 0 0 0 0 0 0 0 0 0 0 0 0 0 0 0 0 0 0 0 0 0
13 19 24 0 0 0 0 0 0 0 0 0 0 0 0 0 0 0 0 0 0 0 0 0 0 0 0
13 19 25 0 0 0 0 0 0 0 0 0 0 0 0 0 0 0 0 0 0 0 0 0 0 0 0
13 19 26 0 0 0 0 0 0 0 0 0 0 0 0 0 0 0 0 0 0 0 0 0 0 0 0
13 19 27 0 0 0 0 0 0 0 0 0 0 0 0 0 0 0 0 0 0 0 0 0 0 0 0
13 19 28 0 0 0 0 0 0 0 0 0 0 0 0 0 0 0 0 0 0 0 0 0 0 0 0
13 19 29 0 0 0 0 0 0 0 0 0 0 0 0 0 0 0 0 0 0 0 0 0 0 0 0
13 19 30 0 0 0 0 0 0 0 0 0 0 0 0 0 0 0 0 0 0 0 0 0 0 0 0
13 19 31 0 0 0 0 0 0 0 0 0 0 0 0 0 0 0 0 0 0 0 0 0 0 0 0
13 20 0 0 0 0 0 0 0 0 0 0 0 0 0 0 0 0 0 0 0 0 0 0 0 0 0
13 20 1 0 0 0 0 0 0 0 0 0 0 0 0 0 0 0 0 0 0 0 0 0 0 0 0
13 20 2 0 0 0 0 0 0 0 0 0 0 0 0 0 0 0 0 0 0 0 0 0 0 0 0
13 20 3 0 0 0 0 0 0 0 0 0 0 0 0 0 0 0 0 0 0 0 0 0 0 0 0
13 20 4 0 0 0 0 0 0 0 0 0 0 0 0 0 0 0 0 0 0 0 0 0 0 0 0
13 20 5 0 0 0 0 0 0 0 0 0 0 0 0 0 0 0 0 0 0 0 0 0 0 0 0
13 20 6 0 0 0 0 0 0 0 0 0 0 0 0 0 0 0 0 0 0 0 0 0 0 0 0
13 20 7 0 0 0 0 0 0 0 0 0 0 0 0 0 0 0 0 0 0 0 0 0 0 0 0
13 20 8 0 0 0 0 0 0 0 0 0 0 0 0 0 0 0 0 0 0 0 0 0 0 0 0
13 20 9 0 0 0 0 0 0 0 0 0 0 0 0 0 0 0 0 0 0 0 0 0 0 0 0
13 20 10 0 0 0 0 0 0 0 0 0 0 0 0 0 0 0 0 0 0 0 0 0 0 0 0
13 20 11 0 0 0 0 0 0 0 0 0 0 0 0 0 0 0 0 0 0 0 0 0 0 0 0
13 20 12 0 0 0 0 0 0 0 0 0 0 0 0 0 0 0 0 0 0 0 0 0 0 0 0
13 20 13 0 0 0 0 0 0 0 0 0 0 0 0 0 0 0 0 0 0 0 0 0 0 0 0
13 20 14 0 0 0 0 0 0 0 0 0 0 0 0 0 0 0 0 0 0 0 0 0 0 0 0
13 20 15 0 0 0 0 0 0 0 0 0 0 0 0 0 0 0 0 0 0 0 0 0 0 0 0
13 20 16 0 0 0 0 0 0 0 0 0 0 0 0 0 0 0 0 0 0 0 0 0 0 0 0
13 20 17 0 0 0 0 0 0 0 0 0 0 0 0 0 0 0 0 0 0 0 0 0 0 0 0
13 20 18 0 0 0 0 0 0 0 0 0 0 0 0 0 0 0 0 0 0 0 0 0 0 0 0
13 20 19 0 0 0 0 0 0 0 0 0 0 0 0 0 0 0 0 0 0 0 0 0 0 0 0
13 20 20 0 0 0 0 0 0 0 0 0 0 0 0 0 0 0 0 0 0 0 0 0 0 0 0
13 20 21 0 0 0 0 0 0 0 0 0 0 0 0 0 0 0 0 0 0 0 0 0 0 0 0
13 20 22 0 0 0 0 0 0 0 0 0 0 0 0 0 0 0 0 0 0 0 0 0 0 0 0
13 20 23 0 0 0 0 0 0 0 0 0 0 0 0 0 0 0 0 0 0 0 0 0 0 0 0
13 20 24 0 0 0 0 0 0 0 0 0 0 0 0 0 0 0 0 0 0 0 0 0 0 0 0
13 20 25 0 0 0 0 0 0 0 0 0 0 0 0 0 0 0 0 0 0 0 0 0 0 0 0
13 20 26 0 0 0 0 0 0 0 0 0 0 0 0 0 0 0 0 0 0 0 0 0 0 0 0
13 20 27 0 0 0 0 0 0 0 0 0 0 0 0 0 0 0 0 0 0 0 0 0 0 0 0
13 20 28 0 0 0 0 0 0 0 0 0 0 0 0 0 0 0 0 0 0 0 0 0 0 0 0
13 20 29 0 0 0 0 0 0 0 0 0 0 0 0 0 0 0 0 0 0 0 0 0 0 0 0
13 20 30 0 0 0 0 0 0 0 0 0 0 0 0 0 0 0 0 0 0 0 0 0 0 0 0
13 20 31 0 0 0 0 0 0 0 0 0 0 0 0 0 0 0 0 0 0 0 0 0 0 0 0
13 21 0 0 0 0 0 0 0 0 0 0 0 0 0 0 0 0 0 0 0 0 0 0 0 0 0
13 21 1 0 0 0 0 0 0 0 0 0 0 0 0 0 0 0 0 0 0 0 0 0 0 0 0
13 21 2 0 0 0 0 0 0 0 0 0 0 0 0 0 0 0 0 0 0 0 0 0 0 0 0
13 21 3 0 0 0 0 0 0 0 0 0 0 0 0 0 0 0 0 0 0 0 0 0 0 0 0
13 21 4 0 0 0 0 0 0 0 0 0 0 0 0 0 0 0 0 0 0 0 0 0 0 0 0
13 21 5 0 0 0 0 0 0 0 0 0 0 0 0 0 0 0 0 0 0 0 0 0 0 0 0
13 21 6 0 0 0 0 0 0 0 0 0 0 0 0 0 0 0 0 0 0 0 0 0 0 0 0
13 21 7 0 0 0 0 0 0 0 0 0 0 0 0 0 0 0 0 0 0 0 0 0 0 0 0
13 21 8 0 0 0 0 0 0 0 0 0 0 0 0 0 0 0 0 0 0 0 0 0 0 0 0
13 21 9 0 0 0 0 0 0 0 0 0 0 0 0 0 0 0 0 0 0 0 0 0 0 0 0
13 21 10 0 0 0 0 0 0 0 0 0 0 0 0 0 0 0 0 0 0 0 0 0 0 0 0
13 21 11 0 0 0 0 0 0 0 0 0 0 0 0 0 0 0 0 0 0 0 0 0 0 0 0
13 21 12 0 0 0 0 0 0 0 0 0 0 0 0 0 0 0 0 0 0 0 0 0 0 0 0
13 21 13 0 0 0 0 0 0 0 0 0 0 0 0 0 0 0 0 0 0 0 0 0 0 0 0
13 21 14 0 0 0 0 0 0 0 0 0 0 0 0 0 0 0 0 0 0 0 0 0 0 0 0
13 21 15 0 0 0 0 0 0 0 0 0 0 0 0 0 0 0 0 0 0 0 0 0 0 0 0
13 21 16 0 0 0 0 0 0 0 0 0 0 0 0 0 0 0 0 0 0 0 0 0 0 0 0
13 21 17 0 0 0 0 0 0 0 0 0 0 0 0 0 0 0 0 0 0 0 0 0 0 0 0
13 21 18 0 0 0 0 0 0 0 0 0 0 0 0 0 0 0 0 0 0 0 0 0 0 0 0
13 21 19 0 0 0 0 0 0 0 0 0 0 0 0 0 0 0 0 0 0 0 0 0 0 0 0
13 21 20 0 0 0 0 0 0 0 0 0 0 0 0 0 0 0 0 0 0 0 0 0 0 0 0
13 21 21 0 0 0 0 0 0 0 0 0 0 0 0 0 0 0 0 0 0 0 0 0 0 0 0
13 21 22 0 0 0 0 0 0 0 0 0 0 0 0 0 0 0 0 0 0 0 0 0 0 0 0
13 21 23 0 0 0 0 0 0 0 0 0 0 0 0 0 0 0 0 0 0 0 0 0 0 0 0
13 21 24 0 0 0 0 0 0 0 0 0 0 0 0 0 0 0 0 0 0 0 0 0 0 0 0
13 21 25 0 0 0 0 0 0 0 0 0 0 0 0 0 0 0 0 0 0 0 0 0 0 0 0
13 21 26 0 0 0 0 0 0 0 0 0 0 0 0 0 0 0 0 0 0 0 0 0 0 0 0
13 21 27 0 0 0 0 0 0 0 0 0 0 0 0 0 0 0 0 0 0 0 0 0 0 0 0
13 21 28 0 0 0 0 0 0 0 0 0 0 0 0 0 0 0 0 0 0 0 0 0 0 0 0
13 21 29 0 0 0 0 0 0 0 0 0 0 0 0 0 0 0 0 0 0 0 0 0 0 0 0
13 21 30 0 0 0 0 0 0 0 0 0 0 0 0 0 0 0 0 0 0 0 0 0 0 0 0
13 21 31 0 0 0 0 0 0 0 0 0 0 0 0 0 0 0 0 0 0 0 0 0 0 0 0
13 22 0 0 0 0 0 0 0 0 0 0 0 0 0 0 0 0 0 0 0 0 0 0 0 0 0
13 22 1 0 0 0 0 0 0 0 0 0 0 0 0 0 0 0 0 0 0 0 0 0 0 0 0
13 22 2 0 0 0 0 0 0 0 0 0 0 0 0 0 0 0 0 0 0 0 0 0 0 0 0
13 22 3 0 0 0 0 0 0 0 0 0 0 0 0 0 0 0 0 0 0 0 0 0 0 0 0
13 22 4 0 0 0 0 0 0 0 0 0 0 0 0 0 0 0 0 0 0 0 0 0 0 0 0
13 22 5 0 0 0 0 0 0 0 0 0 0 0 0 0 0 0 0 0 0 0 0 0 0 0 0
13 22 6 0 0 0 0 0 0 0 0 0 0 0 0 0 0 0 0 0 0 0 0 0 0 0 0
13 22 7 0 0 0 0 0 0 0 0 0 0 0 0 0 0 0 0 0 0 0 0 0 0 0 0
13 22 8 0 0 0 0 0 0 0 0 0 0 0 0 0 0 0 0 0 0 0 0 0 0 0 0
13 22 9 0 0 0 0 0 0 0 0 0 0 0 0 0 0 0 0 0 0 0 0 0 0 0 0
13 22 10 0 0 0 0 0 0 0 0 0 0 0 0 0 0 0 0 0 0 0 0 0 0 0 0
13 22 11 0 0 0 0 0 0 0 0 0 0 0 0 0 0 0 0 0 0 0 0 0 0 0 0
13 22 12 0 0 0 0 0 0 0 0 0 0 0 0 0 0 0 0 0 0 0 0 0 0 0 0
13 22 13 0 0 0 0 0 0 0 0 0 0 0 0 0 0 0 0 0 0 0 0 0 0 0 0
13 22 14 0 0 0 0 0 0 0 0 0 0 0 0 0 0 0 0 0 0 0 0 0 0 0 0
13 22 15 0 0 0 0 0 0 0 0 0 0 0 0 0 0 0 0 0 0 0 0 0 0 0 0
13 22 16 0 0 0 0 0 0 0 0 0 0 0 0 0 0 0 0 0 0 0 0 0 0 0 0
13 22 17 0 0 0 0 0 0 0 0 0 0 0 0 0 0 0 0 0 0 0 0 0 0 0 0
13 22 18 0 0 0 0 0 0 0 0 0 0 0 0 0 0 0 0 0 0 0 0 0 0 0 0
13 22 19 0 0 0 0 0 0 0 0 0 0 0 0 0 0 0 0 0 0 0 0 0 0 0 0
13 22 20 0 0 0 0 0 0 0 0 0 0 0 0 0 0 0 0 0 0 0 0 0 0 0 0
13 22 21 0 0 0 0 0 0 0 0 0 0 0 0 0 0 0 0 0 0 0 0 0 0 0 0
13 22 22 0 0 0 0 0 0 0 0 0 0 0 0 0 0 0 0 0 0 0 0 0 0 0 0
13 22 23 0 0 0 0 0 0 0 0 0 0 0 0 0 0 0 0 0 0 0 0 0 0 0 0
13 22 24 0 0 0 0 0 0 0 0 0 0 0 0 0 0 0 0 0 0 0 0 0 0 0 0
13 22 25 0 0 0 0 0 0 0 0 0 0 0 0 0 0 0 0 0 0 0 0 0 0 0 0
13 22 26 0 0 0 0 0 0 0 0 0 0 0 0 0 0 0 0 0 0 0 0 0 0 0 0
13 22 27 0 0 0 0 0 0 0 0 0 0 0 0 0 0 0 0 0 0 0 0 0 0 0 0
13 22 28 0 0 0 0 0 0 0 0 0 0 0 0 0 0 0 0 0 0 0 0 0 0 0 0
13 22 29 0 0 0 0 0 0 0 0 0 0 0 0 0 0 0 0 0 0 0 0 0 0 0 0
13 22 30 0 0 0 0 0 0 0 0 0 0 0 0 0 0 0 0 0 0 0 0 0 0 0 0
13 22 31 0 0 0 0 0 0 0 0 0 0 0 0 0 0 0 0 0 0 0 0 0 0 0 0
13 23 0 0 0 0 0 0 0 0 0 0 0 0 0 0 0 0 0 0 0 0 0 0 0 0 0
13 23 1 0 0 0 0 0 0 0 0 0 0 0 0 0 0 0 0 0 0 0 0 0 0 0 0
13 23 2 0 0 0 0 0 0 0 0 0 0 0 0 0 0 0 0 0 0 0 0 0 0 0 0
13 23 3 0 0 0 0 0 0 0 0 0 0 0 0 0 0 0 0 0 0 0 0 0 0 0 0
13 23 4 0 0 0 0 0 0 0 0 0 0 0 0 0 0 0 0 0 0 0 0 0 0 0 0
13 23 5 0 0 0 0 0 0 0 0 0 0 0 0 0 0 0 0 0 0 0 0 0 0 0 0
13 23 6 0 0 0 0 0 0 0 0 0 0 0 0 0 0 0 0 0 0 0 0 0 0 0 0
13 23 7 0 0 0 0 0 0 0 0 0 0 0 0 0 0 0 0 0 0 0 0 0 0 0 0
13 23 8 0 0 0 0 0 0 0 0 0 0 0 0 0 0 0 0 0 0 0 0 0 0 0 0
13 23 9 0 0 0 0 0 0 0 0 0 0 0 0 0 0 0 0 0 0 0 0 0 0 0 0
13 23 10 0 0 0 0 0 0 0 0 0 0 0 0 0 0 0 0 0 0 0 0 0 0 0 0
13 23 11 0 0 0 0 0 0 0 0 0 0 0 0 0 0 0 0 0 0 0 0 0 0 0 0
13 23 12 0 0 0 0 0 0 0 0 0 0 0 0 0 0 0 0 0 0 0 0 0 0 0 0
13 23 13 0 0 0 0 0 0 0 0 0 0 0 0 0 0 0 0 0 0 0 0 0 0 0 0
13 23 14 0 0 0 0 0 0 0 0 0 0 0 0 0 0 0 0 0 0 0 0 0 0 0 0
13 23 15 0 0 0 0 0 0 0 0 0 0 0 0 0 0 0 0 0 0 0 0 0 0 0 0
13 23 16 0 0 0 0 0 0 0 0 0 0 0 0 0 0 0 0 0 0 0 0 0 0 0 0
13 23 17 0 0 0 0 0 0 0 0 0 0 0 0 0 0 0 0 0 0 0 0 0 0 0 0
13 23 18 0 0 0 0 0 0 0 0 0 0 0 0 0 0 0 0 0 0 0 0 0 0 0 0
13 23 19 0 0 0 0 0 0 0 0 0 0 0 0 0 0 0 0 0 0 0 0 0 0 0 0
13 23 20 0 0 0 0 0 0 0 0 0 0 0 0 0 0 0 0 0 0 0 0 0 0 0 0
13 23 21 0 0 0 0 0 0 0 0 0 0 0 0 0 0 0 0 0 0 0 0 0 0 0 0
13 23 22 0 0 0 0 0 0 0 0 0 0 0 0 0 0 0 0 0 0 0 0 0 0 0 0
13 23 23 0 0 0 0 0 0 0 0 0 0 0 0 0 0 0 0 0 0 0 0 0 0 0 0
13 23 24 0 0 0 0 0 0 0 0 0 0 0 0 0 0 0 0 0 0 0 0 0 0 0 0
13 23 25 0 0 0 0 0 0 0 0 0 0 0 0 0 0 0 0 0 0 0 0 0 0 0 0
13 23 26 0 0 0 0 0 0 0 0 0 0 0 0 0 0 0 0 0 0 0 0 0 0 0 0
13 23 27 0 0 0 0 0 0 0 0 0 0 0 0 0 0 0 0 0 0 0 0 0 0 0 0
13 23 28 0 0 0 0 0 0 0 0 0 0 0 0 0 0 0 0 0 0 0 0 0 0 0 0
13 23 29 0 0 0 0 0 0 0 0 0 0 0 0 0 0 0 0 0 0 0 0 0 0 0 0
13 23 30 0 0 0 0 0 0 0 0 0 0 0 0 0 0 0 0 0 0 0 0 0 0 0 0
13 23 31 0 0 0 0 0 0 0 0 0 0 0 0 0 0 0 0 0 0 0 0 0 0 0 0
13 24 0 0 0 0 0 0 0 0 0 0 0 0 0 0 0 0 0 0 0 0 0 0 0 0 0
13 24 1 0 0 0 0 0 0 0 0 0 0 0 0 0 0 0 0 0 0 0 0 0 0 0 0
13 24 2 0 0 0 0 0 0 0 0 0 0 0 0 0 0 0 0 0 0 0 0 0 0 0 0
13 24 3 0 0 0 0 0 0 0 0 0 0 0 0 0 0 0 0 0 0 0 0 0 0 0 0
13 24 4 0 0 0 0 0 0 0 0 0 0 0 0 0 0 0 0 0 0 0 0 0 0 0 0
13 24 5 0 0 0 0 0 0 0 0 0 0 0 0 0 0 0 0 0 0 0 0 0 0 0 0
13 24 6 0 0 0 0 0 0 0 0 0 0 0 0 0 0 0 0 0 0 0 0 0 0 0 0
13 24 7 0 0 0 0 0 0 0 0 0 0 0 0 0 0 0 0 0 0 0 0 0 0 0 0
13 24 8 0 0 0 0 0 0 0 0 0 0 0 0 0 0 0 0 0 0 0 0 0 0 0 0
13 24 9 0 0 0 0 0 0 0 0 0 0 0 0 0 0 0 0 0 0 0 0 0 0 0 0
13 24 10 0 0 0 0 0 0 0 0 0 0 0 0 0 0 0 0 0 0 0 0 0 0 0 0
13 24 11 0 0 0 0 0 0 0 0 0 0 0 0 0 0 0 0 0 0 0 0 0 0 0 0
13 24 12 0 0 0 0 0 0 0 0 0 0 0 0 0 0 0 0 0 0 0 0 0 0 0 0
13 24 13 0 0 0 0 0 0 0 0 0 0 0 0 0 0 0 0 0 0 0 0 0 0 0 0
13 24 14 0 0 0 0 0 0 0 0 0 0 0 0 0 0 0 0 0 0 0 0 0 0 0 0
13 24 15 0 0 0 0 0 0 0 0 0 0 0 0 0 0 0 0 0 0 0 0 0 0 0 0
13 24 16 0 0 0 0 0 0 0 0 0 0 0 0 0 0 0 0 0 0 0 0 0 0 0 0
13 24 17 0 0 0 0 0 0 0 0 0 0 0 0 0 0 0 0 0 0 0 0 0 0 0 0
13 24 18 0 0 0 0 0 0 0 0 0 0 0 0 0 0 0 0 0 0 0 0 0 0 0 0
13 24 19 0 0 0 0 0 0 0 0 0 0 0 0 0 0 0 0 0 0 0 0 0 0 0 0
13 24 20 0 0 0 0 0 0 0 0 0 0 0 0 0 0 0 0 0 0 0 0 0 0 0 0
13 24 21 0 0 0 0 0 0 0 0 0 0 0 0 0 0 0 0 0 0 0 0 0 0 0 0
13 24 22 0 0 0 0 0 0 0 0 0 0 0 0 0 0 0 0 0 0 0 0 0 0 0 0
13 24 23 0 0 0 0 0 0 0 0 0 0 0 0 0 0 0 0 0 0 0 0 0 0 0 0
13 24 24 0 0 0 0 0 0 0 0 0 0 0 0 0 0 0 0 0 0 0 0 0 0 0 0
13 24 25 0 0 0 0 0 0 0 0 0 0 0 0 0 0 0 0 0 0 0 0 0 0 0 0
13 24 26 0 0 0 0 0 0 0 0 0 0 0 0 0 0 0 0 0 0 0 0 0 0 0 0
13 24 27 0 0 0 0 0 0 0 0 0 0 0 0 0 0 0 0 0 0 0 0 0 0 0 0
13 24 28 0 0 0 0 0 0 0 0 0 0 0 0 0 0 0 0 0 0 0 0 0 0 0 0
13 24 29 0 0 0 0 0 0 0 0 0 0 0 0 0 0 0 0 0 0 0 0 0 0 0 0
13 24 30 0 0 0 0 0 0 0 0 0 0 0 0 0 0 0 0 0 0 0 0 0 0 0 0
13 24 31 0 0 0 0 0 0 0 0 0 0 0 0 0 0 0 0 0 0 0 0 0 0 0 0
13 25 0 0 0 0 0 0 0 0 0 0 0 0 0 0 0 0 0 0 0 0 0 0 0 0 0
13 25 1 0 0 0 0 0 0 0 0 0 0 0 0 0 0 0 0 0 0 0 0 0 0 0 0
13 25 2 0 0 0 0 0 0 0 0 0 0 0 0 0 0 0 0 0 0 0 0 0 0 0 0
13 25 3 0 0 0 0 0 0 0 0 0 0 0 0 0 0 0 0 0 0 0 0 0 0 0 0
13 25 4 0 0 0 0 0 0 0 0 0 0 0 0 0 0 0 0 0 0 0 0 0 0 0 0
13 25 5 0 0 0 0 0 0 0 0 0 0 0 0 0 0 0 0 0 0 0 0 0 0 0 0
13 25 6 0 0 0 0 0 0 0 0 0 0 0 0 0 0 0 0 0 0 0 0 0 0 0 0
13 25 7 0 0 0 0 0 0 0 0 0 0 0 0 0 0 0 0 0 0 0 0 0 0 0 0
13 25 8 0 0 0 0 0 0 0 0 0 0 0 0 0 0 0 0 0 0 0 0 0 0 0 0
13 25 9 0 0 0 0 0 0 0 0 0 0 0 0 0 0 0 0 0 0 0 0 0 0 0 0
13 25 10 0 0 0 0 0 0 0 0 0 0 0 0 0 0 0 0 0 0 0 0 0 0 0 0
13 25 11 0 0 0 0 0 0 0 0 0 0 0 0 0 0 0 0 0 0 0 0 0 0 0 0
13 25 12 0 0 0 0 0 0 0 0 0 0 0 0 0 0 0 0 0 0 0 0 0 0 0 0
13 25 13 0 0 0 0 0 0 0 0 0 0 0 0 0 0 0 0 0 0 0 0 0 0 0 0
13 25 14 0 0 0 0 0 0 0 0 0 0 0 0 0 0 0 0 0 0 0 0 0 0 0 0
13 25 15 0 0 0 0 0 0 0 0 0 0 0 0 0 0 0 0 0 0 0 0 0 0 0 0
13 25 16 0 0 0 0 0 0 0 0 0 0 0 0 0 0 0 0 0 0 0 0 0 0 0 0
13 25 17 0 0 0 0 0 0 0 0 0 0 0 0 0 0 0 0 0 0 0 0 0 0 0 0
13 25 18 0 0 0 0 0 0 0 0 0 0 0 0 0 0 0 0 0 0 0 0 0 0 0 0
13 25 19 0 0 0 0 0 0 0 0 0 0 0 0 0 0 0 0 0 0 0 0 0 0 0 0
13 25 20 0 0 0 0 0 0 0 0 0 0 0 0 0 0 0 0 0 0 0 0 0 0 0 0
13 25 21 0 0 0 0 0 0 0 0 0 0 0 0 0 0 0 0 0 0 0 0 0 0 0 0
13 25 22 0 0 0 0 0 0 0 0 0 0 0 0 0 0 0 0 0 0 0 0 0 0 0 0
13 25 23 0 0 0 0 0 0 0 0 0 0 0 0 0 0 0 0 0 0 0 0 0 0 0 0
13 25 24 0 0 0 0 0 0 0 0 0 0 0 0 0 0 0 0 0 0 0 0 0 0 0 0
13 25 25 0 0 0 0 0 0 0 0 0 0 0 0 0 0 0 0 0 0 0 0 0 0 0 0
13 25 26 0 0 0 0 0 0 0 0 0 0 0 0 0 0 0 0 0 0 0 0 0 0 0 0
13 25 27 0 0 0 0 0 0 0 0 0 0 0 0 0 0 0 0 0 0 0 0 0 0 0 0
13 25 28 0 0 0 0 0 0 0 0 0 0 0 0 0 0 0 0 0 0 0 0 0 0 0 0
13 25 29 0 0 0 0 0 0 0 0 0 0 0 0 0 0 0 0 0 0 0 0 0 0 0 0
13 25 30 0 0 0 0 0 0 0 0 0 0 0 0 0 0 0 0 0 0 0 0 0 0 0 0
13 25 31 0 0 0 0 0 0 0 0 0 0 0 0 0 0 0 0 0 0 0 0 0 0 0 0
13 26 0 0 0 0 0 0 0 0 0 0 0 0 0 0 0 0 0 0 0 0 0 0 0 0 0
13 26 1 0 0 0 0 0 0 0 0 0 0 0 0 0 0 0 0 0 0 0 0 0 0 0 0
13 26 2 0 0 0 0 0 0 0 0 0 0 0 0 0 0 0 0 0 0 0 0 0 0 0 0
13 26 3 0 0 0 0 0 0 0 0 0 0 0 0 0 0 0 0 0 0 0 0 0 0 0 0
13 26 4 0 0 0 0 0 0 0 0 0 0 0 0 0 0 0 0 0 0 0 0 0 0 0 0
13 26 5 0 0 0 0 0 0 0 0 0 0 0 0 0 0 0 0 0 0 0 0 0 0 0 0
13 26 6 0 0 0 0 0 0 0 0 0 0 0 0 0 0 0 0 0 0 0 0 0 0 0 0
13 26 7 0 0 0 0 0 0 0 0 0 0 0 0 0 0 0 0 0 0 0 0 0 0 0 0
13 26 8 0 0 0 0 0 0 0 0 0 0 0 0 0 0 0 0 0 0 0 0 0 0 0 0
13 26 9 0 0 0 0 0 0 0 0 0 0 0 0 0 0 0 0 0 0 0 0 0 0 0 0
13 26 10 0 0 0 0 0 0 0 0 0 0 0 0 0 0 0 0 0 0 0 0 0 0 0 0
13 26 11 0 0 0 0 0 0 0 0 0 0 0 0 0 0 0 0 0 0 0 0 0 0 0 0
13 26 12 0 0 0 0 0 0 0 0 0 0 0 0 0 0 0 0 0 0 0 0 0 0 0 0
13 26 13 0 0 0 0 0 0 0 0 0 0 0 0 0 0 0 0 0 0 0 0 0 0 0 0
13 26 14 0 0 0 0 0 0 0 0 0 0 0 0 0 0 0 0 0 0 0 0 0 0 0 0
13 26 15 0 0 0 0 0 0 0 0 0 0 0 0 0 0 0 0 0 0 0 0 0 0 0 0
13 26 16 0 0 0 0 0 0 0 0 0 0 0 0 0 0 0 0 0 0 0 0 0 0 0 0
13 26 17 0 0 0 0 0 0 0 0 0 0 0 0 0 0 0 0 0 0 0 0 0 0 0 0
13 26 18 0 0 0 0 0 0 0 0 0 0 0 0 0 0 0 0 0 0 0 0 0 0 0 0
13 26 19 0 0 0 0 0 0 0 0 0 0 0 0 0 0 0 0 0 0 0 0 0 0 0 0
13 26 20 0 0 0 0 0 0 0 0 0 0 0 0 0 0 0 0 0 0 0 0 0 0 0 0
13 26 21 0 0 0 0 0 0 0 0 0 0 0 0 0 0 0 0 0 0 0 0 0 0 0 0
13 26 22 0 0 0 0 0 0 0 0 0 0 0 0 0 0 0 0 0 0 0 0 0 0 0 0
13 26 23 0 0 0 0 0 0 0 0 0 0 0 0 0 0 0 0 0 0 0 0 0 0 0 0
13 26 24 0 0 0 0 0 0 0 0 0 0 0 0 0 0 0 0 0 0 0 0 0 0 0 0
13 26 25 0 0 0 0 0 0 0 0 0 0 0 0 0 0 0 0 0 0 0 0 0 0 0 0
13 26 26 0 0 0 0 0 0 0 0 0 0 0 0 0 0 0 0 0 0 0 0 0 0 0 0
13 26 27 0 0 0 0 0 0 0 0 0 0 0 0 0 0 0 0 0 0 0 0 0 0 0 0
13 26 28 0 0 0 0 0 0 0 0 0 0 0 0 0 0 0 0 0 0 0 0 0 0 0 0
13 26 29 0 0 0 0 0 0 0 0 0 0 0 0 0 0 0 0 0 0 0 0 0 0 0 0
13 26 30 0 0 0 0 0 0 0 0 0 0 0 0 0 0 0 0 0 0 0 0 0 0 0 0
13 26 31 0 0 0 0 0 0 0 0 0 0 0 0 0 0 0 0 0 0 0 0 0 0 0 0
13 27 0 0 0 0 0 0 0 0 0 0 0 0 0 0 0 0 0 0 0 0 0 0 0 0 0
13 27 1 0 0 0 0 0 0 0 0 0 0 0 0 0 0 0 0 0 0 0 0 0 0 0 0
13 27 2 0 0 0 0 0 0 0 0 0 0 0 0 0 0 0 0 0 0 0 0 0 0 0 0
13 27 3 0 0 0 0 0 0 0 0 0 0 0 0 0 0 0 0 0 0 0 0 0 0 0 0
13 27 4 0 0 0 0 0 0 0 0 0 0 0 0 0 0 0 0 0 0 0 0 0 0 0 0
13 27 5 0 0 0 0 0 0 0 0 0 0 0 0 0 0 0 0 0 0 0 0 0 0 0 0
13 27 6 0 0 0 0 0 0 0 0 0 0 0 0 0 0 0 0 0 0 0 0 0 0 0 0
13 27 7 0 0 0 0 0 0 0 0 0 0 0 0 0 0 0 0 0 0 0 0 0 0 0 0
13 27 8 0 0 0 0 0 0 0 0 0 0 0 0 0 0 0 0 0 0 0 0 0 0 0 0
13 27 9 0 0 0 0 0 0 0 0 0 0 0 0 0 0 0 0 0 0 0 0 0 0 0 0
13 27 10 0 0 0 0 0 0 0 0 0 0 0 0 0 0 0 0 0 0 0 0 0 0 0 0
13 27 11 0 0 0 0 0 0 0 0 0 0 0 0 0 0 0 0 0 0 0 0 0 0 0 0
13 27 12 0 0 0 0 0 0 0 0 0 0 0 0 0 0 0 0 0 0 0 0 0 0 0 0
13 27 13 0 0 0 0 0 0 0 0 0 0 0 0 0 0 0 0 0 0 0 0 0 0 0 0
13 27 14 0 0 0 0 0 0 0 0 0 0 0 0 0 0 0 0 0 0 0 0 0 0 0 0
13 27 15 0 0 0 0 0 0 0 0 0 0 0 0 0 0 0 0 0 0 0 0 0 0 0 0
13 27 16 0 0 0 0 0 0 0 0 0 0 0 0 0 0 0 0 0 0 0 0 0 0 0 0
13 27 17 0 0 0 0 0 0 0 0 0 0 0 0 0 0 0 0 0 0 0 0 0 0 0 0
13 27 18 0 0 0 0 0 0 0 0 0 0 0 0 0 0 0 0 0 0 0 0 0 0 0 0
13 27 19 0 0 0 0 0 0 0 0 0 0 0 0 0 0 0 0 0 0 0 0 0 0 0 0
13 27 20 0 0 0 0 0 0 0 0 0 0 0 0 0 0 0 0 0 0 0 0 0 0 0 0
13 27 21 0 0 0 0 0 0 0 0 0 0 0 0 0 0 0 0 0 0 0 0 0 0 0 0
13 27 22 0 0 0 0 0 0 0 0 0 0 0 0 0 0 0 0 0 0 0 0 0 0 0 0
13 27 23 0 0 0 0 0 0 0 0 0 0 0 0 0 0 0 0 0 0 0 0 0 0 0 0
13 27 24 0 0 0 0 0 0 0 0 0 0 0 0 0 0 0 0 0 0 0 0 0 0 0 0
13 27 25 0 0 0 0 0 0 0 0 0 0 0 0 0 0 0 0 0 0 0 0 0 0 0 0
13 27 26 0 0 0 0 0 0 0 0 0 0 0 0 0 0 0 0 0 0 0 0 0 0 0 0
13 27 27 0 0 0 0 0 0 0 0 0 0 0 0 0 0 0 0 0 0 0 0 0 0 0 0
13 27 28 0 0 0 0 0 0 0 0 0 0 0 0 0 0 0 0 0 0 0 0 0 0 0 0
13 27 29 0 0 0 0 0 0 0 0 0 0 0 0 0 0 0 0 0 0 0 0 0 0 0 0
13 27 30 0 0 0 0 0 0 0 0 0 0 0 0 0 0 0 0 0 0 0 0 0 0 0 0
13 27 31 0 0 0 0 0 0 0 0 0 0 0 0 0 0 0 0 0 0 0 0 0 0 0 0
13 28 0 0 0 0 0 0 0 0 0 0 0 0 0 0 0 0 0 0 0 0 0 0 0 0 0
13 28 1 0 0 0 0 0 0 0 0 0 0 0 0 0 0 0 0 0 0 0 0 0 0 0 0
13 28 2 0 0 0 0 0 0 0 0 0 0 0 0 0 0 0 0 0 0 0 0 0 0 0 0
13 28 3 0 0 0 0 0 0 0 0 0 0 0 0 0 0 0 0 0 0 0 0 0 0 0 0
13 28 4 0 0 0 0 0 0 0 0 0 0 0 0 0 0 0 0 0 0 0 0 0 0 0 0
13 28 5 0 0 0 0 0 0 0 0 0 0 0 0 0 0 0 0 0 0 0 0 0 0 0 0
13 28 6 0 0 0 0 0 0 0 0 0 0 0 0 0 0 0 0 0 0 0 0 0 0 0 0
13 28 7 0 0 0 0 0 0 0 0 0 0 0 0 0 0 0 0 0 0 0 0 0 0 0 0
13 28 8 0 0 0 0 0 0 0 0 0 0 0 0 0 0 0 0 0 0 0 0 0 0 0 0
13 28 9 0 0 0 0 0 0 0 0 0 0 0 0 0 0 0 0 0 0 0 0 0 0 0 0
13 28 10 0 0 0 0 0 0 0 0 0 0 0 0 0 0 0 0 0 0 0 0 0 0 0 0
13 28 11 0 0 0 0 0 0 0 0 0 0 0 0 0 0 0 0 0 0 0 0 0 0 0 0
13 28 12 0 0 0 0 0 0 0 0 0 0 0 0 0 0 0 0 0 0 0 0 0 0 0 0
13 28 13 0 0 0 0 0 0 0 0 0 0 0 0 0 0 0 0 0 0 0 0 0 0 0 0
13 28 14 0 0 0 0 0 0 0 0 0 0 0 0 0 0 0 0 0 0 0 0 0 0 0 0
13 28 15 0 0 0 0 0 0 0 0 0 0 0 0 0 0 0 0 0 0 0 0 0 0 0 0
13 28 16 0 0 0 0 0 0 0 0 0 0 0 0 0 0 0 0 0 0 0 0 0 0 0 0
13 28 17 0 0 0 0 0 0 0 0 0 0 0 0 0 0 0 0 0 0 0 0 0 0 0 0
13 28 18 0 0 0 0 0 0 0 0 0 0 0 0 0 0 0 0 0 0 0 0 0 0 0 0
13 28 19 0 0 0 0 0 0 0 0 0 0 0 0 0 0 0 0 0 0 0 0 0 0 0 0
13 28 20 0 0 0 0 0 0 0 0 0 0 0 0 0 0 0 0 0 0 0 0 0 0 0 0
13 28 21 0 0 0 0 0 0 0 0 0 0 0 0 0 0 0 0 0 0 0 0 0 0 0 0
13 28 22 0 0 0 0 0 0 0 0 0 0 0 0 0 0 0 0 0 0 0 0 0 0 0 0
13 28 23 0 0 0 0 0 0 0 0 0 0 0 0 0 0 0 0 0 0 0 0 0 0 0 0
13 28 24 0 0 0 0 0 0 0 0 0 0 0 0 0 0 0 0 0 0 0 0 0 0 0 0
13 28 25 0 0 0 0 0 0 0 0 0 0 0 0 0 0 0 0 0 0 0 0 0 0 0 0
13 28 26 0 0 0 0 0 0 0 0 0 0 0 0 0 0 0 0 0 0 0 0 0 0 0 0
13 28 27 0 0 0 0 0 0 0 0 0 0 0 0 0 0 0 0 0 0 0 0 0 0 0 0
13 28 28 0 0 0 0 0 0 0 0 0 0 0 0 0 0 0 0 0 0 0 0 0 0 0 0
13 28 29 0 0 0 0 0 0 0 0 0 0 0 0 0 0 0 0 0 0 0 0 0 0 0 0
13 28 30 0 0 0 0 0 0 0 0 0 0 0 0 0 0 0 0 0 0 0 0 0 0 0 0
13 28 31 0 0 0 0 0 0 0 0 0 0 0 0 0 0 0 0 0 0 0 0 0 0 0 0
13 29 0 0 0 0 0 0 0 0 0 0 0 0 0 0 0 0 0 0 0 0 0 0 0 0 0
13 29 1 0 0 0 0 0 0 0 0 0 0 0 0 0 0 0 0 0 0 0 0 0 0 0 0
13 29 2 0 0 0 0 0 0 0 0 0 0 0 0 0 0 0 0 0 0 0 0 0 0 0 0
13 29 3 0 0 0 0 0 0 0 0 0 0 0 0 0 0 0 0 0 0 0 0 0 0 0 0
13 29 4 0 0 0 0 0 0 0 0 0 0 0 0 0 0 0 0 0 0 0 0 0 0 0 0
13 29 5 0 0 0 0 0 0 0 0 0 0 0 0 0 0 0 0 0 0 0 0 0 0 0 0
13 29 6 0 0 0 0 0 0 0 0 0 0 0 0 0 0 0 0 0 0 0 0 0 0 0 0
13 29 7 0 0 0 0 0 0 0 0 0 0 0 0 0 0 0 0 0 0 0 0 0 0 0 0
13 29 8 0 0 0 0 0 0 0 0 0 0 0 0 0 0 0 0 0 0 0 0 0 0 0 0
13 29 9 0 0 0 0 0 0 0 0 0 0 0 0 0 0 0 0 0 0 0 0 0 0 0 0
13 29 10 0 0 0 0 0 0 0 0 0 0 0 0 0 0 0 0 0 0 0 0 0 0 0 0
13 29 11 0 0 0 0 0 0 0 0 0 0 0 0 0 0 0 0 0 0 0 0 0 0 0 0
13 29 12 0 0 0 0 0 0 0 0 0 0 0 0 0 0 0 0 0 0 0 0 0 0 0 0
13 29 13 0 0 0 0 0 0 0 0 0 0 0 0 0 0 0 0 0 0 0 0 0 0 0 0
13 29 14 0 0 0 0 0 0 0 0 0 0 0 0 0 0 0 0 0 0 0 0 0 0 0 0
13 29 15 0 0 0 0 0 0 0 0 0 0 0 0 0 0 0 0 0 0 0 0 0 0 0 0
13 29 16 0 0 0 0 0 0 0 0 0 0 0 0 0 0 0 0 0 0 0 0 0 0 0 0
13 29 17 0 0 0 0 0 0 0 0 0 0 0 0 0 0 0 0 0 0 0 0 0 0 0 0
13 29 18 0 0 0 0 0 0 0 0 0 0 0 0 0 0 0 0 0 0 0 0 0 0 0 0
13 29 19 0 0 0 0 0 0 0 0 0 0 0 0 0 0 0 0 0 0 0 0 0 0 0 0
13 29 20 0 0 0 0 0 0 0 0 0 0 0 0 0 0 0 0 0 0 0 0 0 0 0 0
13 29 21 0 0 0 0 0 0 0 0 0 0 0 0 0 0 0 0 0 0 0 0 0 0 0 0
13 29 22 0 0 0 0 0 0 0 0 0 0 0 0 0 0 0 0 0 0 0 0 0 0 0 0
13 29 23 0 0 0 0 0 0 0 0 0 0 0 0 0 0 0 0 0 0 0 0 0 0 0 0
13 29 24 0 0 0 0 0 0 0 0 0 0 0 0 0 0 0 0 0 0 0 0 0 0 0 0
13 29 25 0 0 0 0 0 0 0 0 0 0 0 0 0 0 0 0 0 0 0 0 0 0 0 0
13 29 26 0 0 0 0 0 0 0 0 0 0 0 0 0 0 0 0 0 0 0 0 0 0 0 0
13 29 27 0 0 0 0 0 0 0 0 0 0 0 0 0 0 0 0 0 0 0 0 0 0 0 0
13 29 28 0 0 0 0 0 0 0 0 0 0 0 0 0 0 0 0 0 0 0 0 0 0 0 0
13 29 29 0 0 0 0 0 0 0 0 0 0 0 0 0 0 0 0 0 0 0 0 0 0 0 0
13 29 30 0 0 0 0 0 0 0 0 0 0 0 0 0 0 0 0 0 0 0 0 0 0 0 0
13 29 31 0 0 0 0 0 0 0 0 0 0 0 0 0 0 0 0 0 0 0 0 0 0 0 0
13 30 0 0 0 0 0 0 0 0 0 0 0 0 0 0 0 0 0 0 0 0 0 0 0 0 0
13 30 1 0 0 0 0 0 0 0 0 0 0 0 0 0 0 0 0 0 0 0 0 0 0 0 0
13 30 2 0 0 0 0 0 0 0 0 0 0 0 0 0 0 0 0 0 0 0 0 0 0 0 0
13 30 3 0 0 0 0 0 0 0 0 0 0 0 0 0 0 0 0 0 0 0 0 0 0 0 0
13 30 4 0 0 0 0 0 0 0 0 0 0 0 0 0 0 0 0 0 0 0 0 0 0 0 0
13 30 5 0 0 0 0 0 0 0 0 0 0 0 0 0 0 0 0 0 0 0 0 0 0 0 0
13 30 6 0 0 0 0 0 0 0 0 0 0 0 0 0 0 0 0 0 0 0 0 0 0 0 0
13 30 7 0 0 0 0 0 0 0 0 0 0 0 0 0 0 0 0 0 0 0 0 0 0 0 0
13 30 8 0 0 0 0 0 0 0 0 0 0 0 0 0 0 0 0 0 0 0 0 0 0 0 0
13 30 9 0 0 0 0 0 0 0 0 0 0 0 0 0 0 0 0 0 0 0 0 0 0 0 0
13 30 10 0 0 0 0 0 0 0 0 0 0 0 0 0 0 0 0 0 0 0 0 0 0 0 0
13 30 11 0 0 0 0 0 0 0 0 0 0 0 0 0 0 0 0 0 0 0 0 0 0 0 0
13 30 12 0 0 0 0 0 0 0 0 0 0 0 0 0 0 0 0 0 0 0 0 0 0 0 0
13 30 13 0 0 0 0 0 0 0 0 0 0 0 0 0 0 0 0 0 0 0 0 0 0 0 0
13 30 14 0 0 0 0 0 0 0 0 0 0 0 0 0 0 0 0 0 0 0 0 0 0 0 0
13 30 15 0 0 0 0 0 0 0 0 0 0 0 0 0 0 0 0 0 0 0 0 0 0 0 0
13 30 16 0 0 0 0 0 0 0 0 0 0 0 0 0 0 0 0 0 0 0 0 0 0 0 0
13 30 17 0 0 0 0 0 0 0 0 0 0 0 0 0 0 0 0 0 0 0 0 0 0 0 0
13 30 18 0 0 0 0 0 0 0 0 0 0 0 0 0 0 0 0 0 0 0 0 0 0 0 0
13 30 19 0 0 0 0 0 0 0 0 0 0 0 0 0 0 0 0 0 0 0 0 0 0 0 0
13 30 20 0 0 0 0 0 0 0 0 0 0 0 0 0 0 0 0 0 0 0 0 0 0 0 0
13 30 21 0 0 0 0 0 0 0 0 0 0 0 0 0 0 0 0 0 0 0 0 0 0 0 0
13 30 22 0 0 0 0 0 0 0 0 0 0 0 0 0 0 0 0 0 0 0 0 0 0 0 0
13 30 23 0 0 0 0 0 0 0 0 0 0 0 0 0 0 0 0 0 0 0 0 0 0 0 0
13 30 24 0 0 0 0 0 0 0 0 0 0 0 0 0 0 0 0 0 0 0 0 0 0 0 0
13 30 25 0 0 0 0 0 0 0 0 0 0 0 0 0 0 0 0 0 0 0 0 0 0 0 0
13 30 26 0 0 0 0 0 0 0 0 0 0 0 0 0 0 0 0 0 0 0 0 0 0 0 0
13 30 27 0 0 0 0 0 0 0 0 0 0 0 0 0 0 0 0 0 0 0 0 0 0 0 0
13 30 28 0 0 0 0 0 0 0 0 0 0 0 0 0 0 0 0 0 0 0 0 0 0 0 0
13 30 29 0 0 0 0 0 0 0 0 0 0 0 0 0 0 0 0 0 0 0 0 0 0 0 0
13 30 30 0 0 0 0 0 0 0 0 0 0 0 0 0 0 0 0 0 0 0 0 0 0 0 0
13 30 31 0 0 0 0 0 0 0 0 0 0 0 0 0 0 0 0 0 0 0 0 0 0 0 0
13 31 0 0 0 0 0 0 0 0 0 0 0 0 0 0 0 0 0 0 0 0 0 0 0 0 0
13 31 1 0 0 0 0 0 0 0 0 0 0 0 0 0 0 0 0 0 0 0 0 0 0 0 0
13 31 2 0 0 0 0 0 0 0 0 0 0 0 0 0 0 0 0 0 0 0 0 0 0 0 0
13 31 3 0 0 0 0 0 0 0 0 0 0 0 0 0 0 0 0 0 0 0 0 0 0 0 0
13 31 4 0 0 0 0 0 0 0 0 0 0 0 0 0 0 0 0 0 0 0 0 0 0 0 0
13 31 5 0 0 0 0 0 0 0 0 0 0 0 0 0 0 0 0 0 0 0 0 0 0 0 0
13 31 6 0 0 0 0 0 0 0 0 0 0 0 0 0 0 0 0 0 0 0 0 0 0 0 0
13 31 7 0 0 0 0 0 0 0 0 0 0 0 0 0 0 0 0 0 0 0 0 0 0 0 0
13 31 8 0 0 0 0 0 0 0 0 0 0 0 0 0 0 0 0 0 0 0 0 0 0 0 0
13 31 9 0 0 0 0 0 0 0 0 0 0 0 0 0 0 0 0 0 0 0 0 0 0 0 0
13 31 10 0 0 0 0 0 0 0 0 0 0 0 0 0 0 0 0 0 0 0 0 0 0 0 0
13 31 11 0 0 0 0 0 0 0 0 0 0 0 0 0 0 0 0 0 0 0 0 0 0 0 0
13 31 12 0 0 0 0 0 0 0 0 0 0 0 0 0 0 0 0 0 0 0 0 0 0 0 0
13 31 13 0 0 0 0 0 0 0 0 0 0 0 0 0 0 0 0 0 0 0 0 0 0 0 0
13 31 14 0 0 0 0 0 0 0 0 0 0 0 0 0 0 0 0 0 0 0 0 0 0 0 0
13 31 15 0 0 0 0 0 0 0 0 0 0 0 0 0 0 0 0 0 0 0 0 0 0 0 0
13 31 16 0 0 0 0 0 0 0 0 0 0 0 0 0 0 0 0 0 0 0 0 0 0 0 0
13 31 17 0 0 0 0 0 0 0 0 0 0 0 0 0 0 0 0 0 0 0 0 0 0 0 0
13 31 18 0 0 0 0 0 0 0 0 0 0 0 0 0 0 0 0 0 0 0 0 0 0 0 0
13 31 19 0 0 0 0 0 0 0 0 0 0 0 0 0 0 0 0 0 0 0 0 0 0 0 0
13 31 20 0 0 0 0 0 0 0 0 0 0 0 0 0 0 0 0 0 0 0 0 0 0 0 0
13 31 21 0 0 0 0 0 0 0 0 0 0 0 0 0 0 0 0 0 0 0 0 0 0 0 0
13 31 22 0 0 0 0 0 0 0 0 0 0 0 0 0 0 0 0 0 0 0 0 0 0 0 0
13 31 23 0 0 0 0 0 0 0 0 0 0 0 0 0 0 0 0 0 0 0 0 0 0 0 0
13 31 24 0 0 0 0 0 0 0 0 0 0 0 0 0 0 0 0 0 0 0 0 0 0 0 0
13 31 25 0 0 0 0 0 0 0 0 0 0 0 0 0 0 0 0 0 0 0 0 0 0 0 0
13 31 26 0 0 0 0 0 0 0 0 0 0 0 0 0 0 0 0 0 0 0 0 0 0 0 0
13 31 27 0 0 0 0 0 0 0 0 0 0 0 0 0 0 0 0 0 0 0 0 0 0 0 0
13 31 28 0 0 0 0 0 0 0 0 0 0 0 0 0 0 0 0 0 0 0 0 0 0 0 0
13 31 29 0 0 0 0 0 0 0 0 0 0 0 0 0 0 0 0 0 0 0 0 0 0 0 0
13 31 30 0 0 0 0 0 0 0 0 0 0 0 0 0 0 0 0 0 0 0 0 0 0 0 0
13 31 31 0 0 0 0 0 0 0 0 0 0 0 0 0 0 0 0 0 0 0 0 0 0 0 0
14 0 0 1 0 0 1 1 350 0 0 0 0 0 0 0 0 0 0 0 0 0 0 0 0 0 0
14 0 1 1 0 0 1 2 350 1 0 1 1 0 350 0 0 0 0 0 0 0 0 0 0 0 0
14 0 2 0 0 0 0 0 0 1 0 1 1 1 350 0 0 0 0 0 0 0 0 0 0 0 0
14 0 3 1 0 2 1 0 351 1 0 1 1 2 350 0 0 0 0 0 0 0 0 0 0 0 0
14 0 4 1 0 2 1 1 351 0 0 0 0 0 0 0 0 0 0 0 0 0 0 0 0 0 0
14 0 5 1 0 2 1 2 351 1 0 3 1 0 351 0 0 0 0 0 0 0 0 0 0 0 0
14 0 6 0 0 0 0 0 0 1 0 3 1 1 351 0 0 0 0 0 0 0 0 0 0 0 0
14 0 7 1 0 4 1 0 352 1 0 3 1 2 351 0 0 0 0 0 0 0 0 0 0 0 0
14 0 8 1 0 4 1 1 352 0 0 0 0 0 0 0 0 0 0 0 0 0 0 0 0 0 0
14 0 9 1 0 4 1 2 352 1 0 5 1 0 352 0 0 0 0 0 0 0 0 0 0 0 0
14 0 10 0 0 0 0 0 0 1 0 5 1 1 352 0 0 0 0 0 0 0 0 0 0 0 0
14 0 11 1 0 6 1 0 353 1 0 5 1 2 352 0 0 0 0 0 0 0 0 0 0 0 0
14 0 12 1 0 6 1 1 353 0 0 0 0 0 0 0 0 0 0 0 0 0 0 0 0 0 0
14 0 13 1 0 6 1 2 353 1 0 7 1 0 353 0 0 0 0 0 0 0 0 0 0 0 0
14 0 14 0 0 0 0 0 0 1 0 7 1 1 353 0 0 0 0 0 0 0 0 0 0 0 0
14 0 15 1 0 8 1 0 354 1 0 7 1 2 353 0 0 0 0 0 0 0 0 0 0 0 0
14 0 16 1 0 8 1 1 354 0 0 0 0 0 0 0 0 0 0 0 0 0 0 0 0 0 0
14 0 17 1 0 8 1 2 354 0 0 0 0 0 0 0 0 0 0 0 0 0 0 0 0 0 0
14 0 18 0 0 0 0 0 0 0 0 0 0 0 0 0 0 0 0 0 0 0 0 0 0 0 0
14 0 19 0 0 0 0 0 0 0 0 0 0 0 0 0 0 0 0 0 0 0 0 0 0 0 0
14 0 20 0 0 0 0 0 0 0 0 0 0 0 0 0 0 0 0 0 0 0 0 0 0 0 0
14 0 21 0 0 0 0 0 0 0 0 0 0 0 0 0 0 0 0 0 0 0 0 0 0 0 0
14 0 22 0 0 0 0 0 0 0 0 0 0 0 0 0 0 0 0 0 0 0 0 0 0 0 0
14 0 23 0 0 0 0 0 0 0 0 0 0 0 0 0 0 0 0 0 0 0 0 0 0 0 0
14 0 24 0 0 0 0 0 0 0 0 0 0 0 0 0 0 0 0 0 0 0 0 0 0 0 0
14 0 25 0 0 0 0 0 0 0 0 0 0 0 0 0 0 0 0 0 0 0 0 0 0 0 0
14 0 26 0 0 0 0 0 0 0 0 0 0 0 0 0 0 0 0 0 0 0 0 0 0 0 0
14 0 27 0 0 0 0 0 0 0 0 0 0 0 0 0 0 0 0 0 0 0 0 0 0 0 0
14 0 28 0 0 0 0 0 0 0 0 0 0 0 0 0 0 0 0 0 0 0 0 0 0 0 0
14 0 29 0 0 0 0 0 0 0 0 0 0 0 0 0 0 0 0 0 0 0 0 0 0 0 0
14 0 30 0 0 0 0 0 0 0 0 0 0 0 0 0 0 0 0 0 0 0 0 0 0 0 0
14 0 31 0 0 0 0 0 0 0 0 0 0 0 0 0 0 0 0 0 0 0 0 0 0 0 0
14 1 0 1 0 0 2 1 350 0 0 0 0 0 0 1 1 0 0 1 350 0 0 0 0 0 0
14 1 1 1 0 0 2 2 350 1 0 1 2 0 350 1 1 0 0 2 350 1 1 1 0 0 350
14 1 2 0 0 0 0 0 0 1 0 1 2 1 350 0 0 0 0 0 0 1 1 1 0 1 350
14 1 3 1 0 2 2 0 351 1 0 1 2 2 350 1 1 2 0 0 351 1 1 1 0 2 350
14 1 4 1 0 2 2 1 351 0 0 0 0 0 0 1 1 2 0 1 351 0 0 0 0 0 0
14 1 5 1 0 2 2 2 351 1 0 3 2 0 351 1 1 2 0 2 351 1 1 3 0 0 351
14 1 6 0 0 0 0 0 0 1 0 3 2 1 351 0 0 0 0 0 0 1 1 3 0 1 351
14 1 7 1 0 4 2 0 352 1 0 3 2 2 351 1 1 4 0 0 352 1 1 3 0 2 351
14 1 8 1 0 4 2 1 352 0 0 0 0 0 0 1 1 4 0 1 352 0 0 0 0 0 0
14 1 9 1 0 4 2 2 352 1 0 5 2 0 352 1 1 4 0 2 352 1 1 5 0 0 352
14 1 10 0 0 0 0 0 0 1 0 5 2 1 352 0 0 0 0 0 0 1 1 5 0 1 352
14 1 11 1 0 6 2 0 353 1 0 5 2 2 352 1 1 6 0 0 353 1 1 5 0 2 352
14 1 12 1 0 6 2 1 353 0 0 0 0 0 0 1 1 6 0 1 353 0 0 0 0 0 0
14 1 13 1 0 6 2 2 353 1 0 7 2 0 353 1 1 6 0 2 353 1 1 7 0 0 353
14 1 14 0 0 0 0 0 0 1 0 7 2 1 353 0 0 0 0 0 0 1 1 7 0 1 353
14 1 15 1 0 8 2 0 354 1 0 7 2 2 353 1 1 8 0 0 354 1 1 7 0 2 353
14 1 16 1 0 8 2 1 354 0 0 0 0 0 0 1 1 8 0 1 354 0 0 0 0 0 0
14 1 17 1 0 8 2 2 354 0 0 0 0 0 0 1 1 8 0 2 354 0 0 0 0 0 0
14 1 18 0 0 0 0 0 0 0 0 0 0 0 0 0 0 0 0 0 0 0 0 0 0 0 0
14 1 19 0 0 0 0 0 0 0 0 0 0 0 0 0 0 0 0 0 0 0 0 0 0 0 0
14 1 20 0 0 0 0 0 0 0 0 0 0 0 0 0 0 0 0 0 0 0 0 0 0 0 0
14 1 21 0 0 0 0 0 0 0 0 0 0 0 0 0 0 0 0 0 0 0 0 0 0 0 0
14 1 22 0 0 0 0 0 0 0 0 0 0 0 0 0 0 0 0 0 0 0 0 0 0 0 0
14 1 23 0 0 0 0 0 0 0 0 0 0 0 0 0 0 0 0 0 0 0 0 0 0 0 0
14 1 24 0 0 0 0 0 0 0 0 0 0 0 0 0 0 0 0 0 0 0 0 0 0 0 0
14 1 25 0 0 0 0 0 0 0 0 0 0 0 0 0 0 0 0 0 0 0 0 0 0 0 0
14 1 26 0 0 0 0 0 0 0 0 0 0 0 0 0 0 0 0 0 0 0 0 0 0 0 0
14 1 27 0 0 0 0 0 0 0 0 0 0 0 0 0 0 0 0 0 0 0 0 0 0 0 0
14 1 28 0 0 0 0 0 0 0 0 0 0 0 0 0 0 0 0 0 0 0 0 0 0 0 0
14 1 29 0 0 0 0 0 0 0 0 0 0 0 0 0 0 0 0 0 0 0 0 0 0 0 0
14 1 30 0 0 0 0 0 0 0 0 0 0 0 0 0 0 0 0 0 0 0 0 0 0 0 0
14 1 31 0 0 0 0 0 0 0 0 0 0 0 0 0 0 0 0 0 0 0 0 0 0 0 0
14 2 0 0 0 0 0 0 0 0 0 0 0 0 0 1 1 0 1 1 350 0 0 0 0 0 0
14 2 1 0 0 0 0 0 0 0 0 0 0 0 0 1 1 0 1 2 350 1 1 1 1 0 350
14 2 2 0 0 0 0 0 0 0 0 0 0 0 0 0 0 0 0 0 0 1 1 1 1 1 350
14 2 3 0 0 0 0 0 0 0 0 0 0 0 0 1 1 2 1 0 351 1 1 1 1 2 350
14 2 4 0 0 0 0 0 0 0 0 0 0 0 0 1 1 2 1 1 351 0 0 0 0 0 0
14 2 5 0 0 0 0 0 0 0 0 0 0 0 0 1 1 2 1 2 351 1 1 3 1 0 351
14 2 6 0 0 0 0 0 0 0 0 0 0 0 0 0 0 0 0 0 0 1 1 3 1 1 351
14 2 7 0 0 0 0 0 0 0 0 0 0 0 0 1 1 4 1 0 352 1 1 3 1 2 351
14 2 8 0 0 0 0 0 0 0 0 0 0 0 0 1 1 4 1 1 352 0 0 0 0 0 0
14 2 9 0 0 0 0 0 0 0 0 0 0 0 0 1 1 4 1 2 352 1 1 5 1 0 352
14 2 10 0 0 0 0 0 0 0 0 0 0 0 0 0 0 0 0 0 0 1 1 5 1 1 352
14 2 11 0 0 0 0 0 0 0 0 0 0 0 0 1 1 6 1 0 353 1 1 5 1 2 352
14 2 12 0 0 0 0 0 0 0 0 0 0 0 0 1 1 6 1 1 353 0 0 0 0 0 0
14 2 13 0 0 0 0 0 0 0 0 0 0 0 0 1 1 6 1 2 353 1 1 7 1 0 353
14 2 14 0 0 0 0 0 0 0 0 0 0 0 0 0 0 0 0 0 0 1 1 7 1 1 353
14 2 15 0 0 0 0 0 0 0 0 0 0 0 0 1 1 8 1 0 354 1 1 7 1 2 353
14 2 16 0 0 0 0 0 0 0 0 0 0 0 0 1 1 8 1 1 354 0 0 0 0 0 0
14 2 17 0 0 0 0 0 0 0 0 0 0 0 0 1 1 8 1 2 354 0 0 0 0 0 0
14 2 18 0 0 0 0 0 0 0 0 0 0 0 0 0 0 0 0 0 0 0 0 0 0 0 0
14 2 19 0 0 0 0 0 0 0 0 0 0 0 0 0 0 0 0 0 0 0 0 0 0 0 0
14 2 20 0 0 0 0 0 0 0 0 0 0 0 0 0 0 0 0 0 0 0 0 0 0 0 0
14 2 21 0 0 0 0 0 0 0 0 0 0 0 0 0 0 0 0 0 0 0 0 0 0 0 0
14 2 22 0 0 0 0 0 0 0 0 0 0 0 0 0 0 0 0 0 0 0 0 0 0 0 0
14 2 23 0 0 0 0 0 0 0 0 0 0 0 0 0 0 0 0 0 0 0 0 0 0 0 0
14 2 24 0 0 0 0 0 0 0 0 0 0 0 0 0 0 0 0 0 0 0 0 0 0 0 0
14 2 25 0 0 0 0 0 0 0 0 0 0 0 0 0 0 0 0 0 0 0 0 0 0 0 0
14 2 26 0 0 0 0 0 0 0 0 0 0 0 0 0 0 0 0 0 0 0 0 0 0 0 0
14 2 27 0 0 0 0 0 0 0 0 0 0 0 0 0 0 0 0 0 0 0 0 0 0 0 0
14 2 28 0 0 0 0 0 0 0 0 0 0 0 0 0 0 0 0 0 0 0 0 0 0 0 0
14 2 29 0 0 0 0 0 0 0 0 0 0 0 0 0 0 0 0 0 0 0 0 0 0 0 0
14 2 30 0 0 0 0 0 0 0 0 0 0 0 0 0 0 0 0 0 0 0 0 0 0 0 0
14 2 31 0 0 0 0 0 0 0 0 0 0 0 0 0 0 0 0 0 0 0 0 0 0 0 0
14 3 0 1 2 0 0 1 355 0 0 0 0 0 0 1 1 0 2 1 350 0 0 0 0 0 0
14 3 1 1 2 0 0 2 355 1 2 1 0 0 355 1 1 0 2 2 350 1 1 1 2 0 350
14 3 2 0 0 0 0 0 0 1 2 1 0 1 355 0 0 0 0 0 0 1 1 1 2 1 350
14 3 3 1 2 2 0 0 356 1 2 1 0 2 355 1 1 2 2 0 351 1 1 1 2 2 350
14 3 4 1 2 2 0 1 356 0 0 0 0 0 0 1 1 2 2 1 351 0 0 0 0 0 0
14 3 5 1 2 2 0 2 356 1 2 3 0 0 356 1 1 2 2 2 351 1 1 3 2 0 351
14 3 6 0 0 0 0 0 0 1 2 3 0 1 356 0 0 0 0 0 0 1 1 3 2 1 351
14 3 7 1 2 4 0 0 357 1 2 3 0 2 356 1 1 4 2 0 352 1 1 3 2 2 351
14 3 8 1 2 4 0 1 357 0 0 0 0 0 0 1 1 4 2 1 352 0 0 0 0 0 0
14 3 9 1 2 4 0 2 357 1 2 5 0 0 357 1 1 4 2 2 352 1 1 5 2 0 352
14 3 10 0 0 0 0 0 0 1 2 5 0 1 357 0 0 0 0 0 0 1 1 5 2 1 352
14 3 11 1 2 6 0 0 358 1 2 5 0 2 357 1 1 6 2 0 353 1 1 5 2 2 352
14 3 12 1 2 6 0 1 358 0 0 0 0 0 0 1 1 6 2 1 353 0 0 0 0 0 0
14 3 13 1 2 6 0 2 358 1 2 7 0 0 358 1 1 6 2 2 353 1 1 7 2 0 353
14 3 14 0 0 0 0 0 0 1 2 7 0 1 358 0 0 0 0 0 0 1 1 7 2 1 353
14 3 15 1 2 8 0 0 359 1 2 7 0 2 358 1 1 8 2 0 354 1 1 7 2 2 353
14 3 16 1 2 8 0 1 359 0 0 0 0 0 0 1 1 8 2 1 354 0 0 0 0 0 0
14 3 17 1 2 8 0 2 359 0 0 0 0 0 0 1 1 8 2 2 354 0 0 0 0 0 0
14 3 18 0 0 0 0 0 0 0 0 0 0 0 0 0 0 0 0 0 0 0 0 0 0 0 0
14 3 19 0 0 0 0 0 0 0 0 0 0 0 0 0 0 0 0 0 0 0 0 0 0 0 0
14 3 20 0 0 0 0 0 0 0 0 0 0 0 0 0 0 0 0 0 0 0 0 0 0 0 0
14 3 21 0 0 0 0 0 0 0 0 0 0 0 0 0 0 0 0 0 0 0 0 0 0 0 0
14 3 22 0 0 0 0 0 0 0 0 0 0 0 0 0 0 0 0 0 0 0 0 0 0 0 0
14 3 23 0 0 0 0 0 0 0 0 0 0 0 0 0 0 0 0 0 0 0 0 0 0 0 0
14 3 24 0 0 0 0 0 0 0 0 0 0 0 0 0 0 0 0 0 0 0 0 0 0 0 0
14 3 25 0 0 0 0 0 0 0 0 0 0 0 0 0 0 0 0 0 0 0 0 0 0 0 0
14 3 26 0 0 0 0 0 0 0 0 0 0 0 0 0 0 0 0 0 0 0 0 0 0 0 0
14 3 27 0 0 0 0 0 0 0 0 0 0 0 0 0 0 0 0 0 0 0 0 0 0 0 0
14 3 28 0 0 0 0 0 0 0 0 0 0 0 0 0 0 0 0 0 0 0 0 0 0 0 0
14 3 29 0 0 0 0 0 0 0 0 0 0 0 0 0 0 0 0 0 0 0 0 0 0 0 0
14 3 30 0 0 0 0 0 0 0 0 0 0 0 0 0 0 0 0 0 0 0 0 0 0 0 0
14 3 31 0 0 0 0 0 0 0 0 0 0 0 0 0 0 0 0 0 0 0 0 0 0 0 0
14 4 0 1 2 0 1 1 355 0 0 0 0 0 0 0 0 0 0 0 0 0 0 0 0 0 0
14 4 1 1 2 0 1 2 355 1 2 1 1 0 355 0 0 0 0 0 0 0 0 0 0 0 0
14 4 2 0 0 0 0 0 0 1 2 1 1 1 355 0 0 0 0 0 0 0 0 0 0 0 0
14 4 3 1 2 2 1 0 356 1 2 1 1 2 355 0 0 0 0 0 0 0 0 0 0 0 0
14 4 4 1 2 2 1 1 356 0 0 0 0 0 0 0 0 0 0 0 0 0 0 0 0 0 0
14 4 5 1 2 2 1 2 356 1 2 3 1 0 356 0 0 0 0 0 0 0 0 0 0 0 0
14 4 6 0 0 0 0 0 0 1 2 3 1 1 356 0 0 0 0 0 0 0 0 0 0 0 0
14 4 7 1 2 4 1 0 357 1 2 3 1 2 356 0 0 0 0 0 0 0 0 0 0 0 0
14 4 8 1 2 4 1 1 357 0 0 0 0 0 0 0 0 0 0 0 0 0 0 0 0 0 0
14 4 9 1 2 4 1 2 357 1 2 5 1 0 357 0 0 0 0 0 0 0 0 0 0 0 0
14 4 10 0 0 0 0 0 0 1 2 5 1 1 357 0 0 0 0 0 0 0 0 0 0 0 0
14 4 11 1 2 6 1 0 358 1 2 5 1 2 357 0 0 0 0 0 0 0 0 0 0 0 0
14 4 12 1 2 6 1 1 358 0 0 0 0 0 0 0 0 0 0 0 0 0 0 0 0 0 0
14 4 13 1 2 6 1 2 358 1 2 7 1 0 358 0 0 0 0 0 0 0 0 0 0 0 0
14 4 14 0 0 0 0 0 0 1 2 7 1 1 358 0 0 0 0 0 0 0 0 0 0 0 0
14 4 15 1 2 8 1 0 359 1 2 7 1 2 358 0 0 0 0 0 0 0 0 0 0 0 0
14 4 16 1 2 8 1 1 359 0 0 0 0 0 0 0 0 0 0 0 0 0 0 0 0 0 0
14 4 17 1 2 8 1 2 359 0 0 0 0 0 0 0 0 0 0 0 0 0 0 0 0 0 0
14 4 18 0 0 0 0 0 0 0 0 0 0 0 0 0 0 0 0 0 0 0 0 0 0 0 0
14 4 19 0 0 0 0 0 0 0 0 0 0 0 0 0 0 0 0 0 0 0 0 0 0 0 0
14 4 20 0 0 0 0 0 0 0 0 0 0 0 0 0 0 0 0 0 0 0 0 0 0 0 0
14 4 21 0 0 0 0 0 0 0 0 0 0 0 0 0 0 0 0 0 0 0 0 0 0 0 0
14 4 22 0 0 0 0 0 0 0 0 0 0 0 0 0 0 0 0 0 0 0 0 0 0 0 0
14 4 23 0 0 0 0 0 0 0 0 0 0 0 0 0 0 0 0 0 0 0 0 0 0 0 0
14 4 24 0 0 0 0 0 0 0 0 0 0 0 0 0 0 0 0 0 0 0 0 0 0 0 0
14 4 25 0 0 0 0 0 0 0 0 0 0 0 0 0 0 0 0 0 0 0 0 0 0 0 0
14 4 26 0 0 0 0 0 0 0 0 0 0 0 0 0 0 0 0 0 0 0 0 0 0 0 0
14 4 27 0 0 0 0 0 0 0 0 0 0 0 0 0 0 0 0 0 0 0 0 0 0 0 0
14 4 28 0 0 0 0 0 0 0 0 0 0 0 0 0 0 0 0 0 0 0 0 0 0 0 0
14 4 29 0 0 0 0 0 0 0 0 0 0 0 0 0 0 0 0 0 0 0 0 0 0 0 0
14 4 30 0 0 0 0 0 0 0 0 0 0 0 0 0 0 0 0 0 0 0 0 0 0 0 0
14 4 31 0 0 0 0 0 0 0 0 0 0 0 0 0 0 0 0 0 0 0 0 0 0 0 0
14 5 0 1 2 0 2 1 355 0 0 0 0 0 0 1 3 0 0 1 355 0 0 0 0 0 0
14 5 1 1 2 0 2 2 355 1 2 1 2 0 355 1 3 0 0 2 355 1 3 1 0 0 355
14 5 2 0 0 0 0 0 0 1 2 1 2 1 355 0 0 0 0 0 0 1 3 1 0 1 355
14 5 3 1 2 2 2 0 356 1 2 1 2 2 355 1 3 2 0 0 356 1 3 1 0 2 355
14 5 4 1 2 2 2 1 356 0 0 0 0 0 0 1 3 2 0 1 356 0 0 0 0 0 0
14 5 5 1 2 2 2 2 356 1 2 3 2 0 356 1 3 2 0 2 356 1 3 3 0 0 356
14 5 6 0 0 0 0 0 0 1 2 3 2 1 356 0 0 0 0 0 0 1 3 3 0 1 356
14 5 7 1 2 4 2 0 357 1 2 3 2 2 356 1 3 4 0 0 357 1 3 3 0 2 356
14 5 8 1 2 4 2 1 357 0 0 0 0 0 0 1 3 4 0 1 357 0 0 0 0 0 0
14 5 9 1 2 4 2 2 357 1 2 5 2 0 357 1 3 4 0 2 357 1 3 5 0 0 357
14 5 10 0 0 0 0 0 0 1 2 5 2 1 357 0 0 0 0 0 0 1 3 5 0 1 357
14 5 11 1 2 6 2 0 358 1 2 5 2 2 357 1 3 6 0 0 358 1 3 5 0 2 357
14 5 12 1 2 6 2 1 358 0 0 0 0 0 0 1 3 6 0 1 358 0 0 0 0 0 0
14 5 13 1 2 6 2 2 358 1 2 7 2 0 358 1 3 6 0 2 358 1 3 7 0 0 358
14 5 14 0 0 0 0 0 0 1 2 7 2 1 358 0 0 0 0 0 0 1 3 7 0 1 358
14 5 15 1 2 8 2 0 359 1 2 7 2 2 358 1 3 8 0 0 359 1 3 7 0 2 358
14 5 16 1 2 8 2 1 359 0 0 0 0 0 0 1 3 8 0 1 359 0 0 0 0 0 0
14 5 17 1 2 8 2 2 359 0 0 0 0 0 0 1 3 8 0 2 359 0 0 0 0 0 0
14 5 18 0 0 0 0 0 0 0 0 0 0 0 0 0 0 0 0 0 0 0 0 0 0 0 0
14 5 19 0 0 0 0 0 0 0 0 0 0 0 0 0 0 0 0 0 0 0 0 0 0 0 0
14 5 20 0 0 0 0 0 0 0 0 0 0 0 0 0 0 0 0 0 0 0 0 0 0 0 0
14 5 21 0 0 0 0 0 0 0 0 0 0 0 0 0 0 0 0 0 0 0 0 0 0 0 0
14 5 22 0 0 0 0 0 0 0 0 0 0 0 0 0 0 0 0 0 0 0 0 0 0 0 0
14 5 23 0 0 0 0 0 0 0 0 0 0 0 0 0 0 0 0 0 0 0 0 0 0 0 0
14 5 24 0 0 0 0 0 0 0 0 0 0 0 0 0 0 0 0 0 0 0 0 0 0 0 0
14 5 25 0 0 0 0 0 0 0 0 0 0 0 0 0 0 0 0 0 0 0 0 0 0 0 0
14 5 26 0 0 0 0 0 0 0 0 0 0 0 0 0 0 0 0 0 0 0 0 0 0 0 0
14 5 27 0 0 0 0 0 0 0 0 0 0 0 0 0 0 0 0 0 0 0 0 0 0 0 0
14 5 28 0 0 0 0 0 0 0 0 0 0 0 0 0 0 0 0 0 0 0 0 0 0 0 0
14 5 29 0 0 0 0 0 0 0 0 0 0 0 0 0 0 0 0 0 0 0 0 0 0 0 0
14 5 30 0 0 0 0 0 0 0 0 0 0 0 0 0 0 0 0 0 0 0 0 0 0 0 0
14 5 31 0 0 0 0 0 0 0 0 0 0 0 0 0 0 0 0 0 0 0 0 0 0 0 0
14 6 0 0 0 0 0 0 0 0 0 0 0 0 0 1 3 0 1 1 355 0 0 0 0 0 0
14 6 1 0 0 0 0 0 0 0 0 0 0 0 0 1 3 0 1 2 355 1 3 1 1 0 355
14 6 2 0 0 0 0 0 0 0 0 0 0 0 0 0 0 0 0 0 0 1 3 1 1 1 355
14 6 3 0 0 0 0 0 0 0 0 0 0 0 0 1 3 2 1 0 356 1 3 1 1 2 355
14 6 4 0 0 0 0 0 0 0 0 0 0 0 0 1 3 2 1 1 356 0 0 0 0 0 0
14 6 5 0 0 0 0 0 0 0 0 0 0 0 0 1 3 2 1 2 356 1 3 3 1 0 356
14 6 6 0 0 0 0 0 0 0 0 0 0 0 0 0 0 0 0 0 0 1 3 3 1 1 356
14 6 7 0 0 0 0 0 0 0 0 0 0 0 0 1 3 4 1 0 357 1 3 3 1 2 356
14 6 8 0 0 0 0 0 0 0 0 0 0 0 0 1 3 4 1 1 357 0 0 0 0 0 0
14 6 9 0 0 0 0 0 0 0 0 0 0 0 0 1 3 4 1 2 357 1 3 5 1 0 357
14 6 10 0 0 0 0 0 0 0 0 0 0 0 0 0 0 0 0 0 0 1 3 5 1 1 357
14 6 11 0 0 0 0 0 0 0 0 0 0 0 0 1 3 6 1 0 358 1 3 5 1 2 357
14 6 12 0 0 0 0 0 0 0 0 0 0 0 0 1 3 6 1 1 358 0 0 0 0 0 0
14 6 13 0 0 0 0 0 0 0 0 0 0 0 0 1 3 6 1 2 358 1 3 7 1 0 358
14 6 14 0 0 0 0 0 0 0 0 0 0 0 0 0 0 0 0 0 0 1 3 7 1 1 358
14 6 15 0 0 0 0 0 0 0 0 0 0 0 0 1 3 8 1 0 359 1 3 7 1 2 358
14 6 16 0 0 0 0 0 0 0 0 0 0 0 0 1 3 8 1 1 359 0 0 0 0 0 0
14 6 17 0 0 0 0 0 0 0 0 0 0 0 0 1 3 8 1 2 359 0 0 0 0 0 0
14 6 18 0 0 0 0 0 0 0 0 0 0 0 0 0 0 0 0 0 0 0 0 0 0 0 0
14 6 19 0 0 0 0 0 0 0 0 0 0 0 0 0 0 0 0 0 0 0 0 0 0 0 0
14 6 20 0 0 0 0 0 0 0 0 0 0 0 0 0 0 0 0 0 0 0 0 0 0 0 0
14 6 21 0 0 0 0 0 0 0 0 0 0 0 0 0 0 0 0 0 0 0 0 0 0 0 0
14 6 22 0 0 0 0 0 0 0 0 0 0 0 0 0 0 0 0 0 0 0 0 0 0 0 0
14 6 23 0 0 0 0 0 0 0 0 0 0 0 0 0 0 0 0 0 0 0 0 0 0 0 0
14 6 24 0 0 0 0 0 0 0 0 0 0 0 0 0 0 0 0 0 0 0 0 0 0 0 0
14 6 25 0 0 0 0 0 0 0 0 0 0 0 0 0 0 0 0 0 0 0 0 0 0 0 0
14 6 26 0 0 0 0 0 0 0 0 0 0 0 0 0 0 0 0 0 0 0 0 0 0 0 0
14 6 27 0 0 0 0 0 0 0 0 0 0 0 0 0 0 0 0 0 0 0 0 0 0 0 0
14 6 28 0 0 0 0 0 0 0 0 0 0 0 0 0 0 0 0 0 0 0 0 0 0 0 0
14 6 29 0 0 0 0 0 0 0 0 0 0 0 0 0 0 0 0 0 0 0 0 0 0 0 0
14 6 30 0 0 0 0 0 0 0 0 0 0 0 0 0 0 0 0 0 0 0 0 0 0 0 0
14 6 31 0 0 0 0 0 0 0 0 0 0 0 0 0 0 0 0 0 0 0 0 0 0 0 0
14 7 0 1 4 0 0 1 360 0 0 0 0 0 0 1 3 0 2 1 355 0 0 0 0 0 0
14 7 1 1 4 0 0 2 360 1 4 1 0 0 360 1 3 0 2 2 355 1 3 1 2 0 355
14 7 2 0 0 0 0 0 0 1 4 1 0 1 360 0 0 0 0 0 0 1 3 1 2 1 355
14 7 3 1 4 2 0 0 361 1 4 1 0 2 360 1 3 2 2 0 356 1 3 1 2 2 355
14 7 4 1 4 2 0 1 361 0 0 0 0 0 0 1 3 2 2 1 356 0 0 0 0 0 0
14 7 5 1 4 2 0 2 361 1 4 3 0 0 361 1 3 2 2 2 356 1 3 3 2 0 356
14 7 6 0 0 0 0 0 0 1 4 3 0 1 361 0 0 0 0 0 0 1 3 3 2 1 356
14 7 7 1 4 4 0 0 362 1 4 3 0 2 361 1 3 4 2 0 357 1 3 3 2 2 356
14 7 8 1 4 4 0 1 362 0 0 0 0 0 0 1 3 4 2 1 357 0 0 0 0 0 0
14 7 9 1 4 4 0 2 362 1 4 5 0 0 362 1 3 4 2 2 357 1 3 5 2 0 357
14 7 10 0 0 0 0 0 0 1 4 5 0 1 362 0 0 0 0 0 0 1 3 5 2 1 357
14 7 11 1 4 6 0 0 363 1 4 5 0 2 362 1 3 6 2 0 358 1 3 5 2 2 357
14 7 12 1 4 6 0 1 363 0 0 0 0 0 0 1 3 6 2 1 358 0 0 0 0 0 0
14 7 13 1 4 6 0 2 363 1 4 7 0 0 363 1 3 6 2 2 358 1 3 7 2 0 358
14 7 14 0 0 0 0 0 0 1 4 7 0 1 363 0 0 0 0 0 0 1 3 7 2 1 358
14 7 15 1 4 8 0 0 364 1 4 7 0 2 363 1 3 8 2 0 359 1 3 7 2 2 358
14 7 16 1 4 8 0 1 364 0 0 0 0 0 0 1 3 8 2 1 359 0 0 0 0 0 0
14 7 17 1 4 8 0 2 364 0 0 0 0 0 0 1 3 8 2 2 359 0 0 0 0 0 0
14 7 18 0 0 0 0 0 0 0 0 0 0 0 0 0 0 0 0 0 0 0 0 0 0 0 0
14 7 19 0 0 0 0 0 0 0 0 0 0 0 0 0 0 0 0 0 0 0 0 0 0 0 0
14 7 20 0 0 0 0 0 0 0 0 0 0 0 0 0 0 0 0 0 0 0 0 0 0 0 0
14 7 21 0 0 0 0 0 0 0 0 0 0 0 0 0 0 0 0 0 0 0 0 0 0 0 0
14 7 22 0 0 0 0 0 0 0 0 0 0 0 0 0 0 0 0 0 0 0 0 0 0 0 0
14 7 23 0 0 0 0 0 0 0 0 0 0 0 0 0 0 0 0 0 0 0 0 0 0 0 0
14 7 24 0 0 0 0 0 0 0 0 0 0 0 0 0 0 0 0 0 0 0 0 0 0 0 0
14 7 25 0 0 0 0 0 0 0 0 0 0 0 0 0 0 0 0 0 0 0 0 0 0 0 0
14 7 26 0 0 0 0 0 0 0 0 0 0 0 0 0 0 0 0 0 0 0 0 0 0 0 0
14 7 27 0 0 0 0 0 0 0 0 0 0 0 0 0 0 0 0 0 0 0 0 0 0 0 0
14 7 28 0 0 0 0 0 0 0 0 0 0 0 0 0 0 0 0 0 0 0 0 0 0 0 0
14 7 29 0 0 0 0 0 0 0 0 0 0 0 0 0 0 0 0 0 0 0 0 0 0 0 0
14 7 30 0 0 0 0 0 0 0 0 0 0 0 0 0 0 0 0 0 0 0 0 0 0 0 0
14 7 31 0 0 0 0 0 0 0 0 0 0 0 0 0 0 0 0 0 0 0 0 0 0 0 0
14 8 0 1 4 0 1 1 360 0 0 0 0 0 0 0 0 0 0 0 0 0 0 0 0 0 0
14 8 1 1 4 0 1 2 360 1 4 1 1 0 360 0 0 0 0 0 0 0 0 0 0 0 0
14 8 2 0 0 0 0 0 0 1 4 1 1 1 360 0 0 0 0 0 0 0 0 0 0 0 0
14 8 3 1 4 2 1 0 361 1 4 1 1 2 360 0 0 0 0 0 0 0 0 0 0 0 0
14 8 4 1 4 2 1 1 361 0 0 0 0 0 0 0 0 0 0 0 0 0 0 0 0 0 0
14 8 5 1 4 2 1 2 361 1 4 3 1 0 361 0 0 0 0 0 0 0 0 0 0 0 0
14 8 6 0 0 0 0 0 0 1 4 3 1 1 361 0 0 0 0 0 0 0 0 0 0 0 0
14 8 7 1 4 4 1 0 362 1 4 3 1 2 361 0 0 0 0 0 0 0 0 0 0 0 0
14 8 8 1 4 4 1 1 362 0 0 0 0 0 0 0 0 0 0 0 0 0 0 0 0 0 0
14 8 9 1 4 4 1 2 362 1 4 5 1 0 362 0 0 0 0 0 0 0 0 0 0 0 0
14 8 10 0 0 0 0 0 0 1 4 5 1 1 362 0 0 0 0 0 0 0 0 0 0 0 0
14 8 11 1 4 6 1 0 363 1 4 5 1 2 362 0 0 0 0 0 0 0 0 0 0 0 0
14 8 12 1 4 6 1 1 363 0 0 0 0 0 0 0 0 0 0 0 0 0 0 0 0 0 0
14 8 13 1 4 6 1 2 363 1 4 7 1 0 363 0 0 0 0 0 0 0 0 0 0 0 0
14 8 14 0 0 0 0 0 0 1 4 7 1 1 363 0 0 0 0 0 0 0 0 0 0 0 0
14 8 15 1 4 8 1 0 364 1 4 7 1 2 363 0 0 0 0 0 0 0 0 0 0 0 0
14 8 16 1 4 8 1 1 364 0 0 0 0 0 0 0 0 0 0 0 0 0 0 0 0 0 0
14 8 17 1 4 8 1 2 364 0 0 0 0 0 0 0 0 0 0 0 0 0 0 0 0 0 0
14 8 18 0 0 0 0 0 0 0 0 0 0 0 0 0 0 0 0 0 0 0 0 0 0 0 0
14 8 19 0 0 0 0 0 0 0 0 0 0 0 0 0 0 0 0 0 0 0 0 0 0 0 0
14 8 20 0 0 0 0 0 0 0 0 0 0 0 0 0 0 0 0 0 0 0 0 0 0 0 0
14 8 21 0 0 0 0 0 0 0 0 0 0 0 0 0 0 0 0 0 0 0 0 0 0 0 0
14 8 22 0 0 0 0 0 0 0 0 0 0 0 0 0 0 0 0 0 0 0 0 0 0 0 0
14 8 23 0 0 0 0 0 0 0 0 0 0 0 0 0 0 0 0 0 0 0 0 0 0 0 0
14 8 24 0 0 0 0 0 0 0 0 0 0 0 0 0 0 0 0 0 0 0 0 0 0 0 0
14 8 25 0 0 0 0 0 0 0 0 0 0 0 0 0 0 0 0 0 0 0 0 0 0 0 0
14 8 26 0 0 0 0 0 0 0 0 0 0 0 0 0 0 0 0 0 0 0 0 0 0 0 0
14 8 27 0 0 0 0 0 0 0 0 0 0 0 0 0 0 0 0 0 0 0 0 0 0 0 0
14 8 28 0 0 0 0 0 0 0 0 0 0 0 0 0 0 0 0 0 0 0 0 0 0 0 0
14 8 29 0 0 0 0 0 0 0 0 0 0 0 0 0 0 0 0 0 0 0 0 0 0 0 0
14 8 30 0 0 0 0 0 0 0 0 0 0 0 0 0 0 0 0 0 0 0 0 0 0 0 0
14 8 31 0 0 0 0 0 0 0 0 0 0 0 0 0 0 0 0 0 0 0 0 0 0 0 0
14 9 0 1 4 0 2 1 360 0 0 0 0 0 0 1 5 0 0 1 360 0 0 0 0 0 0
14 9 1 1 4 0 2 2 360 1 4 1 2 0 360 1 5 0 0 2 360 1 5 1 0 0 360
14 9 2 0 0 0 0 0 0 1 4 1 2 1 360 0 0 0 0 0 0 1 5 1 0 1 360
14 9 3 1 4 2 2 0 361 1 4 1 2 2 360 1 5 2 0 0 361 1 5 1 0 2 360
14 9 4 1 4 2 2 1 361 0 0 0 0 0 0 1 5 2 0 1 361 0 0 0 0 0 0
14 9 5 1 4 2 2 2 361 1 4 3 2 0 361 1 5 2 0 2 361 1 5 3 0 0 361
14 9 6 0 0 0 0 0 0 1 4 3 2 1 361 0 0 0 0 0 0 1 5 3 0 1 361
14 9 7 1 4 4 2 0 362 1 4 3 2 2 361 1 5 4 0 0 362 1 5 3 0 2 361
14 9 8 1 4 4 2 1 362 0 0 0 0 0 0 1 5 4 0 1 362 0 0 0 0 0 0
14 9 9 1 4 4 2 2 362 1 4 5 2 0 362 1 5 4 0 2 362 1 5 5 0 0 362
14 9 10 0 0 0 0 0 0 1 4 5 2 1 362 0 0 0 0 0 0 1 5 5 0 1 362
14 9 11 1 4 6 2 0 363 1 4 5 2 2 362 1 5 6 0 0 363 1 5 5 0 2 362
14 9 12 1 4 6 2 1 363 0 0 0 0 0 0 1 5 6 0 1 363 0 0 0 0 0 0
14 9 13 1 4 6 2 2 363 1 4 7 2 0 363 1 5 6 0 2 363 1 5 7 0 0 363
14 9 14 0 0 0 0 0 0 1 4 7 2 1 363 0 0 0 0 0 0 1 5 7 0 1 363
14 9 15 1 4 8 2 0 364 1 4 7 2 2 363 1 5 8 0 0 364 1 5 7 0 2 363
14 9 16 1 4 8 2 1 364 0 0 0 0 0 0 1 5 8 0 1 364 0 0 0 0 0 0
14 9 17 1 4 8 2 2 364 0 0 0 0 0 0 1 5 8 0 2 364 0 0 0 0 0 0
14 9 18 0 0 0 0 0 0 0 0 0 0 0 0 0 0 0 0 0 0 0 0 0 0 0 0
14 9 19 0 0 0 0 0 0 0 0 0 0 0 0 0 0 0 0 0 0 0 0 0 0 0 0
14 9 20 0 0 0 0 0 0 0 0 0 0 0 0 0 0 0 0 0 0 0 0 0 0 0 0
14 9 21 0 0 0 0 0 0 0 0 0 0 0 0 0 0 0 0 0 0 0 0 0 0 0 0
14 9 22 0 0 0 0 0 0 0 0 0 0 0 0 0 0 0 0 0 0 0 0 0 0 0 0
14 9 23 0 0 0 0 0 0 0 0 0 0 0 0 0 0 0 0 0 0 0 0 0 0 0 0
14 9 24 0 0 0 0 0 0 0 0 0 0 0 0 0 0 0 0 0 0 0 0 0 0 0 0
14 9 25 0 0 0 0 0 0 0 0 0 0 0 0 0 0 0 0 0 0 0 0 0 0 0 0
14 9 26 0 0 0 0 0 0 0 0 0 0 0 0 0 0 0 0 0 0 0 0 0 0 0 0
14 9 27 0 0 0 0 0 0 0 0 0 0 0 0 0 0 0 0 0 0 0 0 0 0 0 0
14 9 28 0 0 0 0 0 0 0 0 0 0 0 0 0 0 0 0 0 0 0 0 0 0 0 0
14 9 29 0 0 0 0 0 0 0 0 0 0 0 0 0 0 0 0 0 0 0 0 0 0 0 0
14 9 30 0 0 0 0 0 0 0 0 0 0 0 0 0 0 0 0 0 0 0 0 0 0 0 0
14 9 31 0 0 0 0 0 0 0 0 0 0 0 0 0 0 0 0 0 0 0 0 0 0 0 0
14 10 0 0 0 0 0 0 0 0 0 0 0 0 0 1 5 0 1 1 360 0 0 0 0 0 0
14 10 1 0 0 0 0 0 0 0 0 0 0 0 0 1 5 0 1 2 360 1 5 1 1 0 360
14 10 2 0 0 0 0 0 0 0 0 0 0 0 0 0 0 0 0 0 0 1 5 1 1 1 360
14 10 3 0 0 0 0 0 0 0 0 0 0 0 0 1 5 2 1 0 361 1 5 1 1 2 360
14 10 4 0 0 0 0 0 0 0 0 0 0 0 0 1 5 2 1 1 361 0 0 0 0 0 0
14 10 5 0 0 0 0 0 0 0 0 0 0 0 0 1 5 2 1 2 361 1 5 3 1 0 361
14 10 6 0 0 0 0 0 0 0 0 0 0 0 0 0 0 0 0 0 0 1 5 3 1 1 361
14 10 7 0 0 0 0 0 0 0 0 0 0 0 0 1 5 4 1 0 362 1 5 3 1 2 361
14 10 8 0 0 0 0 0 0 0 0 0 0 0 0 1 5 4 1 1 362 0 0 0 0 0 0
14 10 9 0 0 0 0 0 0 0 0 0 0 0 0 1 5 4 1 2 362 1 5 5 1 0 362
14 10 10 0 0 0 0 0 0 0 0 0 0 0 0 0 0 0 0 0 0 1 5 5 1 1 362
14 10 11 0 0 0 0 0 0 0 0 0 0 0 0 1 5 6 1 0 363 1 5 5 1 2 362
14 10 12 0 0 0 0 0 0 0 0 0 0 0 0 1 5 6 1 1 363 0 0 0 0 0 0
14 10 13 0 0 0 0 0 0 0 0 0 0 0 0 1 5 6 1 2 363 1 5 7 1 0 363
14 10 14 0 0 0 0 0 0 0 0 0 0 0 0 0 0 0 0 0 0 1 5 7 1 1 363
14 10 15 0 0 0 0 0 0 0 0 0 0 0 0 1 5 8 1 0 364 1 5 7 1 2 363
14 10 16 0 0 0 0 0 0 0 0 0 0 0 0 1 5 8 1 1 364 0 0 0 0 0 0
14 10 17 0 0 0 0 0 0 0 0 0 0 0 0 1 5 8 1 2 364 0 0 0 0 0 0
14 10 18 0 0 0 0 0 0 0 0 0 0 0 0 0 0 0 0 0 0 0 0 0 0 0 0
14 10 19 0 0 0 0 0 0 0 0 0 0 0 0 0 0 0 0 0 0 0 0 0 0 0 0
14 10 20 0 0 0 0 0 0 0 0 0 0 0 0 0 0 0 0 0 0 0 0 0 0 0 0
14 10 21 0 0 0 0 0 0 0 0 0 0 0 0 0 0 0 0 0 0 0 0 0 0 0 0
14 10 22 0 0 0 0 0 0 0 0 0 0 0 0 0 0 0 0 0 0 0 0 0 0 0 0
14 10 23 0 0 0 0 0 0 0 0 0 0 0 0 0 0 0 0 0 0 0 0 0 0 0 0
14 10 24 0 0 0 0 0 0 0 0 0 0 0 0 0 0 0 0 0 0 0 0 0 0 0 0
14 10 25 0 0 0 0 0 0 0 0 0 0 0 0 0 0 0 0 0 0 0 0 0 0 0 0
14 10 26 0 0 0 0 0 0 0 0 0 0 0 0 0 0 0 0 0 0 0 0 0 0 0 0
14 10 27 0 0 0 0 0 0 0 0 0 0 0 0 0 0 0 0 0 0 0 0 0 0 0 0
14 10 28 0 0 0 0 0 0 0 0 0 0 0 0 0 0 0 0 0 0 0 0 0 0 0 0
14 10 29 0 0 0 0 0 0 0 0 0 0 0 0 0 0 0 0 0 0 0 0 0 0 0 0
14 10 30 0 0 0 0 0 0 0 0 0 0 0 0 0 0 0 0 0 0 0 0 0 0 0 0
14 10 31 0 0 0 0 0 0 0 0 0 0 0 0 0 0 0 0 0 0 0 0 0 0 0 0
14 11 0 1 6 0 0 1 365 0 0 0 0 0 0 1 5 0 2 1 360 0 0 0 0 0 0
14 11 1 1 6 0 0 2 365 1 6 1 0 0 365 1 5 0 2 2 360 1 5 1 2 0 360
14 11 2 0 0 0 0 0 0 1 6 1 0 1 365 0 0 0 0 0 0 1 5 1 2 1 360
14 11 3 1 6 2 0 0 366 1 6 1 0 2 365 1 5 2 2 0 361 1 5 1 2 2 360
14 11 4 1 6 2 0 1 366 0 0 0 0 0 0 1 5 2 2 1 361 0 0 0 0 0 0
14 11 5 1 6 2 0 2 366 1 6 3 0 0 366 1 5 2 2 2 361 1 5 3 2 0 361
14 11 6 0 0 0 0 0 0 1 6 3 0 1 366 0 0 0 0 0 0 1 5 3 2 1 361
14 11 7 1 6 4 0 0 367 1 6 3 0 2 366 1 5 4 2 0 362 1 5 3 2 2 361
14 11 8 1 6 4 0 1 367 0 0 0 0 0 0 1 5 4 2 1 362 0 0 0 0 0 0
14 11 9 1 6 4 0 2 367 1 6 5 0 0 367 1 5 4 2 2 362 1 5 5 2 0 362
14 11 10 0 0 0 0 0 0 1 6 5 0 1 367 0 0 0 0 0 0 1 5 5 2 1 362
14 11 11 1 6 6 0 0 368 1 6 5 0 2 367 1 5 6 2 0 363 1 5 5 2 2 362
14 11 12 1 6 6 0 1 368 0 0 0 0 0 0 1 5 6 2 1 363 0 0 0 0 0 0
14 11 13 1 6 6 0 2 368 1 6 7 0 0 368 1 5 6 2 2 363 1 5 7 2 0 363
14 11 14 0 0 0 0 0 0 1 6 7 0 1 368 0 0 0 0 0 0 1 5 7 2 1 363
14 11 15 1 6 8 0 0 369 1 6 7 0 2 368 1 5 8 2 0 364 1 5 7 2 2 363
14 11 16 1 6 8 0 1 369 0 0 0 0 0 0 1 5 8 2 1 364 0 0 0 0 0 0
14 11 17 1 6 8 0 2 369 0 0 0 0 0 0 1 5 8 2 2 364 0 0 0 0 0 0
14 11 18 0 0 0 0 0 0 0 0 0 0 0 0 0 0 0 0 0 0 0 0 0 0 0 0
14 11 19 0 0 0 0 0 0 0 0 0 0 0 0 0 0 0 0 0 0 0 0 0 0 0 0
14 11 20 0 0 0 0 0 0 0 0 0 0 0 0 0 0 0 0 0 0 0 0 0 0 0 0
14 11 21 0 0 0 0 0 0 0 0 0 0 0 0 0 0 0 0 0 0 0 0 0 0 0 0
14 11 22 0 0 0 0 0 0 0 0 0 0 0 0 0 0 0 0 0 0 0 0 0 0 0 0
14 11 23 0 0 0 0 0 0 0 0 0 0 0 0 0 0 0 0 0 0 0 0 0 0 0 0
14 11 24 0 0 0 0 0 0 0 0 0 0 0 0 0 0 0 0 0 0 0 0 0 0 0 0
14 11 25 0 0 0 0 0 0 0 0 0 0 0 0 0 0 0 0 0 0 0 0 0 0 0 0
14 11 26 0 0 0 0 0 0 0 0 0 0 0 0 0 0 0 0 0 0 0 0 0 0 0 0
14 11 27 0 0 0 0 0 0 0 0 0 0 0 0 0 0 0 0 0 0 0 0 0 0 0 0
14 11 28 0 0 0 0 0 0 0 0 0 0 0 0 0 0 0 0 0 0 0 0 0 0 0 0
14 11 29 0 0 0 0 0 0 0 0 0 0 0 0 0 0 0 0 0 0 0 0 0 0 0 0
14 11 30 0 0 0 0 0 0 0 0 0 0 0 0 0 0 0 0 0 0 0 0 0 0 0 0
14 11 31 0 0 0 0 0 0 0 0 0 0 0 0 0 0 0 0 0 0 0 0 0 0 0 0
14 12 0 1 6 0 1 1 365 0 0 0 0 0 0 0 0 0 0 0 0 0 0 0 0 0 0
14 12 1 1 6 0 1 2 365 1 6 1 1 0 365 0 0 0 0 0 0 0 0 0 0 0 0
14 12 2 0 0 0 0 0 0 1 6 1 1 1 365 0 0 0 0 0 0 0 0 0 0 0 0
14 12 3 1 6 2 1 0 366 1 6 1 1 2 365 0 0 0 0 0 0 0 0 0 0 0 0
14 12 4 1 6 2 1 1 366 0 0 0 0 0 0 0 0 0 0 0 0 0 0 0 0 0 0
14 12 5 1 6 2 1 2 366 1 6 3 1 0 366 0 0 0 0 0 0 0 0 0 0 0 0
14 12 6 0 0 0 0 0 0 1 6 3 1 1 366 0 0 0 0 0 0 0 0 0 0 0 0
14 12 7 1 6 4 1 0 367 1 6 3 1 2 366 0 0 0 0 0 0 0 0 0 0 0 0
14 12 8 1 6 4 1 1 367 0 0 0 0 0 0 0 0 0 0 0 0 0 0 0 0 0 0
14 12 9 1 6 4 1 2 367 1 6 5 1 0 367 0 0 0 0 0 0 0 0 0 0 0 0
14 12 10 0 0 0 0 0 0 1 6 5 1 1 367 0 0 0 0 0 0 0 0 0 0 0 0
14 12 11 1 6 6 1 0 368 1 6 5 1 2 367 0 0 0 0 0 0 0 0 0 0 0 0
14 12 12 1 6 6 1 1 368 0 0 0 0 0 0 0 0 0 0 0 0 0 0 0 0 0 0
14 12 13 1 6 6 1 2 368 1 6 7 1 0 368 0 0 0 0 0 0 0 0 0 0 0 0
14 12 14 0 0 0 0 0 0 1 6 7 1 1 368 0 0 0 0 0 0 0 0 0 0 0 0
14 12 15 1 6 8 1 0 369 1 6 7 1 2 368 0 0 0 0 0 0 0 0 0 0 0 0
14 12 16 1 6 8 1 1 369 0 0 0 0 0 0 0 0 0 0 0 0 0 0 0 0 0 0
14 12 17 1 6 8 1 2 369 0 0 0 0 0 0 0 0 0 0 0 0 0 0 0 0 0 0
14 12 18 0 0 0 0 0 0 0 0 0 0 0 0 0 0 0 0 0 0 0 0 0 0 0 0
14 12 19 0 0 0 0 0 0 0 0 0 0 0 0 0 0 0 0 0 0 0 0 0 0 0 0
14 12 20 0 0 0 0 0 0 0 0 0 0 0 0 0 0 0 0 0 0 0 0 0 0 0 0
14 12 21 0 0 0 0 0 0 0 0 0 0 0 0 0 0 0 0 0 0 0 0 0 0 0 0
14 12 22 0 0 0 0 0 0 0 0 0 0 0 0 0 0 0 0 0 0 0 0 0 0 0 0
14 12 23 0 0 0 0 0 0 0 0 0 0 0 0 0 0 0 0 0 0 0 0 0 0 0 0
14 12 24 0 0 0 0 0 0 0 0 0 0 0 0 0 0 0 0 0 0 0 0 0 0 0 0
14 12 25 0 0 0 0 0 0 0 0 0 0 0 0 0 0 0 0 0 0 0 0 0 0 0 0
14 12 26 0 0 0 0 0 0 0 0 0 0 0 0 0 0 0 0 0 0 0 0 0 0 0 0
14 12 27 0 0 0 0 0 0 0 0 0 0 0 0 0 0 0 0 0 0 0 0 0 0 0 0
14 12 28 0 0 0 0 0 0 0 0 0 0 0 0 0 0 0 0 0 0 0 0 0 0 0 0
14 12 29 0 0 0 0 0 0 0 0 0 0 0 0 0 0 0 0 0 0 0 0 0 0 0 0
14 12 30 0 0 0 0 0 0 0 0 0 0 0 0 0 0 0 0 0 0 0 0 0 0 0 0
14 12 31 0 0 0 0 0 0 0 0 0 0 0 0 0 0 0 0 0 0 0 0 0 0 0 0
14 13 0 1 6 0 2 1 365 0 0 0 0 0 0 1 7 0 0 1 365 0 0 0 0 0 0
14 13 1 1 6 0 2 2 365 1 6 1 2 0 365 1 7 0 0 2 365 1 7 1 0 0 365
14 13 2 0 0 0 0 0 0 1 6 1 2 1 365 0 0 0 0 0 0 1 7 1 0 1 365
14 13 3 1 6 2 2 0 366 1 6 1 2 2 365 1 7 2 0 0 366 1 7 1 0 2 365
14 13 4 1 6 2 2 1 366 0 0 0 0 0 0 1 7 2 0 1 366 0 0 0 0 0 0
14 13 5 1 6 2 2 2 366 1 6 3 2 0 366 1 7 2 0 2 366 1 7 3 0 0 366
14 13 6 0 0 0 0 0 0 1 6 3 2 1 366 0 0 0 0 0 0 1 7 3 0 1 366
14 13 7 1 6 4 2 0 367 1 6 3 2 2 366 1 7 4 0 0 367 1 7 3 0 2 366
14 13 8 1 6 4 2 1 367 0 0 0 0 0 0 1 7 4 0 1 367 0 0 0 0 0 0
14 13 9 1 6 4 2 2 367 1 6 5 2 0 367 1 7 4 0 2 367 1 7 5 0 0 367
14 13 10 0 0 0 0 0 0 1 6 5 2 1 367 0 0 0 0 0 0 1 7 5 0 1 367
14 13 11 1 6 6 2 0 368 1 6 5 2 2 367 1 7 6 0 0 368 1 7 5 0 2 367
14 13 12 1 6 6 2 1 368 0 0 0 0 0 0 1 7 6 0 1 368 0 0 0 0 0 0
14 13 13 1 6 6 2 2 368 1 6 7 2 0 368 1 7 6 0 2 368 1 7 7 0 0 368
14 13 14 0 0 0 0 0 0 1 6 7 2 1 368 0 0 0 0 0 0 1 7 7 0 1 368
14 13 15 1 6 8 2 0 369 1 6 7 2 2 368 1 7 8 0 0 369 1 7 7 0 2 368
14 13 16 1 6 8 2 1 369 0 0 0 0 0 0 1 7 8 0 1 369 0 0 0 0 0 0
14 13 17 1 6 8 2 2 369 0 0 0 0 0 0 1 7 8 0 2 369 0 0 0 0 0 0
14 13 18 0 0 0 0 0 0 0 0 0 0 0 0 0 0 0 0 0 0 0 0 0 0 0 0
14 13 19 0 0 0 0 0 0 0 0 0 0 0 0 0 0 0 0 0 0 0 0 0 0 0 0
14 13 20 0 0 0 0 0 0 0 0 0 0 0 0 0 0 0 0 0 0 0 0 0 0 0 0
14 13 21 0 0 0 0 0 0 0 0 0 0 0 0 0 0 0 0 0 0 0 0 0 0 0 0
14 13 22 0 0 0 0 0 0 0 0 0 0 0 0 0 0 0 0 0 0 0 0 0 0 0 0
14 13 23 0 0 0 0 0 0 0 0 0 0 0 0 0 0 0 0 0 0 0 0 0 0 0 0
14 13 24 0 0 0 0 0 0 0 0 0 0 0 0 0 0 0 0 0 0 0 0 0 0 0 0
14 13 25 0 0 0 0 0 0 0 0 0 0 0 0 0 0 0 0 0 0 0 0 0 0 0 0
14 13 26 0 0 0 0 0 0 0 0 0 0 0 0 0 0 0 0 0 0 0 0 0 0 0 0
14 13 27 0 0 0 0 0 0 0 0 0 0 0 0 0 0 0 0 0 0 0 0 0 0 0 0
14 13 28 0 0 0 0 0 0 0 0 0 0 0 0 0 0 0 0 0 0 0 0 0 0 0 0
14 13 29 0 0 0 0 0 0 0 0 0 0 0 0 0 0 0 0 0 0 0 0 0 0 0 0
14 13 30 0 0 0 0 0 0 0 0 0 0 0 0 0 0 0 0 0 0 0 0 0 0 0 0
14 13 31 0 0 0 0 0 0 0 0 0 0 0 0 0 0 0 0 0 0 0 0 0 0 0 0
14 14 0 0 0 0 0 0 0 0 0 0 0 0 0 1 7 0 1 1 365 0 0 0 0 0 0
14 14 1 0 0 0 0 0 0 0 0 0 0 0 0 1 7 0 1 2 365 1 7 1 1 0 365
14 14 2 0 0 0 0 0 0 0 0 0 0 0 0 0 0 0 0 0 0 1 7 1 1 1 365
14 14 3 0 0 0 0 0 0 0 0 0 0 0 0 1 7 2 1 0 366 1 7 1 1 2 365
14 14 4 0 0 0 0 0 0 0 0 0 0 0 0 1 7 2 1 1 366 0 0 0 0 0 0
14 14 5 0 0 0 0 0 0 0 0 0 0 0 0 1 7 2 1 2 366 1 7 3 1 0 366
14 14 6 0 0 0 0 0 0 0 0 0 0 0 0 0 0 0 0 0 0 1 7 3 1 1 366
14 14 7 0 0 0 0 0 0 0 0 0 0 0 0 1 7 4 1 0 367 1 7 3 1 2 366
14 14 8 0 0 0 0 0 0 0 0 0 0 0 0 1 7 4 1 1 367 0 0 0 0 0 0
14 14 9 0 0 0 0 0 0 0 0 0 0 0 0 1 7 4 1 2 367 1 7 5 1 0 367
14 14 10 0 0 0 0 0 0 0 0 0 0 0 0 0 0 0 0 0 0 1 7 5 1 1 367
14 14 11 0 0 0 0 0 0 0 0 0 0 0 0 1 7 6 1 0 368 1 7 5 1 2 367
14 14 12 0 0 0 0 0 0 0 0 0 0 0 0 1 7 6 1 1 368 0 0 0 0 0 0
14 14 13 0 0 0 0 0 0 0 0 0 0 0 0 1 7 6 1 2 368 1 7 7 1 0 368
14 14 14 0 0 0 0 0 0 0 0 0 0 0 0 0 0 0 0 0 0 1 7 7 1 1 368
14 14 15 0 0 0 0 0 0 0 0 0 0 0 0 1 7 8 1 0 369 1 7 7 1 2 368
14 14 16 0 0 0 0 0 0 0 0 0 0 0 0 1 7 8 1 1 369 0 0 0 0 0 0
14 14 17 0 0 0 0 0 0 0 0 0 0 0 0 1 7 8 1 2 369 0 0 0 0 0 0
14 14 18 0 0 0 0 0 0 0 0 0 0 0 0 0 0 0 0 0 0 0 0 0 0 0 0
14 14 19 0 0 0 0 0 0 0 0 0 0 0 0 0 0 0 0 0 0 0 0 0 0 0 0
14 14 20 0 0 0 0 0 0 0 0 0 0 0 0 0 0 0 0 0 0 0 0 0 0 0 0
14 14 21 0 0 0 0 0 0 0 0 0 0 0 0 0 0 0 0 0 0 0 0 0 0 0 0
14 14 22 0 0 0 0 0 0 0 0 0 0 0 0 0 0 0 0 0 0 0 0 0 0 0 0
14 14 23 0 0 0 0 0 0 0 0 0 0 0 0 0 0 0 0 0 0 0 0 0 0 0 0
14 14 24 0 0 0 0 0 0 0 0 0 0 0 0 0 0 0 0 0 0 0 0 0 0 0 0
14 14 25 0 0 0 0 0 0 0 0 0 0 0 0 0 0 0 0 0 0 0 0 0 0 0 0
14 14 26 0 0 0 0 0 0 0 0 0 0 0 0 0 0 0 0 0 0 0 0 0 0 0 0
14 14 27 0 0 0 0 0 0 0 0 0 0 0 0 0 0 0 0 0 0 0 0 0 0 0 0
14 14 28 0 0 0 0 0 0 0 0 0 0 0 0 0 0 0 0 0 0 0 0 0 0 0 0
14 14 29 0 0 0 0 0 0 0 0 0 0 0 0 0 0 0 0 0 0 0 0 0 0 0 0
14 14 30 0 0 0 0 0 0 0 0 0 0 0 0 0 0 0 0 0 0 0 0 0 0 0 0
14 14 31 0 0 0 0 0 0 0 0 0 0 0 0 0 0 0 0 0 0 0 0 0 0 0 0
14 15 0 1 8 0 0 1 370 0 0 0 0 0 0 1 7 0 2 1 365 0 0 0 0 0 0
14 15 1 1 8 0 0 2 370 1 8 1 0 0 370 1 7 0 2 2 365 1 7 1 2 0 365
14 15 2 0 0 0 0 0 0 1 8 1 0 1 370 0 0 0 0 0 0 1 7 1 2 1 365
14 15 3 1 8 2 0 0 371 1 8 1 0 2 370 1 7 2 2 0 366 1 7 1 2 2 365
14 15 4 1 8 2 0 1 371 0 0 0 0 0 0 1 7 2 2 1 366 0 0 0 0 0 0
14 15 5 1 8 2 0 2 371 1 8 3 0 0 371 1 7 2 2 2 366 1 7 3 2 0 366
14 15 6 0 0 0 0 0 0 1 8 3 0 1 371 0 0 0 0 0 0 1 7 3 2 1 366
14 15 7 1 8 4 0 0 372 1 8 3 0 2 371 1 7 4 2 0 367 1 7 3 2 2 366
14 15 8 1 8 4 0 1 372 0 0 0 0 0 0 1 7 4 2 1 367 0 0 0 0 0 0
14 15 9 1 8 4 0 2 372 1 8 5 0 0 372 1 7 4 2 2 367 1 7 5 2 0 367
14 15 10 0 0 0 0 0 0 1 8 5 0 1 372 0 0 0 0 0 0 1 7 5 2 1 367
14 15 11 1 8 6 0 0 373 1 8 5 0 2 372 1 7 6 2 0 368 1 7 5 2 2 367
14 15 12 1 8 6 0 1 373 0 0 0 0 0 0 1 7 6 2 1 368 0 0 0 0 0 0
14 15 13 1 8 6 0 2 373 1 8 7 0 0 373 1 7 6 2 2 368 1 7 7 2 0 368
14 15 14 0 0 0 0 0 0 1 8 7 0 1 373 0 0 0 0 0 0 1 7 7 2 1 368
14 15 15 1 8 8 0 0 374 1 8 7 0 2 373 1 7 8 2 0 369 1 7 7 2 2 368
14 15 16 1 8 8 0 1 374 0 0 0 0 0 0 1 7 8 2 1 369 0 0 0 0 0 0
14 15 17 1 8 8 0 2 374 0 0 0 0 0 0 1 7 8 2 2 369 0 0 0 0 0 0
14 15 18 0 0 0 0 0 0 0 0 0 0 0 0 0 0 0 0 0 0 0 0 0 0 0 0
14 15 19 0 0 0 0 0 0 0 0 0 0 0 0 0 0 0 0 0 0 0 0 0 0 0 0
14 15 20 0 0 0 0 0 0 0 0 0 0 0 0 0 0 0 0 0 0 0 0 0 0 0 0
14 15 21 0 0 0 0 0 0 0 0 0 0 0 0 0 0 0 0 0 0 0 0 0 0 0 0
14 15 22 0 0 0 0 0 0 0 0 0 0 0 0 0 0 0 0 0 0 0 0 0 0 0 0
14 15 23 0 0 0 0 0 0 0 0 0 0 0 0 0 0 0 0 0 0 0 0 0 0 0 0
14 15 24 0 0 0 0 0 0 0 0 0 0 0 0 0 0 0 0 0 0 0 0 0 0 0 0
14 15 25 0 0 0 0 0 0 0 0 0 0 0 0 0 0 0 0 0 0 0 0 0 0 0 0
14 15 26 0 0 0 0 0 0 0 0 0 0 0 0 0 0 0 0 0 0 0 0 0 0 0 0
14 15 27 0 0 0 0 0 0 0 0 0 0 0 0 0 0 0 0 0 0 0 0 0 0 0 0
14 15 28 0 0 0 0 0 0 0 0 0 0 0 0 0 0 0 0 0 0 0 0 0 0 0 0
14 15 29 0 0 0 0 0 0 0 0 0 0 0 0 0 0 0 0 0 0 0 0 0 0 0 0
14 15 30 0 0 0 0 0 0 0 0 0 0 0 0 0 0 0 0 0 0 0 0 0 0 0 0
14 15 31 0 0 0 0 0 0 0 0 0 0 0 0 0 0 0 0 0 0 0 0 0 0 0 0
14 16 0 1 8 0 1 1 370 0 0 0 0 0 0 0 0 0 0 0 0 0 0 0 0 0 0
14 16 1 1 8 0 1 2 370 1 8 1 1 0 370 0 0 0 0 0 0 0 0 0 0 0 0
14 16 2 0 0 0 0 0 0 1 8 1 1 1 370 0 0 0 0 0 0 0 0 0 0 0 0
14 16 3 1 8 2 1 0 371 1 8 1 1 2 370 0 0 0 0 0 0 0 0 0 0 0 0
14 16 4 1 8 2 1 1 371 0 0 0 0 0 0 0 0 0 0 0 0 0 0 0 0 0 0
14 16 5 1 8 2 1 2 371 1 8 3 1 0 371 0 0 0 0 0 0 0 0 0 0 0 0
14 16 6 0 0 0 0 0 0 1 8 3 1 1 371 0 0 0 0 0 0 0 0 0 0 0 0
14 16 7 1 8 4 1 0 372 1 8 3 1 2 371 0 0 0 0 0 0 0 0 0 0 0 0
14 16 8 1 8 4 1 1 372 0 0 0 0 0 0 0 0 0 0 0 0 0 0 0 0 0 0
14 16 9 1 8 4 1 2 372 1 8 5 1 0 372 0 0 0 0 0 0 0 0 0 0 0 0
14 16 10 0 0 0 0 0 0 1 8 5 1 1 372 0 0 0 0 0 0 0 0 0 0 0 0
14 16 11 1 8 6 1 0 373 1 8 5 1 2 372 0 0 0 0 0 0 0 0 0 0 0 0
14 16 12 1 8 6 1 1 373 0 0 0 0 0 0 0 0 0 0 0 0 0 0 0 0 0 0
14 16 13 1 8 6 1 2 373 1 8 7 1 0 373 0 0 0 0 0 0 0 0 0 0 0 0
14 16 14 0 0 0 0 0 0 1 8 7 1 1 373 0 0 0 0 0 0 0 0 0 0 0 0
14 16 15 1 8 8 1 0 374 1 8 7 1 2 373 0 0 0 0 0 0 0 0 0 0 0 0
14 16 16 1 8 8 1 1 374 0 0 0 0 0 0 0 0 0 0 0 0 0 0 0 0 0 0
14 16 17 1 8 8 1 2 374 0 0 0 0 0 0 0 0 0 0 0 0 0 0 0 0 0 0
14 16 18 0 0 0 0 0 0 0 0 0 0 0 0 0 0 0 0 0 0 0 0 0 0 0 0
14 16 19 0 0 0 0 0 0 0 0 0 0 0 0 0 0 0 0 0 0 0 0 0 0 0 0
14 16 20 0 0 0 0 0 0 0 0 0 0 0 0 0 0 0 0 0 0 0 0 0 0 0 0
14 16 21 0 0 0 0 0 0 0 0 0 0 0 0 0 0 0 0 0 0 0 0 0 0 0 0
14 16 22 0 0 0 0 0 0 0 0 0 0 0 0 0 0 0 0 0 0 0 0 0 0 0 0
14 16 23 0 0 0 0 0 0 0 0 0 0 0 0 0 0 0 0 0 0 0 0 0 0 0 0
14 16 24 0 0 0 0 0 0 0 0 0 0 0 0 0 0 0 0 0 0 0 0 0 0 0 0
14 16 25 0 0 0 0 0 0 0 0 0 0 0 0 0 0 0 0 0 0 0 0 0 0 0 0
14 16 26 0 0 0 0 0 0 0 0 0 0 0 0 0 0 0 0 0 0 0 0 0 0 0 0
14 16 27 0 0 0 0 0 0 0 0 0 0 0 0 0 0 0 0 0 0 0 0 0 0 0 0
14 16 28 0 0 0 0 0 0 0 0 0 0 0 0 0 0 0 0 0 0 0 0 0 0 0 0
14 16 29 0 0 0 0 0 0 0 0 0 0 0 0 0 0 0 0 0 0 0 0 0 0 0 0
14 16 30 0 0 0 0 0 0 0 0 0 0 0 0 0 0 0 0 0 0 0 0 0 0 0 0
14 16 31 0 0 0 0 0 0 0 0 0 0 0 0 0 0 0 0 0 0 0 0 0 0 0 0
14 17 0 1 8 0 2 1 370 0 0 0 0 0 0 0 0 0 0 0 0 0 0 0 0 0 0
14 17 1 1 8 0 2 2 370 1 8 1 2 0 370 0 0 0 0 0 0 0 0 0 0 0 0
14 17 2 0 0 0 0 0 0 1 8 1 2 1 370 0 0 0 0 0 0 0 0 0 0 0 0
14 17 3 1 8 2 2 0 371 1 8 1 2 2 370 0 0 0 0 0 0 0 0 0 0 0 0
14 17 4 1 8 2 2 1 371 0 0 0 0 0 0 0 0 0 0 0 0 0 0 0 0 0 0
14 17 5 1 8 2 2 2 371 1 8 3 2 0 371 0 0 0 0 0 0 0 0 0 0 0 0
14 17 6 0 0 0 0 0 0 1 8 3 2 1 371 0 0 0 0 0 0 0 0 0 0 0 0
14 17 7 1 8 4 2 0 372 1 8 3 2 2 371 0 0 0 0 0 0 0 0 0 0 0 0
14 17 8 1 8 4 2 1 372 0 0 0 0 0 0 0 0 0 0 0 0 0 0 0 0 0 0
14 17 9 1 8 4 2 2 372 1 8 5 2 0 372 0 0 0 0 0 0 0 0 0 0 0 0
14 17 10 0 0 0 0 0 0 1 8 5 2 1 372 0 0 0 0 0 0 0 0 0 0 0 0
14 17 11 1 8 6 2 0 373 1 8 5 2 2 372 0 0 0 0 0 0 0 0 0 0 0 0
14 17 12 1 8 6 2 1 373 0 0 0 0 0 0 0 0 0 0 0 0 0 0 0 0 0 0
14 17 13 1 8 6 2 2 373 1 8 7 2 0 373 0 0 0 0 0 0 0 0 0 0 0 0
14 17 14 0 0 0 0 0 0 1 8 7 2 1 373 0 0 0 0 0 0 0 0 0 0 0 0
14 17 15 1 8 8 2 0 374 1 8 7 2 2 373 0 0 0 0 0 0 0 0 0 0 0 0
14 17 16 1 8 8 2 1 374 0 0 0 0 0 0 0 0 0 0 0 0 0 0 0 0 0 0
14 17 17 1 8 8 2 2 374 0 0 0 0 0 0 0 0 0 0 0 0 0 0 0 0 0 0
14 17 18 0 0 0 0 0 0 0 0 0 0 0 0 0 0 0 0 0 0 0 0 0 0 0 0
14 17 19 0 0 0 0 0 0 0 0 0 0 0 0 0 0 0 0 0 0 0 0 0 0 0 0
14 17 20 0 0 0 0 0 0 0 0 0 0 0 0 0 0 0 0 0 0 0 0 0 0 0 0
14 17 21 0 0 0 0 0 0 0 0 0 0 0 0 0 0 0 0 0 0 0 0 0 0 0 0
14 17 22 0 0 0 0 0 0 0 0 0 0 0 0 0 0 0 0 0 0 0 0 0 0 0 0
14 17 23 0 0 0 0 0 0 0 0 0 0 0 0 0 0 0 0 0 0 0 0 0 0 0 0
14 17 24 0 0 0 0 0 0 0 0 0 0 0 0 0 0 0 0 0 0 0 0 0 0 0 0
14 17 25 0 0 0 0 0 0 0 0 0 0 0 0 0 0 0 0 0 0 0 0 0 0 0 0
14 17 26 0 0 0 0 0 0 0 0 0 0 0 0 0 0 0 0 0 0 0 0 0 0 0 0
14 17 27 0 0 0 0 0 0 0 0 0 0 0 0 0 0 0 0 0 0 0 0 0 0 0 0
14 17 28 0 0 0 0 0 0 0 0 0 0 0 0 0 0 0 0 0 0 0 0 0 0 0 0
14 17 29 0 0 0 0 0 0 0 0 0 0 0 0 0 0 0 0 0 0 0 0 0 0 0 0
14 17 30 0 0 0 0 0 0 0 0 0 0 0 0 0 0 0 0 0 0 0 0 0 0 0 0
14 17 31 0 0 0 0 0 0 0 0 0 0 0 0 0 0 0 0 0 0 0 0 0 0 0 0
14 18 0 0 0 0 0 0 0 0 0 0 0 0 0 0 0 0 0 0 0 0 0 0 0 0 0
14 18 1 0 0 0 0 0 0 0 0 0 0 0 0 0 0 0 0 0 0 0 0 0 0 0 0
14 18 2 0 0 0 0 0 0 0 0 0 0 0 0 0 0 0 0 0 0 0 0 0 0 0 0
14 18 3 0 0 0 0 0 0 0 0 0 0 0 0 0 0 0 0 0 0 0 0 0 0 0 0
14 18 4 0 0 0 0 0 0 0 0 0 0 0 0 0 0 0 0 0 0 0 0 0 0 0 0
14 18 5 0 0 0 0 0 0 0 0 0 0 0 0 0 0 0 0 0 0 0 0 0 0 0 0
14 18 6 0 0 0 0 0 0 0 0 0 0 0 0 0 0 0 0 0 0 0 0 0 0 0 0
14 18 7 0 0 0 0 0 0 0 0 0 0 0 0 0 0 0 0 0 0 0 0 0 0 0 0
14 18 8 0 0 0 0 0 0 0 0 0 0 0 0 0 0 0 0 0 0 0 0 0 0 0 0
14 18 9 0 0 0 0 0 0 0 0 0 0 0 0 0 0 0 0 0 0 0 0 0 0 0 0
14 18 10 0 0 0 0 0 0 0 0 0 0 0 0 0 0 0 0 0 0 0 0 0 0 0 0
14 18 11 0 0 0 0 0 0 0 0 0 0 0 0 0 0 0 0 0 0 0 0 0 0 0 0
14 18 12 0 0 0 0 0 0 0 0 0 0 0 0 0 0 0 0 0 0 0 0 0 0 0 0
14 18 13 0 0 0 0 0 0 0 0 0 0 0 0 0 0 0 0 0 0 0 0 0 0 0 0
14 18 14 0 0 0 0 0 0 0 0 0 0 0 0 0 0 0 0 0 0 0 0 0 0 0 0
14 18 15 0 0 0 0 0 0 0 0 0 0 0 0 0 0 0 0 0 0 0 0 0 0 0 0
14 18 16 0 0 0 0 0 0 0 0 0 0 0 0 0 0 0 0 0 0 0 0 0 0 0 0
14 18 17 0 0 0 0 0 0 0 0 0 0 0 0 0 0 0 0 0 0 0 0 0 0 0 0
14 18 18 0 0 0 0 0 0 0 0 0 0 0 0 0 0 0 0 0 0 0 0 0 0 0 0
14 18 19 0 0 0 0 0 0 0 0 0 0 0 0 0 0 0 0 0 0 0 0 0 0 0 0
14 18 20 0 0 0 0 0 0 0 0 0 0 0 0 0 0 0 0 0 0 0 0 0 0 0 0
14 18 21 0 0 0 0 0 0 0 0 0 0 0 0 0 0 0 0 0 0 0 0 0 0 0 0
14 18 22 0 0 0 0 0 0 0 0 0 0 0 0 0 0 0 0 0 0 0 0 0 0 0 0
14 18 23 0 0 0 0 0 0 0 0 0 0 0 0 0 0 0 0 0 0 0 0 0 0 0 0
14 18 24 0 0 0 0 0 0 0 0 0 0 0 0 0 0 0 0 0 0 0 0 0 0 0 0
14 18 25 0 0 0 0 0 0 0 0 0 0 0 0 0 0 0 0 0 0 0 0 0 0 0 0
14 18 26 0 0 0 0 0 0 0 0 0 0 0 0 0 0 0 0 0 0 0 0 0 0 0 0
14 18 27 0 0 0 0 0 0 0 0 0 0 0 0 0 0 0 0 0 0 0 0 0 0 0 0
14 18 28 0 0 0 0 0 0 0 0 0 0 0 0 0 0 0 0 0 0 0 0 0 0 0 0
14 18 29 0 0 0 0 0 0 0 0 0 0 0 0 0 0 0 0 0 0 0 0 0 0 0 0
14 18 30 0 0 0 0 0 0 0 0 0 0 0 0 0 0 0 0 0 0 0 0 0 0 0 0
14 18 31 0 0 0 0 0 0 0 0 0 0 0 0 0 0 0 0 0 0 0 0 0 0 0 0
14 19 0 0 0 0 0 0 0 0 0 0 0 0 0 0 0 0 0 0 0 0 0 0 0 0 0
14 19 1 0 0 0 0 0 0 0 0 0 0 0 0 0 0 0 0 0 0 0 0 0 0 0 0
14 19 2 0 0 0 0 0 0 0 0 0 0 0 0 0 0 0 0 0 0 0 0 0 0 0 0
14 19 3 0 0 0 0 0 0 0 0 0 0 0 0 0 0 0 0 0 0 0 0 0 0 0 0
14 19 4 0 0 0 0 0 0 0 0 0 0 0 0 0 0 0 0 0 0 0 0 0 0 0 0
14 19 5 0 0 0 0 0 0 0 0 0 0 0 0 0 0 0 0 0 0 0 0 0 0 0 0
14 19 6 0 0 0 0 0 0 0 0 0 0 0 0 0 0 0 0 0 0 0 0 0 0 0 0
14 19 7 0 0 0 0 0 0 0 0 0 0 0 0 0 0 0 0 0 0 0 0 0 0 0 0
14 19 8 0 0 0 0 0 0 0 0 0 0 0 0 0 0 0 0 0 0 0 0 0 0 0 0
14 19 9 0 0 0 0 0 0 0 0 0 0 0 0 0 0 0 0 0 0 0 0 0 0 0 0
14 19 10 0 0 0 0 0 0 0 0 0 0 0 0 0 0 0 0 0 0 0 0 0 0 0 0
14 19 11 0 0 0 0 0 0 0 0 0 0 0 0 0 0 0 0 0 0 0 0 0 0 0 0
14 19 12 0 0 0 0 0 0 0 0 0 0 0 0 0 0 0 0 0 0 0 0 0 0 0 0
14 19 13 0 0 0 0 0 0 0 0 0 0 0 0 0 0 0 0 0 0 0 0 0 0 0 0
14 19 14 0 0 0 0 0 0 0 0 0 0 0 0 0 0 0 0 0 0 0 0 0 0 0 0
14 19 15 0 0 0 0 0 0 0 0 0 0 0 0 0 0 0 0 0 0 0 0 0 0 0 0
14 19 16 0 0 0 0 0 0 0 0 0 0 0 0 0 0 0 0 0 0 0 0 0 0 0 0
14 19 17 0 0 0 0 0 0 0 0 0 0 0 0 0 0 0 0 0 0 0 0 0 0 0 0
14 19 18 0 0 0 0 0 0 0 0 0 0 0 0 0 0 0 0 0 0 0 0 0 0 0 0
14 19 19 0 0 0 0 0 0 0 0 0 0 0 0 0 0 0 0 0 0 0 0 0 0 0 0
14 19 20 0 0 0 0 0 0 0 0 0 0 0 0 0 0 0 0 0 0 0 0 0 0 0 0
14 19 21 0 0 0 0 0 0 0 0 0 0 0 0 0 0 0 0 0 0 0 0 0 0 0 0
14 19 22 0 0 0 0 0 0 0 0 0 0 0 0 0 0 0 0 0 0 0 0 0 0 0 0
14 19 23 0 0 0 0 0 0 0 0 0 0 0 0 0 0 0 0 0 0 0 0 0 0 0 0
14 19 24 0 0 0 0 0 0 0 0 0 0 0 0 0 0 0 0 0 0 0 0 0 0 0 0
14 19 25 0 0 0 0 0 0 0 0 0 0 0 0 0 0 0 0 0 0 0 0 0 0 0 0
14 19 26 0 0 0 0 0 0 0 0 0 0 0 0 0 0 0 0 0 0 0 0 0 0 0 0
14 19 27 0 0 0 0 0 0 0 0 0 0 0 0 0 0 0 0 0 0 0 0 0 0 0 0
14 19 28 0 0 0 0 0 0 0 0 0 0 0 0 0 0 0 0 0 0 0 0 0 0 0 0
14 19 29 0 0 0 0 0 0 0 0 0 0 0 0 0 0 0 0 0 0 0 0 0 0 0 0
14 19 30 0 0 0 0 0 0 0 0 0 0 0 0 0 0 0 0 0 0 0 0 0 0 0 0
14 19 31 0 0 0 0 0 0 0 0 0 0 0 0 0 0 0 0 0 0 0 0 0 0 0 0
14 20 0 0 0 0 0 0 0 0 0 0 0 0 0 0 0 0 0 0 0 0 0 0 0 0 0
14 20 1 0 0 0 0 0 0 0 0 0 0 0 0 0 0 0 0 0 0 0 0 0 0 0 0
14 20 2 0 0 0 0 0 0 0 0 0 0 0 0 0 0 0 0 0 0 0 0 0 0 0 0
14 20 3 0 0 0 0 0 0 0 0 0 0 0 0 0 0 0 0 0 0 0 0 0 0 0 0
14 20 4 0 0 0 0 0 0 0 0 0 0 0 0 0 0 0 0 0 0 0 0 0 0 0 0
14 20 5 0 0 0 0 0 0 0 0 0 0 0 0 0 0 0 0 0 0 0 0 0 0 0 0
14 20 6 0 0 0 0 0 0 0 0 0 0 0 0 0 0 0 0 0 0 0 0 0 0 0 0
14 20 7 0 0 0 0 0 0 0 0 0 0 0 0 0 0 0 0 0 0 0 0 0 0 0 0
14 20 8 0 0 0 0 0 0 0 0 0 0 0 0 0 0 0 0 0 0 0 0 0 0 0 0
14 20 9 0 0 0 0 0 0 0 0 0 0 0 0 0 0 0 0 0 0 0 0 0 0 0 0
14 20 10 0 0 0 0 0 0 0 0 0 0 0 0 0 0 0 0 0 0 0 0 0 0 0 0
14 20 11 0 0 0 0 0 0 0 0 0 0 0 0 0 0 0 0 0 0 0 0 0 0 0 0
14 20 12 0 0 0 0 0 0 0 0 0 0 0 0 0 0 0 0 0 0 0 0 0 0 0 0
14 20 13 0 0 0 0 0 0 0 0 0 0 0 0 0 0 0 0 0 0 0 0 0 0 0 0
14 20 14 0 0 0 0 0 0 0 0 0 0 0 0 0 0 0 0 0 0 0 0 0 0 0 0
14 20 15 0 0 0 0 0 0 0 0 0 0 0 0 0 0 0 0 0 0 0 0 0 0 0 0
14 20 16 0 0 0 0 0 0 0 0 0 0 0 0 0 0 0 0 0 0 0 0 0 0 0 0
14 20 17 0 0 0 0 0 0 0 0 0 0 0 0 0 0 0 0 0 0 0 0 0 0 0 0
14 20 18 0 0 0 0 0 0 0 0 0 0 0 0 0 0 0 0 0 0 0 0 0 0 0 0
14 20 19 0 0 0 0 0 0 0 0 0 0 0 0 0 0 0 0 0 0 0 0 0 0 0 0
14 20 20 0 0 0 0 0 0 0 0 0 0 0 0 0 0 0 0 0 0 0 0 0 0 0 0
14 20 21 0 0 0 0 0 0 0 0 0 0 0 0 0 0 0 0 0 0 0 0 0 0 0 0
14 20 22 0 0 0 0 0 0 0 0 0 0 0 0 0 0 0 0 0 0 0 0 0 0 0 0
14 20 23 0 0 0 0 0 0 0 0 0 0 0 0 0 0 0 0 0 0 0 0 0 0 0 0
14 20 24 0 0 0 0 0 0 0 0 0 0 0 0 0 0 0 0 0 0 0 0 0 0 0 0
14 20 25 0 0 0 0 0 0 0 0 0 0 0 0 0 0 0 0 0 0 0 0 0 0 0 0
14 20 26 0 0 0 0 0 0 0 0 0 0 0 0 0 0 0 0 0 0 0 0 0 0 0 0
14 20 27 0 0 0 0 0 0 0 0 0 0 0 0 0 0 0 0 0 0 0 0 0 0 0 0
14 20 28 0 0 0 0 0 0 0 0 0 0 0 0 0 0 0 0 0 0 0 0 0 0 0 0
14 20 29 0 0 0 0 0 0 0 0 0 0 0 0 0 0 0 0 0 0 0 0 0 0 0 0
14 20 30 0 0 0 0 0 0 0 0 0 0 0 0 0 0 0 0 0 0 0 0 0 0 0 0
14 20 31 0 0 0 0 0 0 0 0 0 0 0 0 0 0 0 0 0 0 0 0 0 0 0 0
14 21 0 0 0 0 0 0 0 0 0 0 0 0 0 0 0 0 0 0 0 0 0 0 0 0 0
14 21 1 0 0 0 0 0 0 0 0 0 0 0 0 0 0 0 0 0 0 0 0 0 0 0 0
14 21 2 0 0 0 0 0 0 0 0 0 0 0 0 0 0 0 0 0 0 0 0 0 0 0 0
14 21 3 0 0 0 0 0 0 0 0 0 0 0 0 0 0 0 0 0 0 0 0 0 0 0 0
14 21 4 0 0 0 0 0 0 0 0 0 0 0 0 0 0 0 0 0 0 0 0 0 0 0 0
14 21 5 0 0 0 0 0 0 0 0 0 0 0 0 0 0 0 0 0 0 0 0 0 0 0 0
14 21 6 0 0 0 0 0 0 0 0 0 0 0 0 0 0 0 0 0 0 0 0 0 0 0 0
14 21 7 0 0 0 0 0 0 0 0 0 0 0 0 0 0 0 0 0 0 0 0 0 0 0 0
14 21 8 0 0 0 0 0 0 0 0 0 0 0 0 0 0 0 0 0 0 0 0 0 0 0 0
14 21 9 0 0 0 0 0 0 0 0 0 0 0 0 0 0 0 0 0 0 0 0 0 0 0 0
14 21 10 0 0 0 0 0 0 0 0 0 0 0 0 0 0 0 0 0 0 0 0 0 0 0 0
14 21 11 0 0 0 0 0 0 0 0 0 0 0 0 0 0 0 0 0 0 0 0 0 0 0 0
14 21 12 0 0 0 0 0 0 0 0 0 0 0 0 0 0 0 0 0 0 0 0 0 0 0 0
14 21 13 0 0 0 0 0 0 0 0 0 0 0 0 0 0 0 0 0 0 0 0 0 0 0 0
14 21 14 0 0 0 0 0 0 0 0 0 0 0 0 0 0 0 0 0 0 0 0 0 0 0 0
14 21 15 0 0 0 0 0 0 0 0 0 0 0 0 0 0 0 0 0 0 0 0 0 0 0 0
14 21 16 0 0 0 0 0 0 0 0 0 0 0 0 0 0 0 0 0 0 0 0 0 0 0 0
14 21 17 0 0 0 0 0 0 0 0 0 0 0 0 0 0 0 0 0 0 0 0 0 0 0 0
14 21 18 0 0 0 0 0 0 0 0 0 0 0 0 0 0 0 0 0 0 0 0 0 0 0 0
14 21 19 0 0 0 0 0 0 0 0 0 0 0 0 0 0 0 0 0 0 0 0 0 0 0 0
14 21 20 0 0 0 0 0 0 0 0 0 0 0 0 0 0 0 0 0 0 0 0 0 0 0 0
14 21 21 0 0 0 0 0 0 0 0 0 0 0 0 0 0 0 0 0 0 0 0 0 0 0 0
14 21 22 0 0 0 0 0 0 0 0 0 0 0 0 0 0 0 0 0 0 0 0 0 0 0 0
14 21 23 0 0 0 0 0 0 0 0 0 0 0 0 0 0 0 0 0 0 0 0 0 0 0 0
14 21 24 0 0 0 0 0 0 0 0 0 0 0 0 0 0 0 0 0 0 0 0 0 0 0 0
14 21 25 0 0 0 0 0 0 0 0 0 0 0 0 0 0 0 0 0 0 0 0 0 0 0 0
14 21 26 0 0 0 0 0 0 0 0 0 0 0 0 0 0 0 0 0 0 0 0 0 0 0 0
14 21 27 0 0 0 0 0 0 0 0 0 0 0 0 0 0 0 0 0 0 0 0 0 0 0 0
14 21 28 0 0 0 0 0 0 0 0 0 0 0 0 0 0 0 0 0 0 0 0 0 0 0 0
14 21 29 0 0 0 0 0 0 0 0 0 0 0 0 0 0 0 0 0 0 0 0 0 0 0 0
14 21 30 0 0 0 0 0 0 0 0 0 0 0 0 0 0 0 0 0 0 0 0 0 0 0 0
14 21 31 0 0 0 0 0 0 0 0 0 0 0 0 0 0 0 0 0 0 0 0 0 0 0 0
14 22 0 0 0 0 0 0 0 0 0 0 0 0 0 0 0 0 0 0 0 0 0 0 0 0 0
14 22 1 0 0 0 0 0 0 0 0 0 0 0 0 0 0 0 0 0 0 0 0 0 0 0 0
14 22 2 0 0 0 0 0 0 0 0 0 0 0 0 0 0 0 0 0 0 0 0 0 0 0 0
14 22 3 0 0 0 0 0 0 0 0 0 0 0 0 0 0 0 0 0 0 0 0 0 0 0 0
14 22 4 0 0 0 0 0 0 0 0 0 0 0 0 0 0 0 0 0 0 0 0 0 0 0 0
14 22 5 0 0 0 0 0 0 0 0 0 0 0 0 0 0 0 0 0 0 0 0 0 0 0 0
14 22 6 0 0 0 0 0 0 0 0 0 0 0 0 0 0 0 0 0 0 0 0 0 0 0 0
14 22 7 0 0 0 0 0 0 0 0 0 0 0 0 0 0 0 0 0 0 0 0 0 0 0 0
14 22 8 0 0 0 0 0 0 0 0 0 0 0 0 0 0 0 0 0 0 0 0 0 0 0 0
14 22 9 0 0 0 0 0 0 0 0 0 0 0 0 0 0 0 0 0 0 0 0 0 0 0 0
14 22 10 0 0 0 0 0 0 0 0 0 0 0 0 0 0 0 0 0 0 0 0 0 0 0 0
14 22 11 0 0 0 0 0 0 0 0 0 0 0 0 0 0 0 0 0 0 0 0 0 0 0 0
14 22 12 0 0 0 0 0 0 0 0 0 0 0 0 0 0 0 0 0 0 0 0 0 0 0 0
14 22 13 0 0 0 0 0 0 0 0 0 0 0 0 0 0 0 0 0 0 0 0 0 0 0 0
14 22 14 0 0 0 0 0 0 0 0 0 0 0 0 0 0 0 0 0 0 0 0 0 0 0 0
14 22 15 0 0 0 0 0 0 0 0 0 0 0 0 0 0 0 0 0 0 0 0 0 0 0 0
14 22 16 0 0 0 0 0 0 0 0 0 0 0 0 0 0 0 0 0 0 0 0 0 0 0 0
14 22 17 0 0 0 0 0 0 0 0 0 0 0 0 0 0 0 0 0 0 0 0 0 0 0 0
14 22 18 0 0 0 0 0 0 0 0 0 0 0 0 0 0 0 0 0 0 0 0 0 0 0 0
14 22 19 0 0 0 0 0 0 0 0 0 0 0 0 0 0 0 0 0 0 0 0 0 0 0 0
14 22 20 0 0 0 0 0 0 0 0 0 0 0 0 0 0 0 0 0 0 0 0 0 0 0 0
14 22 21 0 0 0 0 0 0 0 0 0 0 0 0 0 0 0 0 0 0 0 0 0 0 0 0
14 22 22 0 0 0 0 0 0 0 0 0 0 0 0 0 0 0 0 0 0 0 0 0 0 0 0
14 22 23 0 0 0 0 0 0 0 0 0 0 0 0 0 0 0 0 0 0 0 0 0 0 0 0
14 22 24 0 0 0 0 0 0 0 0 0 0 0 0 0 0 0 0 0 0 0 0 0 0 0 0
14 22 25 0 0 0 0 0 0 0 0 0 0 0 0 0 0 0 0 0 0 0 0 0 0 0 0
14 22 26 0 0 0 0 0 0 0 0 0 0 0 0 0 0 0 0 0 0 0 0 0 0 0 0
14 22 27 0 0 0 0 0 0 0 0 0 0 0 0 0 0 0 0 0 0 0 0 0 0 0 0
14 22 28 0 0 0 0 0 0 0 0 0 0 0 0 0 0 0 0 0 0 0 0 0 0 0 0
14 22 29 0 0 0 0 0 0 0 0 0 0 0 0 0 0 0 0 0 0 0 0 0 0 0 0
14 22 30 0 0 0 0 0 0 0 0 0 0 0 0 0 0 0 0 0 0 0 0 0 0 0 0
14 22 31 0 0 0 0 0 0 0 0 0 0 0 0 0 0 0 0 0 0 0 0 0 0 0 0
14 23 0 0 0 0 0 0 0 0 0 0 0 0 0 0 0 0 0 0 0 0 0 0 0 0 0
14 23 1 0 0 0 0 0 0 0 0 0 0 0 0 0 0 0 0 0 0 0 0 0 0 0 0
14 23 2 0 0 0 0 0 0 0 0 0 0 0 0 0 0 0 0 0 0 0 0 0 0 0 0
14 23 3 0 0 0 0 0 0 0 0 0 0 0 0 0 0 0 0 0 0 0 0 0 0 0 0
14 23 4 0 0 0 0 0 0 0 0 0 0 0 0 0 0 0 0 0 0 0 0 0 0 0 0
14 23 5 0 0 0 0 0 0 0 0 0 0 0 0 0 0 0 0 0 0 0 0 0 0 0 0
14 23 6 0 0 0 0 0 0 0 0 0 0 0 0 0 0 0 0 0 0 0 0 0 0 0 0
14 23 7 0 0 0 0 0 0 0 0 0 0 0 0 0 0 0 0 0 0 0 0 0 0 0 0
14 23 8 0 0 0 0 0 0 0 0 0 0 0 0 0 0 0 0 0 0 0 0 0 0 0 0
14 23 9 0 0 0 0 0 0 0 0 0 0 0 0 0 0 0 0 0 0 0 0 0 0 0 0
14 23 10 0 0 0 0 0 0 0 0 0 0 0 0 0 0 0 0 0 0 0 0 0 0 0 0
14 23 11 0 0 0 0 0 0 0 0 0 0 0 0 0 0 0 0 0 0 0 0 0 0 0 0
14 23 12 0 0 0 0 0 0 0 0 0 0 0 0 0 0 0 0 0 0 0 0 0 0 0 0
14 23 13 0 0 0 0 0 0 0 0 0 0 0 0 0 0 0 0 0 0 0 0 0 0 0 0
14 23 14 0 0 0 0 0 0 0 0 0 0 0 0 0 0 0 0 0 0 0 0 0 0 0 0
14 23 15 0 0 0 0 0 0 0 0 0 0 0 0 0 0 0 0 0 0 0 0 0 0 0 0
14 23 16 0 0 0 0 0 0 0 0 0 0 0 0 0 0 0 0 0 0 0 0 0 0 0 0
14 23 17 0 0 0 0 0 0 0 0 0 0 0 0 0 0 0 0 0 0 0 0 0 0 0 0
14 23 18 0 0 0 0 0 0 0 0 0 0 0 0 0 0 0 0 0 0 0 0 0 0 0 0
14 23 19 0 0 0 0 0 0 0 0 0 0 0 0 0 0 0 0 0 0 0 0 0 0 0 0
14 23 20 0 0 0 0 0 0 0 0 0 0 0 0 0 0 0 0 0 0 0 0 0 0 0 0
14 23 21 0 0 0 0 0 0 0 0 0 0 0 0 0 0 0 0 0 0 0 0 0 0 0 0
14 23 22 0 0 0 0 0 0 0 0 0 0 0 0 0 0 0 0 0 0 0 0 0 0 0 0
14 23 23 0 0 0 0 0 0 0 0 0 0 0 0 0 0 0 0 0 0 0 0 0 0 0 0
14 23 24 0 0 0 0 0 0 0 0 0 0 0 0 0 0 0 0 0 0 0 0 0 0 0 0
14 23 25 0 0 0 0 0 0 0 0 0 0 0 0 0 0 0 0 0 0 0 0 0 0 0 0
14 23 26 0 0 0 0 0 0 0 0 0 0 0 0 0 0 0 0 0 0 0 0 0 0 0 0
14 23 27 0 0 0 0 0 0 0 0 0 0 0 0 0 0 0 0 0 0 0 0 0 0 0 0
14 23 28 0 0 0 0 0 0 0 0 0 0 0 0 0 0 0 0 0 0 0 0 0 0 0 0
14 23 29 0 0 0 0 0 0 0 0 0 0 0 0 0 0 0 0 0 0 0 0 0 0 0 0
14 23 30 0 0 0 0 0 0 0 0 0 0 0 0 0 0 0 0 0 0 0 0 0 0 0 0
14 23 31 0 0 0 0 0 0 0 0 0 0 0 0 0 0 0 0 0 0 0 0 0 0 0 0
14 24 0 0 0 0 0 0 0 0 0 0 0 0 0 0 0 0 0 0 0 0 0 0 0 0 0
14 24 1 0 0 0 0 0 0 0 0 0 0 0 0 0 0 0 0 0 0 0 0 0 0 0 0
14 24 2 0 0 0 0 0 0 0 0 0 0 0 0 0 0 0 0 0 0 0 0 0 0 0 0
14 24 3 0 0 0 0 0 0 0 0 0 0 0 0 0 0 0 0 0 0 0 0 0 0 0 0
14 24 4 0 0 0 0 0 0 0 0 0 0 0 0 0 0 0 0 0 0 0 0 0 0 0 0
14 24 5 0 0 0 0 0 0 0 0 0 0 0 0 0 0 0 0 0 0 0 0 0 0 0 0
14 24 6 0 0 0 0 0 0 0 0 0 0 0 0 0 0 0 0 0 0 0 0 0 0 0 0
14 24 7 0 0 0 0 0 0 0 0 0 0 0 0 0 0 0 0 0 0 0 0 0 0 0 0
14 24 8 0 0 0 0 0 0 0 0 0 0 0 0 0 0 0 0 0 0 0 0 0 0 0 0
14 24 9 0 0 0 0 0 0 0 0 0 0 0 0 0 0 0 0 0 0 0 0 0 0 0 0
14 24 10 0 0 0 0 0 0 0 0 0 0 0 0 0 0 0 0 0 0 0 0 0 0 0 0
14 24 11 0 0 0 0 0 0 0 0 0 0 0 0 0 0 0 0 0 0 0 0 0 0 0 0
14 24 12 0 0 0 0 0 0 0 0 0 0 0 0 0 0 0 0 0 0 0 0 0 0 0 0
14 24 13 0 0 0 0 0 0 0 0 0 0 0 0 0 0 0 0 0 0 0 0 0 0 0 0
14 24 14 0 0 0 0 0 0 0 0 0 0 0 0 0 0 0 0 0 0 0 0 0 0 0 0
14 24 15 0 0 0 0 0 0 0 0 0 0 0 0 0 0 0 0 0 0 0 0 0 0 0 0
14 24 16 0 0 0 0 0 0 0 0 0 0 0 0 0 0 0 0 0 0 0 0 0 0 0 0
14 24 17 0 0 0 0 0 0 0 0 0 0 0 0 0 0 0 0 0 0 0 0 0 0 0 0
14 24 18 0 0 0 0 0 0 0 0 0 0 0 0 0 0 0 0 0 0 0 0 0 0 0 0
14 24 19 0 0 0 0 0 0 0 0 0 0 0 0 0 0 0 0 0 0 0 0 0 0 0 0
14 24 20 0 0 0 0 0 0 0 0 0 0 0 0 0 0 0 0 0 0 0 0 0 0 0 0
14 24 21 0 0 0 0 0 0 0 0 0 0 0 0 0 0 0 0 0 0 0 0 0 0 0 0
14 24 22 0 0 0 0 0 0 0 0 0 0 0 0 0 0 0 0 0 0 0 0 0 0 0 0
14 24 23 0 0 0 0 0 0 0 0 0 0 0 0 0 0 0 0 0 0 0 0 0 0 0 0
14 24 24 0 0 0 0 0 0 0 0 0 0 0 0 0 0 0 0 0 0 0 0 0 0 0 0
14 24 25 0 0 0 0 0 0 0 0 0 0 0 0 0 0 0 0 0 0 0 0 0 0 0 0
14 24 26 0 0 0 0 0 0 0 0 0 0 0 0 0 0 0 0 0 0 0 0 0 0 0 0
14 24 27 0 0 0 0 0 0 0 0 0 0 0 0 0 0 0 0 0 0 0 0 0 0 0 0
14 24 28 0 0 0 0 0 0 0 0 0 0 0 0 0 0 0 0 0 0 0 0 0 0 0 0
14 24 29 0 0 0 0 0 0 0 0 0 0 0 0 0 0 0 0 0 0 0 0 0 0 0 0
14 24 30 0 0 0 0 0 0 0 0 0 0 0 0 0 0 0 0 0 0 0 0 0 0 0 0
14 24 31 0 0 0 0 0 0 0 0 0 0 0 0 0 0 0 0 0 0 0 0 0 0 0 0
14 25 0 0 0 0 0 0 0 0 0 0 0 0 0 0 0 0 0 0 0 0 0 0 0 0 0
14 25 1 0 0 0 0 0 0 0 0 0 0 0 0 0 0 0 0 0 0 0 0 0 0 0 0
14 25 2 0 0 0 0 0 0 0 0 0 0 0 0 0 0 0 0 0 0 0 0 0 0 0 0
14 25 3 0 0 0 0 0 0 0 0 0 0 0 0 0 0 0 0 0 0 0 0 0 0 0 0
14 25 4 0 0 0 0 0 0 0 0 0 0 0 0 0 0 0 0 0 0 0 0 0 0 0 0
14 25 5 0 0 0 0 0 0 0 0 0 0 0 0 0 0 0 0 0 0 0 0 0 0 0 0
14 25 6 0 0 0 0 0 0 0 0 0 0 0 0 0 0 0 0 0 0 0 0 0 0 0 0
14 25 7 0 0 0 0 0 0 0 0 0 0 0 0 0 0 0 0 0 0 0 0 0 0 0 0
14 25 8 0 0 0 0 0 0 0 0 0 0 0 0 0 0 0 0 0 0 0 0 0 0 0 0
14 25 9 0 0 0 0 0 0 0 0 0 0 0 0 0 0 0 0 0 0 0 0 0 0 0 0
14 25 10 0 0 0 0 0 0 0 0 0 0 0 0 0 0 0 0 0 0 0 0 0 0 0 0
14 25 11 0 0 0 0 0 0 0 0 0 0 0 0 0 0 0 0 0 0 0 0 0 0 0 0
14 25 12 0 0 0 0 0 0 0 0 0 0 0 0 0 0 0 0 0 0 0 0 0 0 0 0
14 25 13 0 0 0 0 0 0 0 0 0 0 0 0 0 0 0 0 0 0 0 0 0 0 0 0
14 25 14 0 0 0 0 0 0 0 0 0 0 0 0 0 0 0 0 0 0 0 0 0 0 0 0
14 25 15 0 0 0 0 0 0 0 0 0 0 0 0 0 0 0 0 0 0 0 0 0 0 0 0
14 25 16 0 0 0 0 0 0 0 0 0 0 0 0 0 0 0 0 0 0 0 0 0 0 0 0
14 25 17 0 0 0 0 0 0 0 0 0 0 0 0 0 0 0 0 0 0 0 0 0 0 0 0
14 25 18 0 0 0 0 0 0 0 0 0 0 0 0 0 0 0 0 0 0 0 0 0 0 0 0
14 25 19 0 0 0 0 0 0 0 0 0 0 0 0 0 0 0 0 0 0 0 0 0 0 0 0
14 25 20 0 0 0 0 0 0 0 0 0 0 0 0 0 0 0 0 0 0 0 0 0 0 0 0
14 25 21 0 0 0 0 0 0 0 0 0 0 0 0 0 0 0 0 0 0 0 0 0 0 0 0
14 25 22 0 0 0 0 0 0 0 0 0 0 0 0 0 0 0 0 0 0 0 0 0 0 0 0
14 25 23 0 0 0 0 0 0 0 0 0 0 0 0 0 0 0 0 0 0 0 0 0 0 0 0
14 25 24 0 0 0 0 0 0 0 0 0 0 0 0 0 0 0 0 0 0 0 0 0 0 0 0
14 25 25 0 0 0 0 0 0 0 0 0 0 0 0 0 0 0 0 0 0 0 0 0 0 0 0
14 25 26 0 0 0 0 0 0 0 0 0 0 0 0 0 0 0 0 0 0 0 0 0 0 0 0
14 25 27 0 0 0 0 0 0 0 0 0 0 0 0 0 0 0 0 0 0 0 0 0 0 0 0
14 25 28 0 0 0 0 0 0 0 0 0 0 0 0 0 0 0 0 0 0 0 0 0 0 0 0
14 25 29 0 0 0 0 0 0 0 0 0 0 0 0 0 0 0 0 0 0 0 0 0 0 0 0
14 25 30 0 0 0 0 0 0 0 0 0 0 0 0 0 0 0 0 0 0 0 0 0 0 0 0
14 25 31 0 0 0 0 0 0 0 0 0 0 0 0 0 0 0 0 0 0 0 0 0 0 0 0
14 26 0 0 0 0 0 0 0 0 0 0 0 0 0 0 0 0 0 0 0 0 0 0 0 0 0
14 26 1 0 0 0 0 0 0 0 0 0 0 0 0 0 0 0 0 0 0 0 0 0 0 0 0
14 26 2 0 0 0 0 0 0 0 0 0 0 0 0 0 0 0 0 0 0 0 0 0 0 0 0
14 26 3 0 0 0 0 0 0 0 0 0 0 0 0 0 0 0 0 0 0 0 0 0 0 0 0
14 26 4 0 0 0 0 0 0 0 0 0 0 0 0 0 0 0 0 0 0 0 0 0 0 0 0
14 26 5 0 0 0 0 0 0 0 0 0 0 0 0 0 0 0 0 0 0 0 0 0 0 0 0
14 26 6 0 0 0 0 0 0 0 0 0 0 0 0 0 0 0 0 0 0 0 0 0 0 0 0
14 26 7 0 0 0 0 0 0 0 0 0 0 0 0 0 0 0 0 0 0 0 0 0 0 0 0
14 26 8 0 0 0 0 0 0 0 0 0 0 0 0 0 0 0 0 0 0 0 0 0 0 0 0
14 26 9 0 0 0 0 0 0 0 0 0 0 0 0 0 0 0 0 0 0 0 0 0 0 0 0
14 26 10 0 0 0 0 0 0 0 0 0 0 0 0 0 0 0 0 0 0 0 0 0 0 0 0
14 26 11 0 0 0 0 0 0 0 0 0 0 0 0 0 0 0 0 0 0 0 0 0 0 0 0
14 26 12 0 0 0 0 0 0 0 0 0 0 0 0 0 0 0 0 0 0 0 0 0 0 0 0
14 26 13 0 0 0 0 0 0 0 0 0 0 0 0 0 0 0 0 0 0 0 0 0 0 0 0
14 26 14 0 0 0 0 0 0 0 0 0 0 0 0 0 0 0 0 0 0 0 0 0 0 0 0
14 26 15 0 0 0 0 0 0 0 0 0 0 0 0 0 0 0 0 0 0 0 0 0 0 0 0
14 26 16 0 0 0 0 0 0 0 0 0 0 0 0 0 0 0 0 0 0 0 0 0 0 0 0
14 26 17 0 0 0 0 0 0 0 0 0 0 0 0 0 0 0 0 0 0 0 0 0 0 0 0
14 26 18 0 0 0 0 0 0 0 0 0 0 0 0 0 0 0 0 0 0 0 0 0 0 0 0
14 26 19 0 0 0 0 0 0 0 0 0 0 0 0 0 0 0 0 0 0 0 0 0 0 0 0
14 26 20 0 0 0 0 0 0 0 0 0 0 0 0 0 0 0 0 0 0 0 0 0 0 0 0
14 26 21 0 0 0 0 0 0 0 0 0 0 0 0 0 0 0 0 0 0 0 0 0 0 0 0
14 26 22 0 0 0 0 0 0 0 0 0 0 0 0 0 0 0 0 0 0 0 0 0 0 0 0
14 26 23 0 0 0 0 0 0 0 0 0 0 0 0 0 0 0 0 0 0 0 0 0 0 0 0
14 26 24 0 0 0 0 0 0 0 0 0 0 0 0 0 0 0 0 0 0 0 0 0 0 0 0
14 26 25 0 0 0 0 0 0 0 0 0 0 0 0 0 0 0 0 0 0 0 0 0 0 0 0
14 26 26 0 0 0 0 0 0 0 0 0 0 0 0 0 0 0 0 0 0 0 0 0 0 0 0
14 26 27 0 0 0 0 0 0 0 0 0 0 0 0 0 0 0 0 0 0 0 0 0 0 0 0
14 26 28 0 0 0 0 0 0 0 0 0 0 0 0 0 0 0 0 0 0 0 0 0 0 0 0
14 26 29 0 0 0 0 0 0 0 0 0 0 0 0 0 0 0 0 0 0 0 0 0 0 0 0
14 26 30 0 0 0 0 0 0 0 0 0 0 0 0 0 0 0 0 0 0 0 0 0 0 0 0
14 26 31 0 0 0 0 0 0 0 0 0 0 0 0 0 0 0 0 0 0 0 0 0 0 0 0
14 27 0 0 0 0 0 0 0 0 0 0 0 0 0 0 0 0 0 0 0 0 0 0 0 0 0
14 27 1 0 0 0 0 0 0 0 0 0 0 0 0 0 0 0 0 0 0 0 0 0 0 0 0
14 27 2 0 0 0 0 0 0 0 0 0 0 0 0 0 0 0 0 0 0 0 0 0 0 0 0
14 27 3 0 0 0 0 0 0 0 0 0 0 0 0 0 0 0 0 0 0 0 0 0 0 0 0
14 27 4 0 0 0 0 0 0 0 0 0 0 0 0 0 0 0 0 0 0 0 0 0 0 0 0
14 27 5 0 0 0 0 0 0 0 0 0 0 0 0 0 0 0 0 0 0 0 0 0 0 0 0
14 27 6 0 0 0 0 0 0 0 0 0 0 0 0 0 0 0 0 0 0 0 0 0 0 0 0
14 27 7 0 0 0 0 0 0 0 0 0 0 0 0 0 0 0 0 0 0 0 0 0 0 0 0
14 27 8 0 0 0 0 0 0 0 0 0 0 0 0 0 0 0 0 0 0 0 0 0 0 0 0
14 27 9 0 0 0 0 0 0 0 0 0 0 0 0 0 0 0 0 0 0 0 0 0 0 0 0
14 27 10 0 0 0 0 0 0 0 0 0 0 0 0 0 0 0 0 0 0 0 0 0 0 0 0
14 27 11 0 0 0 0 0 0 0 0 0 0 0 0 0 0 0 0 0 0 0 0 0 0 0 0
14 27 12 0 0 0 0 0 0 0 0 0 0 0 0 0 0 0 0 0 0 0 0 0 0 0 0
14 27 13 0 0 0 0 0 0 0 0 0 0 0 0 0 0 0 0 0 0 0 0 0 0 0 0
14 27 14 0 0 0 0 0 0 0 0 0 0 0 0 0 0 0 0 0 0 0 0 0 0 0 0
14 27 15 0 0 0 0 0 0 0 0 0 0 0 0 0 0 0 0 0 0 0 0 0 0 0 0
14 27 16 0 0 0 0 0 0 0 0 0 0 0 0 0 0 0 0 0 0 0 0 0 0 0 0
14 27 17 0 0 0 0 0 0 0 0 0 0 0 0 0 0 0 0 0 0 0 0 0 0 0 0
14 27 18 0 0 0 0 0 0 0 0 0 0 0 0 0 0 0 0 0 0 0 0 0 0 0 0
14 27 19 0 0 0 0 0 0 0 0 0 0 0 0 0 0 0 0 0 0 0 0 0 0 0 0
14 27 20 0 0 0 0 0 0 0 0 0 0 0 0 0 0 0 0 0 0 0 0 0 0 0 0
14 27 21 0 0 0 0 0 0 0 0 0 0 0 0 0 0 0 0 0 0 0 0 0 0 0 0
14 27 22 0 0 0 0 0 0 0 0 0 0 0 0 0 0 0 0 0 0 0 0 0 0 0 0
14 27 23 0 0 0 0 0 0 0 0 0 0 0 0 0 0 0 0 0 0 0 0 0 0 0 0
14 27 24 0 0 0 0 0 0 0 0 0 0 0 0 0 0 0 0 0 0 0 0 0 0 0 0
14 27 25 0 0 0 0 0 0 0 0 0 0 0 0 0 0 0 0 0 0 0 0 0 0 0 0
14 27 26 0 0 0 0 0 0 0 0 0 0 0 0 0 0 0 0 0 0 0 0 0 0 0 0
14 27 27 0 0 0 0 0 0 0 0 0 0 0 0 0 0 0 0 0 0 0 0 0 0 0 0
14 27 28 0 0 0 0 0 0 0 0 0 0 0 0 0 0 0 0 0 0 0 0 0 0 0 0
14 27 29 0 0 0 0 0 0 0 0 0 0 0 0 0 0 0 0 0 0 0 0 0 0 0 0
14 27 30 0 0 0 0 0 0 0 0 0 0 0 0 0 0 0 0 0 0 0 0 0 0 0 0
14 27 31 0 0 0 0 0 0 0 0 0 0 0 0 0 0 0 0 0 0 0 0 0 0 0 0
14 28 0 0 0 0 0 0 0 0 0 0 0 0 0 0 0 0 0 0 0 0 0 0 0 0 0
14 28 1 0 0 0 0 0 0 0 0 0 0 0 0 0 0 0 0 0 0 0 0 0 0 0 0
14 28 2 0 0 0 0 0 0 0 0 0 0 0 0 0 0 0 0 0 0 0 0 0 0 0 0
14 28 3 0 0 0 0 0 0 0 0 0 0 0 0 0 0 0 0 0 0 0 0 0 0 0 0
14 28 4 0 0 0 0 0 0 0 0 0 0 0 0 0 0 0 0 0 0 0 0 0 0 0 0
14 28 5 0 0 0 0 0 0 0 0 0 0 0 0 0 0 0 0 0 0 0 0 0 0 0 0
14 28 6 0 0 0 0 0 0 0 0 0 0 0 0 0 0 0 0 0 0 0 0 0 0 0 0
14 28 7 0 0 0 0 0 0 0 0 0 0 0 0 0 0 0 0 0 0 0 0 0 0 0 0
14 28 8 0 0 0 0 0 0 0 0 0 0 0 0 0 0 0 0 0 0 0 0 0 0 0 0
14 28 9 0 0 0 0 0 0 0 0 0 0 0 0 0 0 0 0 0 0 0 0 0 0 0 0
14 28 10 0 0 0 0 0 0 0 0 0 0 0 0 0 0 0 0 0 0 0 0 0 0 0 0
14 28 11 0 0 0 0 0 0 0 0 0 0 0 0 0 0 0 0 0 0 0 0 0 0 0 0
14 28 12 0 0 0 0 0 0 0 0 0 0 0 0 0 0 0 0 0 0 0 0 0 0 0 0
14 28 13 0 0 0 0 0 0 0 0 0 0 0 0 0 0 0 0 0 0 0 0 0 0 0 0
14 28 14 0 0 0 0 0 0 0 0 0 0 0 0 0 0 0 0 0 0 0 0 0 0 0 0
14 28 15 0 0 0 0 0 0 0 0 0 0 0 0 0 0 0 0 0 0 0 0 0 0 0 0
14 28 16 0 0 0 0 0 0 0 0 0 0 0 0 0 0 0 0 0 0 0 0 0 0 0 0
14 28 17 0 0 0 0 0 0 0 0 0 0 0 0 0 0 0 0 0 0 0 0 0 0 0 0
14 28 18 0 0 0 0 0 0 0 0 0 0 0 0 0 0 0 0 0 0 0 0 0 0 0 0
14 28 19 0 0 0 0 0 0 0 0 0 0 0 0 0 0 0 0 0 0 0 0 0 0 0 0
14 28 20 0 0 0 0 0 0 0 0 0 0 0 0 0 0 0 0 0 0 0 0 0 0 0 0
14 28 21 0 0 0 0 0 0 0 0 0 0 0 0 0 0 0 0 0 0 0 0 0 0 0 0
14 28 22 0 0 0 0 0 0 0 0 0 0 0 0 0 0 0 0 0 0 0 0 0 0 0 0
14 28 23 0 0 0 0 0 0 0 0 0 0 0 0 0 0 0 0 0 0 0 0 0 0 0 0
14 28 24 0 0 0 0 0 0 0 0 0 0 0 0 0 0 0 0 0 0 0 0 0 0 0 0
14 28 25 0 0 0 0 0 0 0 0 0 0 0 0 0 0 0 0 0 0 0 0 0 0 0 0
14 28 26 0 0 0 0 0 0 0 0 0 0 0 0 0 0 0 0 0 0 0 0 0 0 0 0
14 28 27 0 0 0 0 0 0 0 0 0 0 0 0 0 0 0 0 0 0 0 0 0 0 0 0
14 28 28 0 0 0 0 0 0 0 0 0 0 0 0 0 0 0 0 0 0 0 0 0 0 0 0
14 28 29 0 0 0 0 0 0 0 0 0 0 0 0 0 0 0 0 0 0 0 0 0 0 0 0
14 28 30 0 0 0 0 0 0 0 0 0 0 0 0 0 0 0 0 0 0 0 0 0 0 0 0
14 28 31 0 0 0 0 0 0 0 0 0 0 0 0 0 0 0 0 0 0 0 0 0 0 0 0
14 29 0 0 0 0 0 0 0 0 0 0 0 0 0 0 0 0 0 0 0 0 0 0 0 0 0
14 29 1 0 0 0 0 0 0 0 0 0 0 0 0 0 0 0 0 0 0 0 0 0 0 0 0
14 29 2 0 0 0 0 0 0 0 0 0 0 0 0 0 0 0 0 0 0 0 0 0 0 0 0
14 29 3 0 0 0 0 0 0 0 0 0 0 0 0 0 0 0 0 0 0 0 0 0 0 0 0
14 29 4 0 0 0 0 0 0 0 0 0 0 0 0 0 0 0 0 0 0 0 0 0 0 0 0
14 29 5 0 0 0 0 0 0 0 0 0 0 0 0 0 0 0 0 0 0 0 0 0 0 0 0
14 29 6 0 0 0 0 0 0 0 0 0 0 0 0 0 0 0 0 0 0 0 0 0 0 0 0
14 29 7 0 0 0 0 0 0 0 0 0 0 0 0 0 0 0 0 0 0 0 0 0 0 0 0
14 29 8 0 0 0 0 0 0 0 0 0 0 0 0 0 0 0 0 0 0 0 0 0 0 0 0
14 29 9 0 0 0 0 0 0 0 0 0 0 0 0 0 0 0 0 0 0 0 0 0 0 0 0
14 29 10 0 0 0 0 0 0 0 0 0 0 0 0 0 0 0 0 0 0 0 0 0 0 0 0
14 29 11 0 0 0 0 0 0 0 0 0 0 0 0 0 0 0 0 0 0 0 0 0 0 0 0
14 29 12 0 0 0 0 0 0 0 0 0 0 0 0 0 0 0 0 0 0 0 0 0 0 0 0
14 29 13 0 0 0 0 0 0 0 0 0 0 0 0 0 0 0 0 0 0 0 0 0 0 0 0
14 29 14 0 0 0 0 0 0 0 0 0 0 0 0 0 0 0 0 0 0 0 0 0 0 0 0
14 29 15 0 0 0 0 0 0 0 0 0 0 0 0 0 0 0 0 0 0 0 0 0 0 0 0
14 29 16 0 0 0 0 0 0 0 0 0 0 0 0 0 0 0 0 0 0 0 0 0 0 0 0
14 29 17 0 0 0 0 0 0 0 0 0 0 0 0 0 0 0 0 0 0 0 0 0 0 0 0
14 29 18 0 0 0 0 0 0 0 0 0 0 0 0 0 0 0 0 0 0 0 0 0 0 0 0
14 29 19 0 0 0 0 0 0 0 0 0 0 0 0 0 0 0 0 0 0 0 0 0 0 0 0
14 29 20 0 0 0 0 0 0 0 0 0 0 0 0 0 0 0 0 0 0 0 0 0 0 0 0
14 29 21 0 0 0 0 0 0 0 0 0 0 0 0 0 0 0 0 0 0 0 0 0 0 0 0
14 29 22 0 0 0 0 0 0 0 0 0 0 0 0 0 0 0 0 0 0 0 0 0 0 0 0
14 29 23 0 0 0 0 0 0 0 0 0 0 0 0 0 0 0 0 0 0 0 0 0 0 0 0
14 29 24 0 0 0 0 0 0 0 0 0 0 0 0 0 0 0 0 0 0 0 0 0 0 0 0
14 29 25 0 0 0 0 0 0 0 0 0 0 0 0 0 0 0 0 0 0 0 0 0 0 0 0
14 29 26 0 0 0 0 0 0 0 0 0 0 0 0 0 0 0 0 0 0 0 0 0 0 0 0
14 29 27 0 0 0 0 0 0 0 0 0 0 0 0 0 0 0 0 0 0 0 0 0 0 0 0
14 29 28 0 0 0 0 0 0 0 0 0 0 0 0 0 0 0 0 0 0 0 0 0 0 0 0
14 29 29 0 0 0 0 0 0 0 0 0 0 0 0 0 0 0 0 0 0 0 0 0 0 0 0
14 29 30 0 0 0 0 0 0 0 0 0 0 0 0 0 0 0 0 0 0 0 0 0 0 0 0
14 29 31 0 0 0 0 0 0 0 0 0 0 0 0 0 0 0 0 0 0 0 0 0 0 0 0
14 30 0 0 0 0 0 0 0 0 0 0 0 0 0 0 0 0 0 0 0 0 0 0 0 0 0
14 30 1 0 0 0 0 0 0 0 0 0 0 0 0 0 0 0 0 0 0 0 0 0 0 0 0
14 30 2 0 0 0 0 0 0 0 0 0 0 0 0 0 0 0 0 0 0 0 0 0 0 0 0
14 30 3 0 0 0 0 0 0 0 0 0 0 0 0 0 0 0 0 0 0 0 0 0 0 0 0
14 30 4 0 0 0 0 0 0 0 0 0 0 0 0 0 0 0 0 0 0 0 0 0 0 0 0
14 30 5 0 0 0 0 0 0 0 0 0 0 0 0 0 0 0 0 0 0 0 0 0 0 0 0
14 30 6 0 0 0 0 0 0 0 0 0 0 0 0 0 0 0 0 0 0 0 0 0 0 0 0
14 30 7 0 0 0 0 0 0 0 0 0 0 0 0 0 0 0 0 0 0 0 0 0 0 0 0
14 30 8 0 0 0 0 0 0 0 0 0 0 0 0 0 0 0 0 0 0 0 0 0 0 0 0
14 30 9 0 0 0 0 0 0 0 0 0 0 0 0 0 0 0 0 0 0 0 0 0 0 0 0
14 30 10 0 0 0 0 0 0 0 0 0 0 0 0 0 0 0 0 0 0 0 0 0 0 0 0
14 30 11 0 0 0 0 0 0 0 0 0 0 0 0 0 0 0 0 0 0 0 0 0 0 0 0
14 30 12 0 0 0 0 0 0 0 0 0 0 0 0 0 0 0 0 0 0 0 0 0 0 0 0
14 30 13 0 0 0 0 0 0 0 0 0 0 0 0 0 0 0 0 0 0 0 0 0 0 0 0
14 30 14 0 0 0 0 0 0 0 0 0 0 0 0 0 0 0 0 0 0 0 0 0 0 0 0
14 30 15 0 0 0 0 0 0 0 0 0 0 0 0 0 0 0 0 0 0 0 0 0 0 0 0
14 30 16 0 0 0 0 0 0 0 0 0 0 0 0 0 0 0 0 0 0 0 0 0 0 0 0
14 30 17 0 0 0 0 0 0 0 0 0 0 0 0 0 0 0 0 0 0 0 0 0 0 0 0
14 30 18 0 0 0 0 0 0 0 0 0 0 0 0 0 0 0 0 0 0 0 0 0 0 0 0
14 30 19 0 0 0 0 0 0 0 0 0 0 0 0 0 0 0 0 0 0 0 0 0 0 0 0
14 30 20 0 0 0 0 0 0 0 0 0 0 0 0 0 0 0 0 0 0 0 0 0 0 0 0
14 30 21 0 0 0 0 0 0 0 0 0 0 0 0 0 0 0 0 0 0 0 0 0 0 0 0
14 30 22 0 0 0 0 0 0 0 0 0 0 0 0 0 0 0 0 0 0 0 0 0 0 0 0
14 30 23 0 0 0 0 0 0 0 0 0 0 0 0 0 0 0 0 0 0 0 0 0 0 0 0
14 30 24 0 0 0 0 0 0 0 0 0 0 0 0 0 0 0 0 0 0 0 0 0 0 0 0
14 30 25 0 0 0 0 0 0 0 0 0 0 0 0 0 0 0 0 0 0 0 0 0 0 0 0
14 30 26 0 0 0 0 0 0 0 0 0 0 0 0 0 0 0 0 0 0 0 0 0 0 0 0
14 30 27 0 0 0 0 0 0 0 0 0 0 0 0 0 0 0 0 0 0 0 0 0 0 0 0
14 30 28 0 0 0 0 0 0 0 0 0 0 0 0 0 0 0 0 0 0 0 0 0 0 0 0
14 30 29 0 0 0 0 0 0 0 0 0 0 0 0 0 0 0 0 0 0 0 0 0 0 0 0
14 30 30 0 0 0 0 0 0 0 0 0 0 0 0 0 0 0 0 0 0 0 0 0 0 0 0
14 30 31 0 0 0 0 0 0 0 0 0 0 0 0 0 0 0 0 0 0 0 0 0 0 0 0
14 31 0 0 0 0 0 0 0 0 0 0 0 0 0 0 0 0 0 0 0 0 0 0 0 0 0
14 31 1 0 0 0 0 0 0 0 0 0 0 0 0 0 0 0 0 0 0 0 0 0 0 0 0
14 31 2 0 0 0 0 0 0 0 0 0 0 0 0 0 0 0 0 0 0 0 0 0 0 0 0
14 31 3 0 0 0 0 0 0 0 0 0 0 0 0 0 0 0 0 0 0 0 0 0 0 0 0
14 31 4 0 0 0 0 0 0 0 0 0 0 0 0 0 0 0 0 0 0 0 0 0 0 0 0
14 31 5 0 0 0 0 0 0 0 0 0 0 0 0 0 0 0 0 0 0 0 0 0 0 0 0
14 31 6 0 0 0 0 0 0 0 0 0 0 0 0 0 0 0 0 0 0 0 0 0 0 0 0
14 31 7 0 0 0 0 0 0 0 0 0 0 0 0 0 0 0 0 0 0 0 0 0 0 0 0
14 31 8 0 0 0 0 0 0 0 0 0 0 0 0 0 0 0 0 0 0 0 0 0 0 0 0
14 31 9 0 0 0 0 0 0 0 0 0 0 0 0 0 0 0 0 0 0 0 0 0 0 0 0
14 31 10 0 0 0 0 0 0 0 0 0 0 0 0 0 0 0 0 0 0 0 0 0 0 0 0
14 31 11 0 0 0 0 0 0 0 0 0 0 0 0 0 0 0 0 0 0 0 0 0 0 0 0
14 31 12 0 0 0 0 0 0 0 0 0 0 0 0 0 0 0 0 0 0 0 0 0 0 0 0
14 31 13 0 0 0 0 0 0 0 0 0 0 0 0 0 0 0 0 0 0 0 0 0 0 0 0
14 31 14 0 0 0 0 0 0 0 0 0 0 0 0 0 0 0 0 0 0 0 0 0 0 0 0
14 31 15 0 0 0 0 0 0 0 0 0 0 0 0 0 0 0 0 0 0 0 0 0 0 0 0
14 31 16 0 0 0 0 0 0 0 0 0 0 0 0 0 0 0 0 0 0 0 0 0 0 0 0
14 31 17 0 0 0 0 0 0 0 0 0 0 0 0 0 0 0 0 0 0 0 0 0 0 0 0
14 31 18 0 0 0 0 0 0 0 0 0 0 0 0 0 0 0 0 0 0 0 0 0 0 0 0
14 31 19 0 0 0 0 0 0 0 0 0 0 0 0 0 0 0 0 0 0 0 0 0 0 0 0
14 31 20 0 0 0 0 0 0 0 0 0 0 0 0 0 0 0 0 0 0 0 0 0 0 0 0
14 31 21 0 0 0 0 0 0 0 0 0 0 0 0 0 0 0 0 0 0 0 0 0 0 0 0
14 31 22 0 0 0 0 0 0 0 0 0 0 0 0 0 0 0 0 0 0 0 0 0 0 0 0
14 31 23 0 0 0 0 0 0 0 0 0 0 0 0 0 0 0 0 0 0 0 0 0 0 0 0
14 31 24 0 0 0 0 0 0 0 0 0 0 0 0 0 0 0 0 0 0 0 0 0 0 0 0
14 31 25 0 0 0 0 0 0 0 0 0 0 0 0 0 0 0 0 0 0 0 0 0 0 0 0
14 31 26 0 0 0 0 0 0 0 0 0 0 0 0 0 0 0 0 0 0 0 0 0 0 0 0
14 31 27 0 0 0 0 0 0 0 0 0 0 0 0 0 0 0 0 0 0 0 0 0 0 0 0
14 31 28 0 0 0 0 0 0 0 0 0 0 0 0 0 0 0 0 0 0 0 0 0 0 0 0
14 31 29 0 0 0 0 0 0 0 0 0 0 0 0 0 0 0 0 0 0 0 0 0 0 0 0
14 31 30 0 0 0 0 0 0 0 0 0 0 0 0 0 0 0 0 0 0 0 0 0 0 0 0
14 31 31 0 0 0 0 0 0 0 0 0 0 0 0 0 0 0 0 0 0 0 0 0 0 0 0
15 0 0 1 0 0 1 1 375 0 0 0 0 0 0 0 0 0 0 0 0 0 0 0 0 0 0
15 0 1 1 0 0 1 2 375 1 0 1 1 0 375 0 0 0 0 0 0 0 0 0 0 0 0
15 0 2 0 0 0 0 0 0 1 0 1 1 1 375 0 0 0 0 0 0 0 0 0 0 0 0
15 0 3 1 0 2 1 0 376 1 0 1 1 2 375 0 0 0 0 0 0 0 0 0 0 0 0
15 0 4 1 0 2 1 1 376 0 0 0 0 0 0 0 0 0 0 0 0 0 0 0 0 0 0
15 0 5 1 0 2 1 2 376 1 0 3 1 0 376 0 0 0 0 0 0 0 0 0 0 0 0
15 0 6 0 0 0 0 0 0 1 0 3 1 1 376 0 0 0 0 0 0 0 0 0 0 0 0
15 0 7 1 0 4 1 0 377 1 0 3 1 2 376 0 0 0 0 0 0 0 0 0 0 0 0
15 0 8 1 0 4 1 1 377 0 0 0 0 0 0 0 0 0 0 0 0 0 0 0 0 0 0
15 0 9 1 0 4 1 2 377 1 0 5 1 0 377 0 0 0 0 0 0 0 0 0 0 0 0
15 0 10 0 0 0 0 0 0 1 0 5 1 1 377 0 0 0 0 0 0 0 0 0 0 0 0
15 0 11 1 0 6 1 0 378 1 0 5 1 2 377 0 0 0 0 0 0 0 0 0 0 0 0
15 0 12 1 0 6 1 1 378 0 0 0 0 0 0 0 0 0 0 0 0 0 0 0 0 0 0
15 0 13 1 0 6 1 2 378 1 0 7 1 0 378 0 0 0 0 0 0 0 0 0 0 0 0
15 0 14 0 0 0 0 0 0 1 0 7 1 1 378 0 0 0 0 0 0 0 0 0 0 0 0
15 0 15 1 0 8 1 0 379 1 0 7 1 2 378 0 0 0 0 0 0 0 0 0 0 0 0
15 0 16 1 0 8 1 1 379 0 0 0 0 0 0 0 0 0 0 0 0 0 0 0 0 0 0
15 0 17 1 0 8 1 2 379 0 0 0 0 0 0 0 0 0 0 0 0 0 0 0 0 0 0
15 0 18 0 0 0 0 0 0 0 0 0 0 0 0 0 0 0 0 0 0 0 0 0 0 0 0
15 0 19 0 0 0 0 0 0 0 0 0 0 0 0 0 0 0 0 0 0 0 0 0 0 0 0
15 0 20 0 0 0 0 0 0 0 0 0 0 0 0 0 0 0 0 0 0 0 0 0 0 0 0
15 0 21 0 0 0 0 0 0 0 0 0 0 0 0 0 0 0 0 0 0 0 0 0 0 0 0
15 0 22 0 0 0 0 0 0 0 0 0 0 0 0 0 0 0 0 0 0 0 0 0 0 0 0
15 0 23 0 0 0 0 0 0 0 0 0 0 0 0 0 0 0 0 0 0 0 0 0 0 0 0
15 0 24 0 0 0 0 0 0 0 0 0 0 0 0 0 0 0 0 0 0 0 0 0 0 0 0
15 0 25 0 0 0 0 0 0 0 0 0 0 0 0 0 0 0 0 0 0 0 0 0 0 0 0
15 0 26 0 0 0 0 0 0 0 0 0 0 0 0 0 0 0 0 0 0 0 0 0 0 0 0
15 0 27 0 0 0 0 0 0 0 0 0 0 0 0 0 0 0 0 0 0 0 0 0 0 0 0
15 0 28 0 0 0 0 0 0 0 0 0 0 0 0 0 0 0 0 0 0 0 0 0 0 0 0
15 0 29 0 0 0 0 0 0 0 0 0 0 0 0 0 0 0 0 0 0 0 0 0 0 0 0
15 0 30 0 0 0 0 0 0 0 0 0 0 0 0 0 0 0 0 0 0 0 0 0 0 0 0
15 0 31 0 0 0 0 0 0 0 0 0 0 0 0 0 0 0 0 0 0 0 0 0 0 0 0
15 1 0 1 0 0 2 1 375 0 0 0 0 0 0 1 1 0 0 1 375 0 0 0 0 0 0
15 1 1 1 0 0 2 2 375 1 0 1 2 0 375 1 1 0 0 2 375 1 1 1 0 0 375
15 1 2 0 0 0 0 0 0 1 0 1 2 1 375 0 0 0 0 0 0 1 1 1 0 1 375
15 1 3 1 0 2 2 0 376 1 0 1 2 2 375 1 1 2 0 0 376 1 1 1 0 2 375
15 1 4 1 0 2 2 1 376 0 0 0 0 0 0 1 1 2 0 1 376 0 0 0 0 0 0
15 1 5 1 0 2 2 2 376 1 0 3 2 0 376 1 1 2 0 2 376 1 1 3 0 0 376
15 1 6 0 0 0 0 0 0 1 0 3 2 1 376 0 0 0 0 0 0 1 1 3 0 1 376
15 1 7 1 0 4 2 0 377 1 0 3 2 2 376 1 1 4 0 0 377 1 1 3 0 2 376
15 1 8 1 0 4 2 1 377 0 0 0 0 0 0 1 1 4 0 1 377 0 0 0 0 0 0
15 1 9 1 0 4 2 2 377 1 0 5 2 0 377 1 1 4 0 2 377 1 1 5 0 0 377
15 1 10 0 0 0 0 0 0 1 0 5 2 1 377 0 0 0 0 0 0 1 1 5 0 1 377
15 1 11 1 0 6 2 0 378 1 0 5 2 2 377 1 1 6 0 0 378 1 1 5 0 2 377
15 1 12 1 0 6 2 1 378 0 0 0 0 0 0 1 1 6 0 1 378 0 0 0 0 0 0
15 1 13 1 0 6 2 2 378 1 0 7 2 0 378 1 1 6 0 2 378 1 1 7 0 0 378
15 1 14 0 0 0 0 0 0 1 0 7 2 1 378 0 0 0 0 0 0 1 1 7 0 1 378
15 1 15 1 0 8 2 0 379 1 0 7 2 2 378 1 1 8 0 0 379 1 1 7 0 2 378
15 1 16 1 0 8 2 1 379 0 0 0 0 0 0 1 1 8 0 1 379 0 0 0 0 0 0
15 1 17 1 0 8 2 2 379 0 0 0 0 0 0 1 1 8 0 2 379 0 0 0 0 0 0
15 1 18 0 0 0 0 0 0 0 0 0 0 0 0 0 0 0 0 0 0 0 0 0 0 0 0
15 1 19 0 0 0 0 0 0 0 0 0 0 0 0 0 0 0 0 0 0 0 0 0 0 0 0
15 1 20 0 0 0 0 0 0 0 0 0 0 0 0 0 0 0 0 0 0 0 0 0 0 0 0
15 1 21 0 0 0 0 0 0 0 0 0 0 0 0 0 0 0 0 0 0 0 0 0 0 0 0
15 1 22 0 0 0 0 0 0 0 0 0 0 0 0 0 0 0 0 0 0 0 0 0 0 0 0
15 1 23 0 0 0 0 0 0 0 0 0 0 0 0 0 0 0 0 0 0 0 0 0 0 0 0
15 1 24 0 0 0 0 0 0 0 0 0 0 0 0 0 0 0 0 0 0 0 0 0 0 0 0
15 1 25 0 0 0 0 0 0 0 0 0 0 0 0 0 0 0 0 0 0 0 0 0 0 0 0
15 1 26 0 0 0 0 0 0 0 0 0 0 0 0 0 0 0 0 0 0 0 0 0 0 0 0
15 1 27 0 0 0 0 0 0 0 0 0 0 0 0 0 0 0 0 0 0 0 0 0 0 0 0
15 1 28 0 0 0 0 0 0 0 0 0 0 0 0 0 0 0 0 0 0 0 0 0 0 0 0
15 1 29 0 0 0 0 0 0 0 0 0 0 0 0 0 0 0 0 0 0 0 0 0 0 0 0
15 1 30 0 0 0 0 0 0 0 0 0 0 0 0 0 0 0 0 0 0 0 0 0 0 0 0
15 1 31 0 0 0 0 0 0 0 0 0 0 0 0 0 0 0 0 0 0 0 0 0 0 0 0
15 2 0 0 0 0 0 0 0 0 0 0 0 0 0 1 1 0 1 1 375 0 0 0 0 0 0
15 2 1 0 0 0 0 0 0 0 0 0 0 0 0 1 1 0 1 2 375 1 1 1 1 0 375
15 2 2 0 0 0 0 0 0 0 0 0 0 0 0 0 0 0 0 0 0 1 1 1 1 1 375
15 2 3 0 0 0 0 0 0 0 0 0 0 0 0 1 1 2 1 0 376 1 1 1 1 2 375
15 2 4 0 0 0 0 0 0 0 0 0 0 0 0 1 1 2 1 1 376 0 0 0 0 0 0
15 2 5 0 0 0 0 0 0 0 0 0 0 0 0 1 1 2 1 2 376 1 1 3 1 0 376
15 2 6 0 0 0 0 0 0 0 0 0 0 0 0 0 0 0 0 0 0 1 1 3 1 1 376
15 2 7 0 0 0 0 0 0 0 0 0 0 0 0 1 1 4 1 0 377 1 1 3 1 2 376
15 2 8 0 0 0 0 0 0 0 0 0 0 0 0 1 1 4 1 1 377 0 0 0 0 0 0
15 2 9 0 0 0 0 0 0 0 0 0 0 0 0 1 1 4 1 2 377 1 1 5 1 0 377
15 2 10 0 0 0 0 0 0 0 0 0 0 0 0 0 0 0 0 0 0 1 1 5 1 1 377
15 2 11 0 0 0 0 0 0 0 0 0 0 0 0 1 1 6 1 0 378 1 1 5 1 2 377
15 2 12 0 0 0 0 0 0 0 0 0 0 0 0 1 1 6 1 1 378 0 0 0 0 0 0
15 2 13 0 0 0 0 0 0 0 0 0 0 0 0 1 1 6 1 2 378 1 1 7 1 0 378
15 2 14 0 0 0 0 0 0 0 0 0 0 0 0 0 0 0 0 0 0 1 1 7 1 1 378
15 2 15 0 0 0 0 0 0 0 0 0 0 0 0 1 1 8 1 0 379 1 1 7 1 2 378
15 2 16 0 0 0 0 0 0 0 0 0 0 0 0 1 1 8 1 1 379 0 0 0 0 0 0
15 2 17 0 0 0 0 0 0 0 0 0 0 0 0 1 1 8 1 2 379 0 0 0 0 0 0
15 2 18 0 0 0 0 0 0 0 0 0 0 0 0 0 0 0 0 0 0 0 0 0 0 0 0
15 2 19 0 0 0 0 0 0 0 0 0 0 0 0 0 0 0 0 0 0 0 0 0 0 0 0
15 2 20 0 0 0 0 0 0 0 0 0 0 0 0 0 0 0 0 0 0 0 0 0 0 0 0
15 2 21 0 0 0 0 0 0 0 0 0 0 0 0 0 0 0 0 0 0 0 0 0 0 0 0
15 2 22 0 0 0 0 0 0 0 0 0 0 0 0 0 0 0 0 0 0 0 0 0 0 0 0
15 2 23 0 0 0 0 0 0 0 0 0 0 0 0 0 0 0 0 0 0 0 0 0 0 0 0
15 2 24 0 0 0 0 0 0 0 0 0 0 0 0 0 0 0 0 0 0 0 0 0 0 0 0
15 2 25 0 0 0 0 0 0 0 0 0 0 0 0 0 0 0 0 0 0 0 0 0 0 0 0
15 2 26 0 0 0 0 0 0 0 0 0 0 0 0 0 0 0 0 0 0 0 0 0 0 0 0
15 2 27 0 0 0 0 0 0 0 0 0 0 0 0 0 0 0 0 0 0 0 0 0 0 0 0
15 2 28 0 0 0 0 0 0 0 0 0 0 0 0 0 0 0 0 0 0 0 0 0 0 0 0
15 2 29 0 0 0 0 0 0 0 0 0 0 0 0 0 0 0 0 0 0 0 0 0 0 0 0
15 2 30 0 0 0 0 0 0 0 0 0 0 0 0 0 0 0 0 0 0 0 0 0 0 0 0
15 2 31 0 0 0 0 0 0 0 0 0 0 0 0 0 0 0 0 0 0 0 0 0 0 0 0
15 3 0 1 2 0 0 1 380 0 0 0 0 0 0 1 1 0 2 1 375 0 0 0 0 0 0
15 3 1 1 2 0 0 2 380 1 2 1 0 0 380 1 1 0 2 2 375 1 1 1 2 0 375
15 3 2 0 0 0 0 0 0 1 2 1 0 1 380 0 0 0 0 0 0 1 1 1 2 1 375
15 3 3 1 2 2 0 0 381 1 2 1 0 2 380 1 1 2 2 0 376 1 1 1 2 2 375
15 3 4 1 2 2 0 1 381 0 0 0 0 0 0 1 1 2 2 1 376 0 0 0 0 0 0
15 3 5 1 2 2 0 2 381 1 2 3 0 0 381 1 1 2 2 2 376 1 1 3 2 0 376
15 3 6 0 0 0 0 0 0 1 2 3 0 1 381 0 0 0 0 0 0 1 1 3 2 1 376
15 3 7 1 2 4 0 0 382 1 2 3 0 2 381 1 1 4 2 0 377 1 1 3 2 2 376
15 3 8 1 2 4 0 1 382 0 0 0 0 0 0 1 1 4 2 1 377 0 0 0 0 0 0
15 3 9 1 2 4 0 2 382 1 2 5 0 0 382 1 1 4 2 2 377 1 1 5 2 0 377
15 3 10 0 0 0 0 0 0 1 2 5 0 1 382 0 0 0 0 0 0 1 1 5 2 1 377
15 3 11 1 2 6 0 0 383 1 2 5 0 2 382 1 1 6 2 0 378 1 1 5 2 2 377
15 3 12 1 2 6 0 1 383 0 0 0 0 0 0 1 1 6 2 1 378 0 0 0 0 0 0
15 3 13 1 2 6 0 2 383 1 2 7 0 0 383 1 1 6 2 2 378 1 1 7 2 0 378
15 3 14 0 0 0 0 0 0 1 2 7 0 1 383 0 0 0 0 0 0 1 1 7 2 1 378
15 3 15 1 2 8 0 0 384 1 2 7 0 2 383 1 1 8 2 0 379 1 1 7 2 2 378
15 3 16 1 2 8 0 1 384 0 0 0 0 0 0 1 1 8 2 1 379 0 0 0 0 0 0
15 3 17 1 2 8 0 2 384 0 0 0 0 0 0 1 1 8 2 2 379 0 0 0 0 0 0
15 3 18 0 0 0 0 0 0 0 0 0 0 0 0 0 0 0 0 0 0 0 0 0 0 0 0
15 3 19 0 0 0 0 0 0 0 0 0 0 0 0 0 0 0 0 0 0 0 0 0 0 0 0
15 3 20 0 0 0 0 0 0 0 0 0 0 0 0 0 0 0 0 0 0 0 0 0 0 0 0
15 3 21 0 0 0 0 0 0 0 0 0 0 0 0 0 0 0 0 0 0 0 0 0 0 0 0
15 3 22 0 0 0 0 0 0 0 0 0 0 0 0 0 0 0 0 0 0 0 0 0 0 0 0
15 3 23 0 0 0 0 0 0 0 0 0 0 0 0 0 0 0 0 0 0 0 0 0 0 0 0
15 3 24 0 0 0 0 0 0 0 0 0 0 0 0 0 0 0 0 0 0 0 0 0 0 0 0
15 3 25 0 0 0 0 0 0 0 0 0 0 0 0 0 0 0 0 0 0 0 0 0 0 0 0
15 3 26 0 0 0 0 0 0 0 0 0 0 0 0 0 0 0 0 0 0 0 0 0 0 0 0
15 3 27 0 0 0 0 0 0 0 0 0 0 0 0 0 0 0 0 0 0 0 0 0 0 0 0
15 3 28 0 0 0 0 0 0 0 0 0 0 0 0 0 0 0 0 0 0 0 0 0 0 0 0
15 3 29 0 0 0 0 0 0 0 0 0 0 0 0 0 0 0 0 0 0 0 0 0 0 0 0
15 3 30 0 0 0 0 0 0 0 0 0 0 0 0 0 0 0 0 0 0 0 0 0 0 0 0
15 3 31 0 0 0 0 0 0 0 0 0 0 0 0 0 0 0 0 0 0 0 0 0 0 0 0
15 4 0 1 2 0 1 1 380 0 0 0 0 0 0 0 0 0 0 0 0 0 0 0 0 0 0
15 4 1 1 2 0 1 2 380 1 2 1 1 0 380 0 0 0 0 0 0 0 0 0 0 0 0
15 4 2 0 0 0 0 0 0 1 2 1 1 1 380 0 0 0 0 0 0 0 0 0 0 0 0
15 4 3 1 2 2 1 0 381 1 2 1 1 2 380 0 0 0 0 0 0 0 0 0 0 0 0
15 4 4 1 2 2 1 1 381 0 0 0 0 0 0 0 0 0 0 0 0 0 0 0 0 0 0
15 4 5 1 2 2 1 2 381 1 2 3 1 0 381 0 0 0 0 0 0 0 0 0 0 0 0
15 4 6 0 0 0 0 0 0 1 2 3 1 1 381 0 0 0 0 0 0 0 0 0 0 0 0
15 4 7 1 2 4 1 0 382 1 2 3 1 2 381 0 0 0 0 0 0 0 0 0 0 0 0
15 4 8 1 2 4 1 1 382 0 0 0 0 0 0 0 0 0 0 0 0 0 0 0 0 0 0
15 4 9 1 2 4 1 2 382 1 2 5 1 0 382 0 0 0 0 0 0 0 0 0 0 0 0
15 4 10 0 0 0 0 0 0 1 2 5 1 1 382 0 0 0 0 0 0 0 0 0 0 0 0
15 4 11 1 2 6 1 0 383 1 2 5 1 2 382 0 0 0 0 0 0 0 0 0 0 0 0
15 4 12 1 2 6 1 1 383 0 0 0 0 0 0 0 0 0 0 0 0 0 0 0 0 0 0
15 4 13 1 2 6 1 2 383 1 2 7 1 0 383 0 0 0 0 0 0 0 0 0 0 0 0
15 4 14 0 0 0 0 0 0 1 2 7 1 1 383 0 0 0 0 0 0 0 0 0 0 0 0
15 4 15 1 2 8 1 0 384 1 2 7 1 2 383 0 0 0 0 0 0 0 0 0 0 0 0
15 4 16 1 2 8 1 1 384 0 0 0 0 0 0 0 0 0 0 0 0 0 0 0 0 0 0
15 4 17 1 2 8 1 2 384 0 0 0 0 0 0 0 0 0 0 0 0 0 0 0 0 0 0
15 4 18 0 0 0 0 0 0 0 0 0 0 0 0 0 0 0 0 0 0 0 0 0 0 0 0
15 4 19 0 0 0 0 0 0 0 0 0 0 0 0 0 0 0 0 0 0 0 0 0 0 0 0
15 4 20 0 0 0 0 0 0 0 0 0 0 0 0 0 0 0 0 0 0 0 0 0 0 0 0
15 4 21 0 0 0 0 0 0 0 0 0 0 0 0 0 0 0 0 0 0 0 0 0 0 0 0
15 4 22 0 0 0 0 0 0 0 0 0 0 0 0 0 0 0 0 0 0 0 0 0 0 0 0
15 4 23 0 0 0 0 0 0 0 0 0 0 0 0 0 0 0 0 0 0 0 0 0 0 0 0
15 4 24 0 0 0 0 0 0 0 0 0 0 0 0 0 0 0 0 0 0 0 0 0 0 0 0
15 4 25 0 0 0 0 0 0 0 0 0 0 0 0 0 0 0 0 0 0 0 0 0 0 0 0
15 4 26 0 0 0 0 0 0 0 0 0 0 0 0 0 0 0 0 0 0 0 0 0 0 0 0
15 4 27 0 0 0 0 0 0 0 0 0 0 0 0 0 0 0 0 0 0 0 0 0 0 0 0
15 4 28 0 0 0 0 0 0 0 0 0 0 0 0 0 0 0 0 0 0 0 0 0 0 0 0
15 4 29 0 0 0 0 0 0 0 0 0 0 0 0 0 0 0 0 0 0 0 0 0 0 0 0
15 4 30 0 0 0 0 0 0 0 0 0 0 0 0 0 0 0 0 0 0 0 0 0 0 0 0
15 4 31 0 0 0 0 0 0 0 0 0 0 0 0 0 0 0 0 0 0 0 0 0 0 0 0
15 5 0 1 2 0 2 1 380 0 0 0 0 0 0 1 3 0 0 1 380 0 0 0 0 0 0
15 5 1 1 2 0 2 2 380 1 2 1 2 0 380 1 3 0 0 2 380 1 3 1 0 0 380
15 5 2 0 0 0 0 0 0 1 2 1 2 1 380 0 0 0 0 0 0 1 3 1 0 1 380
15 5 3 1 2 2 2 0 381 1 2 1 2 2 380 1 3 2 0 0 381 1 3 1 0 2 380
15 5 4 1 2 2 2 1 381 0 0 0 0 0 0 1 3 2 0 1 381 0 0 0 0 0 0
15 5 5 1 2 2 2 2 381 1 2 3 2 0 381 1 3 2 0 2 381 1 3 3 0 0 381
15 5 6 0 0 0 0 0 0 1 2 3 2 1 381 0 0 0 0 0 0 1 3 3 0 1 381
15 5 7 1 2 4 2 0 382 1 2 3 2 2 381 1 3 4 0 0 382 1 3 3 0 2 381
15 5 8 1 2 4 2 1 382 0 0 0 0 0 0 1 3 4 0 1 382 0 0 0 0 0 0
15 5 9 1 2 4 2 2 382 1 2 5 2 0 382 1 3 4 0 2 382 1 3 5 0 0 382
15 5 10 0 0 0 0 0 0 1 2 5 2 1 382 0 0 0 0 0 0 1 3 5 0 1 382
15 5 11 1 2 6 2 0 383 1 2 5 2 2 382 1 3 6 0 0 383 1 3 5 0 2 382
15 5 12 1 2 6 2 1 383 0 0 0 0 0 0 1 3 6 0 1 383 0 0 0 0 0 0
15 5 13 1 2 6 2 2 383 1 2 7 2 0 383 1 3 6 0 2 383 1 3 7 0 0 383
15 5 14 0 0 0 0 0 0 1 2 7 2 1 383 0 0 0 0 0 0 1 3 7 0 1 383
15 5 15 1 2 8 2 0 384 1 2 7 2 2 383 1 3 8 0 0 384 1 3 7 0 2 383
15 5 16 1 2 8 2 1 384 0 0 0 0 0 0 1 3 8 0 1 384 0 0 0 0 0 0
15 5 17 1 2 8 2 2 384 0 0 0 0 0 0 1 3 8 0 2 384 0 0 0 0 0 0
15 5 18 0 0 0 0 0 0 0 0 0 0 0 0 0 0 0 0 0 0 0 0 0 0 0 0
15 5 19 0 0 0 0 0 0 0 0 0 0 0 0 0 0 0 0 0 0 0 0 0 0 0 0
15 5 20 0 0 0 0 0 0 0 0 0 0 0 0 0 0 0 0 0 0 0 0 0 0 0 0
15 5 21 0 0 0 0 0 0 0 0 0 0 0 0 0 0 0 0 0 0 0 0 0 0 0 0
15 5 22 0 0 0 0 0 0 0 0 0 0 0 0 0 0 0 0 0 0 0 0 0 0 0 0
15 5 23 0 0 0 0 0 0 0 0 0 0 0 0 0 0 0 0 0 0 0 0 0 0 0 0
15 5 24 0 0 0 0 0 0 0 0 0 0 0 0 0 0 0 0 0 0 0 0 0 0 0 0
15 5 25 0 0 0 0 0 0 0 0 0 0 0 0 0 0 0 0 0 0 0 0 0 0 0 0
15 5 26 0 0 0 0 0 0 0 0 0 0 0 0 0 0 0 0 0 0 0 0 0 0 0 0
15 5 27 0 0 0 0 0 0 0 0 0 0 0 0 0 0 0 0 0 0 0 0 0 0 0 0
15 5 28 0 0 0 0 0 0 0 0 0 0 0 0 0 0 0 0 0 0 0 0 0 0 0 0
15 5 29 0 0 0 0 0 0 0 0 0 0 0 0 0 0 0 0 0 0 0 0 0 0 0 0
15 5 30 0 0 0 0 0 0 0 0 0 0 0 0 0 0 0 0 0 0 0 0 0 0 0 0
15 5 31 0 0 0 0 0 0 0 0 0 0 0 0 0 0 0 0 0 0 0 0 0 0 0 0
15 6 0 0 0 0 0 0 0 0 0 0 0 0 0 1 3 0 1 1 380 0 0 0 0 0 0
15 6 1 0 0 0 0 0 0 0 0 0 0 0 0 1 3 0 1 2 380 1 3 1 1 0 380
15 6 2 0 0 0 0 0 0 0 0 0 0 0 0 0 0 0 0 0 0 1 3 1 1 1 380
15 6 3 0 0 0 0 0 0 0 0 0 0 0 0 1 3 2 1 0 381 1 3 1 1 2 380
15 6 4 0 0 0 0 0 0 0 0 0 0 0 0 1 3 2 1 1 381 0 0 0 0 0 0
15 6 5 0 0 0 0 0 0 0 0 0 0 0 0 1 3 2 1 2 381 1 3 3 1 0 381
15 6 6 0 0 0 0 0 0 0 0 0 0 0 0 0 0 0 0 0 0 1 3 3 1 1 381
15 6 7 0 0 0 0 0 0 0 0 0 0 0 0 1 3 4 1 0 382 1 3 3 1 2 381
15 6 8 0 0 0 0 0 0 0 0 0 0 0 0 1 3 4 1 1 382 0 0 0 0 0 0
15 6 9 0 0 0 0 0 0 0 0 0 0 0 0 1 3 4 1 2 382 1 3 5 1 0 382
15 6 10 0 0 0 0 0 0 0 0 0 0 0 0 0 0 0 0 0 0 1 3 5 1 1 382
15 6 11 0 0 0 0 0 0 0 0 0 0 0 0 1 3 6 1 0 383 1 3 5 1 2 382
15 6 12 0 0 0 0 0 0 0 0 0 0 0 0 1 3 6 1 1 383 0 0 0 0 0 0
15 6 13 0 0 0 0 0 0 0 0 0 0 0 0 1 3 6 1 2 383 1 3 7 1 0 383
15 6 14 0 0 0 0 0 0 0 0 0 0 0 0 0 0 0 0 0 0 1 3 7 1 1 383
15 6 15 0 0 0 0 0 0 0 0 0 0 0 0 1 3 8 1 0 384 1 3 7 1 2 383
15 6 16 0 0 0 0 0 0 0 0 0 0 0 0 1 3 8 1 1 384 0 0 0 0 0 0
15 6 17 0 0 0 0 0 0 0 0 0 0 0 0 1 3 8 1 2 384 0 0 0 0 0 0
15 6 18 0 0 0 0 0 0 0 0 0 0 0 0 0 0 0 0 0 0 0 0 0 0 0 0
15 6 19 0 0 0 0 0 0 0 0 0 0 0 0 0 0 0 0 0 0 0 0 0 0 0 0
15 6 20 0 0 0 0 0 0 0 0 0 0 0 0 0 0 0 0 0 0 0 0 0 0 0 0
15 6 21 0 0 0 0 0 0 0 0 0 0 0 0 0 0 0 0 0 0 0 0 0 0 0 0
15 6 22 0 0 0 0 0 0 0 0 0 0 0 0 0 0 0 0 0 0 0 0 0 0 0 0
15 6 23 0 0 0 0 0 0 0 0 0 0 0 0 0 0 0 0 0 0 0 0 0 0 0 0
15 6 24 0 0 0 0 0 0 0 0 0 0 0 0 0 0 0 0 0 0 0 0 0 0 0 0
15 6 25 0 0 0 0 0 0 0 0 0 0 0 0 0 0 0 0 0 0 0 0 0 0 0 0
15 6 26 0 0 0 0 0 0 0 0 0 0 0 0 0 0 0 0 0 0 0 0 0 0 0 0
15 6 27 0 0 0 0 0 0 0 0 0 0 0 0 0 0 0 0 0 0 0 0 0 0 0 0
15 6 28 0 0 0 0 0 0 0 0 0 0 0 0 0 0 0 0 0 0 0 0 0 0 0 0
15 6 29 0 0 0 0 0 0 0 0 0 0 0 0 0 0 0 0 0 0 0 0 0 0 0 0
15 6 30 0 0 0 0 0 0 0 0 0 0 0 0 0 0 0 0 0 0 0 0 0 0 0 0
15 6 31 0 0 0 0 0 0 0 0 0 0 0 0 0 0 0 0 0 0 0 0 0 0 0 0
15 7 0 1 4 0 0 1 385 0 0 0 0 0 0 1 3 0 2 1 380 0 0 0 0 0 0
15 7 1 1 4 0 0 2 385 1 4 1 0 0 385 1 3 0 2 2 380 1 3 1 2 0 380
15 7 2 0 0 0 0 0 0 1 4 1 0 1 385 0 0 0 0 0 0 1 3 1 2 1 380
15 7 3 1 4 2 0 0 386 1 4 1 0 2 385 1 3 2 2 0 381 1 3 1 2 2 380
15 7 4 1 4 2 0 1 386 0 0 0 0 0 0 1 3 2 2 1 381 0 0 0 0 0 0
15 7 5 1 4 2 0 2 386 1 4 3 0 0 386 1 3 2 2 2 381 1 3 3 2 0 381
15 7 6 0 0 0 0 0 0 1 4 3 0 1 386 0 0 0 0 0 0 1 3 3 2 1 381
15 7 7 1 4 4 0 0 387 1 4 3 0 2 386 1 3 4 2 0 382 1 3 3 2 2 381
15 7 8 1 4 4 0 1 387 0 0 0 0 0 0 1 3 4 2 1 382 0 0 0 0 0 0
15 7 9 1 4 4 0 2 387 1 4 5 0 0 387 1 3 4 2 2 382 1 3 5 2 0 382
15 7 10 0 0 0 0 0 0 1 4 5 0 1 387 0 0 0 0 0 0 1 3 5 2 1 382
15 7 11 1 4 6 0 0 388 1 4 5 0 2 387 1 3 6 2 0 383 1 3 5 2 2 382
15 7 12 1 4 6 0 1 388 0 0 0 0 0 0 1 3 6 2 1 383 0 0 0 0 0 0
15 7 13 1 4 6 0 2 388 1 4 7 0 0 388 1 3 6 2 2 383 1 3 7 2 0 383
15 7 14 0 0 0 0 0 0 1 4 7 0 1 388 0 0 0 0 0 0 1 3 7 2 1 383
15 7 15 1 4 8 0 0 389 1 4 7 0 2 388 1 3 8 2 0 384 1 3 7 2 2 383
15 7 16 1 4 8 0 1 389 0 0 0 0 0 0 1 3 8 2 1 384 0 0 0 0 0 0
15 7 17 1 4 8 0 2 389 0 0 0 0 0 0 1 3 8 2 2 384 0 0 0 0 0 0
15 7 18 0 0 0 0 0 0 0 0 0 0 0 0 0 0 0 0 0 0 0 0 0 0 0 0
15 7 19 0 0 0 0 0 0 0 0 0 0 0 0 0 0 0 0 0 0 0 0 0 0 0 0
15 7 20 0 0 0 0 0 0 0 0 0 0 0 0 0 0 0 0 0 0 0 0 0 0 0 0
15 7 21 0 0 0 0 0 0 0 0 0 0 0 0 0 0 0 0 0 0 0 0 0 0 0 0
15 7 22 0 0 0 0 0 0 0 0 0 0 0 0 0 0 0 0 0 0 0 0 0 0 0 0
15 7 23 0 0 0 0 0 0 0 0 0 0 0 0 0 0 0 0 0 0 0 0 0 0 0 0
15 7 24 0 0 0 0 0 0 0 0 0 0 0 0 0 0 0 0 0 0 0 0 0 0 0 0
15 7 25 0 0 0 0 0 0 0 0 0 0 0 0 0 0 0 0 0 0 0 0 0 0 0 0
15 7 26 0 0 0 0 0 0 0 0 0 0 0 0 0 0 0 0 0 0 0 0 0 0 0 0
15 7 27 0 0 0 0 0 0 0 0 0 0 0 0 0 0 0 0 0 0 0 0 0 0 0 0
15 7 28 0 0 0 0 0 0 0 0 0 0 0 0 0 0 0 0 0 0 0 0 0 0 0 0
15 7 29 0 0 0 0 0 0 0 0 0 0 0 0 0 0 0 0 0 0 0 0 0 0 0 0
15 7 30 0 0 0 0 0 0 0 0 0 0 0 0 0 0 0 0 0 0 0 0 0 0 0 0
15 7 31 0 0 0 0 0 0 0 0 0 0 0 0 0 0 0 0 0 0 0 0 0 0 0 0
15 8 0 1 4 0 1 1 385 0 0 0 0 0 0 0 0 0 0 0 0 0 0 0 0 0 0
15 8 1 1 4 0 1 2 385 1 4 1 1 0 385 0 0 0 0 0 0 0 0 0 0 0 0
15 8 2 0 0 0 0 0 0 1 4 1 1 1 385 0 0 0 0 0 0 0 0 0 0 0 0
15 8 3 1 4 2 1 0 386 1 4 1 1 2 385 0 0 0 0 0 0 0 0 0 0 0 0
15 8 4 1 4 2 1 1 386 0 0 0 0 0 0 0 0 0 0 0 0 0 0 0 0 0 0
15 8 5 1 4 2 1 2 386 1 4 3 1 0 386 0 0 0 0 0 0 0 0 0 0 0 0
15 8 6 0 0 0 0 0 0 1 4 3 1 1 386 0 0 0 0 0 0 0 0 0 0 0 0
15 8 7 1 4 4 1 0 387 1 4 3 1 2 386 0 0 0 0 0 0 0 0 0 0 0 0
15 8 8 1 4 4 1 1 387 0 0 0 0 0 0 0 0 0 0 0 0 0 0 0 0 0 0
15 8 9 1 4 4 1 2 387 1 4 5 1 0 387 0 0 0 0 0 0 0 0 0 0 0 0
15 8 10 0 0 0 0 0 0 1 4 5 1 1 387 0 0 0 0 0 0 0 0 0 0 0 0
15 8 11 1 4 6 1 0 388 1 4 5 1 2 387 0 0 0 0 0 0 0 0 0 0 0 0
15 8 12 1 4 6 1 1 388 0 0 0 0 0 0 0 0 0 0 0 0 0 0 0 0 0 0
15 8 13 1 4 6 1 2 388 1 4 7 1 0 388 0 0 0 0 0 0 0 0 0 0 0 0
15 8 14 0 0 0 0 0 0 1 4 7 1 1 388 0 0 0 0 0 0 0 0 0 0 0 0
15 8 15 1 4 8 1 0 389 1 4 7 1 2 388 0 0 0 0 0 0 0 0 0 0 0 0
15 8 16 1 4 8 1 1 389 0 0 0 0 0 0 0 0 0 0 0 0 0 0 0 0 0 0
15 8 17 1 4 8 1 2 389 0 0 0 0 0 0 0 0 0 0 0 0 0 0 0 0 0 0
15 8 18 0 0 0 0 0 0 0 0 0 0 0 0 0 0 0 0 0 0 0 0 0 0 0 0
15 8 19 0 0 0 0 0 0 0 0 0 0 0 0 0 0 0 0 0 0 0 0 0 0 0 0
15 8 20 0 0 0 0 0 0 0 0 0 0 0 0 0 0 0 0 0 0 0 0 0 0 0 0
15 8 21 0 0 0 0 0 0 0 0 0 0 0 0 0 0 0 0 0 0 0 0 0 0 0 0
15 8 22 0 0 0 0 0 0 0 0 0 0 0 0 0 0 0 0 0 0 0 0 0 0 0 0
15 8 23 0 0 0 0 0 0 0 0 0 0 0 0 0 0 0 0 0 0 0 0 0 0 0 0
15 8 24 0 0 0 0 0 0 0 0 0 0 0 0 0 0 0 0 0 0 0 0 0 0 0 0
15 8 25 0 0 0 0 0 0 0 0 0 0 0 0 0 0 0 0 0 0 0 0 0 0 0 0
15 8 26 0 0 0 0 0 0 0 0 0 0 0 0 0 0 0 0 0 0 0 0 0 0 0 0
15 8 27 0 0 0 0 0 0 0 0 0 0 0 0 0 0 0 0 0 0 0 0 0 0 0 0
15 8 28 0 0 0 0 0 0 0 0 0 0 0 0 0 0 0 0 0 0 0 0 0 0 0 0
15 8 29 0 0 0 0 0 0 0 0 0 0 0 0 0 0 0 0 0 0 0 0 0 0 0 0
15 8 30 0 0 0 0 0 0 0 0 0 0 0 0 0 0 0 0 0 0 0 0 0 0 0 0
15 8 31 0 0 0 0 0 0 0 0 0 0 0 0 0 0 0 0 0 0 0 0 0 0 0 0
15 9 0 1 4 0 2 1 385 0 0 0 0 0 0 1 5 0 0 1 385 0 0 0 0 0 0
15 9 1 1 4 0 2 2 385 1 4 1 2 0 385 1 5 0 0 2 385 1 5 1 0 0 385
15 9 2 0 0 0 0 0 0 1 4 1 2 1 385 0 0 0 0 0 0 1 5 1 0 1 385
15 9 3 1 4 2 2 0 386 1 4 1 2 2 385 1 5 2 0 0 386 1 5 1 0 2 385
15 9 4 1 4 2 2 1 386 0 0 0 0 0 0 1 5 2 0 1 386 0 0 0 0 0 0
15 9 5 1 4 2 2 2 386 1 4 3 2 0 386 1 5 2 0 2 386 1 5 3 0 0 386
15 9 6 0 0 0 0 0 0 1 4 3 2 1 386 0 0 0 0 0 0 1 5 3 0 1 386
15 9 7 1 4 4 2 0 387 1 4 3 2 2 386 1 5 4 0 0 387 1 5 3 0 2 386
15 9 8 1 4 4 2 1 387 0 0 0 0 0 0 1 5 4 0 1 387 0 0 0 0 0 0
15 9 9 1 4 4 2 2 387 1 4 5 2 0 387 1 5 4 0 2 387 1 5 5 0 0 387
15 9 10 0 0 0 0 0 0 1 4 5 2 1 387 0 0 0 0 0 0 1 5 5 0 1 387
15 9 11 1 4 6 2 0 388 1 4 5 2 2 387 1 5 6 0 0 388 1 5 5 0 2 387
15 9 12 1 4 6 2 1 388 0 0 0 0 0 0 1 5 6 0 1 388 0 0 0 0 0 0
15 9 13 1 4 6 2 2 388 1 4 7 2 0 388 1 5 6 0 2 388 1 5 7 0 0 388
15 9 14 0 0 0 0 0 0 1 4 7 2 1 388 0 0 0 0 0 0 1 5 7 0 1 388
15 9 15 1 4 8 2 0 389 1 4 7 2 2 388 1 5 8 0 0 389 1 5 7 0 2 388
15 9 16 1 4 8 2 1 389 0 0 0 0 0 0 1 5 8 0 1 389 0 0 0 0 0 0
15 9 17 1 4 8 2 2 389 0 0 0 0 0 0 1 5 8 0 2 389 0 0 0 0 0 0
15 9 18 0 0 0 0 0 0 0 0 0 0 0 0 0 0 0 0 0 0 0 0 0 0 0 0
15 9 19 0 0 0 0 0 0 0 0 0 0 0 0 0 0 0 0 0 0 0 0 0 0 0 0
15 9 20 0 0 0 0 0 0 0 0 0 0 0 0 0 0 0 0 0 0 0 0 0 0 0 0
15 9 21 0 0 0 0 0 0 0 0 0 0 0 0 0 0 0 0 0 0 0 0 0 0 0 0
15 9 22 0 0 0 0 0 0 0 0 0 0 0 0 0 0 0 0 0 0 0 0 0 0 0 0
15 9 23 0 0 0 0 0 0 0 0 0 0 0 0 0 0 0 0 0 0 0 0 0 0 0 0
15 9 24 0 0 0 0 0 0 0 0 0 0 0 0 0 0 0 0 0 0 0 0 0 0 0 0
15 9 25 0 0 0 0 0 0 0 0 0 0 0 0 0 0 0 0 0 0 0 0 0 0 0 0
15 9 26 0 0 0 0 0 0 0 0 0 0 0 0 0 0 0 0 0 0 0 0 0 0 0 0
15 9 27 0 0 0 0 0 0 0 0 0 0 0 0 0 0 0 0 0 0 0 0 0 0 0 0
15 9 28 0 0 0 0 0 0 0 0 0 0 0 0 0 0 0 0 0 0 0 0 0 0 0 0
15 9 29 0 0 0 0 0 0 0 0 0 0 0 0 0 0 0 0 0 0 0 0 0 0 0 0
15 9 30 0 0 0 0 0 0 0 0 0 0 0 0 0 0 0 0 0 0 0 0 0 0 0 0
15 9 31 0 0 0 0 0 0 0 0 0 0 0 0 0 0 0 0 0 0 0 0 0 0 0 0
15 10 0 0 0 0 0 0 0 0 0 0 0 0 0 1 5 0 1 1 385 0 0 0 0 0 0
15 10 1 0 0 0 0 0 0 0 0 0 0 0 0 1 5 0 1 2 385 1 5 1 1 0 385
15 10 2 0 0 0 0 0 0 0 0 0 0 0 0 0 0 0 0 0 0 1 5 1 1 1 385
15 10 3 0 0 0 0 0 0 0 0 0 0 0 0 1 5 2 1 0 386 1 5 1 1 2 385
15 10 4 0 0 0 0 0 0 0 0 0 0 0 0 1 5 2 1 1 386 0 0 0 0 0 0
15 10 5 0 0 0 0 0 0 0 0 0 0 0 0 1 5 2 1 2 386 1 5 3 1 0 386
15 10 6 0 0 0 0 0 0 0 0 0 0 0 0 0 0 0 0 0 0 1 5 3 1 1 386
15 10 7 0 0 0 0 0 0 0 0 0 0 0 0 1 5 4 1 0 387 1 5 3 1 2 386
15 10 8 0 0 0 0 0 0 0 0 0 0 0 0 1 5 4 1 1 387 0 0 0 0 0 0
15 10 9 0 0 0 0 0 0 0 0 0 0 0 0 1 5 4 1 2 387 1 5 5 1 0 387
15 10 10 0 0 0 0 0 0 0 0 0 0 0 0 0 0 0 0 0 0 1 5 5 1 1 387
15 10 11 0 0 0 0 0 0 0 0 0 0 0 0 1 5 6 1 0 388 1 5 5 1 2 387
15 10 12 0 0 0 0 0 0 0 0 0 0 0 0 1 5 6 1 1 388 0 0 0 0 0 0
15 10 13 0 0 0 0 0 0 0 0 0 0 0 0 1 5 6 1 2 388 1 5 7 1 0 388
15 10 14 0 0 0 0 0 0 0 0 0 0 0 0 0 0 0 0 0 0 1 5 7 1 1 388
15 10 15 0 0 0 0 0 0 0 0 0 0 0 0 1 5 8 1 0 389 1 5 7 1 2 388
15 10 16 0 0 0 0 0 0 0 0 0 0 0 0 1 5 8 1 1 389 0 0 0 0 0 0
15 10 17 0 0 0 0 0 0 0 0 0 0 0 0 1 5 8 1 2 389 0 0 0 0 0 0
15 10 18 0 0 0 0 0 0 0 0 0 0 0 0 0 0 0 0 0 0 0 0 0 0 0 0
15 10 19 0 0 0 0 0 0 0 0 0 0 0 0 0 0 0 0 0 0 0 0 0 0 0 0
15 10 20 0 0 0 0 0 0 0 0 0 0 0 0 0 0 0 0 0 0 0 0 0 0 0 0
15 10 21 0 0 0 0 0 0 0 0 0 0 0 0 0 0 0 0 0 0 0 0 0 0 0 0
15 10 22 0 0 0 0 0 0 0 0 0 0 0 0 0 0 0 0 0 0 0 0 0 0 0 0
15 10 23 0 0 0 0 0 0 0 0 0 0 0 0 0 0 0 0 0 0 0 0 0 0 0 0
15 10 24 0 0 0 0 0 0 0 0 0 0 0 0 0 0 0 0 0 0 0 0 0 0 0 0
15 10 25 0 0 0 0 0 0 0 0 0 0 0 0 0 0 0 0 0 0 0 0 0 0 0 0
15 10 26 0 0 0 0 0 0 0 0 0 0 0 0 0 0 0 0 0 0 0 0 0 0 0 0
15 10 27 0 0 0 0 0 0 0 0 0 0 0 0 0 0 0 0 0 0 0 0 0 0 0 0
15 10 28 0 0 0 0 0 0 0 0 0 0 0 0 0 0 0 0 0 0 0 0 0 0 0 0
15 10 29 0 0 0 0 0 0 0 0 0 0 0 0 0 0 0 0 0 0 0 0 0 0 0 0
15 10 30 0 0 0 0 0 0 0 0 0 0 0 0 0 0 0 0 0 0 0 0 0 0 0 0
15 10 31 0 0 0 0 0 0 0 0 0 0 0 0 0 0 0 0 0 0 0 0 0 0 0 0
15 11 0 1 6 0 0 1 390 0 0 0 0 0 0 1 5 0 2 1 385 0 0 0 0 0 0
15 11 1 1 6 0 0 2 390 1 6 1 0 0 390 1 5 0 2 2 385 1 5 1 2 0 385
15 11 2 0 0 0 0 0 0 1 6 1 0 1 390 0 0 0 0 0 0 1 5 1 2 1 385
15 11 3 1 6 2 0 0 391 1 6 1 0 2 390 1 5 2 2 0 386 1 5 1 2 2 385
15 11 4 1 6 2 0 1 391 0 0 0 0 0 0 1 5 2 2 1 386 0 0 0 0 0 0
15 11 5 1 6 2 0 2 391 1 6 3 0 0 391 1 5 2 2 2 386 1 5 3 2 0 386
15 11 6 0 0 0 0 0 0 1 6 3 0 1 391 0 0 0 0 0 0 1 5 3 2 1 386
15 11 7 1 6 4 0 0 392 1 6 3 0 2 391 1 5 4 2 0 387 1 5 3 2 2 386
15 11 8 1 6 4 0 1 392 0 0 0 0 0 0 1 5 4 2 1 387 0 0 0 0 0 0
15 11 9 1 6 4 0 2 392 1 6 5 0 0 392 1 5 4 2 2 387 1 5 5 2 0 387
15 11 10 0 0 0 0 0 0 1 6 5 0 1 392 0 0 0 0 0 0 1 5 5 2 1 387
15 11 11 1 6 6 0 0 393 1 6 5 0 2 392 1 5 6 2 0 388 1 5 5 2 2 387
15 11 12 1 6 6 0 1 393 0 0 0 0 0 0 1 5 6 2 1 388 0 0 0 0 0 0
15 11 13 1 6 6 0 2 393 1 6 7 0 0 393 1 5 6 2 2 388 1 5 7 2 0 388
15 11 14 0 0 0 0 0 0 1 6 7 0 1 393 0 0 0 0 0 0 1 5 7 2 1 388
15 11 15 1 6 8 0 0 394 1 6 7 0 2 393 1 5 8 2 0 389 1 5 7 2 2 388
15 11 16 1 6 8 0 1 394 0 0 0 0 0 0 1 5 8 2 1 389 0 0 0 0 0 0
15 11 17 1 6 8 0 2 394 0 0 0 0 0 0 1 5 8 2 2 389 0 0 0 0 0 0
15 11 18 0 0 0 0 0 0 0 0 0 0 0 0 0 0 0 0 0 0 0 0 0 0 0 0
15 11 19 0 0 0 0 0 0 0 0 0 0 0 0 0 0 0 0 0 0 0 0 0 0 0 0
15 11 20 0 0 0 0 0 0 0 0 0 0 0 0 0 0 0 0 0 0 0 0 0 0 0 0
15 11 21 0 0 0 0 0 0 0 0 0 0 0 0 0 0 0 0 0 0 0 0 0 0 0 0
15 11 22 0 0 0 0 0 0 0 0 0 0 0 0 0 0 0 0 0 0 0 0 0 0 0 0
15 11 23 0 0 0 0 0 0 0 0 0 0 0 0 0 0 0 0 0 0 0 0 0 0 0 0
15 11 24 0 0 0 0 0 0 0 0 0 0 0 0 0 0 0 0 0 0 0 0 0 0 0 0
15 11 25 0 0 0 0 0 0 0 0 0 0 0 0 0 0 0 0 0 0 0 0 0 0 0 0
15 11 26 0 0 0 0 0 0 0 0 0 0 0 0 0 0 0 0 0 0 0 0 0 0 0 0
15 11 27 0 0 0 0 0 0 0 0 0 0 0 0 0 0 0 0 0 0 0 0 0 0 0 0
15 11 28 0 0 0 0 0 0 0 0 0 0 0 0 0 0 0 0 0 0 0 0 0 0 0 0
15 11 29 0 0 0 0 0 0 0 0 0 0 0 0 0 0 0 0 0 0 0 0 0 0 0 0
15 11 30 0 0 0 0 0 0 0 0 0 0 0 0 0 0 0 0 0 0 0 0 0 0 0 0
15 11 31 0 0 0 0 0 0 0 0 0 0 0 0 0 0 0 0 0 0 0 0 0 0 0 0
15 12 0 1 6 0 1 1 390 0 0 0 0 0 0 0 0 0 0 0 0 0 0 0 0 0 0
15 12 1 1 6 0 1 2 390 1 6 1 1 0 390 0 0 0 0 0 0 0 0 0 0 0 0
15 12 2 0 0 0 0 0 0 1 6 1 1 1 390 0 0 0 0 0 0 0 0 0 0 0 0
15 12 3 1 6 2 1 0 391 1 6 1 1 2 390 0 0 0 0 0 0 0 0 0 0 0 0
15 12 4 1 6 2 1 1 391 0 0 0 0 0 0 0 0 0 0 0 0 0 0 0 0 0 0
15 12 5 1 6 2 1 2 391 1 6 3 1 0 391 0 0 0 0 0 0 0 0 0 0 0 0
15 12 6 0 0 0 0 0 0 1 6 3 1 1 391 0 0 0 0 0 0 0 0 0 0 0 0
15 12 7 1 6 4 1 0 392 1 6 3 1 2 391 0 0 0 0 0 0 0 0 0 0 0 0
15 12 8 1 6 4 1 1 392 0 0 0 0 0 0 0 0 0 0 0 0 0 0 0 0 0 0
15 12 9 1 6 4 1 2 392 1 6 5 1 0 392 0 0 0 0 0 0 0 0 0 0 0 0
15 12 10 0 0 0 0 0 0 1 6 5 1 1 392 0 0 0 0 0 0 0 0 0 0 0 0
15 12 11 1 6 6 1 0 393 1 6 5 1 2 392 0 0 0 0 0 0 0 0 0 0 0 0
15 12 12 1 6 6 1 1 393 0 0 0 0 0 0 0 0 0 0 0 0 0 0 0 0 0 0
15 12 13 1 6 6 1 2 393 1 6 7 1 0 393 0 0 0 0 0 0 0 0 0 0 0 0
15 12 14 0 0 0 0 0 0 1 6 7 1 1 393 0 0 0 0 0 0 0 0 0 0 0 0
15 12 15 1 6 8 1 0 394 1 6 7 1 2 393 0 0 0 0 0 0 0 0 0 0 0 0
15 12 16 1 6 8 1 1 394 0 0 0 0 0 0 0 0 0 0 0 0 0 0 0 0 0 0
15 12 17 1 6 8 1 2 394 0 0 0 0 0 0 0 0 0 0 0 0 0 0 0 0 0 0
15 12 18 0 0 0 0 0 0 0 0 0 0 0 0 0 0 0 0 0 0 0 0 0 0 0 0
15 12 19 0 0 0 0 0 0 0 0 0 0 0 0 0 0 0 0 0 0 0 0 0 0 0 0
15 12 20 0 0 0 0 0 0 0 0 0 0 0 0 0 0 0 0 0 0 0 0 0 0 0 0
15 12 21 0 0 0 0 0 0 0 0 0 0 0 0 0 0 0 0 0 0 0 0 0 0 0 0
15 12 22 0 0 0 0 0 0 0 0 0 0 0 0 0 0 0 0 0 0 0 0 0 0 0 0
15 12 23 0 0 0 0 0 0 0 0 0 0 0 0 0 0 0 0 0 0 0 0 0 0 0 0
15 12 24 0 0 0 0 0 0 0 0 0 0 0 0 0 0 0 0 0 0 0 0 0 0 0 0
15 12 25 0 0 0 0 0 0 0 0 0 0 0 0 0 0 0 0 0 0 0 0 0 0 0 0
15 12 26 0 0 0 0 0 0 0 0 0 0 0 0 0 0 0 0 0 0 0 0 0 0 0 0
15 12 27 0 0 0 0 0 0 0 0 0 0 0 0 0 0 0 0 0 0 0 0 0 0 0 0
15 12 28 0 0 0 0 0 0 0 0 0 0 0 0 0 0 0 0 0 0 0 0 0 0 0 0
15 12 29 0 0 0 0 0 0 0 0 0 0 0 0 0 0 0 0 0 0 0 0 0 0 0 0
15 12 30 0 0 0 0 0 0 0 0 0 0 0 0 0 0 0 0 0 0 0 0 0 0 0 0
15 12 31 0 0 0 0 0 0 0 0 0 0 0 0 0 0 0 0 0 0 0 0 0 0 0 0
15 13 0 1 6 0 2 1 390 0 0 0 0 0 0 1 7 0 0 1 390 0 0 0 0 0 0
15 13 1 1 6 0 2 2 390 1 6 1 2 0 390 1 7 0 0 2 390 1 7 1 0 0 390
15 13 2 0 0 0 0 0 0 1 6 1 2 1 390 0 0 0 0 0 0 1 7 1 0 1 390
15 13 3 1 6 2 2 0 391 1 6 1 2 2 390 1 7 2 0 0 391 1 7 1 0 2 390
15 13 4 1 6 2 2 1 391 0 0 0 0 0 0 1 7 2 0 1 391 0 0 0 0 0 0
15 13 5 1 6 2 2 2 391 1 6 3 2 0 391 1 7 2 0 2 391 1 7 3 0 0 391
15 13 6 0 0 0 0 0 0 1 6 3 2 1 391 0 0 0 0 0 0 1 7 3 0 1 391
15 13 7 1 6 4 2 0 392 1 6 3 2 2 391 1 7 4 0 0 392 1 7 3 0 2 391
15 13 8 1 6 4 2 1 392 0 0 0 0 0 0 1 7 4 0 1 392 0 0 0 0 0 0
15 13 9 1 6 4 2 2 392 1 6 5 2 0 392 1 7 4 0 2 392 1 7 5 0 0 392
15 13 10 0 0 0 0 0 0 1 6 5 2 1 392 0 0 0 0 0 0 1 7 5 0 1 392
15 13 11 1 6 6 2 0 393 1 6 5 2 2 392 1 7 6 0 0 393 1 7 5 0 2 392
15 13 12 1 6 6 2 1 393 0 0 0 0 0 0 1 7 6 0 1 393 0 0 0 0 0 0
15 13 13 1 6 6 2 2 393 1 6 7 2 0 393 1 7 6 0 2 393 1 7 7 0 0 393
15 13 14 0 0 0 0 0 0 1 6 7 2 1 393 0 0 0 0 0 0 1 7 7 0 1 393
15 13 15 1 6 8 2 0 394 1 6 7 2 2 393 1 7 8 0 0 394 1 7 7 0 2 393
15 13 16 1 6 8 2 1 394 0 0 0 0 0 0 1 7 8 0 1 394 0 0 0 0 0 0
15 13 17 1 6 8 2 2 394 0 0 0 0 0 0 1 7 8 0 2 394 0 0 0 0 0 0
15 13 18 0 0 0 0 0 0 0 0 0 0 0 0 0 0 0 0 0 0 0 0 0 0 0 0
15 13 19 0 0 0 0 0 0 0 0 0 0 0 0 0 0 0 0 0 0 0 0 0 0 0 0
15 13 20 0 0 0 0 0 0 0 0 0 0 0 0 0 0 0 0 0 0 0 0 0 0 0 0
15 13 21 0 0 0 0 0 0 0 0 0 0 0 0 0 0 0 0 0 0 0 0 0 0 0 0
15 13 22 0 0 0 0 0 0 0 0 0 0 0 0 0 0 0 0 0 0 0 0 0 0 0 0
15 13 23 0 0 0 0 0 0 0 0 0 0 0 0 0 0 0 0 0 0 0 0 0 0 0 0
15 13 24 0 0 0 0 0 0 0 0 0 0 0 0 0 0 0 0 0 0 0 0 0 0 0 0
15 13 25 0 0 0 0 0 0 0 0 0 0 0 0 0 0 0 0 0 0 0 0 0 0 0 0
15 13 26 0 0 0 0 0 0 0 0 0 0 0 0 0 0 0 0 0 0 0 0 0 0 0 0
15 13 27 0 0 0 0 0 0 0 0 0 0 0 0 0 0 0 0 0 0 0 0 0 0 0 0
15 13 28 0 0 0 0 0 0 0 0 0 0 0 0 0 0 0 0 0 0 0 0 0 0 0 0
15 13 29 0 0 0 0 0 0 0 0 0 0 0 0 0 0 0 0 0 0 0 0 0 0 0 0
15 13 30 0 0 0 0 0 0 0 0 0 0 0 0 0 0 0 0 0 0 0 0 0 0 0 0
15 13 31 0 0 0 0 0 0 0 0 0 0 0 0 0 0 0 0 0 0 0 0 0 0 0 0
15 14 0 0 0 0 0 0 0 0 0 0 0 0 0 1 7 0 1 1 390 0 0 0 0 0 0
15 14 1 0 0 0 0 0 0 0 0 0 0 0 0 1 7 0 1 2 390 1 7 1 1 0 390
15 14 2 0 0 0 0 0 0 0 0 0 0 0 0 0 0 0 0 0 0 1 7 1 1 1 390
15 14 3 0 0 0 0 0 0 0 0 0 0 0 0 1 7 2 1 0 391 1 7 1 1 2 390
15 14 4 0 0 0 0 0 0 0 0 0 0 0 0 1 7 2 1 1 391 0 0 0 0 0 0
15 14 5 0 0 0 0 0 0 0 0 0 0 0 0 1 7 2 1 2 391 1 7 3 1 0 391
15 14 6 0 0 0 0 0 0 0 0 0 0 0 0 0 0 0 0 0 0 1 7 3 1 1 391
15 14 7 0 0 0 0 0 0 0 0 0 0 0 0 1 7 4 1 0 392 1 7 3 1 2 391
15 14 8 0 0 0 0 0 0 0 0 0 0 0 0 1 7 4 1 1 392 0 0 0 0 0 0
15 14 9 0 0 0 0 0 0 0 0 0 0 0 0 1 7 4 1 2 392 1 7 5 1 0 392
15 14 10 0 0 0 0 0 0 0 0 0 0 0 0 0 0 0 0 0 0 1 7 5 1 1 392
15 14 11 0 0 0 0 0 0 0 0 0 0 0 0 1 7 6 1 0 393 1 7 5 1 2 392
15 14 12 0 0 0 0 0 0 0 0 0 0 0 0 1 7 6 1 1 393 0 0 0 0 0 0
15 14 13 0 0 0 0 0 0 0 0 0 0 0 0 1 7 6 1 2 393 1 7 7 1 0 393
15 14 14 0 0 0 0 0 0 0 0 0 0 0 0 0 0 0 0 0 0 1 7 7 1 1 393
15 14 15 0 0 0 0 0 0 0 0 0 0 0 0 1 7 8 1 0 394 1 7 7 1 2 393
15 14 16 0 0 0 0 0 0 0 0 0 0 0 0 1 7 8 1 1 394 0 0 0 0 0 0
15 14 17 0 0 0 0 0 0 0 0 0 0 0 0 1 7 8 1 2 394 0 0 0 0 0 0
15 14 18 0 0 0 0 0 0 0 0 0 0 0 0 0 0 0 0 0 0 0 0 0 0 0 0
15 14 19 0 0 0 0 0 0 0 0 0 0 0 0 0 0 0 0 0 0 0 0 0 0 0 0
15 14 20 0 0 0 0 0 0 0 0 0 0 0 0 0 0 0 0 0 0 0 0 0 0 0 0
15 14 21 0 0 0 0 0 0 0 0 0 0 0 0 0 0 0 0 0 0 0 0 0 0 0 0
15 14 22 0 0 0 0 0 0 0 0 0 0 0 0 0 0 0 0 0 0 0 0 0 0 0 0
15 14 23 0 0 0 0 0 0 0 0 0 0 0 0 0 0 0 0 0 0 0 0 0 0 0 0
15 14 24 0 0 0 0 0 0 0 0 0 0 0 0 0 0 0 0 0 0 0 0 0 0 0 0
15 14 25 0 0 0 0 0 0 0 0 0 0 0 0 0 0 0 0 0 0 0 0 0 0 0 0
15 14 26 0 0 0 0 0 0 0 0 0 0 0 0 0 0 0 0 0 0 0 0 0 0 0 0
15 14 27 0 0 0 0 0 0 0 0 0 0 0 0 0 0 0 0 0 0 0 0 0 0 0 0
15 14 28 0 0 0 0 0 0 0 0 0 0 0 0 0 0 0 0 0 0 0 0 0 0 0 0
15 14 29 0 0 0 0 0 0 0 0 0 0 0 0 0 0 0 0 0 0 0 0 0 0 0 0
15 14 30 0 0 0 0 0 0 0 0 0 0 0 0 0 0 0 0 0 0 0 0 0 0 0 0
15 14 31 0 0 0 0 0 0 0 0 0 0 0 0 0 0 0 0 0 0 0 0 0 0 0 0
15 15 0 1 8 0 0 1 395 0 0 0 0 0 0 1 7 0 2 1 390 0 0 0 0 0 0
15 15 1 1 8 0 0 2 395 1 8 1 0 0 395 1 7 0 2 2 390 1 7 1 2 0 390
15 15 2 0 0 0 0 0 0 1 8 1 0 1 395 0 0 0 0 0 0 1 7 1 2 1 390
15 15 3 1 8 2 0 0 396 1 8 1 0 2 395 1 7 2 2 0 391 1 7 1 2 2 390
15 15 4 1 8 2 0 1 396 0 0 0 0 0 0 1 7 2 2 1 391 0 0 0 0 0 0
15 15 5 1 8 2 0 2 396 1 8 3 0 0 396 1 7 2 2 2 391 1 7 3 2 0 391
15 15 6 0 0 0 0 0 0 1 8 3 0 1 396 0 0 0 0 0 0 1 7 3 2 1 391
15 15 7 1 8 4 0 0 397 1 8 3 0 2 396 1 7 4 2 0 392 1 7 3 2 2 391
15 15 8 1 8 4 0 1 397 0 0 0 0 0 0 1 7 4 2 1 392 0 0 0 0 0 0
15 15 9 1 8 4 0 2 397 1 8 5 0 0 397 1 7 4 2 2 392 1 7 5 2 0 392
15 15 10 0 0 0 0 0 0 1 8 5 0 1 397 0 0 0 0 0 0 1 7 5 2 1 392
15 15 11 1 8 6 0 0 398 1 8 5 0 2 397 1 7 6 2 0 393 1 7 5 2 2 392
15 15 12 1 8 6 0 1 398 0 0 0 0 0 0 1 7 6 2 1 393 0 0 0 0 0 0
15 15 13 1 8 6 0 2 398 1 8 7 0 0 398 1 7 6 2 2 393 1 7 7 2 0 393
15 15 14 0 0 0 0 0 0 1 8 7 0 1 398 0 0 0 0 0 0 1 7 7 2 1 393
15 15 15 1 8 8 0 0 399 1 8 7 0 2 398 1 7 8 2 0 394 1 7 7 2 2 393
15 15 16 1 8 8 0 1 399 0 0 0 0 0 0 1 7 8 2 1 394 0 0 0 0 0 0
15 15 17 1 8 8 0 2 399 0 0 0 0 0 0 1 7 8 2 2 394 0 0 0 0 0 0
15 15 18 0 0 0 0 0 0 0 0 0 0 0 0 0 0 0 0 0 0 0 0 0 0 0 0
15 15 19 0 0 0 0 0 0 0 0 0 0 0 0 0 0 0 0 0 0 0 0 0 0 0 0
15 15 20 0 0 0 0 0 0 0 0 0 0 0 0 0 0 0 0 0 0 0 0 0 0 0 0
15 15 21 0 0 0 0 0 0 0 0 0 0 0 0 0 0 0 0 0 0 0 0 0 0 0 0
15 15 22 0 0 0 0 0 0 0 0 0 0 0 0 0 0 0 0 0 0 0 0 0 0 0 0
15 15 23 0 0 0 0 0 0 0 0 0 0 0 0 0 0 0 0 0 0 0 0 0 0 0 0
15 15 24 0 0 0 0 0 0 0 0 0 0 0 0 0 0 0 0 0 0 0 0 0 0 0 0
15 15 25 0 0 0 0 0 0 0 0 0 0 0 0 0 0 0 0 0 0 0 0 0 0 0 0
15 15 26 0 0 0 0 0 0 0 0 0 0 0 0 0 0 0 0 0 0 0 0 0 0 0 0
15 15 27 0 0 0 0 0 0 0 0 0 0 0 0 0 0 0 0 0 0 0 0 0 0 0 0
15 15 28 0 0 0 0 0 0 0 0 0 0 0 0 0 0 0 0 0 0 0 0 0 0 0 0
15 15 29 0 0 0 0 0 0 0 0 0 0 0 0 0 0 0 0 0 0 0 0 0 0 0 0
15 15 30 0 0 0 0 0 0 0 0 0 0 0 0 0 0 0 0 0 0 0 0 0 0 0 0
15 15 31 0 0 0 0 0 0 0 0 0 0 0 0 0 0 0 0 0 0 0 0 0 0 0 0
15 16 0 1 8 0 1 1 395 0 0 0 0 0 0 0 0 0 0 0 0 0 0 0 0 0 0
15 16 1 1 8 0 1 2 395 1 8 1 1 0 395 0 0 0 0 0 0 0 0 0 0 0 0
15 16 2 0 0 0 0 0 0 1 8 1 1 1 395 0 0 0 0 0 0 0 0 0 0 0 0
15 16 3 1 8 2 1 0 396 1 8 1 1 2 395 0 0 0 0 0 0 0 0 0 0 0 0
15 16 4 1 8 2 1 1 396 0 0 0 0 0 0 0 0 0 0 0 0 0 0 0 0 0 0
15 16 5 1 8 2 1 2 396 1 8 3 1 0 396 0 0 0 0 0 0 0 0 0 0 0 0
15 16 6 0 0 0 0 0 0 1 8 3 1 1 396 0 0 0 0 0 0 0 0 0 0 0 0
15 16 7 1 8 4 1 0 397 1 8 3 1 2 396 0 0 0 0 0 0 0 0 0 0 0 0
15 16 8 1 8 4 1 1 397 0 0 0 0 0 0 0 0 0 0 0 0 0 0 0 0 0 0
15 16 9 1 8 4 1 2 397 1 8 5 1 0 397 0 0 0 0 0 0 0 0 0 0 0 0
15 16 10 0 0 0 0 0 0 1 8 5 1 1 397 0 0 0 0 0 0 0 0 0 0 0 0
15 16 11 1 8 6 1 0 398 1 8 5 1 2 397 0 0 0 0 0 0 0 0 0 0 0 0
15 16 12 1 8 6 1 1 398 0 0 0 0 0 0 0 0 0 0 0 0 0 0 0 0 0 0
15 16 13 1 8 6 1 2 398 1 8 7 1 0 398 0 0 0 0 0 0 0 0 0 0 0 0
15 16 14 0 0 0 0 0 0 1 8 7 1 1 398 0 0 0 0 0 0 0 0 0 0 0 0
15 16 15 1 8 8 1 0 399 1 8 7 1 2 398 0 0 0 0 0 0 0 0 0 0 0 0
15 16 16 1 8 8 1 1 399 0 0 0 0 0 0 0 0 0 0 0 0 0 0 0 0 0 0
15 16 17 1 8 8 1 2 399 0 0 0 0 0 0 0 0 0 0 0 0 0 0 0 0 0 0
15 16 18 0 0 0 0 0 0 0 0 0 0 0 0 0 0 0 0 0 0 0 0 0 0 0 0
15 16 19 0 0 0 0 0 0 0 0 0 0 0 0 0 0 0 0 0 0 0 0 0 0 0 0
15 16 20 0 0 0 0 0 0 0 0 0 0 0 0 0 0 0 0 0 0 0 0 0 0 0 0
15 16 21 0 0 0 0 0 0 0 0 0 0 0 0 0 0 0 0 0 0 0 0 0 0 0 0
15 16 22 0 0 0 0 0 0 0 0 0 0 0 0 0 0 0 0 0 0 0 0 0 0 0 0
15 16 23 0 0 0 0 0 0 0 0 0 0 0 0 0 0 0 0 0 0 0 0 0 0 0 0
15 16 24 0 0 0 0 0 0 0 0 0 0 0 0 0 0 0 0 0 0 0 0 0 0 0 0
15 16 25 0 0 0 0 0 0 0 0 0 0 0 0 0 0 0 0 0 0 0 0 0 0 0 0
15 16 26 0 0 0 0 0 0 0 0 0 0 0 0 0 0 0 0 0 0 0 0 0 0 0 0
15 16 27 0 0 0 0 0 0 0 0 0 0 0 0 0 0 0 0 0 0 0 0 0 0 0 0
15 16 28 0 0 0 0 0 0 0 0 0 0 0 0 0 0 0 0 0 0 0 0 0 0 0 0
15 16 29 0 0 0 0 0 0 0 0 0 0 0 0 0 0 0 0 0 0 0 0 0 0 0 0
15 16 30 0 0 0 0 0 0 0 0 0 0 0 0 0 0 0 0 0 0 0 0 0 0 0 0
15 16 31 0 0 0 0 0 0 0 0 0 0 0 0 0 0 0 0 0 0 0 0 0 0 0 0
15 17 0 1 8 0 2 1 395 0 0 0 0 0 0 0 0 0 0 0 0 0 0 0 0 0 0
15 17 1 1 8 0 2 2 395 1 8 1 2 0 395 0 0 0 0 0 0 0 0 0 0 0 0
15 17 2 0 0 0 0 0 0 1 8 1 2 1 395 0 0 0 0 0 0 0 0 0 0 0 0
15 17 3 1 8 2 2 0 396 1 8 1 2 2 395 0 0 0 0 0 0 0 0 0 0 0 0
15 17 4 1 8 2 2 1 396 0 0 0 0 0 0 0 0 0 0 0 0 0 0 0 0 0 0
15 17 5 1 8 2 2 2 396 1 8 3 2 0 396 0 0 0 0 0 0 0 0 0 0 0 0
15 17 6 0 0 0 0 0 0 1 8 3 2 1 396 0 0 0 0 0 0 0 0 0 0 0 0
15 17 7 1 8 4 2 0 397 1 8 3 2 2 396 0 0 0 0 0 0 0 0 0 0 0 0
15 17 8 1 8 4 2 1 397 0 0 0 0 0 0 0 0 0 0 0 0 0 0 0 0 0 0
15 17 9 1 8 4 2 2 397 1 8 5 2 0 397 0 0 0 0 0 0 0 0 0 0 0 0
15 17 10 0 0 0 0 0 0 1 8 5 2 1 397 0 0 0 0 0 0 0 0 0 0 0 0
15 17 11 1 8 6 2 0 398 1 8 5 2 2 397 0 0 0 0 0 0 0 0 0 0 0 0
15 17 12 1 8 6 2 1 398 0 0 0 0 0 0 0 0 0 0 0 0 0 0 0 0 0 0
15 17 13 1 8 6 2 2 398 1 8 7 2 0 398 0 0 0 0 0 0 0 0 0 0 0 0
15 17 14 0 0 0 0 0 0 1 8 7 2 1 398 0 0 0 0 0 0 0 0 0 0 0 0
15 17 15 1 8 8 2 0 399 1 8 7 2 2 398 0 0 0 0 0 0 0 0 0 0 0 0
15 17 16 1 8 8 2 1 399 0 0 0 0 0 0 0 0 0 0 0 0 0 0 0 0 0 0
15 17 17 1 8 8 2 2 399 0 0 0 0 0 0 0 0 0 0 0 0 0 0 0 0 0 0
15 17 18 0 0 0 0 0 0 0 0 0 0 0 0 0 0 0 0 0 0 0 0 0 0 0 0
15 17 19 0 0 0 0 0 0 0 0 0 0 0 0 0 0 0 0 0 0 0 0 0 0 0 0
15 17 20 0 0 0 0 0 0 0 0 0 0 0 0 0 0 0 0 0 0 0 0 0 0 0 0
15 17 21 0 0 0 0 0 0 0 0 0 0 0 0 0 0 0 0 0 0 0 0 0 0 0 0
15 17 22 0 0 0 0 0 0 0 0 0 0 0 0 0 0 0 0 0 0 0 0 0 0 0 0
15 17 23 0 0 0 0 0 0 0 0 0 0 0 0 0 0 0 0 0 0 0 0 0 0 0 0
15 17 24 0 0 0 0 0 0 0 0 0 0 0 0 0 0 0 0 0 0 0 0 0 0 0 0
15 17 25 0 0 0 0 0 0 0 0 0 0 0 0 0 0 0 0 0 0 0 0 0 0 0 0
15 17 26 0 0 0 0 0 0 0 0 0 0 0 0 0 0 0 0 0 0 0 0 0 0 0 0
15 17 27 0 0 0 0 0 0 0 0 0 0 0 0 0 0 0 0 0 0 0 0 0 0 0 0
15 17 28 0 0 0 0 0 0 0 0 0 0 0 0 0 0 0 0 0 0 0 0 0 0 0 0
15 17 29 0 0 0 0 0 0 0 0 0 0 0 0 0 0 0 0 0 0 0 0 0 0 0 0
15 17 30 0 0 0 0 0 0 0 0 0 0 0 0 0 0 0 0 0 0 0 0 0 0 0 0
15 17 31 0 0 0 0 0 0 0 0 0 0 0 0 0 0 0 0 0 0 0 0 0 0 0 0
15 18 0 0 0 0 0 0 0 0 0 0 0 0 0 0 0 0 0 0 0 0 0 0 0 0 0
15 18 1 0 0 0 0 0 0 0 0 0 0 0 0 0 0 0 0 0 0 0 0 0 0 0 0
15 18 2 0 0 0 0 0 0 0 0 0 0 0 0 0 0 0 0 0 0 0 0 0 0 0 0
15 18 3 0 0 0 0 0 0 0 0 0 0 0 0 0 0 0 0 0 0 0 0 0 0 0 0
15 18 4 0 0 0 0 0 0 0 0 0 0 0 0 0 0 0 0 0 0 0 0 0 0 0 0
15 18 5 0 0 0 0 0 0 0 0 0 0 0 0 0 0 0 0 0 0 0 0 0 0 0 0
15 18 6 0 0 0 0 0 0 0 0 0 0 0 0 0 0 0 0 0 0 0 0 0 0 0 0
15 18 7 0 0 0 0 0 0 0 0 0 0 0 0 0 0 0 0 0 0 0 0 0 0 0 0
15 18 8 0 0 0 0 0 0 0 0 0 0 0 0 0 0 0 0 0 0 0 0 0 0 0 0
15 18 9 0 0 0 0 0 0 0 0 0 0 0 0 0 0 0 0 0 0 0 0 0 0 0 0
15 18 10 0 0 0 0 0 0 0 0 0 0 0 0 0 0 0 0 0 0 0 0 0 0 0 0
15 18 11 0 0 0 0 0 0 0 0 0 0 0 0 0 0 0 0 0 0 0 0 0 0 0 0
15 18 12 0 0 0 0 0 0 0 0 0 0 0 0 0 0 0 0 0 0 0 0 0 0 0 0
15 18 13 0 0 0 0 0 0 0 0 0 0 0 0 0 0 0 0 0 0 0 0 0 0 0 0
15 18 14 0 0 0 0 0 0 0 0 0 0 0 0 0 0 0 0 0 0 0 0 0 0 0 0
15 18 15 0 0 0 0 0 0 0 0 0 0 0 0 0 0 0 0 0 0 0 0 0 0 0 0
15 18 16 0 0 0 0 0 0 0 0 0 0 0 0 0 0 0 0 0 0 0 0 0 0 0 0
15 18 17 0 0 0 0 0 0 0 0 0 0 0 0 0 0 0 0 0 0 0 0 0 0 0 0
15 18 18 0 0 0 0 0 0 0 0 0 0 0 0 0 0 0 0 0 0 0 0 0 0 0 0
15 18 19 0 0 0 0 0 0 0 0 0 0 0 0 0 0 0 0 0 0 0 0 0 0 0 0
15 18 20 0 0 0 0 0 0 0 0 0 0 0 0 0 0 0 0 0 0 0 0 0 0 0 0
15 18 21 0 0 0 0 0 0 0 0 0 0 0 0 0 0 0 0 0 0 0 0 0 0 0 0
15 18 22 0 0 0 0 0 0 0 0 0 0 0 0 0 0 0 0 0 0 0 0 0 0 0 0
15 18 23 0 0 0 0 0 0 0 0 0 0 0 0 0 0 0 0 0 0 0 0 0 0 0 0
15 18 24 0 0 0 0 0 0 0 0 0 0 0 0 0 0 0 0 0 0 0 0 0 0 0 0
15 18 25 0 0 0 0 0 0 0 0 0 0 0 0 0 0 0 0 0 0 0 0 0 0 0 0
15 18 26 0 0 0 0 0 0 0 0 0 0 0 0 0 0 0 0 0 0 0 0 0 0 0 0
15 18 27 0 0 0 0 0 0 0 0 0 0 0 0 0 0 0 0 0 0 0 0 0 0 0 0
15 18 28 0 0 0 0 0 0 0 0 0 0 0 0 0 0 0 0 0 0 0 0 0 0 0 0
15 18 29 0 0 0 0 0 0 0 0 0 0 0 0 0 0 0 0 0 0 0 0 0 0 0 0
15 18 30 0 0 0 0 0 0 0 0 0 0 0 0 0 0 0 0 0 0 0 0 0 0 0 0
15 18 31 0 0 0 0 0 0 0 0 0 0 0 0 0 0 0 0 0 0 0 0 0 0 0 0
15 19 0 0 0 0 0 0 0 0 0 0 0 0 0 0 0 0 0 0 0 0 0 0 0 0 0
15 19 1 0 0 0 0 0 0 0 0 0 0 0 0 0 0 0 0 0 0 0 0 0 0 0 0
15 19 2 0 0 0 0 0 0 0 0 0 0 0 0 0 0 0 0 0 0 0 0 0 0 0 0
15 19 3 0 0 0 0 0 0 0 0 0 0 0 0 0 0 0 0 0 0 0 0 0 0 0 0
15 19 4 0 0 0 0 0 0 0 0 0 0 0 0 0 0 0 0 0 0 0 0 0 0 0 0
15 19 5 0 0 0 0 0 0 0 0 0 0 0 0 0 0 0 0 0 0 0 0 0 0 0 0
15 19 6 0 0 0 0 0 0 0 0 0 0 0 0 0 0 0 0 0 0 0 0 0 0 0 0
15 19 7 0 0 0 0 0 0 0 0 0 0 0 0 0 0 0 0 0 0 0 0 0 0 0 0
15 19 8 0 0 0 0 0 0 0 0 0 0 0 0 0 0 0 0 0 0 0 0 0 0 0 0
15 19 9 0 0 0 0 0 0 0 0 0 0 0 0 0 0 0 0 0 0 0 0 0 0 0 0
15 19 10 0 0 0 0 0 0 0 0 0 0 0 0 0 0 0 0 0 0 0 0 0 0 0 0
15 19 11 0 0 0 0 0 0 0 0 0 0 0 0 0 0 0 0 0 0 0 0 0 0 0 0
15 19 12 0 0 0 0 0 0 0 0 0 0 0 0 0 0 0 0 0 0 0 0 0 0 0 0
15 19 13 0 0 0 0 0 0 0 0 0 0 0 0 0 0 0 0 0 0 0 0 0 0 0 0
15 19 14 0 0 0 0 0 0 0 0 0 0 0 0 0 0 0 0 0 0 0 0 0 0 0 0
15 19 15 0 0 0 0 0 0 0 0 0 0 0 0 0 0 0 0 0 0 0 0 0 0 0 0
15 19 16 0 0 0 0 0 0 0 0 0 0 0 0 0 0 0 0 0 0 0 0 0 0 0 0
15 19 17 0 0 0 0 0 0 0 0 0 0 0 0 0 0 0 0 0 0 0 0 0 0 0 0
15 19 18 0 0 0 0 0 0 0 0 0 0 0 0 0 0 0 0 0 0 0 0 0 0 0 0
15 19 19 0 0 0 0 0 0 0 0 0 0 0 0 0 0 0 0 0 0 0 0 0 0 0 0
15 19 20 0 0 0 0 0 0 0 0 0 0 0 0 0 0 0 0 0 0 0 0 0 0 0 0
15 19 21 0 0 0 0 0 0 0 0 0 0 0 0 0 0 0 0 0 0 0 0 0 0 0 0
15 19 22 0 0 0 0 0 0 0 0 0 0 0 0 0 0 0 0 0 0 0 0 0 0 0 0
15 19 23 0 0 0 0 0 0 0 0 0 0 0 0 0 0 0 0 0 0 0 0 0 0 0 0
15 19 24 0 0 0 0 0 0 0 0 0 0 0 0 0 0 0 0 0 0 0 0 0 0 0 0
15 19 25 0 0 0 0 0 0 0 0 0 0 0 0 0 0 0 0 0 0 0 0 0 0 0 0
15 19 26 0 0 0 0 0 0 0 0 0 0 0 0 0 0 0 0 0 0 0 0 0 0 0 0
15 19 27 0 0 0 0 0 0 0 0 0 0 0 0 0 0 0 0 0 0 0 0 0 0 0 0
15 19 28 0 0 0 0 0 0 0 0 0 0 0 0 0 0 0 0 0 0 0 0 0 0 0 0
15 19 29 0 0 0 0 0 0 0 0 0 0 0 0 0 0 0 0 0 0 0 0 0 0 0 0
15 19 30 0 0 0 0 0 0 0 0 0 0 0 0 0 0 0 0 0 0 0 0 0 0 0 0
15 19 31 0 0 0 0 0 0 0 0 0 0 0 0 0 0 0 0 0 0 0 0 0 0 0 0
15 20 0 0 0 0 0 0 0 0 0 0 0 0 0 0 0 0 0 0 0 0 0 0 0 0 0
15 20 1 0 0 0 0 0 0 0 0 0 0 0 0 0 0 0 0 0 0 0 0 0 0 0 0
15 20 2 0 0 0 0 0 0 0 0 0 0 0 0 0 0 0 0 0 0 0 0 0 0 0 0
15 20 3 0 0 0 0 0 0 0 0 0 0 0 0 0 0 0 0 0 0 0 0 0 0 0 0
15 20 4 0 0 0 0 0 0 0 0 0 0 0 0 0 0 0 0 0 0 0 0 0 0 0 0
15 20 5 0 0 0 0 0 0 0 0 0 0 0 0 0 0 0 0 0 0 0 0 0 0 0 0
15 20 6 0 0 0 0 0 0 0 0 0 0 0 0 0 0 0 0 0 0 0 0 0 0 0 0
15 20 7 0 0 0 0 0 0 0 0 0 0 0 0 0 0 0 0 0 0 0 0 0 0 0 0
15 20 8 0 0 0 0 0 0 0 0 0 0 0 0 0 0 0 0 0 0 0 0 0 0 0 0
15 20 9 0 0 0 0 0 0 0 0 0 0 0 0 0 0 0 0 0 0 0 0 0 0 0 0
15 20 10 0 0 0 0 0 0 0 0 0 0 0 0 0 0 0 0 0 0 0 0 0 0 0 0
15 20 11 0 0 0 0 0 0 0 0 0 0 0 0 0 0 0 0 0 0 0 0 0 0 0 0
15 20 12 0 0 0 0 0 0 0 0 0 0 0 0 0 0 0 0 0 0 0 0 0 0 0 0
15 20 13 0 0 0 0 0 0 0 0 0 0 0 0 0 0 0 0 0 0 0 0 0 0 0 0
15 20 14 0 0 0 0 0 0 0 0 0 0 0 0 0 0 0 0 0 0 0 0 0 0 0 0
15 20 15 0 0 0 0 0 0 0 0 0 0 0 0 0 0 0 0 0 0 0 0 0 0 0 0
15 20 16 0 0 0 0 0 0 0 0 0 0 0 0 0 0 0 0 0 0 0 0 0 0 0 0
15 20 17 0 0 0 0 0 0 0 0 0 0 0 0 0 0 0 0 0 0 0 0 0 0 0 0
15 20 18 0 0 0 0 0 0 0 0 0 0 0 0 0 0 0 0 0 0 0 0 0 0 0 0
15 20 19 0 0 0 0 0 0 0 0 0 0 0 0 0 0 0 0 0 0 0 0 0 0 0 0
15 20 20 0 0 0 0 0 0 0 0 0 0 0 0 0 0 0 0 0 0 0 0 0 0 0 0
15 20 21 0 0 0 0 0 0 0 0 0 0 0 0 0 0 0 0 0 0 0 0 0 0 0 0
15 20 22 0 0 0 0 0 0 0 0 0 0 0 0 0 0 0 0 0 0 0 0 0 0 0 0
15 20 23 0 0 0 0 0 0 0 0 0 0 0 0 0 0 0 0 0 0 0 0 0 0 0 0
15 20 24 0 0 0 0 0 0 0 0 0 0 0 0 0 0 0 0 0 0 0 0 0 0 0 0
15 20 25 0 0 0 0 0 0 0 0 0 0 0 0 0 0 0 0 0 0 0 0 0 0 0 0
15 20 26 0 0 0 0 0 0 0 0 0 0 0 0 0 0 0 0 0 0 0 0 0 0 0 0
15 20 27 0 0 0 0 0 0 0 0 0 0 0 0 0 0 0 0 0 0 0 0 0 0 0 0
15 20 28 0 0 0 0 0 0 0 0 0 0 0 0 0 0 0 0 0 0 0 0 0 0 0 0
15 20 29 0 0 0 0 0 0 0 0 0 0 0 0 0 0 0 0 0 0 0 0 0 0 0 0
15 20 30 0 0 0 0 0 0 0 0 0 0 0 0 0 0 0 0 0 0 0 0 0 0 0 0
15 20 31 0 0 0 0 0 0 0 0 0 0 0 0 0 0 0 0 0 0 0 0 0 0 0 0
15 21 0 0 0 0 0 0 0 0 0 0 0 0 0 0 0 0 0 0 0 0 0 0 0 0 0
15 21 1 0 0 0 0 0 0 0 0 0 0 0 0 0 0 0 0 0 0 0 0 0 0 0 0
15 21 2 0 0 0 0 0 0 0 0 0 0 0 0 0 0 0 0 0 0 0 0 0 0 0 0
15 21 3 0 0 0 0 0 0 0 0 0 0 0 0 0 0 0 0 0 0 0 0 0 0 0 0
15 21 4 0 0 0 0 0 0 0 0 0 0 0 0 0 0 0 0 0 0 0 0 0 0 0 0
15 21 5 0 0 0 0 0 0 0 0 0 0 0 0 0 0 0 0 0 0 0 0 0 0 0 0
15 21 6 0 0 0 0 0 0 0 0 0 0 0 0 0 0 0 0 0 0 0 0 0 0 0 0
15 21 7 0 0 0 0 0 0 0 0 0 0 0 0 0 0 0 0 0 0 0 0 0 0 0 0
15 21 8 0 0 0 0 0 0 0 0 0 0 0 0 0 0 0 0 0 0 0 0 0 0 0 0
15 21 9 0 0 0 0 0 0 0 0 0 0 0 0 0 0 0 0 0 0 0 0 0 0 0 0
15 21 10 0 0 0 0 0 0 0 0 0 0 0 0 0 0 0 0 0 0 0 0 0 0 0 0
15 21 11 0 0 0 0 0 0 0 0 0 0 0 0 0 0 0 0 0 0 0 0 0 0 0 0
15 21 12 0 0 0 0 0 0 0 0 0 0 0 0 0 0 0 0 0 0 0 0 0 0 0 0
15 21 13 0 0 0 0 0 0 0 0 0 0 0 0 0 0 0 0 0 0 0 0 0 0 0 0
15 21 14 0 0 0 0 0 0 0 0 0 0 0 0 0 0 0 0 0 0 0 0 0 0 0 0
15 21 15 0 0 0 0 0 0 0 0 0 0 0 0 0 0 0 0 0 0 0 0 0 0 0 0
15 21 16 0 0 0 0 0 0 0 0 0 0 0 0 0 0 0 0 0 0 0 0 0 0 0 0
15 21 17 0 0 0 0 0 0 0 0 0 0 0 0 0 0 0 0 0 0 0 0 0 0 0 0
15 21 18 0 0 0 0 0 0 0 0 0 0 0 0 0 0 0 0 0 0 0 0 0 0 0 0
15 21 19 0 0 0 0 0 0 0 0 0 0 0 0 0 0 0 0 0 0 0 0 0 0 0 0
15 21 20 0 0 0 0 0 0 0 0 0 0 0 0 0 0 0 0 0 0 0 0 0 0 0 0
15 21 21 0 0 0 0 0 0 0 0 0 0 0 0 0 0 0 0 0 0 0 0 0 0 0 0
15 21 22 0 0 0 0 0 0 0 0 0 0 0 0 0 0 0 0 0 0 0 0 0 0 0 0
15 21 23 0 0 0 0 0 0 0 0 0 0 0 0 0 0 0 0 0 0 0 0 0 0 0 0
15 21 24 0 0 0 0 0 0 0 0 0 0 0 0 0 0 0 0 0 0 0 0 0 0 0 0
15 21 25 0 0 0 0 0 0 0 0 0 0 0 0 0 0 0 0 0 0 0 0 0 0 0 0
15 21 26 0 0 0 0 0 0 0 0 0 0 0 0 0 0 0 0 0 0 0 0 0 0 0 0
15 21 27 0 0 0 0 0 0 0 0 0 0 0 0 0 0 0 0 0 0 0 0 0 0 0 0
15 21 28 0 0 0 0 0 0 0 0 0 0 0 0 0 0 0 0 0 0 0 0 0 0 0 0
15 21 29 0 0 0 0 0 0 0 0 0 0 0 0 0 0 0 0 0 0 0 0 0 0 0 0
15 21 30 0 0 0 0 0 0 0 0 0 0 0 0 0 0 0 0 0 0 0 0 0 0 0 0
15 21 31 0 0 0 0 0 0 0 0 0 0 0 0 0 0 0 0 0 0 0 0 0 0 0 0
15 22 0 0 0 0 0 0 0 0 0 0 0 0 0 0 0 0 0 0 0 0 0 0 0 0 0
15 22 1 0 0 0 0 0 0 0 0 0 0 0 0 0 0 0 0 0 0 0 0 0 0 0 0
15 22 2 0 0 0 0 0 0 0 0 0 0 0 0 0 0 0 0 0 0 0 0 0 0 0 0
15 22 3 0 0 0 0 0 0 0 0 0 0 0 0 0 0 0 0 0 0 0 0 0 0 0 0
15 22 4 0 0 0 0 0 0 0 0 0 0 0 0 0 0 0 0 0 0 0 0 0 0 0 0
15 22 5 0 0 0 0 0 0 0 0 0 0 0 0 0 0 0 0 0 0 0 0 0 0 0 0
15 22 6 0 0 0 0 0 0 0 0 0 0 0 0 0 0 0 0 0 0 0 0 0 0 0 0
15 22 7 0 0 0 0 0 0 0 0 0 0 0 0 0 0 0 0 0 0 0 0 0 0 0 0
15 22 8 0 0 0 0 0 0 0 0 0 0 0 0 0 0 0 0 0 0 0 0 0 0 0 0
15 22 9 0 0 0 0 0 0 0 0 0 0 0 0 0 0 0 0 0 0 0 0 0 0 0 0
15 22 10 0 0 0 0 0 0 0 0 0 0 0 0 0 0 0 0 0 0 0 0 0 0 0 0
15 22 11 0 0 0 0 0 0 0 0 0 0 0 0 0 0 0 0 0 0 0 0 0 0 0 0
15 22 12 0 0 0 0 0 0 0 0 0 0 0 0 0 0 0 0 0 0 0 0 0 0 0 0
15 22 13 0 0 0 0 0 0 0 0 0 0 0 0 0 0 0 0 0 0 0 0 0 0 0 0
15 22 14 0 0 0 0 0 0 0 0 0 0 0 0 0 0 0 0 0 0 0 0 0 0 0 0
15 22 15 0 0 0 0 0 0 0 0 0 0 0 0 0 0 0 0 0 0 0 0 0 0 0 0
15 22 16 0 0 0 0 0 0 0 0 0 0 0 0 0 0 0 0 0 0 0 0 0 0 0 0
15 22 17 0 0 0 0 0 0 0 0 0 0 0 0 0 0 0 0 0 0 0 0 0 0 0 0
15 22 18 0 0 0 0 0 0 0 0 0 0 0 0 0 0 0 0 0 0 0 0 0 0 0 0
15 22 19 0 0 0 0 0 0 0 0 0 0 0 0 0 0 0 0 0 0 0 0 0 0 0 0
15 22 20 0 0 0 0 0 0 0 0 0 0 0 0 0 0 0 0 0 0 0 0 0 0 0 0
15 22 21 0 0 0 0 0 0 0 0 0 0 0 0 0 0 0 0 0 0 0 0 0 0 0 0
15 22 22 0 0 0 0 0 0 0 0 0 0 0 0 0 0 0 0 0 0 0 0 0 0 0 0
15 22 23 0 0 0 0 0 0 0 0 0 0 0 0 0 0 0 0 0 0 0 0 0 0 0 0
15 22 24 0 0 0 0 0 0 0 0 0 0 0 0 0 0 0 0 0 0 0 0 0 0 0 0
15 22 25 0 0 0 0 0 0 0 0 0 0 0 0 0 0 0 0 0 0 0 0 0 0 0 0
15 22 26 0 0 0 0 0 0 0 0 0 0 0 0 0 0 0 0 0 0 0 0 0 0 0 0
15 22 27 0 0 0 0 0 0 0 0 0 0 0 0 0 0 0 0 0 0 0 0 0 0 0 0
15 22 28 0 0 0 0 0 0 0 0 0 0 0 0 0 0 0 0 0 0 0 0 0 0 0 0
15 22 29 0 0 0 0 0 0 0 0 0 0 0 0 0 0 0 0 0 0 0 0 0 0 0 0
15 22 30 0 0 0 0 0 0 0 0 0 0 0 0 0 0 0 0 0 0 0 0 0 0 0 0
15 22 31 0 0 0 0 0 0 0 0 0 0 0 0 0 0 0 0 0 0 0 0 0 0 0 0
15 23 0 0 0 0 0 0 0 0 0 0 0 0 0 0 0 0 0 0 0 0 0 0 0 0 0
15 23 1 0 0 0 0 0 0 0 0 0 0 0 0 0 0 0 0 0 0 0 0 0 0 0 0
15 23 2 0 0 0 0 0 0 0 0 0 0 0 0 0 0 0 0 0 0 0 0 0 0 0 0
15 23 3 0 0 0 0 0 0 0 0 0 0 0 0 0 0 0 0 0 0 0 0 0 0 0 0
15 23 4 0 0 0 0 0 0 0 0 0 0 0 0 0 0 0 0 0 0 0 0 0 0 0 0
15 23 5 0 0 0 0 0 0 0 0 0 0 0 0 0 0 0 0 0 0 0 0 0 0 0 0
15 23 6 0 0 0 0 0 0 0 0 0 0 0 0 0 0 0 0 0 0 0 0 0 0 0 0
15 23 7 0 0 0 0 0 0 0 0 0 0 0 0 0 0 0 0 0 0 0 0 0 0 0 0
15 23 8 0 0 0 0 0 0 0 0 0 0 0 0 0 0 0 0 0 0 0 0 0 0 0 0
15 23 9 0 0 0 0 0 0 0 0 0 0 0 0 0 0 0 0 0 0 0 0 0 0 0 0
15 23 10 0 0 0 0 0 0 0 0 0 0 0 0 0 0 0 0 0 0 0 0 0 0 0 0
15 23 11 0 0 0 0 0 0 0 0 0 0 0 0 0 0 0 0 0 0 0 0 0 0 0 0
15 23 12 0 0 0 0 0 0 0 0 0 0 0 0 0 0 0 0 0 0 0 0 0 0 0 0
15 23 13 0 0 0 0 0 0 0 0 0 0 0 0 0 0 0 0 0 0 0 0 0 0 0 0
15 23 14 0 0 0 0 0 0 0 0 0 0 0 0 0 0 0 0 0 0 0 0 0 0 0 0
15 23 15 0 0 0 0 0 0 0 0 0 0 0 0 0 0 0 0 0 0 0 0 0 0 0 0
15 23 16 0 0 0 0 0 0 0 0 0 0 0 0 0 0 0 0 0 0 0 0 0 0 0 0
15 23 17 0 0 0 0 0 0 0 0 0 0 0 0 0 0 0 0 0 0 0 0 0 0 0 0
15 23 18 0 0 0 0 0 0 0 0 0 0 0 0 0 0 0 0 0 0 0 0 0 0 0 0
15 23 19 0 0 0 0 0 0 0 0 0 0 0 0 0 0 0 0 0 0 0 0 0 0 0 0
15 23 20 0 0 0 0 0 0 0 0 0 0 0 0 0 0 0 0 0 0 0 0 0 0 0 0
15 23 21 0 0 0 0 0 0 0 0 0 0 0 0 0 0 0 0 0 0 0 0 0 0 0 0
15 23 22 0 0 0 0 0 0 0 0 0 0 0 0 0 0 0 0 0 0 0 0 0 0 0 0
15 23 23 0 0 0 0 0 0 0 0 0 0 0 0 0 0 0 0 0 0 0 0 0 0 0 0
15 23 24 0 0 0 0 0 0 0 0 0 0 0 0 0 0 0 0 0 0 0 0 0 0 0 0
15 23 25 0 0 0 0 0 0 0 0 0 0 0 0 0 0 0 0 0 0 0 0 0 0 0 0
15 23 26 0 0 0 0 0 0 0 0 0 0 0 0 0 0 0 0 0 0 0 0 0 0 0 0
15 23 27 0 0 0 0 0 0 0 0 0 0 0 0 0 0 0 0 0 0 0 0 0 0 0 0
15 23 28 0 0 0 0 0 0 0 0 0 0 0 0 0 0 0 0 0 0 0 0 0 0 0 0
15 23 29 0 0 0 0 0 0 0 0 0 0 0 0 0 0 0 0 0 0 0 0 0 0 0 0
15 23 30 0 0 0 0 0 0 0 0 0 0 0 0 0 0 0 0 0 0 0 0 0 0 0 0
15 23 31 0 0 0 0 0 0 0 0 0 0 0 0 0 0 0 0 0 0 0 0 0 0 0 0
15 24 0 0 0 0 0 0 0 0 0 0 0 0 0 0 0 0 0 0 0 0 0 0 0 0 0
15 24 1 0 0 0 0 0 0 0 0 0 0 0 0 0 0 0 0 0 0 0 0 0 0 0 0
15 24 2 0 0 0 0 0 0 0 0 0 0 0 0 0 0 0 0 0 0 0 0 0 0 0 0
15 24 3 0 0 0 0 0 0 0 0 0 0 0 0 0 0 0 0 0 0 0 0 0 0 0 0
15 24 4 0 0 0 0 0 0 0 0 0 0 0 0 0 0 0 0 0 0 0 0 0 0 0 0
15 24 5 0 0 0 0 0 0 0 0 0 0 0 0 0 0 0 0 0 0 0 0 0 0 0 0
15 24 6 0 0 0 0 0 0 0 0 0 0 0 0 0 0 0 0 0 0 0 0 0 0 0 0
15 24 7 0 0 0 0 0 0 0 0 0 0 0 0 0 0 0 0 0 0 0 0 0 0 0 0
15 24 8 0 0 0 0 0 0 0 0 0 0 0 0 0 0 0 0 0 0 0 0 0 0 0 0
15 24 9 0 0 0 0 0 0 0 0 0 0 0 0 0 0 0 0 0 0 0 0 0 0 0 0
15 24 10 0 0 0 0 0 0 0 0 0 0 0 0 0 0 0 0 0 0 0 0 0 0 0 0
15 24 11 0 0 0 0 0 0 0 0 0 0 0 0 0 0 0 0 0 0 0 0 0 0 0 0
15 24 12 0 0 0 0 0 0 0 0 0 0 0 0 0 0 0 0 0 0 0 0 0 0 0 0
15 24 13 0 0 0 0 0 0 0 0 0 0 0 0 0 0 0 0 0 0 0 0 0 0 0 0
15 24 14 0 0 0 0 0 0 0 0 0 0 0 0 0 0 0 0 0 0 0 0 0 0 0 0
15 24 15 0 0 0 0 0 0 0 0 0 0 0 0 0 0 0 0 0 0 0 0 0 0 0 0
15 24 16 0 0 0 0 0 0 0 0 0 0 0 0 0 0 0 0 0 0 0 0 0 0 0 0
15 24 17 0 0 0 0 0 0 0 0 0 0 0 0 0 0 0 0 0 0 0 0 0 0 0 0
15 24 18 0 0 0 0 0 0 0 0 0 0 0 0 0 0 0 0 0 0 0 0 0 0 0 0
15 24 19 0 0 0 0 0 0 0 0 0 0 0 0 0 0 0 0 0 0 0 0 0 0 0 0
15 24 20 0 0 0 0 0 0 0 0 0 0 0 0 0 0 0 0 0 0 0 0 0 0 0 0
15 24 21 0 0 0 0 0 0 0 0 0 0 0 0 0 0 0 0 0 0 0 0 0 0 0 0
15 24 22 0 0 0 0 0 0 0 0 0 0 0 0 0 0 0 0 0 0 0 0 0 0 0 0
15 24 23 0 0 0 0 0 0 0 0 0 0 0 0 0 0 0 0 0 0 0 0 0 0 0 0
15 24 24 0 0 0 0 0 0 0 0 0 0 0 0 0 0 0 0 0 0 0 0 0 0 0 0
15 24 25 0 0 0 0 0 0 0 0 0 0 0 0 0 0 0 0 0 0 0 0 0 0 0 0
15 24 26 0 0 0 0 0 0 0 0 0 0 0 0 0 0 0 0 0 0 0 0 0 0 0 0
15 24 27 0 0 0 0 0 0 0 0 0 0 0 0 0 0 0 0 0 0 0 0 0 0 0 0
15 24 28 0 0 0 0 0 0 0 0 0 0 0 0 0 0 0 0 0 0 0 0 0 0 0 0
15 24 29 0 0 0 0 0 0 0 0 0 0 0 0 0 0 0 0 0 0 0 0 0 0 0 0
15 24 30 0 0 0 0 0 0 0 0 0 0 0 0 0 0 0 0 0 0 0 0 0 0 0 0
15 24 31 0 0 0 0 0 0 0 0 0 0 0 0 0 0 0 0 0 0 0 0 0 0 0 0
15 25 0 0 0 0 0 0 0 0 0 0 0 0 0 0 0 0 0 0 0 0 0 0 0 0 0
15 25 1 0 0 0 0 0 0 0 0 0 0 0 0 0 0 0 0 0 0 0 0 0 0 0 0
15 25 2 0 0 0 0 0 0 0 0 0 0 0 0 0 0 0 0 0 0 0 0 0 0 0 0
15 25 3 0 0 0 0 0 0 0 0 0 0 0 0 0 0 0 0 0 0 0 0 0 0 0 0
15 25 4 0 0 0 0 0 0 0 0 0 0 0 0 0 0 0 0 0 0 0 0 0 0 0 0
15 25 5 0 0 0 0 0 0 0 0 0 0 0 0 0 0 0 0 0 0 0 0 0 0 0 0
15 25 6 0 0 0 0 0 0 0 0 0 0 0 0 0 0 0 0 0 0 0 0 0 0 0 0
15 25 7 0 0 0 0 0 0 0 0 0 0 0 0 0 0 0 0 0 0 0 0 0 0 0 0
15 25 8 0 0 0 0 0 0 0 0 0 0 0 0 0 0 0 0 0 0 0 0 0 0 0 0
15 25 9 0 0 0 0 0 0 0 0 0 0 0 0 0 0 0 0 0 0 0 0 0 0 0 0
15 25 10 0 0 0 0 0 0 0 0 0 0 0 0 0 0 0 0 0 0 0 0 0 0 0 0
15 25 11 0 0 0 0 0 0 0 0 0 0 0 0 0 0 0 0 0 0 0 0 0 0 0 0
15 25 12 0 0 0 0 0 0 0 0 0 0 0 0 0 0 0 0 0 0 0 0 0 0 0 0
15 25 13 0 0 0 0 0 0 0 0 0 0 0 0 0 0 0 0 0 0 0 0 0 0 0 0
15 25 14 0 0 0 0 0 0 0 0 0 0 0 0 0 0 0 0 0 0 0 0 0 0 0 0
15 25 15 0 0 0 0 0 0 0 0 0 0 0 0 0 0 0 0 0 0 0 0 0 0 0 0
15 25 16 0 0 0 0 0 0 0 0 0 0 0 0 0 0 0 0 0 0 0 0 0 0 0 0
15 25 17 0 0 0 0 0 0 0 0 0 0 0 0 0 0 0 0 0 0 0 0 0 0 0 0
15 25 18 0 0 0 0 0 0 0 0 0 0 0 0 0 0 0 0 0 0 0 0 0 0 0 0
15 25 19 0 0 0 0 0 0 0 0 0 0 0 0 0 0 0 0 0 0 0 0 0 0 0 0
15 25 20 0 0 0 0 0 0 0 0 0 0 0 0 0 0 0 0 0 0 0 0 0 0 0 0
15 25 21 0 0 0 0 0 0 0 0 0 0 0 0 0 0 0 0 0 0 0 0 0 0 0 0
15 25 22 0 0 0 0 0 0 0 0 0 0 0 0 0 0 0 0 0 0 0 0 0 0 0 0
15 25 23 0 0 0 0 0 0 0 0 0 0 0 0 0 0 0 0 0 0 0 0 0 0 0 0
15 25 24 0 0 0 0 0 0 0 0 0 0 0 0 0 0 0 0 0 0 0 0 0 0 0 0
15 25 25 0 0 0 0 0 0 0 0 0 0 0 0 0 0 0 0 0 0 0 0 0 0 0 0
15 25 26 0 0 0 0 0 0 0 0 0 0 0 0 0 0 0 0 0 0 0 0 0 0 0 0
15 25 27 0 0 0 0 0 0 0 0 0 0 0 0 0 0 0 0 0 0 0 0 0 0 0 0
15 25 28 0 0 0 0 0 0 0 0 0 0 0 0 0 0 0 0 0 0 0 0 0 0 0 0
15 25 29 0 0 0 0 0 0 0 0 0 0 0 0 0 0 0 0 0 0 0 0 0 0 0 0
15 25 30 0 0 0 0 0 0 0 0 0 0 0 0 0 0 0 0 0 0 0 0 0 0 0 0
15 25 31 0 0 0 0 0 0 0 0 0 0 0 0 0 0 0 0 0 0 0 0 0 0 0 0
15 26 0 0 0 0 0 0 0 0 0 0 0 0 0 0 0 0 0 0 0 0 0 0 0 0 0
15 26 1 0 0 0 0 0 0 0 0 0 0 0 0 0 0 0 0 0 0 0 0 0 0 0 0
15 26 2 0 0 0 0 0 0 0 0 0 0 0 0 0 0 0 0 0 0 0 0 0 0 0 0
15 26 3 0 0 0 0 0 0 0 0 0 0 0 0 0 0 0 0 0 0 0 0 0 0 0 0
15 26 4 0 0 0 0 0 0 0 0 0 0 0 0 0 0 0 0 0 0 0 0 0 0 0 0
15 26 5 0 0 0 0 0 0 0 0 0 0 0 0 0 0 0 0 0 0 0 0 0 0 0 0
15 26 6 0 0 0 0 0 0 0 0 0 0 0 0 0 0 0 0 0 0 0 0 0 0 0 0
15 26 7 0 0 0 0 0 0 0 0 0 0 0 0 0 0 0 0 0 0 0 0 0 0 0 0
15 26 8 0 0 0 0 0 0 0 0 0 0 0 0 0 0 0 0 0 0 0 0 0 0 0 0
15 26 9 0 0 0 0 0 0 0 0 0 0 0 0 0 0 0 0 0 0 0 0 0 0 0 0
15 26 10 0 0 0 0 0 0 0 0 0 0 0 0 0 0 0 0 0 0 0 0 0 0 0 0
15 26 11 0 0 0 0 0 0 0 0 0 0 0 0 0 0 0 0 0 0 0 0 0 0 0 0
15 26 12 0 0 0 0 0 0 0 0 0 0 0 0 0 0 0 0 0 0 0 0 0 0 0 0
15 26 13 0 0 0 0 0 0 0 0 0 0 0 0 0 0 0 0 0 0 0 0 0 0 0 0
15 26 14 0 0 0 0 0 0 0 0 0 0 0 0 0 0 0 0 0 0 0 0 0 0 0 0
15 26 15 0 0 0 0 0 0 0 0 0 0 0 0 0 0 0 0 0 0 0 0 0 0 0 0
15 26 16 0 0 0 0 0 0 0 0 0 0 0 0 0 0 0 0 0 0 0 0 0 0 0 0
15 26 17 0 0 0 0 0 0 0 0 0 0 0 0 0 0 0 0 0 0 0 0 0 0 0 0
15 26 18 0 0 0 0 0 0 0 0 0 0 0 0 0 0 0 0 0 0 0 0 0 0 0 0
15 26 19 0 0 0 0 0 0 0 0 0 0 0 0 0 0 0 0 0 0 0 0 0 0 0 0
15 26 20 0 0 0 0 0 0 0 0 0 0 0 0 0 0 0 0 0 0 0 0 0 0 0 0
15 26 21 0 0 0 0 0 0 0 0 0 0 0 0 0 0 0 0 0 0 0 0 0 0 0 0
15 26 22 0 0 0 0 0 0 0 0 0 0 0 0 0 0 0 0 0 0 0 0 0 0 0 0
15 26 23 0 0 0 0 0 0 0 0 0 0 0 0 0 0 0 0 0 0 0 0 0 0 0 0
15 26 24 0 0 0 0 0 0 0 0 0 0 0 0 0 0 0 0 0 0 0 0 0 0 0 0
15 26 25 0 0 0 0 0 0 0 0 0 0 0 0 0 0 0 0 0 0 0 0 0 0 0 0
15 26 26 0 0 0 0 0 0 0 0 0 0 0 0 0 0 0 0 0 0 0 0 0 0 0 0
15 26 27 0 0 0 0 0 0 0 0 0 0 0 0 0 0 0 0 0 0 0 0 0 0 0 0
15 26 28 0 0 0 0 0 0 0 0 0 0 0 0 0 0 0 0 0 0 0 0 0 0 0 0
15 26 29 0 0 0 0 0 0 0 0 0 0 0 0 0 0 0 0 0 0 0 0 0 0 0 0
15 26 30 0 0 0 0 0 0 0 0 0 0 0 0 0 0 0 0 0 0 0 0 0 0 0 0
15 26 31 0 0 0 0 0 0 0 0 0 0 0 0 0 0 0 0 0 0 0 0 0 0 0 0
15 27 0 0 0 0 0 0 0 0 0 0 0 0 0 0 0 0 0 0 0 0 0 0 0 0 0
15 27 1 0 0 0 0 0 0 0 0 0 0 0 0 0 0 0 0 0 0 0 0 0 0 0 0
15 27 2 0 0 0 0 0 0 0 0 0 0 0 0 0 0 0 0 0 0 0 0 0 0 0 0
15 27 3 0 0 0 0 0 0 0 0 0 0 0 0 0 0 0 0 0 0 0 0 0 0 0 0
15 27 4 0 0 0 0 0 0 0 0 0 0 0 0 0 0 0 0 0 0 0 0 0 0 0 0
15 27 5 0 0 0 0 0 0 0 0 0 0 0 0 0 0 0 0 0 0 0 0 0 0 0 0
15 27 6 0 0 0 0 0 0 0 0 0 0 0 0 0 0 0 0 0 0 0 0 0 0 0 0
15 27 7 0 0 0 0 0 0 0 0 0 0 0 0 0 0 0 0 0 0 0 0 0 0 0 0
15 27 8 0 0 0 0 0 0 0 0 0 0 0 0 0 0 0 0 0 0 0 0 0 0 0 0
15 27 9 0 0 0 0 0 0 0 0 0 0 0 0 0 0 0 0 0 0 0 0 0 0 0 0
15 27 10 0 0 0 0 0 0 0 0 0 0 0 0 0 0 0 0 0 0 0 0 0 0 0 0
15 27 11 0 0 0 0 0 0 0 0 0 0 0 0 0 0 0 0 0 0 0 0 0 0 0 0
15 27 12 0 0 0 0 0 0 0 0 0 0 0 0 0 0 0 0 0 0 0 0 0 0 0 0
15 27 13 0 0 0 0 0 0 0 0 0 0 0 0 0 0 0 0 0 0 0 0 0 0 0 0
15 27 14 0 0 0 0 0 0 0 0 0 0 0 0 0 0 0 0 0 0 0 0 0 0 0 0
15 27 15 0 0 0 0 0 0 0 0 0 0 0 0 0 0 0 0 0 0 0 0 0 0 0 0
15 27 16 0 0 0 0 0 0 0 0 0 0 0 0 0 0 0 0 0 0 0 0 0 0 0 0
15 27 17 0 0 0 0 0 0 0 0 0 0 0 0 0 0 0 0 0 0 0 0 0 0 0 0
15 27 18 0 0 0 0 0 0 0 0 0 0 0 0 0 0 0 0 0 0 0 0 0 0 0 0
15 27 19 0 0 0 0 0 0 0 0 0 0 0 0 0 0 0 0 0 0 0 0 0 0 0 0
15 27 20 0 0 0 0 0 0 0 0 0 0 0 0 0 0 0 0 0 0 0 0 0 0 0 0
15 27 21 0 0 0 0 0 0 0 0 0 0 0 0 0 0 0 0 0 0 0 0 0 0 0 0
15 27 22 0 0 0 0 0 0 0 0 0 0 0 0 0 0 0 0 0 0 0 0 0 0 0 0
15 27 23 0 0 0 0 0 0 0 0 0 0 0 0 0 0 0 0 0 0 0 0 0 0 0 0
15 27 24 0 0 0 0 0 0 0 0 0 0 0 0 0 0 0 0 0 0 0 0 0 0 0 0
15 27 25 0 0 0 0 0 0 0 0 0 0 0 0 0 0 0 0 0 0 0 0 0 0 0 0
15 27 26 0 0 0 0 0 0 0 0 0 0 0 0 0 0 0 0 0 0 0 0 0 0 0 0
15 27 27 0 0 0 0 0 0 0 0 0 0 0 0 0 0 0 0 0 0 0 0 0 0 0 0
15 27 28 0 0 0 0 0 0 0 0 0 0 0 0 0 0 0 0 0 0 0 0 0 0 0 0
15 27 29 0 0 0 0 0 0 0 0 0 0 0 0 0 0 0 0 0 0 0 0 0 0 0 0
15 27 30 0 0 0 0 0 0 0 0 0 0 0 0 0 0 0 0 0 0 0 0 0 0 0 0
15 27 31 0 0 0 0 0 0 0 0 0 0 0 0 0 0 0 0 0 0 0 0 0 0 0 0
15 28 0 0 0 0 0 0 0 0 0 0 0 0 0 0 0 0 0 0 0 0 0 0 0 0 0
15 28 1 0 0 0 0 0 0 0 0 0 0 0 0 0 0 0 0 0 0 0 0 0 0 0 0
15 28 2 0 0 0 0 0 0 0 0 0 0 0 0 0 0 0 0 0 0 0 0 0 0 0 0
15 28 3 0 0 0 0 0 0 0 0 0 0 0 0 0 0 0 0 0 0 0 0 0 0 0 0
15 28 4 0 0 0 0 0 0 0 0 0 0 0 0 0 0 0 0 0 0 0 0 0 0 0 0
15 28 5 0 0 0 0 0 0 0 0 0 0 0 0 0 0 0 0 0 0 0 0 0 0 0 0
15 28 6 0 0 0 0 0 0 0 0 0 0 0 0 0 0 0 0 0 0 0 0 0 0 0 0
15 28 7 0 0 0 0 0 0 0 0 0 0 0 0 0 0 0 0 0 0 0 0 0 0 0 0
15 28 8 0 0 0 0 0 0 0 0 0 0 0 0 0 0 0 0 0 0 0 0 0 0 0 0
15 28 9 0 0 0 0 0 0 0 0 0 0 0 0 0 0 0 0 0 0 0 0 0 0 0 0
15 28 10 0 0 0 0 0 0 0 0 0 0 0 0 0 0 0 0 0 0 0 0 0 0 0 0
15 28 11 0 0 0 0 0 0 0 0 0 0 0 0 0 0 0 0 0 0 0 0 0 0 0 0
15 28 12 0 0 0 0 0 0 0 0 0 0 0 0 0 0 0 0 0 0 0 0 0 0 0 0
15 28 13 0 0 0 0 0 0 0 0 0 0 0 0 0 0 0 0 0 0 0 0 0 0 0 0
15 28 14 0 0 0 0 0 0 0 0 0 0 0 0 0 0 0 0 0 0 0 0 0 0 0 0
15 28 15 0 0 0 0 0 0 0 0 0 0 0 0 0 0 0 0 0 0 0 0 0 0 0 0
15 28 16 0 0 0 0 0 0 0 0 0 0 0 0 0 0 0 0 0 0 0 0 0 0 0 0
15 28 17 0 0 0 0 0 0 0 0 0 0 0 0 0 0 0 0 0 0 0 0 0 0 0 0
15 28 18 0 0 0 0 0 0 0 0 0 0 0 0 0 0 0 0 0 0 0 0 0 0 0 0
15 28 19 0 0 0 0 0 0 0 0 0 0 0 0 0 0 0 0 0 0 0 0 0 0 0 0
15 28 20 0 0 0 0 0 0 0 0 0 0 0 0 0 0 0 0 0 0 0 0 0 0 0 0
15 28 21 0 0 0 0 0 0 0 0 0 0 0 0 0 0 0 0 0 0 0 0 0 0 0 0
15 28 22 0 0 0 0 0 0 0 0 0 0 0 0 0 0 0 0 0 0 0 0 0 0 0 0
15 28 23 0 0 0 0 0 0 0 0 0 0 0 0 0 0 0 0 0 0 0 0 0 0 0 0
15 28 24 0 0 0 0 0 0 0 0 0 0 0 0 0 0 0 0 0 0 0 0 0 0 0 0
15 28 25 0 0 0 0 0 0 0 0 0 0 0 0 0 0 0 0 0 0 0 0 0 0 0 0
15 28 26 0 0 0 0 0 0 0 0 0 0 0 0 0 0 0 0 0 0 0 0 0 0 0 0
15 28 27 0 0 0 0 0 0 0 0 0 0 0 0 0 0 0 0 0 0 0 0 0 0 0 0
15 28 28 0 0 0 0 0 0 0 0 0 0 0 0 0 0 0 0 0 0 0 0 0 0 0 0
15 28 29 0 0 0 0 0 0 0 0 0 0 0 0 0 0 0 0 0 0 0 0 0 0 0 0
15 28 30 0 0 0 0 0 0 0 0 0 0 0 0 0 0 0 0 0 0 0 0 0 0 0 0
15 28 31 0 0 0 0 0 0 0 0 0 0 0 0 0 0 0 0 0 0 0 0 0 0 0 0
15 29 0 0 0 0 0 0 0 0 0 0 0 0 0 0 0 0 0 0 0 0 0 0 0 0 0
15 29 1 0 0 0 0 0 0 0 0 0 0 0 0 0 0 0 0 0 0 0 0 0 0 0 0
15 29 2 0 0 0 0 0 0 0 0 0 0 0 0 0 0 0 0 0 0 0 0 0 0 0 0
15 29 3 0 0 0 0 0 0 0 0 0 0 0 0 0 0 0 0 0 0 0 0 0 0 0 0
15 29 4 0 0 0 0 0 0 0 0 0 0 0 0 0 0 0 0 0 0 0 0 0 0 0 0
15 29 5 0 0 0 0 0 0 0 0 0 0 0 0 0 0 0 0 0 0 0 0 0 0 0 0
15 29 6 0 0 0 0 0 0 0 0 0 0 0 0 0 0 0 0 0 0 0 0 0 0 0 0
15 29 7 0 0 0 0 0 0 0 0 0 0 0 0 0 0 0 0 0 0 0 0 0 0 0 0
15 29 8 0 0 0 0 0 0 0 0 0 0 0 0 0 0 0 0 0 0 0 0 0 0 0 0
15 29 9 0 0 0 0 0 0 0 0 0 0 0 0 0 0 0 0 0 0 0 0 0 0 0 0
15 29 10 0 0 0 0 0 0 0 0 0 0 0 0 0 0 0 0 0 0 0 0 0 0 0 0
15 29 11 0 0 0 0 0 0 0 0 0 0 0 0 0 0 0 0 0 0 0 0 0 0 0 0
15 29 12 0 0 0 0 0 0 0 0 0 0 0 0 0 0 0 0 0 0 0 0 0 0 0 0
15 29 13 0 0 0 0 0 0 0 0 0 0 0 0 0 0 0 0 0 0 0 0 0 0 0 0
15 29 14 0 0 0 0 0 0 0 0 0 0 0 0 0 0 0 0 0 0 0 0 0 0 0 0
15 29 15 0 0 0 0 0 0 0 0 0 0 0 0 0 0 0 0 0 0 0 0 0 0 0 0
15 29 16 0 0 0 0 0 0 0 0 0 0 0 0 0 0 0 0 0 0 0 0 0 0 0 0
15 29 17 0 0 0 0 0 0 0 0 0 0 0 0 0 0 0 0 0 0 0 0 0 0 0 0
15 29 18 0 0 0 0 0 0 0 0 0 0 0 0 0 0 0 0 0 0 0 0 0 0 0 0
15 29 19 0 0 0 0 0 0 0 0 0 0 0 0 0 0 0 0 0 0 0 0 0 0 0 0
15 29 20 0 0 0 0 0 0 0 0 0 0 0 0 0 0 0 0 0 0 0 0 0 0 0 0
15 29 21 0 0 0 0 0 0 0 0 0 0 0 0 0 0 0 0 0 0 0 0 0 0 0 0
15 29 22 0 0 0 0 0 0 0 0 0 0 0 0 0 0 0 0 0 0 0 0 0 0 0 0
15 29 23 0 0 0 0 0 0 0 0 0 0 0 0 0 0 0 0 0 0 0 0 0 0 0 0
15 29 24 0 0 0 0 0 0 0 0 0 0 0 0 0 0 0 0 0 0 0 0 0 0 0 0
15 29 25 0 0 0 0 0 0 0 0 0 0 0 0 0 0 0 0 0 0 0 0 0 0 0 0
15 29 26 0 0 0 0 0 0 0 0 0 0 0 0 0 0 0 0 0 0 0 0 0 0 0 0
15 29 27 0 0 0 0 0 0 0 0 0 0 0 0 0 0 0 0 0 0 0 0 0 0 0 0
15 29 28 0 0 0 0 0 0 0 0 0 0 0 0 0 0 0 0 0 0 0 0 0 0 0 0
15 29 29 0 0 0 0 0 0 0 0 0 0 0 0 0 0 0 0 0 0 0 0 0 0 0 0
15 29 30 0 0 0 0 0 0 0 0 0 0 0 0 0 0 0 0 0 0 0 0 0 0 0 0
15 29 31 0 0 0 0 0 0 0 0 0 0 0 0 0 0 0 0 0 0 0 0 0 0 0 0
15 30 0 0 0 0 0 0 0 0 0 0 0 0 0 0 0 0 0 0 0 0 0 0 0 0 0
15 30 1 0 0 0 0 0 0 0 0 0 0 0 0 0 0 0 0 0 0 0 0 0 0 0 0
15 30 2 0 0 0 0 0 0 0 0 0 0 0 0 0 0 0 0 0 0 0 0 0 0 0 0
15 30 3 0 0 0 0 0 0 0 0 0 0 0 0 0 0 0 0 0 0 0 0 0 0 0 0
15 30 4 0 0 0 0 0 0 0 0 0 0 0 0 0 0 0 0 0 0 0 0 0 0 0 0
15 30 5 0 0 0 0 0 0 0 0 0 0 0 0 0 0 0 0 0 0 0 0 0 0 0 0
15 30 6 0 0 0 0 0 0 0 0 0 0 0 0 0 0 0 0 0 0 0 0 0 0 0 0
15 30 7 0 0 0 0 0 0 0 0 0 0 0 0 0 0 0 0 0 0 0 0 0 0 0 0
15 30 8 0 0 0 0 0 0 0 0 0 0 0 0 0 0 0 0 0 0 0 0 0 0 0 0
15 30 9 0 0 0 0 0 0 0 0 0 0 0 0 0 0 0 0 0 0 0 0 0 0 0 0
15 30 10 0 0 0 0 0 0 0 0 0 0 0 0 0 0 0 0 0 0 0 0 0 0 0 0
15 30 11 0 0 0 0 0 0 0 0 0 0 0 0 0 0 0 0 0 0 0 0 0 0 0 0
15 30 12 0 0 0 0 0 0 0 0 0 0 0 0 0 0 0 0 0 0 0 0 0 0 0 0
15 30 13 0 0 0 0 0 0 0 0 0 0 0 0 0 0 0 0 0 0 0 0 0 0 0 0
15 30 14 0 0 0 0 0 0 0 0 0 0 0 0 0 0 0 0 0 0 0 0 0 0 0 0
15 30 15 0 0 0 0 0 0 0 0 0 0 0 0 0 0 0 0 0 0 0 0 0 0 0 0
15 30 16 0 0 0 0 0 0 0 0 0 0 0 0 0 0 0 0 0 0 0 0 0 0 0 0
15 30 17 0 0 0 0 0 0 0 0 0 0 0 0 0 0 0 0 0 0 0 0 0 0 0 0
15 30 18 0 0 0 0 0 0 0 0 0 0 0 0 0 0 0 0 0 0 0 0 0 0 0 0
15 30 19 0 0 0 0 0 0 0 0 0 0 0 0 0 0 0 0 0 0 0 0 0 0 0 0
15 30 20 0 0 0 0 0 0 0 0 0 0 0 0 0 0 0 0 0 0 0 0 0 0 0 0
15 30 21 0 0 0 0 0 0 0 0 0 0 0 0 0 0 0 0 0 0 0 0 0 0 0 0
15 30 22 0 0 0 0 0 0 0 0 0 0 0 0 0 0 0 0 0 0 0 0 0 0 0 0
15 30 23 0 0 0 0 0 0 0 0 0 0 0 0 0 0 0 0 0 0 0 0 0 0 0 0
15 30 24 0 0 0 0 0 0 0 0 0 0 0 0 0 0 0 0 0 0 0 0 0 0 0 0
15 30 25 0 0 0 0 0 0 0 0 0 0 0 0 0 0 0 0 0 0 0 0 0 0 0 0
15 30 26 0 0 0 0 0 0 0 0 0 0 0 0 0 0 0 0 0 0 0 0 0 0 0 0
15 30 27 0 0 0 0 0 0 0 0 0 0 0 0 0 0 0 0 0 0 0 0 0 0 0 0
15 30 28 0 0 0 0 0 0 0 0 0 0 0 0 0 0 0 0 0 0 0 0 0 0 0 0
15 30 29 0 0 0 0 0 0 0 0 0 0 0 0 0 0 0 0 0 0 0 0 0 0 0 0
15 30 30 0 0 0 0 0 0 0 0 0 0 0 0 0 0 0 0 0 0 0 0 0 0 0 0
15 30 31 0 0 0 0 0 0 0 0 0 0 0 0 0 0 0 0 0 0 0 0 0 0 0 0
15 31 0 0 0 0 0 0 0 0 0 0 0 0 0 0 0 0 0 0 0 0 0 0 0 0 0
15 31 1 0 0 0 0 0 0 0 0 0 0 0 0 0 0 0 0 0 0 0 0 0 0 0 0
15 31 2 0 0 0 0 0 0 0 0 0 0 0 0 0 0 0 0 0 0 0 0 0 0 0 0
15 31 3 0 0 0 0 0 0 0 0 0 0 0 0 0 0 0 0 0 0 0 0 0 0 0 0
15 31 4 0 0 0 0 0 0 0 0 0 0 0 0 0 0 0 0 0 0 0 0 0 0 0 0
15 31 5 0 0 0 0 0 0 0 0 0 0 0 0 0 0 0 0 0 0 0 0 0 0 0 0
15 31 6 0 0 0 0 0 0 0 0 0 0 0 0 0 0 0 0 0 0 0 0 0 0 0 0
15 31 7 0 0 0 0 0 0 0 0 0 0 0 0 0 0 0 0 0 0 0 0 0 0 0 0
15 31 8 0 0 0 0 0 0 0 0 0 0 0 0 0 0 0 0 0 0 0 0 0 0 0 0
15 31 9 0 0 0 0 0 0 0 0 0 0 0 0 0 0 0 0 0 0 0 0 0 0 0 0
15 31 10 0 0 0 0 0 0 0 0 0 0 0 0 0 0 0 0 0 0 0 0 0 0 0 0
15 31 11 0 0 0 0 0 0 0 0 0 0 0 0 0 0 0 0 0 0 0 0 0 0 0 0
15 31 12 0 0 0 0 0 0 0 0 0 0 0 0 0 0 0 0 0 0 0 0 0 0 0 0
15 31 13 0 0 0 0 0 0 0 0 0 0 0 0 0 0 0 0 0 0 0 0 0 0 0 0
15 31 14 0 0 0 0 0 0 0 0 0 0 0 0 0 0 0 0 0 0 0 0 0 0 0 0
15 31 15 0 0 0 0 0 0 0 0 0 0 0 0 0 0 0 0 0 0 0 0 0 0 0 0
15 31 16 0 0 0 0 0 0 0 0 0 0 0 0 0 0 0 0 0 0 0 0 0 0 0 0
15 31 17 0 0 0 0 0 0 0 0 0 0 0 0 0 0 0 0 0 0 0 0 0 0 0 0
15 31 18 0 0 0 0 0 0 0 0 0 0 0 0 0 0 0 0 0 0 0 0 0 0 0 0
15 31 19 0 0 0 0 0 0 0 0 0 0 0 0 0 0 0 0 0 0 0 0 0 0 0 0
15 31 20 0 0 0 0 0 0 0 0 0 0 0 0 0 0 0 0 0 0 0 0 0 0 0 0
15 31 21 0 0 0 0 0 0 0 0 0 0 0 0 0 0 0 0 0 0 0 0 0 0 0 0
15 31 22 0 0 0 0 0 0 0 0 0 0 0 0 0 0 0 0 0 0 0 0 0 0 0 0
15 31 23 0 0 0 0 0 0 0 0 0 0 0 0 0 0 0 0 0 0 0 0 0 0 0 0
15 31 24 0 0 0 0 0 0 0 0 0 0 0 0 0 0 0 0 0 0 0 0 0 0 0 0
15 31 25 0 0 0 0 0 0 0 0 0 0 0 0 0 0 0 0 0 0 0 0 0 0 0 0
15 31 26 0 0 0 0 0 0 0 0 0 0 0 0 0 0 0 0 0 0 0 0 0 0 0 0
15 31 27 0 0 0 0 0 0 0 0 0 0 0 0 0 0 0 0 0 0 0 0 0 0 0 0
15 31 28 0 0 0 0 0 0 0 0 0 0 0 0 0 0 0 0 0 0 0 0 0 0 0 0
15 31 29 0 0 0 0 0 0 0 0 0 0 0 0 0 0 0 0 0 0 0 0 0 0 0 0
15 31 30 0 0 0 0 0 0 0 0 0 0 0 0 0 0 0 0 0 0 0 0 0 0 0 0
15 31 31 0 0 0 0 0 0 0 0 0 0 0 0 0 0 0 0 0 0 0 0 0 0 0 0
