reset 3 24
cycle 2 1 0 0 0 0 1 1 0 0 0 0
cycle 2 1 0 2 0 0 1 1 0 0 0 0
cycle 2 1 0 4 0 0 1 1 0 0 0 0
cycle 2 1 2 0 0 0 1 1 0 0 0 0
cycle 2 1 2 2 0 0 1 1 0 0 0 0
cycle 2 1 2 4 0 0 1 1 0 0 0 0
cycle 2 1 4 0 0 0 1 1 0 0 0 0
cycle 2 1 4 2 0 0 1 1 0 0 0 0
cycle 2 1 4 4 0 0 1 1 0 0 0 0
cycle 2 1 6 0 0 0 1 1 0 0 0 0
cycle 2 1 6 2 0 0 1 1 0 0 0 0
cycle 2 1 6 4 0 0 1 1 0 0 0 0
cycle 2 1 0 0 1 0 1 1 0 0 0 0
cycle 2 1 0 2 1 0 1 1 0 0 0 0
cycle 2 1 0 4 1 0 1 1 0 0 0 0
cycle 2 1 2 0 1 0 1 1 0 0 0 0
cycle 2 1 2 2 1 0 1 1 0 0 0 0
cycle 2 1 2 4 1 0 1 1 0 0 0 0
cycle 2 1 4 0 1 0 1 1 0 0 0 0
cycle 2 1 4 2 1 0 1 1 0 0 0 0
cycle 2 1 4 4 1 0 1 1 0 0 0 0
cycle 2 1 6 0 1 0 1 1 0 0 0 0
cycle 2 1 6 2 1 0 1 1 0 0 0 0
cycle 2 1 6 4 1 0 1 1 0 0 0 0
cycle 3 1 6 5 0 0 0 1 0 0 0 0
cycle 3 1 6 5 1 1 0 1 0 0 0 0
cycle 3 0 0 0 0 1 0 1 0 0 0 0
cycle 3 1 4 2 0 0 1 1 0 0 0 0
cycle 3 1 4 2 1 1 1 1 0 0 14 11
cycle 3 0 0 0 0 1 0 1 0 0 24 26
cycle 3 1 2 0 0 0 1 1 0 0 0 0
cycle 3 0 0 0 0 1 0 1 0 0 -5 30
cycle 3 1 2 0 1 0 1 1 0 0 0 0
cycle 3 0 0 0 0 1 0 1 0 0 9 6
cycle 3 1 0 0 0 0 1 1 0 0 0 0
cycle 3 1 0 0 1 1 1 1 0 0 -20 8
cycle 3 1 1 6 0 1 0 1 0 0 -40 25
cycle 3 0 0 0 0 1 0 1 0 0 0 0
cycle 3 1 1 6 1 0 0 1 0 0 0 0
cycle 3 1 5 7 0 1 0 1 0 0 0 0
cycle 3 1 5 7 1 1 0 1 0 0 0 0
cycle 3 0 0 0 0 1 0 1 0 0 0 0
cycle 3 1 4 4 0 0 1 1 0 0 0 0
cycle 3 1 4 4 1 1 1 1 0 0 -3 14
cycle 3 1 7 5 0 1 0 1 0 0 33 24
cycle 3 1 7 5 1 1 0 1 0 0 0 0
cycle 3 1 5 4 0 1 0 1 0 0 0 0
cycle 3 1 5 4 1 1 0 1 0 0 0 0
cycle 3 0 0 0 0 1 0 1 0 0 0 0
cycle 3 1 4 7 0 0 0 1 0 0 0 0
cycle 3 1 4 7 1 1 0 1 0 0 0 0
cycle 3 1 2 6 0 1 0 1 0 0 0 0
cycle 3 0 0 0 0 1 0 1 0 0 0 0
cycle 3 1 2 6 1 0 0 1 0 0 0 0
cycle 3 1 5 0 0 1 0 1 0 0 0 0
cycle 3 0 0 0 0 1 0 1 0 0 0 0
cycle 3 1 5 0 1 0 0 1 0 0 0 0
cycle 3 1 3 6 0 1 0 1 0 0 0 0
cycle 3 1 3 6 1 1 0 1 0 0 0 0
cycle 3 1 4 0 0 1 1 1 0 0 0 0
cycle 3 0 0 0 0 1 0 1 0 0 62 24
cycle 3 1 4 0 1 0 1 1 0 0 0 0
cycle 3 1 6 5 0 1 0 1 0 0 11 24
cycle 3 1 6 5 1 1 0 1 0 0 0 0
cycle 3 1 6 1 0 1 0 1 0 0 0 0
cycle 3 1 6 1 1 1 0 1 0 0 0 0
cycle 3 1 0 6 0 1 0 1 0 0 0 0
cycle 3 1 0 6 1 1 0 1 0 0 0 0
cycle 3 0 0 0 0 1 0 1 0 0 0 0
cycle 3 1 0 4 0 0 1 1 0 0 0 0
cycle 3 1 0 4 1 1 1 1 0 0 -62 11
cycle 3 1 0 2 0 1 1 1 0 0 21 13
cycle 3 0 0 0 0 1 0 1 0 0 -27 7
cycle 3 1 0 2 1 0 1 1 0 0 0 0
cycle 3 1 3 3 0 1 0 1 0 0 41 18
cycle 3 1 3 3 1 1 0 1 0 0 0 0
cycle 3 1 3 0 0 1 0 1 0 0 0 0
cycle 3 1 3 0 1 1 0 1 0 0 0 0
cycle 3 0 0 0 0 1 0 1 0 0 0 0
cycle 3 1 0 0 0 0 1 1 -20 8 0 0
cycle 3 1 0 0 1 1 1 1 -40 25 -6 24
cycle 3 1 0 5 0 1 0 1 -40 25 4 25
cycle 3 1 0 5 1 1 0 1 -40 25 0 0
cycle 3 1 4 5 0 1 0 1 -40 25 0 0
cycle 3 1 4 5 1 1 0 1 -40 25 0 0
cycle 3 1 2 4 0 1 1 1 0 0 0 0
cycle 3 1 2 4 1 1 1 1 0 0 11 4
cycle 3 0 0 0 0 1 0 1 0 0 -32 20
cycle 3 1 6 3 0 0 0 1 0 0 0 0
cycle 3 0 0 0 0 1 0 1 0 0 0 0
cycle 3 1 6 3 1 0 0 1 0 0 0 0
cycle 3 1 3 7 0 1 0 1 0 0 0 0
cycle 3 1 3 7 1 1 0 1 0 0 0 0
cycle 3 1 6 7 0 1 0 1 0 0 0 0
cycle 3 1 6 7 1 1 0 1 0 0 0 0
cycle 3 1 3 5 0 1 0 1 0 0 0 0
cycle 3 1 3 5 1 1 0 1 0 0 0 0
cycle 3 0 0 0 0 1 0 1 0 0 0 0
cycle 3 1 7 5 0 0 0 1 0 0 0 0
cycle 3 1 7 5 1 1 0 1 0 0 0 0
cycle 3 1 6 5 0 1 0 1 0 0 0 0
cycle 3 1 6 5 1 1 0 1 0 0 0 0
cycle 3 1 5 3 0 1 0 1 0 0 0 0
cycle 3 1 5 3 1 1 0 1 0 0 0 0
cycle 3 0 0 0 0 1 0 1 0 0 0 0
cycle 3 1 7 1 0 0 0 1 0 0 0 0
cycle 3 1 7 1 1 1 0 1 0 0 0 0
cycle 3 1 4 5 0 1 0 1 0 0 0 0
cycle 3 1 4 5 1 1 0 1 0 0 0 0
cycle 3 1 6 4 0 1 1 1 0 0 0 0
cycle 3 1 6 4 1 1 1 1 0 0 -23 7
cycle 3 1 3 2 0 1 0 1 0 0 26 20
cycle 3 0 0 0 0 1 0 1 0 0 0 0
cycle 3 1 3 2 1 0 0 1 0 0 0 0
cycle 3 0 0 0 0 1 0 1 0 0 0 0
cycle 3 1 3 3 0 0 0 1 0 0 0 0
cycle 3 1 3 3 1 1 0 1 0 0 0 0
cycle 3 1 5 7 0 1 0 1 0 0 0 0
cycle 3 1 5 7 1 1 0 1 0 0 0 0
cycle 3 1 0 7 0 1 0 1 0 0 0 0
cycle 3 0 0 0 0 1 0 1 0 0 0 0
cycle 3 1 0 7 1 0 0 1 0 0 0 0
cycle 3 1 4 2 0 1 1 1 14 11 0 0
cycle 3 1 4 2 1 1 1 1 24 26 34 28
cycle 3 1 5 4 0 1 0 1 24 26 1 9
cycle 3 1 5 4 1 1 0 1 24 26 0 0
cycle 3 0 0 0 0 1 0 1 24 26 0 0
cycle 3 1 2 2 0 0 1 1 0 0 0 0
cycle 3 1 2 2 1 1 1 1 0 0 -20 7
cycle 3 1 5 4 0 1 0 1 0 0 7 9
cycle 3 1 5 4 1 1 0 1 0 0 0 0
cycle 3 1 4 2 0 1 1 1 34 28 0 0
cycle 3 0 0 0 0 1 0 1 34 28 21 14
cycle 3 1 4 2 1 0 1 1 1 9 0 0
cycle 3 1 6 3 0 1 0 1 1 9 9 11
cycle 3 1 6 3 1 1 0 1 1 9 0 0
cycle 3 1 2 7 0 1 0 1 1 9 0 0
cycle 3 0 0 0 0 1 0 1 1 9 0 0
cycle 3 1 2 7 1 0 0 1 1 9 0 0
cycle 3 1 2 1 0 1 0 1 1 9 0 0
cycle 3 1 2 1 1 1 0 1 1 9 0 0
cycle 3 1 5 4 0 1 0 1 1 9 0 0
cycle 3 0 0 0 0 1 0 1 1 9 0 0
cycle 3 1 5 4 1 0 0 1 1 9 0 0
cycle 3 1 0 0 0 1 1 1 -6 24 0 0
cycle 3 1 0 0 1 1 1 1 4 25 -56 16
cycle 3 0 0 0 0 1 0 1 4 25 -59 13
cycle 3 1 3 6 0 0 0 1 4 25 0 0
cycle 3 1 3 6 1 1 0 1 4 25 0 0
cycle 3 1 3 6 0 1 0 1 4 25 0 0
cycle 3 1 3 6 1 1 0 1 4 25 0 0
cycle 3 0 0 0 0 1 0 1 4 25 0 0
cycle 3 1 2 1 0 0 0 1 4 25 0 0
cycle 3 1 2 1 1 1 0 1 4 25 0 0
cycle 3 0 0 0 0 1 0 1 4 25 0 0
cycle 3 1 6 7 0 0 0 1 4 25 0 0
cycle 3 1 6 7 1 1 0 1 4 25 0 0
cycle 3 1 0 0 0 1 1 1 -56 16 0 0
cycle 3 1 0 0 1 1 1 1 -59 13 -28 17
cycle 3 1 5 2 0 1 0 1 -59 13 27 1
cycle 3 1 5 2 1 1 0 1 -59 13 0 0
cycle 3 1 4 1 0 1 0 1 -59 13 0 0
cycle 3 1 4 1 1 1 0 1 -59 13 0 0
cycle 3 1 6 3 0 1 0 1 -59 13 0 0
cycle 3 1 6 3 1 1 0 1 -59 13 0 0
cycle 3 1 7 6 0 1 0 1 -59 13 0 0
cycle 3 1 7 6 1 1 0 1 -59 13 0 0
cycle 3 1 5 1 0 1 0 1 -59 13 0 0
cycle 3 1 5 1 1 1 0 1 -59 13 0 0
cycle 3 1 6 0 0 1 1 1 0 0 0 0
cycle 3 1 6 0 1 1 1 1 0 0 -62 22
cycle 3 1 4 3 0 1 0 1 0 0 61 7
cycle 3 1 4 3 1 1 0 1 0 0 0 0
cycle 3 0 0 0 0 1 0 1 0 0 0 0
cycle 3 1 7 1 0 0 0 1 0 0 0 0
cycle 3 1 7 1 1 1 0 1 0 0 0 0
cycle 3 1 7 0 0 1 0 1 0 0 0 0
cycle 3 1 7 0 1 1 0 1 0 0 0 0
cycle 3 1 4 4 0 1 1 1 -3 14 0 0
cycle 3 1 4 4 1 1 1 1 33 24 -7 17
cycle 3 0 0 0 0 1 0 1 33 24 -35 31
cycle 3 1 7 2 0 0 0 1 33 24 0 0
cycle 3 1 7 2 1 1 0 1 33 24 0 0
cycle 3 1 7 5 0 1 0 1 33 24 0 0
cycle 3 1 7 5 1 1 0 1 33 24 0 0
cycle 3 1 7 1 0 1 0 1 33 24 0 0
cycle 3 1 7 1 1 1 0 1 33 24 0 0
cycle 3 1 6 7 0 1 0 1 33 24 0 0
cycle 3 1 6 7 1 1 0 1 33 24 0 0
cycle 3 1 0 2 0 1 1 1 -27 7 0 0
cycle 3 1 0 2 1 1 1 1 41 18 53 9
cycle 3 1 5 0 0 1 0 1 41 18 63 4
cycle 3 1 5 0 1 1 0 1 41 18 0 0
cycle 3 1 4 5 0 1 0 1 41 18 0 0
cycle 3 0 0 0 0 1 0 1 41 18 0 0
cycle 3 1 4 5 1 0 0 1 41 18 0 0
cycle 3 1 6 7 0 1 0 1 41 18 0 0
cycle 3 1 6 7 1 1 0 1 41 18 0 0
cycle 3 0 0 0 0 1 0 1 41 18 0 0
cycle 3 1 3 3 0 0 0 1 41 18 0 0
cycle 3 1 3 3 1 1 0 1 41 18 0 0
cycle 3 1 3 7 0 1 0 1 41 18 0 0
cycle 3 1 3 7 1 1 0 1 41 18 0 0
cycle 3 1 1 3 0 1 0 1 41 18 0 0
cycle 3 0 0 0 0 1 0 1 41 18 0 0
cycle 3 1 1 3 1 0 0 1 41 18 0 0
cycle 3 1 0 3 0 1 0 1 41 18 0 0
cycle 3 1 0 3 1 1 0 1 41 18 0 0
cycle 3 1 7 4 0 1 0 1 41 18 0 0
cycle 3 1 7 4 1 1 0 1 41 18 0 0
cycle 3 1 2 7 0 1 0 1 41 18 0 0
cycle 3 1 2 7 1 1 0 1 41 18 0 0
cycle 3 1 4 7 0 1 0 1 41 18 0 0
cycle 3 1 4 7 1 1 0 1 41 18 0 0
cycle 3 0 0 0 0 1 0 1 41 18 0 0
cycle 3 1 0 3 0 0 0 1 41 18 0 0
cycle 3 1 0 3 1 1 0 1 41 18 0 0
cycle 3 1 6 6 0 1 0 1 41 18 0 0
cycle 3 1 6 6 1 1 0 1 41 18 0 0
cycle 3 1 3 3 0 1 0 1 41 18 0 0
cycle 3 0 0 0 0 1 0 1 41 18 0 0
cycle 3 1 3 3 1 0 0 1 41 18 0 0
cycle 3 1 3 4 0 1 0 1 41 18 0 0
cycle 3 1 3 4 1 1 0 1 41 18 0 0
cycle 3 1 1 6 0 1 0 1 41 18 0 0
cycle 3 1 1 6 1 1 0 1 41 18 0 0
cycle 3 1 0 3 0 1 0 1 41 18 0 0
cycle 3 0 0 0 0 1 0 1 41 18 0 0
cycle 3 1 0 3 1 0 0 1 41 18 0 0
cycle 3 1 2 5 0 1 0 1 41 18 0 0
cycle 3 0 0 0 0 1 0 1 41 18 0 0
cycle 3 1 2 5 1 0 0 1 41 18 0 0
cycle 3 1 5 5 0 1 0 1 41 18 0 0
cycle 3 1 5 5 1 1 0 1 41 18 0 0
cycle 3 1 7 7 0 1 0 1 41 18 0 0
cycle 3 1 7 7 1 1 0 1 41 18 0 0
cycle 3 0 0 0 0 1 0 1 41 18 0 0
cycle 3 1 1 0 0 0 0 1 41 18 0 0
cycle 3 1 1 0 1 1 0 1 41 18 0 0
cycle 3 1 1 5 0 1 0 1 41 18 0 0
cycle 3 1 1 5 1 1 0 1 41 18 0 0
cycle 3 1 7 7 0 1 0 1 41 18 0 0
cycle 3 1 7 7 1 1 0 1 41 18 0 0
cycle 3 1 5 7 0 1 0 1 41 18 0 0
cycle 3 1 5 7 1 1 0 1 41 18 0 0
cycle 3 1 6 0 0 1 1 1 -62 22 0 0
cycle 3 0 0 0 0 1 0 1 -62 22 -64 0
cycle 3 1 6 0 1 0 1 1 61 7 0 0
cycle 3 1 0 6 0 1 0 1 61 7 -51 0
cycle 3 0 0 0 0 1 0 1 61 7 0 0
cycle 3 1 0 6 1 0 0 1 61 7 0 0
cycle 3 1 0 7 0 1 0 1 61 7 0 0
cycle 3 1 0 7 1 1 0 1 61 7 0 0
cycle 3 1 6 7 0 1 0 1 61 7 0 0
cycle 3 1 6 7 1 1 0 1 61 7 0 0
cycle 3 0 0 0 0 1 0 1 61 7 0 0
cycle 3 1 2 1 0 0 0 1 61 7 0 0
cycle 3 1 2 1 1 1 0 1 61 7 0 0
cycle 3 1 4 7 0 1 0 1 61 7 0 0
cycle 3 1 4 7 1 1 0 1 61 7 0 0
cycle 3 1 2 7 0 1 0 1 61 7 0 0
cycle 3 1 2 7 1 1 0 1 61 7 0 0
cycle 3 1 3 6 0 1 0 1 61 7 0 0
cycle 3 1 3 6 1 1 0 1 61 7 0 0
cycle 3 1 1 3 0 1 0 1 61 7 0 0
cycle 3 1 1 3 1 1 0 1 61 7 0 0
cycle 3 1 2 1 0 1 0 1 61 7 0 0
cycle 3 1 2 1 1 1 0 1 61 7 0 0
cycle 3 1 7 6 0 1 0 1 61 7 0 0
cycle 3 1 7 6 1 1 0 1 61 7 0 0
cycle 3 0 0 0 0 1 0 1 61 7 0 0
cycle 3 1 1 7 0 0 0 1 61 7 0 0
cycle 3 1 1 7 1 1 0 1 61 7 0 0
cycle 3 0 0 0 0 1 0 1 61 7 0 0
cycle 3 1 7 2 0 0 0 1 61 7 0 0
cycle 3 0 0 0 0 1 0 1 61 7 0 0
cycle 3 1 7 2 1 0 0 1 61 7 0 0
cycle 3 0 0 0 0 1 0 1 61 7 0 0
cycle 3 1 3 4 0 0 0 1 61 7 0 0
cycle 3 1 3 4 1 1 0 1 61 7 0 0
cycle 3 1 5 3 0 1 0 1 61 7 0 0
cycle 3 1 5 3 1 1 0 1 61 7 0 0
cycle 3 0 0 0 0 1 0 1 61 7 0 0
cycle 3 1 1 7 0 0 0 1 61 7 0 0
cycle 3 1 1 7 1 1 0 1 61 7 0 0
cycle 3 1 5 0 0 1 0 1 61 7 0 0
cycle 3 1 5 0 1 1 0 1 61 7 0 0
cycle 3 0 0 0 0 1 0 1 61 7 0 0
cycle 3 1 6 5 0 0 0 1 61 7 0 0
cycle 3 1 6 5 1 1 0 1 61 7 0 0
cycle 3 0 0 0 0 1 0 1 61 7 0 0
cycle 3 1 1 4 0 0 0 1 61 7 0 0
cycle 3 1 1 4 1 1 0 1 61 7 0 0
cycle 3 1 4 0 0 1 1 1 62 24 0 0
cycle 3 1 4 0 1 1 1 1 11 24 8 8
cycle 3 1 7 5 0 1 0 1 11 24 50 14
cycle 3 1 7 5 1 1 0 1 11 24 0 0
cycle 3 0 0 0 0 1 0 1 11 24 0 0
cycle 3 1 2 0 0 0 1 1 -5 30 0 0
cycle 3 1 2 0 1 1 1 1 9 6 -20 28
cycle 3 0 0 0 0 1 0 1 9 6 -64 22
cycle 3 1 0 6 0 0 0 1 9 6 0 0
cycle 3 1 0 6 1 1 0 1 9 6 0 0
cycle 3 1 1 4 0 1 0 1 9 6 0 0
cycle 3 1 1 4 1 1 0 1 9 6 0 0
cycle 3 0 0 0 0 1 0 1 9 6 0 0
cycle 3 1 7 7 0 0 0 1 9 6 0 0
cycle 3 0 0 0 0 1 0 1 9 6 0 0
cycle 3 1 7 7 1 0 0 1 9 6 0 0
cycle 3 1 2 0 0 1 1 1 -20 28 0 0
cycle 3 1 2 0 1 1 1 1 -64 22 -13 9
cycle 3 0 0 0 0 1 0 1 -64 22 63 14
cycle 3 1 3 6 0 0 0 1 -64 22 0 0
cycle 3 1 3 6 1 1 0 1 -64 22 0 0
cycle 3 0 0 0 0 1 0 1 -64 22 0 0
cycle 3 1 4 0 0 0 1 1 8 8 0 0
cycle 3 1 4 0 1 1 1 1 50 14 -12 26
cycle 3 1 5 2 0 1 0 1 50 14 15 1
cycle 3 1 5 2 1 1 0 1 50 14 0 0
cycle 3 1 1 3 0 1 0 1 50 14 0 0
cycle 3 1 1 3 1 1 0 1 50 14 0 0
cycle 3 0 0 0 0 1 0 1 50 14 0 0
cycle 3 1 6 7 0 0 0 1 50 14 0 0
cycle 3 1 6 7 1 1 0 1 50 14 0 0
cycle 3 1 1 4 0 1 0 1 50 14 0 0
cycle 3 0 0 0 0 1 0 1 50 14 0 0
cycle 3 1 1 4 1 0 0 1 50 14 0 0
cycle 3 1 6 2 0 1 1 1 0 0 0 0
cycle 3 0 0 0 0 1 0 1 0 0 54 9
cycle 3 1 6 2 1 0 1 1 0 0 0 0
cycle 3 1 2 1 0 1 0 1 0 0 63 20
cycle 3 0 0 0 0 1 0 1 0 0 0 0
cycle 3 1 2 1 1 0 0 1 0 0 0 0
cycle 3 0 0 0 0 1 0 1 0 0 0 0
cycle 3 1 1 7 0 0 0 1 0 0 0 0
cycle 3 1 1 7 1 1 0 1 0 0 0 0
cycle 3 1 1 1 0 1 0 1 0 0 0 0
cycle 3 1 1 1 1 1 0 1 0 0 0 0
cycle 3 1 1 0 0 1 0 1 0 0 0 0
cycle 3 1 1 0 1 1 0 1 0 0 0 0
cycle 3 1 6 2 0 1 1 1 54 9 0 0
cycle 3 1 6 2 1 1 1 1 63 20 47 13
cycle 3 0 0 0 0 1 0 1 63 20 58 27
cycle 3 1 6 4 0 0 1 1 -23 7 0 0
cycle 3 1 6 4 1 1 1 1 26 20 63 10
cycle 3 0 0 0 0 1 0 1 26 20 -63 0
cycle 3 1 6 4 0 0 1 1 63 10 0 0
cycle 3 1 6 4 1 1 1 1 -63 0 -55 18
cycle 3 1 6 6 0 1 0 1 -63 0 -38 14
cycle 3 1 6 6 1 1 0 1 -63 0 0 0
cycle 3 1 0 4 0 1 1 1 -62 11 0 0
cycle 3 1 0 4 1 1 1 1 21 13 -64 31
cycle 3 0 0 0 0 1 0 1 21 13 60 13
cycle 3 1 3 2 0 0 0 1 21 13 0 0
cycle 3 1 3 2 1 1 0 1 21 13 0 0
cycle 3 1 3 3 0 1 0 1 21 13 0 0
cycle 3 1 3 3 1 1 0 1 21 13 0 0
cycle 3 1 3 6 0 1 0 1 21 13 0 0
cycle 3 1 3 6 1 1 0 1 21 13 0 0
cycle 3 0 0 0 0 1 0 1 21 13 0 0
cycle 3 1 6 5 0 0 0 1 21 13 0 0
cycle 3 1 6 5 1 1 0 1 21 13 0 0
cycle 3 1 5 7 0 1 0 1 21 13 0 0
cycle 3 1 5 7 1 1 0 1 21 13 0 0
cycle 3 1 5 2 0 1 0 1 21 13 0 0
cycle 3 1 5 2 1 1 0 1 21 13 0 0
cycle 3 1 0 4 0 1 1 1 -64 31 0 0
cycle 3 1 0 4 1 1 1 1 60 13 -64 11
cycle 3 1 1 4 0 1 0 1 60 13 -55 11
cycle 3 1 1 4 1 1 0 1 60 13 0 0
cycle 3 1 0 6 0 1 0 1 60 13 0 0
cycle 3 1 0 6 1 1 0 1 60 13 0 0
cycle 3 1 7 1 0 1 0 1 60 13 0 0
cycle 3 1 7 1 1 1 0 1 60 13 0 0
cycle 3 0 0 0 0 1 0 1 60 13 0 0
cycle 3 1 6 3 0 0 0 1 60 13 0 0
cycle 3 1 6 3 1 1 0 1 60 13 0 0
cycle 3 1 0 7 0 1 0 1 60 13 0 0
cycle 3 1 0 7 1 1 0 1 60 13 0 0
cycle 3 1 7 0 0 1 0 1 60 13 0 0
cycle 3 1 7 0 1 1 0 1 60 13 0 0
cycle 3 1 4 6 0 1 0 1 60 13 0 0
cycle 3 1 4 6 1 1 0 1 60 13 0 0
cycle 3 0 0 0 0 1 0 1 60 13 0 0
cycle 3 1 6 3 0 0 0 1 60 13 0 0
cycle 3 1 6 3 1 1 0 1 60 13 0 0
cycle 3 1 6 6 0 1 0 1 60 13 0 0
cycle 3 0 0 0 0 1 0 1 60 13 0 0
cycle 3 1 6 6 1 0 0 1 60 13 0 0
cycle 3 1 0 0 0 1 1 1 -28 17 0 0
cycle 3 1 0 0 1 1 1 1 27 1 63 22
cycle 3 0 0 0 0 1 0 1 27 1 14 11
cycle 3 1 0 2 0 0 1 1 53 9 0 0
cycle 3 1 0 2 1 1 1 1 63 4 -9 31
cycle 3 1 0 0 0 1 1 1 63 22 -16 5
cycle 3 1 0 0 1 1 1 1 14 11 22 8
cycle 3 1 2 5 0 1 0 1 14 11 -3 21
cycle 3 1 2 5 1 1 0 1 14 11 0 0
cycle 3 1 4 2 0 1 1 1 21 14 0 0
cycle 3 1 4 2 1 1 1 1 9 11 34 5
cycle 3 0 0 0 0 1 0 1 9 11 -64 12
cycle 3 1 7 5 0 0 0 1 9 11 0 0
cycle 3 1 7 5 1 1 0 1 9 11 0 0
cycle 3 1 5 7 0 1 0 1 9 11 0 0
cycle 3 0 0 0 0 1 0 1 9 11 0 0
cycle 3 1 5 7 1 0 0 1 9 11 0 0
cycle 3 0 0 0 0 1 0 1 9 11 0 0
cycle 3 1 6 1 0 0 0 1 9 11 0 0
cycle 3 1 6 1 1 1 0 1 9 11 0 0
cycle 3 1 0 6 0 1 0 1 9 11 0 0
cycle 3 0 0 0 0 1 0 1 9 11 0 0
cycle 3 1 0 6 1 0 0 1 9 11 0 0
cycle 3 0 0 0 0 1 0 1 9 11 0 0
cycle 3 1 3 0 0 0 0 1 9 11 0 0
cycle 3 1 3 0 1 1 0 1 9 11 0 0
cycle 3 1 3 3 0 1 0 1 9 11 0 0
cycle 3 1 3 3 1 1 0 1 9 11 0 0
cycle 3 1 3 3 0 1 0 1 9 11 0 0
cycle 3 1 3 3 1 1 0 1 9 11 0 0
cycle 3 1 2 3 0 1 0 1 9 11 0 0
cycle 3 1 2 3 1 1 0 1 9 11 0 0
cycle 3 1 3 7 0 1 0 1 9 11 0 0
cycle 3 1 3 7 1 1 0 1 9 11 0 0
cycle 3 1 5 6 0 1 0 1 9 11 0 0
cycle 3 1 5 6 1 1 0 1 9 11 0 0
cycle 3 1 0 2 0 1 1 1 -9 31 0 0
cycle 3 1 0 2 1 1 1 1 -16 5 20 11
cycle 3 1 7 2 0 1 0 1 -16 5 -4 21
cycle 3 1 7 2 1 1 0 1 -16 5 0 0
cycle 3 1 4 6 0 1 0 1 -16 5 0 0
cycle 3 1 4 6 1 1 0 1 -16 5 0 0
cycle 3 1 5 7 0 1 0 1 -16 5 0 0
cycle 3 1 5 7 1 1 0 1 -16 5 0 0
cycle 3 0 0 0 0 1 0 1 -16 5 0 0
cycle 3 1 1 4 0 0 0 1 -16 5 0 0
cycle 3 1 1 4 1 1 0 1 -16 5 0 0
cycle 3 1 5 2 0 1 0 1 -16 5 0 0
cycle 3 1 5 2 1 1 0 1 -16 5 0 0
cycle 3 1 4 7 0 1 0 1 -16 5 0 0
cycle 3 0 0 0 0 1 0 1 -16 5 0 0
cycle 3 1 4 7 1 0 0 1 -16 5 0 0
cycle 3 1 5 2 0 1 0 1 -16 5 0 0
cycle 3 1 5 2 1 1 0 1 -16 5 0 0
cycle 3 1 0 1 0 1 0 1 -16 5 0 0
cycle 3 1 0 1 1 1 0 1 -16 5 0 0
cycle 3 1 2 7 0 1 0 1 -16 5 0 0
cycle 3 1 2 7 1 1 0 1 -16 5 0 0
cycle 3 1 2 6 0 1 0 1 -16 5 0 0
cycle 3 1 2 6 1 1 0 1 -16 5 0 0
cycle 3 1 2 5 0 1 0 1 -16 5 0 0
cycle 3 1 2 5 1 1 0 1 -16 5 0 0
cycle 3 1 4 7 0 1 0 1 -16 5 0 0
cycle 3 1 4 7 1 1 0 1 -16 5 0 0
cycle 3 1 4 7 0 1 0 1 -16 5 0 0
cycle 3 1 4 7 1 1 0 1 -16 5 0 0
cycle 3 0 0 0 0 1 0 1 -16 5 0 0
cycle 3 1 7 5 0 0 0 1 -16 5 0 0
cycle 3 1 7 5 1 1 0 1 -16 5 0 0
cycle 3 1 5 6 0 1 0 1 -16 5 0 0
cycle 3 1 5 6 1 1 0 1 -16 5 0 0
cycle 3 1 7 1 0 1 0 1 -16 5 0 0
cycle 3 1 7 1 1 1 0 1 -16 5 0 0
cycle 3 1 4 1 0 1 0 1 -16 5 0 0
cycle 3 0 0 0 0 1 0 1 -16 5 0 0
cycle 3 1 4 1 1 0 0 1 -16 5 0 0
cycle 3 1 0 5 0 1 0 1 -16 5 0 0
cycle 3 1 0 5 1 1 0 1 -16 5 0 0
cycle 3 1 0 5 0 1 0 1 -16 5 0 0
cycle 3 0 0 0 0 1 0 1 -16 5 0 0
cycle 3 1 0 5 1 0 0 1 -16 5 0 0
cycle 3 0 0 0 0 1 0 1 -16 5 0 0
cycle 3 1 6 1 0 0 0 1 -16 5 0 0
cycle 3 1 6 1 1 1 0 1 -16 5 0 0
cycle 3 1 5 3 0 1 0 1 -16 5 0 0
cycle 3 0 0 0 0 1 0 1 -16 5 0 0
cycle 3 1 5 3 1 0 0 1 -16 5 0 0
cycle 3 0 0 0 0 1 0 1 -16 5 0 0
cycle 3 1 7 7 0 0 0 1 -16 5 0 0
cycle 3 1 7 7 1 1 0 1 -16 5 0 0
cycle 3 0 0 0 0 1 0 1 -16 5 0 0
cycle 3 1 4 4 0 0 1 1 -7 17 0 0
cycle 3 1 4 4 1 1 1 1 -35 31 -62 9
cycle 3 1 5 4 0 1 0 1 -35 31 -2 22
cycle 3 1 5 4 1 1 0 1 -35 31 0 0
cycle 3 1 5 1 0 1 0 1 -35 31 0 0
cycle 3 0 0 0 0 1 0 1 -35 31 0 0
cycle 3 1 5 1 1 0 0 1 -35 31 0 0
cycle 3 1 6 4 0 1 1 1 -55 18 0 0
cycle 3 1 6 4 1 1 1 1 -38 14 63 2
cycle 3 0 0 0 0 1 0 1 -38 14 63 1
cycle 3 1 6 4 0 0 1 1 63 2 0 0
cycle 3 1 6 4 1 1 1 1 63 1 55 8
cycle 3 0 0 0 0 1 0 1 63 1 51 22
cycle 3 1 2 0 0 0 1 1 -13 9 0 0
cycle 3 1 2 0 1 1 1 1 63 14 -41 5
cycle 3 0 0 0 0 1 0 1 63 14 -25 8
cycle 3 1 4 7 0 0 0 1 63 14 0 0
cycle 3 1 4 7 1 1 0 1 63 14 0 0
cycle 3 0 0 0 0 1 0 1 63 14 0 0
cycle 3 1 0 4 0 0 1 1 -64 11 0 0
cycle 3 1 0 4 1 1 1 1 -55 11 -64 25
cycle 3 1 3 0 0 1 0 1 -55 11 40 4
cycle 3 1 3 0 1 1 0 1 -55 11 0 0
cycle 3 0 0 0 0 1 0 1 -55 11 0 0
cycle 3 1 4 6 0 0 0 1 -55 11 0 0
cycle 3 1 4 6 1 1 0 1 -55 11 0 0
cycle 3 1 5 7 0 1 0 1 -55 11 0 0
cycle 3 1 5 7 1 1 0 1 -55 11 0 0
cycle 3 1 4 4 0 1 1 1 -62 9 0 0
cycle 3 1 4 4 1 1 1 1 -2 22 26 13
cycle 3 1 7 2 0 1 0 1 -2 22 -43 19
cycle 3 0 0 0 0 1 0 1 -2 22 0 0
cycle 3 1 7 2 1 0 0 1 -2 22 0 0
cycle 3 0 0 0 0 1 0 1 -2 22 0 0
cycle 3 1 6 1 0 0 0 1 -2 22 0 0
cycle 3 1 6 1 1 1 0 1 -2 22 0 0
cycle 3 1 2 5 0 1 0 1 -2 22 0 0
cycle 3 0 0 0 0 1 0 1 -2 22 0 0
cycle 3 1 2 5 1 0 0 1 -2 22 0 0
cycle 3 1 4 1 0 1 0 1 -2 22 0 0
cycle 3 1 4 1 1 1 0 1 -2 22 0 0
cycle 3 0 0 0 0 1 0 1 -2 22 0 0
cycle 3 1 5 4 0 0 0 1 -2 22 0 0
cycle 3 1 5 4 1 1 0 1 -2 22 0 0
cycle 3 0 0 0 0 1 0 1 -2 22 0 0
cycle 3 1 7 4 0 0 0 1 -2 22 0 0
cycle 3 1 7 4 1 1 0 1 -2 22 0 0
cycle 3 1 7 7 0 1 0 1 -2 22 0 0
cycle 3 1 7 7 1 1 0 1 -2 22 0 0
cycle 3 1 0 0 0 1 1 1 22 8 0 0
cycle 3 1 0 0 1 1 1 1 -3 21 -59 26
cycle 3 1 4 3 0 1 0 1 -3 21 7 30
cycle 3 1 4 3 1 1 0 1 -3 21 0 0
cycle 3 0 0 0 0 1 0 1 -3 21 0 0
cycle 3 1 4 5 0 0 0 1 -3 21 0 0
cycle 3 0 0 0 0 1 0 1 -3 21 0 0
cycle 3 1 4 5 1 0 0 1 -3 21 0 0
cycle 3 1 2 1 0 1 0 1 -3 21 0 0
cycle 3 1 2 1 1 1 0 1 -3 21 0 0
cycle 3 1 5 3 0 1 0 1 -3 21 0 0
cycle 3 1 5 3 1 1 0 1 -3 21 0 0
cycle 3 1 7 0 0 1 0 1 -3 21 0 0
cycle 3 1 7 0 1 1 0 1 -3 21 0 0
cycle 3 1 5 5 0 1 0 1 -3 21 0 0
cycle 3 0 0 0 0 1 0 1 -3 21 0 0
cycle 3 1 5 5 1 0 0 1 -3 21 0 0
cycle 3 1 2 0 0 1 1 1 -41 5 0 0
cycle 3 1 2 0 1 1 1 1 -25 8 -19 8
cycle 3 0 0 0 0 1 0 1 -25 8 -42 25
cycle 3 1 2 3 0 0 0 1 -25 8 0 0
cycle 3 1 2 3 1 1 0 1 -25 8 0 0
cycle 3 1 7 6 0 1 0 1 -25 8 0 0
cycle 3 1 7 6 1 1 0 1 -25 8 0 0
cycle 3 1 1 3 0 1 0 1 -25 8 0 0
cycle 3 0 0 0 0 1 0 1 -25 8 0 0
cycle 3 1 1 3 1 0 0 1 -25 8 0 0
cycle 3 1 4 7 0 1 0 1 -25 8 0 0
cycle 3 1 4 7 1 1 0 1 -25 8 0 0
cycle 3 1 1 6 0 1 0 1 -25 8 0 0
cycle 3 0 0 0 0 1 0 1 -25 8 0 0
cycle 3 1 1 6 1 0 0 1 -25 8 0 0
cycle 3 0 0 0 0 1 0 1 -25 8 0 0
cycle 3 1 7 7 0 0 0 1 -25 8 0 0
cycle 3 1 7 7 1 1 0 1 -25 8 0 0
cycle 3 1 2 1 0 1 0 1 -25 8 0 0
cycle 3 0 0 0 0 1 0 1 -25 8 0 0
cycle 3 1 2 1 1 0 0 1 -25 8 0 0
cycle 3 1 4 0 0 1 1 1 -12 26 0 0
cycle 3 1 4 0 1 1 1 1 15 1 20 26
cycle 3 1 1 0 0 1 0 1 15 1 -19 10
cycle 3 1 1 0 1 1 0 1 15 1 0 0
cycle 3 0 0 0 0 1 0 1 15 1 0 0
cycle 3 1 1 6 0 0 0 1 15 1 0 0
cycle 3 1 1 6 1 1 0 1 15 1 0 0
cycle 3 1 5 5 0 1 0 1 15 1 0 0
cycle 3 1 5 5 1 1 0 1 15 1 0 0
cycle 3 0 0 0 0 1 0 1 15 1 0 0
cycle 3 1 7 3 0 0 0 1 15 1 0 0
cycle 3 0 0 0 0 1 0 1 15 1 0 0
cycle 3 1 7 3 1 0 0 1 15 1 0 0
cycle 3 0 0 0 0 1 0 1 15 1 0 0
cycle 3 1 0 1 0 0 0 1 15 1 0 0
cycle 3 1 0 1 1 1 0 1 15 1 0 0
cycle 3 1 2 5 0 1 0 1 15 1 0 0
cycle 3 1 2 5 1 1 0 1 15 1 0 0
cycle 3 0 0 0 0 1 0 1 15 1 0 0
cycle 3 1 2 2 0 0 1 1 -20 7 0 0
cycle 3 1 2 2 1 1 1 1 7 9 -39 19
cycle 3 1 0 5 0 1 0 1 7 9 17 31
cycle 3 1 0 5 1 1 0 1 7 9 0 0
cycle 3 1 0 3 0 1 0 1 7 9 0 0
cycle 3 1 0 3 1 1 0 1 7 9 0 0
cycle 3 1 5 4 0 1 0 1 7 9 0 0
cycle 3 1 5 4 1 1 0 1 7 9 0 0
cycle 3 1 5 6 0 1 0 1 7 9 0 0
cycle 3 1 5 6 1 1 0 1 7 9 0 0
cycle 3 0 0 0 0 1 0 1 7 9 0 0
cycle 3 1 1 0 0 0 0 1 7 9 0 0
cycle 3 1 1 0 1 1 0 1 7 9 0 0
cycle 3 1 0 4 0 1 1 1 -64 25 0 0
cycle 3 0 0 0 0 1 0 1 -64 25 -42 3
cycle 3 1 0 4 1 0 1 1 40 4 0 0
cycle 3 1 2 1 0 1 0 1 40 4 -2 21
cycle 3 1 2 1 1 1 0 1 40 4 0 0
cycle 3 0 0 0 0 1 0 1 40 4 0 0
cycle 3 1 5 6 0 0 0 1 40 4 0 0
cycle 3 1 5 6 1 1 0 1 40 4 0 0
cycle 3 1 7 3 0 1 0 1 40 4 0 0
cycle 3 1 7 3 1 1 0 1 40 4 0 0
cycle 3 1 4 7 0 1 0 1 40 4 0 0
cycle 3 1 4 7 1 1 0 1 40 4 0 0
cycle 3 0 0 0 0 1 0 1 40 4 0 0
cycle 3 1 4 1 0 0 0 1 40 4 0 0
cycle 3 1 4 1 1 1 0 1 40 4 0 0
cycle 3 1 2 7 0 1 0 1 40 4 0 0
cycle 3 1 2 7 1 1 0 1 40 4 0 0
cycle 3 1 0 6 0 1 0 1 40 4 0 0
cycle 3 1 0 6 1 1 0 1 40 4 0 0
cycle 3 1 5 3 0 1 0 1 40 4 0 0
cycle 3 1 5 3 1 1 0 1 40 4 0 0
cycle 3 0 0 0 0 1 0 1 40 4 0 0
cycle 3 1 6 6 0 0 0 1 40 4 0 0
cycle 3 0 0 0 0 1 0 1 40 4 0 0
cycle 3 1 6 6 1 0 0 1 40 4 0 0
cycle 3 1 3 4 0 1 0 1 40 4 0 0
cycle 3 1 3 4 1 1 0 1 40 4 0 0
cycle 3 1 6 5 0 1 0 1 40 4 0 0
cycle 3 1 6 5 1 1 0 1 40 4 0 0
cycle 3 1 3 7 0 1 0 1 40 4 0 0
cycle 3 1 3 7 1 1 0 1 40 4 0 0
cycle 3 1 7 0 0 1 0 1 40 4 0 0
cycle 3 1 7 0 1 1 0 1 40 4 0 0
cycle 3 1 4 6 0 1 0 1 40 4 0 0
cycle 3 1 4 6 1 1 0 1 40 4 0 0
cycle 3 1 0 3 0 1 0 1 40 4 0 0
cycle 3 1 0 3 1 1 0 1 40 4 0 0
cycle 3 1 4 2 0 1 1 1 34 5 0 0
cycle 3 1 4 2 1 1 1 1 -64 12 -35 18
cycle 3 1 5 7 0 1 0 1 -64 12 -42 0
cycle 3 1 5 7 1 1 0 1 -64 12 0 0
cycle 3 1 2 6 0 1 0 1 -64 12 0 0
cycle 3 0 0 0 0 1 0 1 -64 12 0 0
cycle 3 1 2 6 1 0 0 1 -64 12 0 0
cycle 3 1 0 3 0 1 0 1 -64 12 0 0
cycle 3 1 0 3 1 1 0 1 -64 12 0 0
cycle 3 1 0 3 0 1 0 1 -64 12 0 0
cycle 3 0 0 0 0 1 0 1 -64 12 0 0
cycle 3 1 0 3 1 0 0 1 -64 12 0 0
cycle 3 1 0 7 0 1 0 1 -64 12 0 0
cycle 3 1 0 7 1 1 0 1 -64 12 0 0
cycle 3 1 7 0 0 1 0 1 -64 12 0 0
cycle 3 1 7 0 1 1 0 1 -64 12 0 0
cycle 3 1 6 5 0 1 0 1 -64 12 0 0
cycle 3 1 6 5 1 1 0 1 -64 12 0 0
cycle 3 1 2 6 0 1 0 1 -64 12 0 0
cycle 3 1 2 6 1 1 0 1 -64 12 0 0
cycle 3 1 7 6 0 1 0 1 -64 12 0 0
cycle 3 1 7 6 1 1 0 1 -64 12 0 0
cycle 3 1 5 2 0 1 0 1 -64 12 0 0
cycle 3 1 5 2 1 1 0 1 -64 12 0 0
cycle 3 1 4 6 0 1 0 1 -64 12 0 0
cycle 3 1 4 6 1 1 0 1 -64 12 0 0
cycle 3 0 0 0 0 1 0 1 -64 12 0 0
cycle 3 1 5 1 0 0 0 1 -64 12 0 0
cycle 3 1 5 1 1 1 0 1 -64 12 0 0
cycle 3 1 3 2 0 1 0 1 -64 12 0 0
cycle 3 1 3 2 1 1 0 1 -64 12 0 0
cycle 3 1 5 3 0 1 0 1 -64 12 0 0
cycle 3 1 5 3 1 1 0 1 -64 12 0 0
cycle 3 1 3 4 0 1 0 1 -64 12 0 0
cycle 3 1 3 4 1 1 0 1 -64 12 0 0
cycle 3 1 4 0 0 1 1 1 20 26 0 0
cycle 3 0 0 0 0 1 0 1 20 26 -64 16
cycle 3 1 4 0 1 0 1 1 -19 10 0 0
cycle 3 1 7 3 0 1 0 1 -19 10 16 20
cycle 3 1 7 3 1 1 0 1 -19 10 0 0
cycle 3 1 1 0 0 1 0 1 -19 10 0 0
cycle 3 1 1 0 1 1 0 1 -19 10 0 0
cycle 3 0 0 0 0 1 0 1 -19 10 0 0
cycle 3 1 3 5 0 0 0 1 -19 10 0 0
cycle 3 1 3 5 1 1 0 1 -19 10 0 0
cycle 3 1 2 6 0 1 0 1 -19 10 0 0
cycle 3 1 2 6 1 1 0 1 -19 10 0 0
cycle 3 0 0 0 0 1 0 1 -19 10 0 0
cycle 3 1 1 1 0 0 0 1 -19 10 0 0
cycle 3 1 1 1 1 1 0 1 -19 10 0 0
cycle 3 1 3 5 0 1 0 1 -19 10 0 0
cycle 3 1 3 5 1 1 0 1 -19 10 0 0
cycle 3 1 2 6 0 1 0 1 -19 10 0 0
cycle 3 1 2 6 1 1 0 1 -19 10 0 0
cycle 3 1 0 7 0 1 0 1 -19 10 0 0
cycle 3 0 0 0 0 1 0 1 -19 10 0 0
cycle 3 1 0 7 1 0 0 1 -19 10 0 0
cycle 3 1 0 6 0 1 0 1 -19 10 0 0
cycle 3 1 0 6 1 1 0 1 -19 10 0 0
cycle 3 1 0 3 0 1 0 1 -19 10 0 0
cycle 3 0 0 0 0 1 0 1 -19 10 0 0
cycle 3 1 0 3 1 0 0 1 -19 10 0 0
cycle 3 1 2 7 0 1 0 1 -19 10 0 0
cycle 3 1 2 7 1 1 0 1 -19 10 0 0
cycle 3 1 5 7 0 1 0 1 -19 10 0 0
cycle 3 0 0 0 0 1 0 1 -19 10 0 0
cycle 3 1 5 7 1 0 0 1 -19 10 0 0
cycle 3 1 3 4 0 1 0 1 -19 10 0 0
cycle 3 1 3 4 1 1 0 1 -19 10 0 0
cycle 3 1 4 6 0 1 0 1 -19 10 0 0
cycle 3 1 4 6 1 1 0 1 -19 10 0 0
cycle 3 1 4 7 0 1 0 1 -19 10 0 0
cycle 3 1 4 7 1 1 0 1 -19 10 0 0
cycle 3 1 1 3 0 1 0 1 -19 10 0 0
cycle 3 0 0 0 0 1 0 1 -19 10 0 0
cycle 3 1 1 3 1 0 0 1 -19 10 0 0
cycle 3 1 1 6 0 1 0 1 -19 10 0 0
cycle 3 1 1 6 1 1 0 1 -19 10 0 0
cycle 3 1 1 5 0 1 0 1 -19 10 0 0
cycle 3 0 0 0 0 1 0 1 -19 10 0 0
cycle 3 1 1 5 1 0 0 1 -19 10 0 0
cycle 3 0 0 0 0 1 0 1 -19 10 0 0
cycle 3 1 7 2 0 0 0 1 -19 10 0 0
cycle 3 1 7 2 1 1 0 1 -19 10 0 0
cycle 3 1 2 6 0 1 0 1 -19 10 0 0
cycle 3 0 0 0 0 1 0 1 -19 10 0 0
cycle 3 1 2 6 1 0 0 1 -19 10 0 0
cycle 3 0 0 0 0 1 0 1 -19 10 0 0
cycle 3 1 4 4 0 0 1 1 26 13 0 0
cycle 3 0 0 0 0 1 0 1 26 13 -9 23
cycle 3 1 4 4 1 0 1 1 -43 19 0 0
cycle 3 1 7 0 0 1 0 1 -43 19 63 17
cycle 3 0 0 0 0 1 0 1 -43 19 0 0
cycle 3 1 7 0 1 0 0 1 -43 19 0 0
cycle 3 1 2 3 0 1 0 1 -43 19 0 0
cycle 3 1 2 3 1 1 0 1 -43 19 0 0
cycle 3 1 7 0 0 1 0 1 -43 19 0 0
cycle 3 1 7 0 1 1 0 1 -43 19 0 0
cycle 3 1 3 3 0 1 0 1 -43 19 0 0
cycle 3 1 3 3 1 1 0 1 -43 19 0 0
cycle 3 0 0 0 0 1 0 1 -43 19 0 0
cycle 3 1 0 3 0 0 0 1 -43 19 0 0
cycle 3 1 0 3 1 1 0 1 -43 19 0 0
cycle 3 1 5 3 0 1 0 1 -43 19 0 0
cycle 3 0 0 0 0 1 0 1 -43 19 0 0
cycle 3 1 5 3 1 0 0 1 -43 19 0 0
cycle 3 1 2 4 0 1 1 1 11 4 0 0
cycle 3 1 2 4 1 1 1 1 -32 20 -46 26
cycle 3 1 7 0 0 1 0 1 -32 20 -41 4
cycle 3 0 0 0 0 1 0 1 -32 20 0 0
cycle 3 1 7 0 1 0 0 1 -32 20 0 0
cycle 3 0 0 0 0 1 0 1 -32 20 0 0
cycle 3 1 2 7 0 0 0 1 -32 20 0 0
cycle 3 1 2 7 1 1 0 1 -32 20 0 0
cycle 3 1 2 5 0 1 0 1 -32 20 0 0
cycle 3 0 0 0 0 1 0 1 -32 20 0 0
cycle 3 1 2 5 1 0 0 1 -32 20 0 0
cycle 3 0 0 0 0 1 0 1 -32 20 0 0
cycle 3 1 2 6 0 0 0 1 -32 20 0 0
cycle 3 1 2 6 1 1 0 1 -32 20 0 0
cycle 3 1 4 7 0 1 0 1 -32 20 0 0
cycle 3 1 4 7 1 1 0 1 -32 20 0 0
cycle 3 1 5 4 0 1 0 1 -32 20 0 0
cycle 3 0 0 0 0 1 0 1 -32 20 0 0
cycle 3 1 5 4 1 0 0 1 -32 20 0 0
cycle 3 1 3 0 0 1 0 1 -32 20 0 0
cycle 3 1 3 0 1 1 0 1 -32 20 0 0
cycle 3 1 0 5 0 1 0 1 -32 20 0 0
cycle 3 1 0 5 1 1 0 1 -32 20 0 0
cycle 3 1 5 4 0 1 0 1 -32 20 0 0
cycle 3 1 5 4 1 1 0 1 -32 20 0 0
cycle 3 1 0 6 0 1 0 1 -32 20 0 0
cycle 3 1 0 6 1 1 0 1 -32 20 0 0
cycle 3 1 6 4 0 1 1 1 55 8 0 0
cycle 3 1 6 4 1 1 1 1 51 22 -41 19
cycle 3 1 2 6 0 1 0 1 51 22 11 21
cycle 3 1 2 6 1 1 0 1 51 22 0 0
cycle 3 1 4 7 0 1 0 1 51 22 0 0
cycle 3 1 4 7 1 1 0 1 51 22 0 0
cycle 3 1 2 2 0 1 1 1 -39 19 0 0
cycle 3 1 2 2 1 1 1 1 17 31 -23 18
cycle 3 1 6 1 0 1 0 1 17 31 -27 21
cycle 3 1 6 1 1 1 0 1 17 31 0 0
cycle 3 1 2 3 0 1 0 1 17 31 0 0
cycle 3 1 2 3 1 1 0 1 17 31 0 0
cycle 3 1 5 6 0 1 0 1 17 31 0 0
cycle 3 0 0 0 0 1 0 1 17 31 0 0
cycle 3 1 5 6 1 0 0 1 17 31 0 0
cycle 3 1 6 3 0 1 0 1 17 31 0 0
cycle 3 1 6 3 1 1 0 1 17 31 0 0
cycle 3 0 0 0 0 1 0 1 17 31 0 0
cycle 3 1 4 4 0 0 1 1 -9 23 0 0
cycle 3 1 4 4 1 1 1 1 63 17 14 20
cycle 3 1 6 1 0 1 0 1 63 17 -6 5
cycle 3 1 6 1 1 1 0 1 63 17 0 0
cycle 3 1 2 5 0 1 0 1 63 17 0 0
cycle 3 1 2 5 1 1 0 1 63 17 0 0
cycle 3 1 1 2 0 1 0 1 63 17 0 0
cycle 3 0 0 0 0 1 0 1 63 17 0 0
cycle 3 1 1 2 1 0 0 1 63 17 0 0
cycle 3 1 7 1 0 1 0 1 63 17 0 0
cycle 3 0 0 0 0 1 0 1 63 17 0 0
cycle 3 1 7 1 1 0 0 1 63 17 0 0
cycle 3 1 7 6 0 1 0 1 63 17 0 0
cycle 3 1 7 6 1 1 0 1 63 17 0 0
cycle 3 1 1 4 0 1 0 1 63 17 0 0
cycle 3 1 1 4 1 1 0 1 63 17 0 0
cycle 3 0 0 0 0 1 0 1 63 17 0 0
cycle 3 1 2 3 0 0 0 1 63 17 0 0
cycle 3 1 2 3 1 1 0 1 63 17 0 0
cycle 3 1 4 7 0 1 0 1 63 17 0 0
cycle 3 1 4 7 1 1 0 1 63 17 0 0
cycle 3 0 0 0 0 1 0 1 63 17 0 0
cycle 3 1 7 0 0 0 0 1 63 17 0 0
cycle 3 0 0 0 0 1 0 1 63 17 0 0
cycle 3 1 7 0 1 0 0 1 63 17 0 0
cycle 3 1 1 5 0 1 0 1 63 17 0 0
cycle 3 1 1 5 1 1 0 1 63 17 0 0
cycle 3 1 1 2 0 1 0 1 63 17 0 0
cycle 3 1 1 2 1 1 0 1 63 17 0 0
cycle 3 0 0 0 0 1 0 1 63 17 0 0
cycle 3 1 4 1 0 0 0 1 63 17 0 0
cycle 3 0 0 0 0 1 0 1 63 17 0 0
cycle 3 1 4 1 1 0 0 1 63 17 0 0
cycle 3 1 7 5 0 1 0 1 63 17 0 0
cycle 3 1 7 5 1 1 0 1 63 17 0 0
cycle 3 1 1 2 0 1 0 1 63 17 0 0
cycle 3 1 1 2 1 1 0 1 63 17 0 0
cycle 3 1 5 2 0 1 0 1 63 17 0 0
cycle 3 1 5 2 1 1 0 1 63 17 0 0
cycle 3 1 4 7 0 1 0 1 63 17 0 0
cycle 3 0 0 0 0 1 0 1 63 17 0 0
cycle 3 1 4 7 1 0 0 1 63 17 0 0
cycle 3 1 2 1 0 1 0 1 63 17 0 0
cycle 3 1 2 1 1 1 0 1 63 17 0 0
cycle 3 0 0 0 0 1 0 1 63 17 0 0
cycle 3 1 2 4 0 0 1 1 -46 26 0 0
cycle 3 0 0 0 0 1 0 1 -46 26 12 26
cycle 3 1 2 4 1 0 1 1 -41 4 0 0
cycle 3 1 4 0 0 1 1 1 -64 16 51 25
cycle 3 1 4 0 1 1 1 1 16 20 63 29
cycle 3 1 5 1 0 1 0 1 16 20 -6 19
cycle 3 1 5 1 1 1 0 1 16 20 0 0
cycle 3 1 5 7 0 1 0 1 16 20 0 0
cycle 3 1 5 7 1 1 0 1 16 20 0 0
cycle 3 1 1 6 0 1 0 1 16 20 0 0
cycle 3 1 1 6 1 1 0 1 16 20 0 0
cycle 3 1 0 4 0 1 1 1 -42 3 0 0
cycle 3 1 0 4 1 1 1 1 -2 21 -43 3
cycle 3 0 0 0 0 1 0 1 -2 21 9 23
cycle 3 1 5 1 0 0 0 1 -2 21 0 0
cycle 3 0 0 0 0 1 0 1 -2 21 0 0
cycle 3 1 5 1 1 0 0 1 -2 21 0 0
cycle 3 0 0 0 0 1 0 1 -2 21 0 0
cycle 3 1 6 4 0 0 1 1 -41 19 0 0
cycle 3 1 6 4 1 1 1 1 11 21 40 0
cycle 3 1 3 0 0 1 0 1 11 21 44 9
cycle 3 1 3 0 1 1 0 1 11 21 0 0
cycle 3 0 0 0 0 1 0 1 11 21 0 0
cycle 3 1 1 5 0 0 0 1 11 21 0 0
cycle 3 1 1 5 1 1 0 1 11 21 0 0
cycle 3 1 3 5 0 1 0 1 11 21 0 0
cycle 3 1 3 5 1 1 0 1 11 21 0 0
cycle 3 1 7 5 0 1 0 1 11 21 0 0
cycle 3 0 0 0 0 1 0 1 11 21 0 0
cycle 3 1 7 5 1 0 0 1 11 21 0 0
cycle 3 1 5 4 0 1 0 1 11 21 0 0
cycle 3 1 5 4 1 1 0 1 11 21 0 0
cycle 3 1 2 0 0 1 1 1 -19 8 0 0
cycle 3 1 2 0 1 1 1 1 -42 25 7 31
cycle 3 1 4 1 0 1 0 1 -42 25 -46 27
cycle 3 1 4 1 1 1 0 1 -42 25 0 0
cycle 3 0 0 0 0 1 0 1 -42 25 0 0
cycle 3 1 0 4 0 0 1 1 -43 3 0 0
cycle 3 1 0 4 1 1 1 1 9 23 -45 20
cycle 3 1 4 3 0 1 0 1 9 23 52 0
cycle 3 1 4 3 1 1 0 1 9 23 0 0
cycle 3 1 5 7 0 1 0 1 9 23 0 0
cycle 3 1 5 7 1 1 0 1 9 23 0 0
cycle 3 1 6 7 0 1 0 1 9 23 0 0
cycle 3 1 6 7 1 1 0 1 9 23 0 0
cycle 3 1 0 1 0 1 0 1 9 23 0 0
cycle 3 1 0 1 1 1 0 1 9 23 0 0
cycle 3 1 2 4 0 1 1 1 12 26 0 0
cycle 3 0 0 0 0 1 0 1 12 26 57 10
cycle 3 1 2 4 1 0 1 1 51 25 0 0
cycle 3 1 5 5 0 1 0 1 51 25 -21 26
cycle 3 0 0 0 0 1 0 1 51 25 0 0
cycle 3 1 5 5 1 0 0 1 51 25 0 0
cycle 3 1 7 1 0 1 0 1 51 25 0 0
cycle 3 1 7 1 1 1 0 1 51 25 0 0
cycle 3 1 1 2 0 1 0 1 51 25 0 0
cycle 3 1 1 2 1 1 0 1 51 25 0 0
cycle 3 1 1 5 0 1 0 1 51 25 0 0
cycle 3 0 0 0 0 1 0 1 51 25 0 0
cycle 3 1 1 5 1 0 0 1 51 25 0 0
cycle 3 1 3 7 0 1 0 1 51 25 0 0
cycle 3 0 0 0 0 1 0 1 51 25 0 0
cycle 3 1 3 7 1 0 0 1 51 25 0 0
cycle 3 0 0 0 0 1 0 1 51 25 0 0
cycle 3 1 2 2 0 0 1 1 -23 18 0 0
cycle 3 1 2 2 1 1 1 1 -27 21 3 27
cycle 3 0 0 0 0 1 0 1 -27 21 2 5
cycle 3 1 2 1 0 0 0 1 -27 21 0 0
cycle 3 0 0 0 0 1 0 1 -27 21 0 0
cycle 3 1 2 1 1 0 0 1 -27 21 0 0
cycle 3 1 6 6 0 1 0 1 -27 21 0 0
cycle 3 0 0 0 0 1 0 1 -27 21 0 0
cycle 3 1 6 6 1 0 0 1 -27 21 0 0
cycle 3 1 2 4 0 1 1 1 57 10 0 0
cycle 3 1 2 4 1 1 1 1 -21 26 4 19
cycle 3 1 7 3 0 1 0 1 -21 26 19 2
cycle 3 1 7 3 1 1 0 1 -21 26 0 0
cycle 3 1 7 2 0 1 0 1 -21 26 0 0
cycle 3 1 7 2 1 1 0 1 -21 26 0 0
cycle 3 1 1 0 0 1 0 1 -21 26 0 0
cycle 3 1 1 0 1 1 0 1 -21 26 0 0
cycle 3 1 5 0 0 1 0 1 -21 26 0 0
cycle 3 1 5 0 1 1 0 1 -21 26 0 0
cycle 3 1 1 4 0 1 0 1 -21 26 0 0
cycle 3 0 0 0 0 1 0 1 -21 26 0 0
cycle 3 1 1 4 1 0 0 1 -21 26 0 0
cycle 3 1 3 1 0 1 0 1 -21 26 0 0
cycle 3 1 3 1 1 1 0 1 -21 26 0 0
cycle 3 0 0 0 0 1 0 1 -21 26 0 0
cycle 3 1 4 7 0 0 0 1 -21 26 0 0
cycle 3 0 0 0 0 1 0 1 -21 26 0 0
cycle 3 1 4 7 1 0 0 1 -21 26 0 0
cycle 3 0 0 0 0 1 0 1 -21 26 0 0
cycle 3 1 7 0 0 0 0 1 -21 26 0 0
cycle 3 1 7 0 1 1 0 1 -21 26 0 0
cycle 3 1 6 3 0 1 0 1 -21 26 0 0
cycle 3 1 6 3 1 1 0 1 -21 26 0 0
cycle 3 1 3 3 0 1 0 1 -21 26 0 0
cycle 3 1 3 3 1 1 0 1 -21 26 0 0
cycle 3 1 6 1 0 1 0 1 -21 26 0 0
cycle 3 1 6 1 1 1 0 1 -21 26 0 0
cycle 3 1 4 5 0 1 0 1 -21 26 0 0
cycle 3 0 0 0 0 1 0 1 -21 26 0 0
cycle 3 1 4 5 1 0 0 1 -21 26 0 0
cycle 3 0 0 0 0 1 0 1 -21 26 0 0
cycle 3 1 3 5 0 0 0 1 -21 26 0 0
cycle 3 1 3 5 1 1 0 1 -21 26 0 0
cycle 3 1 0 5 0 1 0 1 -21 26 0 0
cycle 3 1 0 5 1 1 0 1 -21 26 0 0
cycle 3 1 2 0 0 1 1 1 7 31 0 0
cycle 3 1 2 0 1 1 1 1 -46 27 7 31
cycle 3 1 2 2 0 1 1 1 3 27 -57 0
cycle 3 1 2 2 1 1 1 1 2 5 62 31
cycle 3 1 5 4 0 1 0 1 2 5 -59 3
cycle 3 1 5 4 1 1 0 1 2 5 0 0
cycle 3 1 6 3 0 1 0 1 2 5 0 0
cycle 3 1 6 3 1 1 0 1 2 5 0 0
cycle 3 0 0 0 0 1 0 1 2 5 0 0
cycle 3 1 7 0 0 0 0 1 2 5 0 0
cycle 3 1 7 0 1 1 0 1 2 5 0 0
cycle 3 1 2 1 0 1 0 1 2 5 0 0
cycle 3 1 2 1 1 1 0 1 2 5 0 0
cycle 3 1 3 7 0 1 0 1 2 5 0 0
cycle 3 1 3 7 1 1 0 1 2 5 0 0
cycle 3 1 1 1 0 1 0 1 2 5 0 0
cycle 3 0 0 0 0 1 0 1 2 5 0 0
cycle 3 1 1 1 1 0 0 1 2 5 0 0
cycle 3 1 3 6 0 1 0 1 2 5 0 0
cycle 3 0 0 0 0 1 0 1 2 5 0 0
cycle 3 1 3 6 1 0 0 1 2 5 0 0
cycle 3 1 0 6 0 1 0 1 2 5 0 0
cycle 3 1 0 6 1 1 0 1 2 5 0 0
cycle 3 1 6 3 0 1 0 1 2 5 0 0
cycle 3 1 6 3 1 1 0 1 2 5 0 0
cycle 3 0 0 0 0 1 0 1 2 5 0 0
cycle 3 1 0 3 0 0 0 1 2 5 0 0
cycle 3 1 0 3 1 1 0 1 2 5 0 0
cycle 3 0 0 0 0 1 0 1 2 5 0 0
cycle 3 1 5 6 0 0 0 1 2 5 0 0
cycle 3 1 5 6 1 1 0 1 2 5 0 0
cycle 3 1 1 5 0 1 0 1 2 5 0 0
cycle 3 1 1 5 1 1 0 1 2 5 0 0
cycle 3 1 4 6 0 1 0 1 2 5 0 0
cycle 3 1 4 6 1 1 0 1 2 5 0 0
cycle 3 1 5 6 0 1 0 1 2 5 0 0
cycle 3 1 5 6 1 1 0 1 2 5 0 0
cycle 3 1 6 5 0 1 0 1 2 5 0 0
cycle 3 1 6 5 1 1 0 1 2 5 0 0
cycle 3 1 3 7 0 1 0 1 2 5 0 0
cycle 3 1 3 7 1 1 0 1 2 5 0 0
cycle 3 1 4 6 0 1 0 1 2 5 0 0
cycle 3 0 0 0 0 1 0 1 2 5 0 0
cycle 3 1 4 6 1 0 0 1 2 5 0 0
cycle 3 1 0 1 0 1 0 1 2 5 0 0
cycle 3 1 0 1 1 1 0 1 2 5 0 0
cycle 3 0 0 0 0 1 0 1 2 5 0 0
cycle 3 1 4 5 0 0 0 1 2 5 0 0
cycle 3 0 0 0 0 1 0 1 2 5 0 0
cycle 3 1 4 5 1 0 0 1 2 5 0 0
cycle 3 1 7 0 0 1 0 1 2 5 0 0
cycle 3 0 0 0 0 1 0 1 2 5 0 0
cycle 3 1 7 0 1 0 0 1 2 5 0 0
cycle 3 1 6 3 0 1 0 1 2 5 0 0
cycle 3 1 6 3 1 1 0 1 2 5 0 0
cycle 3 0 0 0 0 1 0 1 2 5 0 0
cycle 3 1 7 3 0 0 0 1 2 5 0 0
cycle 3 0 0 0 0 1 0 1 2 5 0 0
cycle 3 1 7 3 1 0 0 1 2 5 0 0
cycle 3 1 7 1 0 1 0 1 2 5 0 0
cycle 3 1 7 1 1 1 0 1 2 5 0 0
cycle 3 1 2 7 0 1 0 1 2 5 0 0
cycle 3 1 2 7 1 1 0 1 2 5 0 0
cycle 3 0 0 0 0 1 0 1 2 5 0 0
cycle 3 1 7 0 0 0 0 1 2 5 0 0
cycle 3 1 7 0 1 1 0 1 2 5 0 0
cycle 3 0 0 0 0 1 0 1 2 5 0 0
cycle 3 1 1 0 0 0 0 1 2 5 0 0
cycle 3 1 1 0 1 1 0 1 2 5 0 0
cycle 3 1 7 2 0 1 0 1 2 5 0 0
cycle 3 1 7 2 1 1 0 1 2 5 0 0
cycle 3 0 0 0 0 1 0 1 2 5 0 0
cycle 3 1 4 7 0 0 0 1 2 5 0 0
cycle 3 1 4 7 1 1 0 1 2 5 0 0
cycle 3 1 6 2 0 1 1 1 47 13 0 0
cycle 3 0 0 0 0 1 0 1 47 13 63 14
cycle 3 1 6 2 1 0 1 1 58 27 0 0
cycle 3 1 2 6 0 1 0 1 58 27 16 3
cycle 3 1 2 6 1 1 0 1 58 27 0 0
cycle 3 1 3 1 0 1 0 1 58 27 0 0
cycle 3 0 0 0 0 1 0 1 58 27 0 0
cycle 3 1 3 1 1 0 0 1 58 27 0 0
cycle 3 1 7 4 0 1 0 1 58 27 0 0
cycle 3 1 7 4 1 1 0 1 58 27 0 0
cycle 3 1 6 7 0 1 0 1 58 27 0 0
cycle 3 0 0 0 0 1 0 1 58 27 0 0
cycle 3 1 6 7 1 0 0 1 58 27 0 0
cycle 3 1 4 5 0 1 0 1 58 27 0 0
cycle 3 1 4 5 1 1 0 1 58 27 0 0
cycle 3 1 6 7 0 1 0 1 58 27 0 0
cycle 3 1 6 7 1 1 0 1 58 27 0 0
cycle 3 1 4 4 0 1 1 1 14 20 0 0
cycle 3 1 4 4 1 1 1 1 -6 5 54 9
cycle 3 0 0 0 0 1 0 1 -6 5 -46 31
cycle 3 1 5 7 0 0 0 1 -6 5 0 0
cycle 3 1 5 7 1 1 0 1 -6 5 0 0
cycle 3 1 3 6 0 1 0 1 -6 5 0 0
cycle 3 1 3 6 1 1 0 1 -6 5 0 0
cycle 3 1 2 6 0 1 0 1 -6 5 0 0
cycle 3 1 2 6 1 1 0 1 -6 5 0 0
cycle 3 0 0 0 0 1 0 1 -6 5 0 0
cycle 3 1 0 7 0 0 0 1 -6 5 0 0
cycle 3 1 0 7 1 1 0 1 -6 5 0 0
cycle 3 1 2 5 0 1 0 1 -6 5 0 0
cycle 3 0 0 0 0 1 0 1 -6 5 0 0
cycle 3 1 2 5 1 0 0 1 -6 5 0 0
cycle 3 1 1 2 0 1 0 1 -6 5 0 0
cycle 3 1 1 2 1 1 0 1 -6 5 0 0
cycle 3 1 0 4 0 1 1 1 -45 20 0 0
cycle 3 0 0 0 0 1 0 1 -45 20 47 11
cycle 3 1 0 4 1 0 1 1 52 0 0 0
cycle 3 1 7 1 0 1 0 1 52 0 -64 14
cycle 3 1 7 1 1 1 0 1 52 0 0 0
cycle 3 1 2 6 0 1 0 1 52 0 0 0
cycle 3 1 2 6 1 1 0 1 52 0 0 0
cycle 3 1 1 1 0 1 0 1 52 0 0 0
cycle 3 1 1 1 1 1 0 1 52 0 0 0
cycle 3 1 1 4 0 1 0 1 52 0 0 0
cycle 3 1 1 4 1 1 0 1 52 0 0 0
cycle 3 1 4 4 0 1 1 1 54 9 0 0
cycle 3 1 4 4 1 1 1 1 -46 31 -15 2
cycle 3 0 0 0 0 1 0 1 -46 31 21 2
cycle 3 1 0 5 0 0 0 1 -46 31 0 0
cycle 3 0 0 0 0 1 0 1 -46 31 0 0
cycle 3 1 0 5 1 0 0 1 -46 31 0 0
cycle 3 1 2 6 0 1 0 1 -46 31 0 0
cycle 3 1 2 6 1 1 0 1 -46 31 0 0
cycle 3 1 6 0 0 1 1 1 -64 0 0 0
cycle 3 1 6 0 1 1 1 1 -51 0 51 2
cycle 3 1 2 4 0 1 1 1 4 19 -48 25
cycle 3 1 2 4 1 1 1 1 19 2 -34 1
cycle 3 1 1 3 0 1 0 1 19 2 -7 31
cycle 3 0 0 0 0 1 0 1 19 2 0 0
cycle 3 1 1 3 1 0 0 1 19 2 0 0
cycle 3 1 2 4 0 1 1 1 -34 1 0 0
cycle 3 1 2 4 1 1 1 1 -7 31 -23 1
cycle 3 0 0 0 0 1 0 1 -7 31 -42 10
cycle 3 1 5 5 0 0 0 1 -7 31 0 0
cycle 3 0 0 0 0 1 0 1 -7 31 0 0
cycle 3 1 5 5 1 0 0 1 -7 31 0 0
cycle 3 1 2 4 0 1 1 1 -23 1 0 0
cycle 3 1 2 4 1 1 1 1 -42 10 4 13
cycle 3 1 6 5 0 1 0 1 -42 10 25 2
cycle 3 1 6 5 1 1 0 1 -42 10 0 0
cycle 3 1 6 4 0 1 1 1 40 0 0 0
cycle 3 1 6 4 1 1 1 1 44 9 -53 31
cycle 3 0 0 0 0 1 0 1 44 9 58 5
cycle 3 1 4 3 0 0 0 1 44 9 0 0
cycle 3 1 4 3 1 1 0 1 44 9 0 0
cycle 3 1 4 2 0 1 1 1 -35 18 0 0
cycle 3 1 4 2 1 1 1 1 -42 0 -7 2
cycle 3 1 3 1 0 1 0 1 -42 0 -28 9
cycle 3 1 3 1 1 1 0 1 -42 0 0 0
cycle 3 1 4 5 0 1 0 1 -42 0 0 0
cycle 3 1 4 5 1 1 0 1 -42 0 0 0
cycle 3 1 6 5 0 1 0 1 -42 0 0 0
cycle 3 1 6 5 1 1 0 1 -42 0 0 0
cycle 3 1 1 1 0 1 0 1 -42 0 0 0
cycle 3 1 1 1 1 1 0 1 -42 0 0 0
cycle 3 1 2 7 0 1 0 1 -42 0 0 0
cycle 3 1 2 7 1 1 0 1 -42 0 0 0
cycle 3 1 0 5 0 1 0 1 -42 0 0 0
cycle 3 1 0 5 1 1 0 1 -42 0 0 0
cycle 3 1 2 4 0 1 1 1 4 13 0 0
cycle 3 1 2 4 1 1 1 1 25 2 22 20
cycle 3 1 0 6 0 1 0 1 25 2 63 13
cycle 3 0 0 0 0 1 0 1 25 2 0 0
cycle 3 1 0 6 1 0 0 1 25 2 0 0
cycle 3 1 6 3 0 1 0 1 25 2 0 0
cycle 3 1 6 3 1 1 0 1 25 2 0 0
cycle 3 0 0 0 0 1 0 1 25 2 0 0
cycle 3 1 6 3 0 0 0 1 25 2 0 0
cycle 3 1 6 3 1 1 0 1 25 2 0 0
cycle 3 1 5 2 0 1 0 1 25 2 0 0
cycle 3 1 5 2 1 1 0 1 25 2 0 0
cycle 3 0 0 0 0 1 0 1 25 2 0 0
cycle 3 1 2 1 0 0 0 1 25 2 0 0
cycle 3 1 2 1 1 1 0 1 25 2 0 0
cycle 3 0 0 0 0 1 0 1 25 2 0 0
cycle 3 1 3 5 0 0 0 1 25 2 0 0
cycle 3 1 3 5 1 1 0 1 25 2 0 0
cycle 3 1 6 6 0 1 0 1 25 2 0 0
cycle 3 1 6 6 1 1 0 1 25 2 0 0
cycle 3 1 1 5 0 1 0 1 25 2 0 0
cycle 3 1 1 5 1 1 0 1 25 2 0 0
cycle 3 1 2 2 0 1 1 1 62 31 0 0
cycle 3 1 2 2 1 1 1 1 -59 3 49 27
cycle 3 0 0 0 0 1 0 1 -59 3 -57 7
cycle 3 1 2 4 0 0 1 1 22 20 0 0
cycle 3 1 2 4 1 1 1 1 63 13 38 27
cycle 3 1 4 4 0 1 1 1 -15 2 -64 3
cycle 3 1 4 4 1 1 1 1 21 2 -47 19
cycle 3 1 0 7 0 1 0 1 21 2 32 12
cycle 3 0 0 0 0 1 0 1 21 2 0 0
cycle 3 1 0 7 1 0 0 1 21 2 0 0
cycle 3 1 6 3 0 1 0 1 21 2 0 0
cycle 3 1 6 3 1 1 0 1 21 2 0 0
cycle 3 1 4 1 0 1 0 1 21 2 0 0
cycle 3 0 0 0 0 1 0 1 21 2 0 0
cycle 3 1 4 1 1 0 0 1 21 2 0 0
cycle 3 1 5 7 0 1 0 1 21 2 0 0
cycle 3 0 0 0 0 1 0 1 21 2 0 0
cycle 3 1 5 7 1 0 0 1 21 2 0 0
cycle 3 0 0 0 0 1 0 1 21 2 0 0
cycle 3 1 7 7 0 0 0 1 21 2 0 0
cycle 3 1 7 7 1 1 0 1 21 2 0 0
cycle 3 1 0 0 0 1 1 1 -59 26 0 0
cycle 3 0 0 0 0 1 0 1 -59 26 -41 0
cycle 3 1 0 0 1 0 1 1 7 30 0 0
cycle 3 0 0 0 0 1 0 1 7 30 3 27
cycle 3 1 5 1 0 0 0 1 7 30 0 0
cycle 3 1 5 1 1 1 0 1 7 30 0 0
cycle 3 0 0 0 0 1 0 1 7 30 0 0
cycle 3 1 1 5 0 0 0 1 7 30 0 0
cycle 3 1 1 5 1 1 0 1 7 30 0 0
cycle 3 1 0 6 0 1 0 1 7 30 0 0
cycle 3 1 0 6 1 1 0 1 7 30 0 0
cycle 3 1 1 4 0 1 0 1 7 30 0 0
cycle 3 1 1 4 1 1 0 1 7 30 0 0
cycle 3 1 5 1 0 1 0 1 7 30 0 0
cycle 3 0 0 0 0 1 0 1 7 30 0 0
cycle 3 1 5 1 1 0 0 1 7 30 0 0
cycle 3 1 3 0 0 1 0 1 7 30 0 0
cycle 3 1 3 0 1 1 0 1 7 30 0 0
cycle 3 1 7 4 0 1 0 1 7 30 0 0
cycle 3 1 7 4 1 1 0 1 7 30 0 0
cycle 3 1 1 6 0 1 0 1 7 30 0 0
cycle 3 0 0 0 0 1 0 1 7 30 0 0
cycle 3 1 1 6 1 0 0 1 7 30 0 0
cycle 3 1 5 1 0 1 0 1 7 30 0 0
cycle 3 1 5 1 1 1 0 1 7 30 0 0
cycle 3 1 2 0 0 1 1 1 7 31 0 0
cycle 3 1 2 0 1 1 1 1 -57 0 8 28
cycle 3 1 4 4 0 1 1 1 -47 19 -59 18
cycle 3 1 4 4 1 1 1 1 32 12 -42 14
cycle 3 0 0 0 0 1 0 1 32 12 27 19
cycle 3 1 0 1 0 0 0 1 32 12 0 0
cycle 3 1 0 1 1 1 0 1 32 12 0 0
cycle 3 1 3 0 0 1 0 1 32 12 0 0
cycle 3 1 3 0 1 1 0 1 32 12 0 0
cycle 3 1 5 6 0 1 0 1 32 12 0 0
cycle 3 1 5 6 1 1 0 1 32 12 0 0
cycle 3 1 5 6 0 1 0 1 32 12 0 0
cycle 3 1 5 6 1 1 0 1 32 12 0 0
cycle 3 1 6 3 0 1 0 1 32 12 0 0
cycle 3 0 0 0 0 1 0 1 32 12 0 0
cycle 3 1 6 3 1 0 0 1 32 12 0 0
cycle 3 0 0 0 0 1 0 1 32 12 0 0
cycle 3 1 3 2 0 0 0 1 32 12 0 0
cycle 3 1 3 2 1 1 0 1 32 12 0 0
cycle 3 1 1 2 0 1 0 1 32 12 0 0
cycle 3 1 1 2 1 1 0 1 32 12 0 0
cycle 3 1 5 2 0 1 0 1 32 12 0 0
cycle 3 1 5 2 1 1 0 1 32 12 0 0
cycle 3 1 7 4 0 1 0 1 32 12 0 0
cycle 3 1 7 4 1 1 0 1 32 12 0 0
cycle 3 1 5 4 0 1 0 1 32 12 0 0
cycle 3 0 0 0 0 1 0 1 32 12 0 0
cycle 3 1 5 4 1 0 0 1 32 12 0 0
cycle 3 1 6 2 0 1 1 1 63 14 0 0
cycle 3 1 6 2 1 1 1 1 16 3 -6 9
cycle 3 1 4 5 0 1 0 1 16 3 -5 10
cycle 3 1 4 5 1 1 0 1 16 3 0 0
cycle 3 0 0 0 0 1 0 1 16 3 0 0
cycle 3 1 6 5 0 0 0 1 16 3 0 0
cycle 3 1 6 5 1 1 0 1 16 3 0 0
cycle 3 0 0 0 0 1 0 1 16 3 0 0
cycle 3 1 4 4 0 0 1 1 -42 14 0 0
cycle 3 0 0 0 0 1 0 1 -42 14 -1 20
cycle 3 1 4 4 1 0 1 1 27 19 0 0
cycle 3 1 0 3 0 1 0 1 27 19 29 30
cycle 3 1 0 3 1 1 0 1 27 19 0 0
cycle 3 1 2 4 0 1 1 1 38 27 0 0
cycle 3 0 0 0 0 1 0 1 38 27 62 28
cycle 3 1 2 4 1 0 1 1 -64 3 0 0
cycle 3 1 2 4 0 1 1 1 62 28 21 20
cycle 3 1 2 4 1 1 1 1 21 20 -6 3
cycle 3 1 3 2 0 1 0 1 21 20 -41 16
cycle 3 0 0 0 0 1 0 1 21 20 0 0
cycle 3 1 3 2 1 0 0 1 21 20 0 0
cycle 3 1 4 2 0 1 1 1 -7 2 0 0
cycle 3 0 0 0 0 1 0 1 -7 2 -60 11
cycle 3 1 4 2 1 0 1 1 -28 9 0 0
cycle 3 1 1 4 0 1 0 1 -28 9 6 31
cycle 3 1 1 4 1 1 0 1 -28 9 0 0
cycle 3 1 7 4 0 1 0 1 -28 9 0 0
cycle 3 1 7 4 1 1 0 1 -28 9 0 0
cycle 3 1 4 4 0 1 1 1 -1 20 0 0
cycle 3 1 4 4 1 1 1 1 29 30 5 0
cycle 3 1 7 3 0 1 0 1 29 30 17 30
cycle 3 1 7 3 1 1 0 1 29 30 0 0
cycle 3 1 3 4 0 1 0 1 29 30 0 0
cycle 3 1 3 4 1 1 0 1 29 30 0 0
cycle 3 1 4 7 0 1 0 1 29 30 0 0
cycle 3 1 4 7 1 1 0 1 29 30 0 0
cycle 3 1 1 3 0 1 0 1 29 30 0 0
cycle 3 1 1 3 1 1 0 1 29 30 0 0
cycle 3 1 1 6 0 1 0 1 29 30 0 0
cycle 3 1 1 6 1 1 0 1 29 30 0 0
cycle 3 1 4 0 0 1 1 1 63 29 0 0
cycle 3 1 4 0 1 1 1 1 -6 19 -60 31
cycle 3 1 1 7 0 1 0 1 -6 19 39 13
cycle 3 1 1 7 1 1 0 1 -6 19 0 0
cycle 3 1 3 7 0 1 0 1 -6 19 0 0
cycle 3 1 3 7 1 1 0 1 -6 19 0 0
cycle 3 1 0 2 0 1 1 1 20 11 0 0
cycle 3 1 0 2 1 1 1 1 -4 21 50 28
cycle 3 0 0 0 0 1 0 1 -4 21 63 31
cycle 3 1 4 0 0 0 1 1 -60 31 0 0
cycle 3 1 4 0 1 1 1 1 39 13 -29 24
cycle 3 0 0 0 0 1 0 1 39 13 -49 0
cycle 3 1 3 3 0 0 0 1 39 13 0 0
cycle 3 1 3 3 1 1 0 1 39 13 0 0
cycle 3 1 1 1 0 1 0 1 39 13 0 0
cycle 3 1 1 1 1 1 0 1 39 13 0 0
cycle 3 1 7 7 0 1 0 1 39 13 0 0
cycle 3 0 0 0 0 1 0 1 39 13 0 0
cycle 3 1 7 7 1 0 0 1 39 13 0 0
cycle 3 1 4 7 0 1 0 1 39 13 0 0
cycle 3 1 4 7 1 1 0 1 39 13 0 0
cycle 3 1 3 7 0 1 0 1 39 13 0 0
cycle 3 1 3 7 1 1 0 1 39 13 0 0
cycle 3 0 0 0 0 1 0 1 39 13 0 0
cycle 3 1 0 4 0 0 1 1 47 11 0 0
cycle 3 1 0 4 1 1 1 1 -64 14 7 25
cycle 3 1 0 4 0 1 1 1 7 25 12 22
cycle 3 1 0 4 1 1 1 1 12 22 -6 25
cycle 3 1 7 6 0 1 0 1 12 22 -51 8
cycle 3 1 7 6 1 1 0 1 12 22 0 0
cycle 3 1 1 5 0 1 0 1 12 22 0 0
cycle 3 0 0 0 0 1 0 1 12 22 0 0
cycle 3 1 1 5 1 0 0 1 12 22 0 0
cycle 3 1 1 1 0 1 0 1 12 22 0 0
cycle 3 1 1 1 1 1 0 1 12 22 0 0
cycle 3 1 3 7 0 1 0 1 12 22 0 0
cycle 3 1 3 7 1 1 0 1 12 22 0 0
cycle 3 1 5 3 0 1 0 1 12 22 0 0
cycle 3 0 0 0 0 1 0 1 12 22 0 0
cycle 3 1 5 3 1 0 0 1 12 22 0 0
cycle 3 1 1 6 0 1 0 1 12 22 0 0
cycle 3 1 1 6 1 1 0 1 12 22 0 0
cycle 3 1 4 4 0 1 1 1 5 0 0 0
cycle 3 1 4 4 1 1 1 1 17 30 56 1
cycle 3 1 5 1 0 1 0 1 17 30 1 22
cycle 3 1 5 1 1 1 0 1 17 30 0 0
cycle 3 0 0 0 0 1 0 1 17 30 0 0
cycle 3 1 7 2 0 0 0 1 17 30 0 0
cycle 3 1 7 2 1 1 0 1 17 30 0 0
cycle 3 1 3 4 0 1 0 1 17 30 0 0
cycle 3 1 3 4 1 1 0 1 17 30 0 0
cycle 3 1 1 1 0 1 0 1 17 30 0 0
cycle 3 1 1 1 1 1 0 1 17 30 0 0
cycle 3 1 3 0 0 1 0 1 17 30 0 0
cycle 3 1 3 0 1 1 0 1 17 30 0 0
cycle 3 1 4 3 0 1 0 1 17 30 0 0
cycle 3 1 4 3 1 1 0 1 17 30 0 0
cycle 3 1 1 6 0 1 0 1 17 30 0 0
cycle 3 1 1 6 1 1 0 1 17 30 0 0
cycle 3 1 2 4 0 1 1 1 -6 3 0 0
cycle 3 1 2 4 1 1 1 1 -41 16 3 16
cycle 3 1 1 2 0 1 0 1 -41 16 62 6
cycle 3 0 0 0 0 1 0 1 -41 16 0 0
cycle 3 1 1 2 1 0 0 1 -41 16 0 0
cycle 3 1 5 5 0 1 0 1 -41 16 0 0
cycle 3 1 5 5 1 1 0 1 -41 16 0 0
cycle 3 1 5 3 0 1 0 1 -41 16 0 0
cycle 3 1 5 3 1 1 0 1 -41 16 0 0
cycle 3 0 0 0 0 1 0 1 -41 16 0 0
cycle 3 1 2 7 0 0 0 1 -41 16 0 0
cycle 3 1 2 7 1 1 0 1 -41 16 0 0
cycle 3 0 0 0 0 1 0 1 -41 16 0 0
cycle 3 1 7 6 0 0 0 1 -41 16 0 0
cycle 3 0 0 0 0 1 0 1 -41 16 0 0
cycle 3 1 7 6 1 0 0 1 -41 16 0 0
cycle 3 1 2 6 0 1 0 1 -41 16 0 0
cycle 3 1 2 6 1 1 0 1 -41 16 0 0
cycle 3 1 4 2 0 1 1 1 -60 11 0 0
cycle 3 1 4 2 1 1 1 1 6 31 34 1
cycle 3 1 6 1 0 1 0 1 6 31 -64 20
cycle 3 0 0 0 0 1 0 1 6 31 0 0
cycle 3 1 6 1 1 0 0 1 6 31 0 0
cycle 3 1 4 1 0 1 0 1 6 31 0 0
cycle 3 1 4 1 1 1 0 1 6 31 0 0
cycle 3 0 0 0 0 1 0 1 6 31 0 0
cycle 3 1 0 3 0 0 0 1 6 31 0 0
cycle 3 1 0 3 1 1 0 1 6 31 0 0
cycle 3 1 3 4 0 1 0 1 6 31 0 0
cycle 3 1 3 4 1 1 0 1 6 31 0 0
cycle 3 0 0 0 0 1 0 1 6 31 0 0
cycle 3 1 0 1 0 0 0 1 6 31 0 0
cycle 3 1 0 1 1 1 0 1 6 31 0 0
cycle 3 0 0 0 0 1 0 1 6 31 0 0
cycle 3 1 0 6 0 0 0 1 6 31 0 0
cycle 3 1 0 6 1 1 0 1 6 31 0 0
cycle 3 1 0 6 0 1 0 1 6 31 0 0
cycle 3 1 0 6 1 1 0 1 6 31 0 0
cycle 3 1 1 2 0 1 0 1 6 31 0 0
cycle 3 0 0 0 0 1 0 1 6 31 0 0
cycle 3 1 1 2 1 0 0 1 6 31 0 0
cycle 3 1 2 4 0 1 1 1 3 16 0 0
cycle 3 0 0 0 0 1 0 1 3 16 -55 27
cycle 3 1 2 4 1 0 1 1 62 6 0 0
cycle 3 1 2 4 0 1 1 1 -55 27 -26 8
cycle 3 1 2 4 1 1 1 1 -26 8 50 26
cycle 3 1 3 5 0 1 0 1 -26 8 7 17
cycle 3 1 3 5 1 1 0 1 -26 8 0 0
cycle 3 1 7 1 0 1 0 1 -26 8 0 0
cycle 3 1 7 1 1 1 0 1 -26 8 0 0
cycle 3 0 0 0 0 1 0 1 -26 8 0 0
cycle 3 1 0 2 0 0 1 1 50 28 0 0
cycle 3 1 0 2 1 1 1 1 63 31 -51 20
cycle 3 1 1 5 0 1 0 1 63 31 -2 29
cycle 3 1 1 5 1 1 0 1 63 31 0 0
cycle 3 1 5 4 0 1 0 1 63 31 0 0
cycle 3 1 5 4 1 1 0 1 63 31 0 0
cycle 3 1 7 7 0 1 0 1 63 31 0 0
cycle 3 0 0 0 0 1 0 1 63 31 0 0
cycle 3 1 7 7 1 0 0 1 63 31 0 0
cycle 3 1 7 3 0 1 0 1 63 31 0 0
cycle 3 0 0 0 0 1 0 1 63 31 0 0
cycle 3 1 7 3 1 0 0 1 63 31 0 0
cycle 3 1 4 3 0 1 0 1 63 31 0 0
cycle 3 1 4 3 1 1 0 1 63 31 0 0
cycle 3 1 2 2 0 1 1 1 49 27 0 0
cycle 3 1 2 2 1 1 1 1 -57 7 50 0
cycle 3 1 5 1 0 1 0 1 -57 7 -4 16
cycle 3 1 5 1 1 1 0 1 -57 7 0 0
cycle 3 1 1 5 0 1 0 1 -57 7 0 0
cycle 3 0 0 0 0 1 0 1 -57 7 0 0
cycle 3 1 1 5 1 0 0 1 -57 7 0 0
cycle 3 1 4 2 0 1 1 1 34 1 0 0
cycle 3 1 4 2 1 1 1 1 -64 20 -63 31
cycle 3 1 2 6 0 1 0 1 -64 20 2 21
cycle 3 1 2 6 1 1 0 1 -64 20 0 0
cycle 3 0 0 0 0 1 0 1 -64 20 0 0
cycle 3 1 0 2 0 0 1 1 -51 20 0 0
cycle 3 1 0 2 1 1 1 1 -2 29 63 26
cycle 3 0 0 0 0 1 0 1 -2 29 -6 28
cycle 3 1 4 5 0 0 0 1 -2 29 0 0
cycle 3 1 4 5 1 1 0 1 -2 29 0 0
cycle 3 1 4 4 0 1 1 1 56 1 0 0
cycle 3 1 4 4 1 1 1 1 1 22 35 12
cycle 3 1 6 5 0 1 0 1 1 22 59 18
cycle 3 1 6 5 1 1 0 1 1 22 0 0
cycle 3 1 5 7 0 1 0 1 1 22 0 0
cycle 3 0 0 0 0 1 0 1 1 22 0 0
cycle 3 1 5 7 1 0 0 1 1 22 0 0
cycle 3 1 6 1 0 1 0 1 1 22 0 0
cycle 3 1 6 1 1 1 0 1 1 22 0 0
cycle 3 1 7 1 0 1 0 1 1 22 0 0
cycle 3 1 7 1 1 1 0 1 1 22 0 0
cycle 3 1 7 0 0 1 0 1 1 22 0 0
cycle 3 1 7 0 1 1 0 1 1 22 0 0
cycle 3 1 7 0 0 1 0 1 1 22 0 0
cycle 3 1 7 0 1 1 0 1 1 22 0 0
cycle 3 1 7 4 0 1 0 1 1 22 0 0
cycle 3 1 7 4 1 1 0 1 1 22 0 0
cycle 3 1 4 1 0 1 0 1 1 22 0 0
cycle 3 1 4 1 1 1 0 1 1 22 0 0
cycle 3 1 1 6 0 1 0 1 1 22 0 0
cycle 3 0 0 0 0 1 0 1 1 22 0 0
cycle 3 1 1 6 1 0 0 1 1 22 0 0
cycle 3 0 0 0 0 1 0 1 1 22 0 0
cycle 3 1 1 0 0 0 0 1 1 22 0 0
cycle 3 0 0 0 0 1 0 1 1 22 0 0
cycle 3 1 1 0 1 0 0 1 1 22 0 0
cycle 3 1 3 2 0 1 0 1 1 22 0 0
cycle 3 0 0 0 0 1 0 1 1 22 0 0
cycle 3 1 3 2 1 0 0 1 1 22 0 0
cycle 3 1 3 3 0 1 0 1 1 22 0 0
cycle 3 1 3 3 1 1 0 1 1 22 0 0
cycle 3 1 0 1 0 1 0 1 1 22 0 0
cycle 3 0 0 0 0 1 0 1 1 22 0 0
cycle 3 1 0 1 1 0 0 1 1 22 0 0
cycle 3 1 2 2 0 1 1 1 50 0 0 0
cycle 3 1 2 2 1 1 1 1 -4 16 40 25
cycle 3 1 3 1 0 1 0 1 -4 16 -6 12
cycle 3 1 3 1 1 1 0 1 -4 16 0 0
cycle 3 1 6 2 0 1 1 1 -6 9 0 0
cycle 3 0 0 0 0 1 0 1 -6 9 63 1
cycle 3 1 6 2 1 0 1 1 -5 10 0 0
cycle 3 1 3 7 0 1 0 1 -5 10 38 0
cycle 3 1 3 7 1 1 0 1 -5 10 0 0
cycle 3 1 7 3 0 1 0 1 -5 10 0 0
cycle 3 1 7 3 1 1 0 1 -5 10 0 0
cycle 3 0 0 0 0 1 0 1 -5 10 0 0
cycle 3 1 3 3 0 0 0 1 -5 10 0 0
cycle 3 0 0 0 0 1 0 1 -5 10 0 0
cycle 3 1 3 3 1 0 0 1 -5 10 0 0
cycle 3 1 2 4 0 1 1 1 50 26 0 0
cycle 3 1 2 4 1 1 1 1 7 17 59 21
cycle 3 1 5 5 0 1 0 1 7 17 -17 20
cycle 3 0 0 0 0 1 0 1 7 17 0 0
cycle 3 1 5 5 1 0 0 1 7 17 0 0
cycle 3 1 6 5 0 1 0 1 7 17 0 0
cycle 3 0 0 0 0 1 0 1 7 17 0 0
cycle 3 1 6 5 1 0 0 1 7 17 0 0
cycle 3 0 0 0 0 1 0 1 7 17 0 0
cycle 3 1 2 0 0 0 1 1 8 28 0 0
cycle 3 1 2 0 1 1 1 1 -59 18 35 0
cycle 3 1 3 4 0 1 0 1 -59 18 35 22
cycle 3 1 3 4 1 1 0 1 -59 18 0 0
cycle 3 1 7 5 0 1 0 1 -59 18 0 0
cycle 3 0 0 0 0 1 0 1 -59 18 0 0
cycle 3 1 7 5 1 0 0 1 -59 18 0 0
cycle 3 1 2 6 0 1 0 1 -59 18 0 0
cycle 3 1 2 6 1 1 0 1 -59 18 0 0
cycle 3 1 5 4 0 1 0 1 -59 18 0 0
cycle 3 1 5 4 1 1 0 1 -59 18 0 0
cycle 3 1 6 1 0 1 0 1 -59 18 0 0
cycle 3 1 6 1 1 1 0 1 -59 18 0 0
cycle 3 1 3 0 0 1 0 1 -59 18 0 0
cycle 3 1 3 0 1 1 0 1 -59 18 0 0
cycle 3 1 5 2 0 1 0 1 -59 18 0 0
cycle 3 1 5 2 1 1 0 1 -59 18 0 0
cycle 3 1 6 7 0 1 0 1 -59 18 0 0
cycle 3 1 6 7 1 1 0 1 -59 18 0 0
cycle 3 1 6 3 0 1 0 1 -59 18 0 0
cycle 3 1 6 3 1 1 0 1 -59 18 0 0
cycle 3 1 4 7 0 1 0 1 -59 18 0 0
cycle 3 1 4 7 1 1 0 1 -59 18 0 0
cycle 3 1 0 3 0 1 0 1 -59 18 0 0
cycle 3 1 0 3 1 1 0 1 -59 18 0 0
cycle 3 1 2 6 0 1 0 1 -59 18 0 0
cycle 3 1 2 6 1 1 0 1 -59 18 0 0
cycle 3 1 7 3 0 1 0 1 -59 18 0 0
cycle 3 1 7 3 1 1 0 1 -59 18 0 0
cycle 3 0 0 0 0 1 0 1 -59 18 0 0
cycle 3 1 3 5 0 0 0 1 -59 18 0 0
cycle 3 1 3 5 1 1 0 1 -59 18 0 0
cycle 3 1 2 2 0 1 1 1 40 25 0 0
cycle 3 0 0 0 0 1 0 1 40 25 63 4
cycle 3 1 2 2 1 0 1 1 -6 12 0 0
cycle 3 1 1 7 0 1 0 1 -6 12 63 3
cycle 3 0 0 0 0 1 0 1 -6 12 0 0
cycle 3 1 1 7 1 0 0 1 -6 12 0 0
cycle 3 1 4 2 0 1 1 1 -63 31 0 0
cycle 3 1 4 2 1 1 1 1 2 21 -4 30
cycle 3 1 4 0 0 1 1 1 -29 24 39 13
cycle 3 0 0 0 0 1 0 1 -29 24 -45 0
cycle 3 1 4 0 1 0 1 1 -49 0 0 0
cycle 3 1 2 5 0 1 0 1 -49 0 -38 6
cycle 3 1 2 5 1 1 0 1 -49 0 0 0
cycle 3 1 7 5 0 1 0 1 -49 0 0 0
cycle 3 1 7 5 1 1 0 1 -49 0 0 0
cycle 3 1 1 5 0 1 0 1 -49 0 0 0
cycle 3 1 1 5 1 1 0 1 -49 0 0 0
cycle 3 1 5 5 0 1 0 1 -49 0 0 0
cycle 3 1 5 5 1 1 0 1 -49 0 0 0
cycle 3 1 1 4 0 1 0 1 -49 0 0 0
cycle 3 1 1 4 1 1 0 1 -49 0 0 0
cycle 3 1 3 0 0 1 0 1 -49 0 0 0
cycle 3 0 0 0 0 1 0 1 -49 0 0 0
cycle 3 1 3 0 1 0 0 1 -49 0 0 0
cycle 3 1 7 5 0 1 0 1 -49 0 0 0
cycle 3 1 7 5 1 1 0 1 -49 0 0 0
cycle 3 1 6 0 0 1 1 1 51 2 0 0
cycle 3 1 6 0 1 1 1 1 -48 25 -11 18
cycle 3 0 0 0 0 1 0 1 -48 25 63 12
cycle 3 1 3 1 0 0 0 1 -48 25 0 0
cycle 3 1 3 1 1 1 0 1 -48 25 0 0
cycle 3 0 0 0 0 1 0 1 -48 25 0 0
cycle 3 1 7 3 0 0 0 1 -48 25 0 0
cycle 3 0 0 0 0 1 0 1 -48 25 0 0
cycle 3 1 7 3 1 0 0 1 -48 25 0 0
cycle 3 1 5 3 0 1 0 1 -48 25 0 0
cycle 3 1 5 3 1 1 0 1 -48 25 0 0
cycle 3 1 7 0 0 1 0 1 -48 25 0 0
cycle 3 0 0 0 0 1 0 1 -48 25 0 0
cycle 3 1 7 0 1 0 0 1 -48 25 0 0
cycle 3 0 0 0 0 1 0 1 -48 25 0 0
cycle 3 1 1 3 0 0 0 1 -48 25 0 0
cycle 3 0 0 0 0 1 0 1 -48 25 0 0
cycle 3 1 1 3 1 0 0 1 -48 25 0 0
cycle 3 1 4 4 0 1 1 1 35 12 0 0
cycle 3 1 4 4 1 1 1 1 59 18 -7 10
cycle 3 1 6 3 0 1 0 1 59 18 23 10
cycle 3 1 6 3 1 1 0 1 59 18 0 0
cycle 3 1 7 5 0 1 0 1 59 18 0 0
cycle 3 1 7 5 1 1 0 1 59 18 0 0
cycle 3 1 4 1 0 1 0 1 59 18 0 0
cycle 3 1 4 1 1 1 0 1 59 18 0 0
cycle 3 0 0 0 0 1 0 1 59 18 0 0
cycle 3 1 5 1 0 0 0 1 59 18 0 0
cycle 3 1 5 1 1 1 0 1 59 18 0 0
cycle 3 1 0 5 0 1 0 1 59 18 0 0
cycle 3 0 0 0 0 1 0 1 59 18 0 0
cycle 3 1 0 5 1 0 0 1 59 18 0 0
cycle 3 1 1 5 0 1 0 1 59 18 0 0
cycle 3 0 0 0 0 1 0 1 59 18 0 0
cycle 3 1 1 5 1 0 0 1 59 18 0 0
cycle 3 0 0 0 0 1 0 1 59 18 0 0
cycle 3 1 4 3 0 0 0 1 59 18 0 0
cycle 3 0 0 0 0 1 0 1 59 18 0 0
cycle 3 1 4 3 1 0 0 1 59 18 0 0
cycle 3 1 3 1 0 1 0 1 59 18 0 0
cycle 3 1 3 1 1 1 0 1 59 18 0 0
cycle 3 0 0 0 0 1 0 1 59 18 0 0
cycle 3 1 2 5 0 0 0 1 59 18 0 0
cycle 3 0 0 0 0 1 0 1 59 18 0 0
cycle 3 1 2 5 1 0 0 1 59 18 0 0
cycle 3 1 3 5 0 1 0 1 59 18 0 0
cycle 3 0 0 0 0 1 0 1 59 18 0 0
cycle 3 1 3 5 1 0 0 1 59 18 0 0
cycle 3 1 7 1 0 1 0 1 59 18 0 0
cycle 3 0 0 0 0 1 0 1 59 18 0 0
cycle 3 1 7 1 1 0 0 1 59 18 0 0
cycle 3 1 1 5 0 1 0 1 59 18 0 0
cycle 3 1 1 5 1 1 0 1 59 18 0 0
cycle 3 1 2 2 0 1 1 1 63 4 0 0
cycle 3 1 2 2 1 1 1 1 63 3 -45 0
cycle 3 1 7 7 0 1 0 1 63 3 -60 27
cycle 3 1 7 7 1 1 0 1 63 3 0 0
cycle 3 1 7 6 0 1 0 1 63 3 0 0
cycle 3 1 7 6 1 1 0 1 63 3 0 0
cycle 3 0 0 0 0 1 0 1 63 3 0 0
cycle 3 1 0 2 0 0 1 1 63 26 0 0
cycle 3 1 0 2 1 1 1 1 -6 28 -1 30
cycle 3 1 5 7 0 1 0 1 -6 28 -45 5
cycle 3 1 5 7 1 1 0 1 -6 28 0 0
cycle 3 0 0 0 0 1 0 1 -6 28 0 0
cycle 3 1 2 0 0 0 1 1 35 0 0 0
cycle 3 1 2 0 1 1 1 1 35 22 -49 31
cycle 3 1 5 1 0 1 0 1 35 22 17 31
cycle 3 1 5 1 1 1 0 1 35 22 0 0
cycle 3 1 7 1 0 1 0 1 35 22 0 0
cycle 3 1 7 1 1 1 0 1 35 22 0 0
cycle 3 1 1 5 0 1 0 1 35 22 0 0
cycle 3 1 1 5 1 1 0 1 35 22 0 0
cycle 3 1 1 4 0 1 0 1 35 22 0 0
cycle 3 1 1 4 1 1 0 1 35 22 0 0
cycle 3 0 0 0 0 1 0 1 35 22 0 0
cycle 3 1 7 3 0 0 0 1 35 22 0 0
cycle 3 1 7 3 1 1 0 1 35 22 0 0
cycle 3 1 2 1 0 1 0 1 35 22 0 0
cycle 3 1 2 1 1 1 0 1 35 22 0 0
cycle 3 1 3 6 0 1 0 1 35 22 0 0
cycle 3 1 3 6 1 1 0 1 35 22 0 0
cycle 3 1 5 0 0 1 0 1 35 22 0 0
cycle 3 0 0 0 0 1 0 1 35 22 0 0
cycle 3 1 5 0 1 0 0 1 35 22 0 0
cycle 3 1 4 1 0 1 0 1 35 22 0 0
cycle 3 1 4 1 1 1 0 1 35 22 0 0
cycle 3 1 2 6 0 1 0 1 35 22 0 0
cycle 3 1 2 6 1 1 0 1 35 22 0 0
cycle 3 1 6 3 0 1 0 1 35 22 0 0
cycle 3 1 6 3 1 1 0 1 35 22 0 0
cycle 3 1 1 7 0 1 0 1 35 22 0 0
cycle 3 1 1 7 1 1 0 1 35 22 0 0
cycle 3 1 6 4 0 1 1 1 -53 31 0 0
cycle 3 0 0 0 0 1 0 1 -53 31 -13 27
cycle 3 1 6 4 1 0 1 1 58 5 0 0
cycle 3 1 3 6 0 1 0 1 58 5 -39 24
cycle 3 1 3 6 1 1 0 1 58 5 0 0
cycle 3 1 3 1 0 1 0 1 58 5 0 0
cycle 3 1 3 1 1 1 0 1 58 5 0 0
cycle 3 1 7 2 0 1 0 1 58 5 0 0
cycle 3 1 7 2 1 1 0 1 58 5 0 0
cycle 3 1 5 3 0 1 0 1 58 5 0 0
cycle 3 1 5 3 1 1 0 1 58 5 0 0
cycle 3 1 7 3 0 1 0 1 58 5 0 0
cycle 3 1 7 3 1 1 0 1 58 5 0 0
cycle 3 1 4 3 0 1 0 1 58 5 0 0
cycle 3 1 4 3 1 1 0 1 58 5 0 0
cycle 3 1 7 6 0 1 0 1 58 5 0 0
cycle 3 1 7 6 1 1 0 1 58 5 0 0
cycle 3 1 4 1 0 1 0 1 58 5 0 0
cycle 3 1 4 1 1 1 0 1 58 5 0 0
cycle 3 1 2 6 0 1 0 1 58 5 0 0
cycle 3 1 2 6 1 1 0 1 58 5 0 0
cycle 3 1 7 7 0 1 0 1 58 5 0 0
cycle 3 1 7 7 1 1 0 1 58 5 0 0
cycle 3 1 7 0 0 1 0 1 58 5 0 0
cycle 3 0 0 0 0 1 0 1 58 5 0 0
cycle 3 1 7 0 1 0 0 1 58 5 0 0
cycle 3 1 3 0 0 1 0 1 58 5 0 0
cycle 3 0 0 0 0 1 0 1 58 5 0 0
cycle 3 1 3 0 1 0 0 1 58 5 0 0
cycle 3 1 0 2 0 1 1 1 -1 30 0 0
cycle 3 1 0 2 1 1 1 1 -45 5 48 20
cycle 3 0 0 0 0 1 0 1 -45 5 -61 24
cycle 3 1 4 3 0 0 0 1 -45 5 0 0
cycle 3 1 4 3 1 1 0 1 -45 5 0 0
cycle 3 1 3 7 0 1 0 1 -45 5 0 0
cycle 3 0 0 0 0 1 0 1 -45 5 0 0
cycle 3 1 3 7 1 0 0 1 -45 5 0 0
cycle 3 1 7 0 0 1 0 1 -45 5 0 0
cycle 3 1 7 0 1 1 0 1 -45 5 0 0
cycle 3 1 2 6 0 1 0 1 -45 5 0 0
cycle 3 1 2 6 1 1 0 1 -45 5 0 0
cycle 3 1 2 3 0 1 0 1 -45 5 0 0
cycle 3 1 2 3 1 1 0 1 -45 5 0 0
cycle 3 1 4 1 0 1 0 1 -45 5 0 0
cycle 3 1 4 1 1 1 0 1 -45 5 0 0
cycle 3 1 3 2 0 1 0 1 -45 5 0 0
cycle 3 0 0 0 0 1 0 1 -45 5 0 0
cycle 3 1 3 2 1 0 0 1 -45 5 0 0
cycle 3 1 3 3 0 1 0 1 -45 5 0 0
cycle 3 0 0 0 0 1 0 1 -45 5 0 0
cycle 3 1 3 3 1 0 0 1 -45 5 0 0
cycle 3 1 0 1 0 1 0 1 -45 5 0 0
cycle 3 0 0 0 0 1 0 1 -45 5 0 0
cycle 3 1 0 1 1 0 0 1 -45 5 0 0
cycle 3 0 0 0 0 1 0 1 -45 5 0 0
cycle 3 1 5 2 0 0 0 1 -45 5 0 0
cycle 3 1 5 2 1 1 0 1 -45 5 0 0
cycle 3 1 7 3 0 1 0 1 -45 5 0 0
cycle 3 1 7 3 1 1 0 1 -45 5 0 0
cycle 3 1 2 7 0 1 0 1 -45 5 0 0
cycle 3 1 2 7 1 1 0 1 -45 5 0 0
cycle 3 1 1 3 0 1 0 1 -45 5 0 0
cycle 3 1 1 3 1 1 0 1 -45 5 0 0
cycle 3 1 6 7 0 1 0 1 -45 5 0 0
cycle 3 1 6 7 1 1 0 1 -45 5 0 0
cycle 3 1 7 0 0 1 0 1 -45 5 0 0
cycle 3 1 7 0 1 1 0 1 -45 5 0 0
cycle 3 1 4 0 0 1 1 1 -45 0 0 0
cycle 3 1 4 0 1 1 1 1 -38 6 41 0
cycle 3 1 3 0 0 1 0 1 -38 6 -55 0
cycle 3 1 3 0 1 1 0 1 -38 6 0 0
cycle 3 1 2 5 0 1 0 1 -38 6 0 0
cycle 3 1 2 5 1 1 0 1 -38 6 0 0
cycle 3 0 0 0 0 1 0 1 -38 6 0 0
cycle 3 1 6 1 0 0 0 1 -38 6 0 0
cycle 3 1 6 1 1 1 0 1 -38 6 0 0
cycle 3 1 3 4 0 1 0 1 -38 6 0 0
cycle 3 1 3 4 1 1 0 1 -38 6 0 0
cycle 3 0 0 0 0 1 0 1 -38 6 0 0
cycle 3 1 6 6 0 0 0 1 -38 6 0 0
cycle 3 1 6 6 1 1 0 1 -38 6 0 0
cycle 3 0 0 0 0 1 0 1 -38 6 0 0
cycle 3 1 7 2 0 0 0 1 -38 6 0 0
cycle 3 1 7 2 1 1 0 1 -38 6 0 0
cycle 3 0 0 0 0 1 0 1 -38 6 0 0
cycle 3 1 4 1 0 0 0 1 -38 6 0 0
cycle 3 0 0 0 0 1 0 1 -38 6 0 0
cycle 3 1 4 1 1 0 0 1 -38 6 0 0
cycle 3 1 0 5 0 1 0 1 -38 6 0 0
cycle 3 1 0 5 1 1 0 1 -38 6 0 0
cycle 3 1 3 3 0 1 0 1 -38 6 0 0
cycle 3 1 3 3 1 1 0 1 -38 6 0 0
cycle 3 1 4 1 0 1 0 1 -38 6 0 0
cycle 3 1 4 1 1 1 0 1 -38 6 0 0
cycle 3 1 5 0 0 1 0 1 -38 6 0 0
cycle 3 0 0 0 0 1 0 1 -38 6 0 0
cycle 3 1 5 0 1 0 0 1 -38 6 0 0
cycle 3 1 0 5 0 1 0 1 -38 6 0 0
cycle 3 0 0 0 0 1 0 1 -38 6 0 0
cycle 3 1 0 5 1 0 0 1 -38 6 0 0
cycle 3 0 0 0 0 1 0 1 -38 6 0 0
cycle 3 1 3 6 0 0 0 1 -38 6 0 0
cycle 3 1 3 6 1 1 0 1 -38 6 0 0
cycle 3 1 6 7 0 1 0 1 -38 6 0 0
cycle 3 1 6 7 1 1 0 1 -38 6 0 0
cycle 3 1 1 4 0 1 0 1 -38 6 0 0
cycle 3 1 1 4 1 1 0 1 -38 6 0 0
cycle 3 1 7 1 0 1 0 1 -38 6 0 0
cycle 3 0 0 0 0 1 0 1 -38 6 0 0
cycle 3 1 7 1 1 0 0 1 -38 6 0 0
cycle 3 1 6 1 0 1 0 1 -38 6 0 0
cycle 3 0 0 0 0 1 0 1 -38 6 0 0
cycle 3 1 6 1 1 0 0 1 -38 6 0 0
cycle 3 0 0 0 0 1 0 1 -38 6 0 0
cycle 3 1 2 3 0 0 0 1 -38 6 0 0
cycle 3 1 2 3 1 1 0 1 -38 6 0 0
cycle 3 0 0 0 0 1 0 1 -38 6 0 0
cycle 3 1 3 6 0 0 0 1 -38 6 0 0
cycle 3 1 3 6 1 1 0 1 -38 6 0 0
cycle 3 1 6 5 0 1 0 1 -38 6 0 0
cycle 3 1 6 5 1 1 0 1 -38 6 0 0
cycle 3 1 3 2 0 1 0 1 -38 6 0 0
cycle 3 1 3 2 1 1 0 1 -38 6 0 0
cycle 3 1 2 6 0 1 0 1 -38 6 0 0
cycle 3 1 2 6 1 1 0 1 -38 6 0 0
cycle 3 1 2 3 0 1 0 1 -38 6 0 0
cycle 3 1 2 3 1 1 0 1 -38 6 0 0
cycle 3 1 2 7 0 1 0 1 -38 6 0 0
cycle 3 1 2 7 1 1 0 1 -38 6 0 0
cycle 3 1 3 3 0 1 0 1 -38 6 0 0
cycle 3 1 3 3 1 1 0 1 -38 6 0 0
cycle 3 1 6 6 0 1 0 1 -38 6 0 0
cycle 3 0 0 0 0 1 0 1 -38 6 0 0
cycle 3 1 6 6 1 0 0 1 -38 6 0 0
cycle 3 1 1 0 0 1 0 1 -38 6 0 0
cycle 3 1 1 0 1 1 0 1 -38 6 0 0
cycle 3 1 6 5 0 1 0 1 -38 6 0 0
cycle 3 0 0 0 0 1 0 1 -38 6 0 0
cycle 3 1 6 5 1 0 0 1 -38 6 0 0
cycle 3 0 0 0 0 1 0 1 -38 6 0 0
cycle 3 1 7 3 0 0 0 1 -38 6 0 0
cycle 3 1 7 3 1 1 0 1 -38 6 0 0
cycle 3 1 1 3 0 1 0 1 -38 6 0 0
cycle 3 1 1 3 1 1 0 1 -38 6 0 0
cycle 3 1 1 1 0 1 0 1 -38 6 0 0
cycle 3 1 1 1 1 1 0 1 -38 6 0 0
cycle 3 1 5 7 0 1 0 1 -38 6 0 0
cycle 3 0 0 0 0 1 0 1 -38 6 0 0
cycle 3 1 5 7 1 0 0 1 -38 6 0 0
cycle 3 1 2 1 0 1 0 1 -38 6 0 0
cycle 3 1 2 1 1 1 0 1 -38 6 0 0
cycle 3 1 6 4 0 1 1 1 -13 27 0 0
cycle 3 1 6 4 1 1 1 1 -39 24 -21 29
cycle 3 1 5 4 0 1 0 1 -39 24 -42 16
cycle 3 1 5 4 1 1 0 1 -39 24 0 0
cycle 3 1 5 6 0 1 0 1 -39 24 0 0
cycle 3 1 5 6 1 1 0 1 -39 24 0 0
cycle 3 1 0 3 0 1 0 1 -39 24 0 0
cycle 3 1 0 3 1 1 0 1 -39 24 0 0
cycle 3 0 0 0 0 1 0 1 -39 24 0 0
cycle 3 1 6 6 0 0 0 1 -39 24 0 0
cycle 3 1 6 6 1 1 0 1 -39 24 0 0
cycle 3 0 0 0 0 1 0 1 -39 24 0 0
cycle 3 1 6 4 0 0 1 1 -21 29 0 0
cycle 3 1 6 4 1 1 1 1 -42 16 10 8
cycle 3 1 2 7 0 1 0 1 -42 16 -22 6
cycle 3 1 2 7 1 1 0 1 -42 16 0 0
cycle 3 1 7 5 0 1 0 1 -42 16 0 0
cycle 3 1 7 5 1 1 0 1 -42 16 0 0
cycle 3 1 3 7 0 1 0 1 -42 16 0 0
cycle 3 0 0 0 0 1 0 1 -42 16 0 0
cycle 3 1 3 7 1 0 0 1 -42 16 0 0
cycle 3 1 2 7 0 1 0 1 -42 16 0 0
cycle 3 1 2 7 1 1 0 1 -42 16 0 0
cycle 3 1 5 6 0 1 0 1 -42 16 0 0
cycle 3 0 0 0 0 1 0 1 -42 16 0 0
cycle 3 1 5 6 1 0 0 1 -42 16 0 0
cycle 3 1 5 0 0 1 0 1 -42 16 0 0
cycle 3 1 5 0 1 1 0 1 -42 16 0 0
cycle 3 1 0 0 0 1 1 1 -41 0 0 0
cycle 3 0 0 0 0 1 0 1 -41 0 34 22
cycle 3 1 0 0 1 0 1 1 3 27 0 0
cycle 3 1 7 4 0 1 0 1 3 27 20 31
cycle 3 1 7 4 1 1 0 1 3 27 0 0
cycle 3 0 0 0 0 1 0 1 3 27 0 0
cycle 3 1 7 2 0 0 0 1 3 27 0 0
cycle 3 1 7 2 1 1 0 1 3 27 0 0
cycle 3 1 4 3 0 1 0 1 3 27 0 0
cycle 3 0 0 0 0 1 0 1 3 27 0 0
cycle 3 1 4 3 1 0 0 1 3 27 0 0
cycle 3 1 5 1 0 1 0 1 3 27 0 0
cycle 3 1 5 1 1 1 0 1 3 27 0 0
cycle 3 1 6 6 0 1 0 1 3 27 0 0
cycle 3 0 0 0 0 1 0 1 3 27 0 0
cycle 3 1 6 6 1 0 0 1 3 27 0 0
cycle 3 1 5 6 0 1 0 1 3 27 0 0
cycle 3 1 5 6 1 1 0 1 3 27 0 0
cycle 3 1 7 1 0 1 0 1 3 27 0 0
cycle 3 0 0 0 0 1 0 1 3 27 0 0
cycle 3 1 7 1 1 0 0 1 3 27 0 0
cycle 3 1 6 4 0 1 1 1 10 8 0 0
cycle 3 1 6 4 1 1 1 1 -22 6 -53 10
cycle 3 1 6 3 0 1 0 1 -22 6 -3 24
cycle 3 1 6 3 1 1 0 1 -22 6 0 0
cycle 3 1 0 6 0 1 0 1 -22 6 0 0
cycle 3 1 0 6 1 1 0 1 -22 6 0 0
cycle 3 1 1 3 0 1 0 1 -22 6 0 0
cycle 3 0 0 0 0 1 0 1 -22 6 0 0
cycle 3 1 1 3 1 0 0 1 -22 6 0 0
cycle 3 1 5 5 0 1 0 1 -22 6 0 0
cycle 3 0 0 0 0 1 0 1 -22 6 0 0
cycle 3 1 5 5 1 0 0 1 -22 6 0 0
cycle 3 1 0 4 0 1 1 1 -6 25 0 0
cycle 3 1 0 4 1 1 1 1 -51 8 -57 9
cycle 3 1 0 7 0 1 0 1 -51 8 -16 3
cycle 3 1 0 7 1 1 0 1 -51 8 0 0
cycle 3 1 4 3 0 1 0 1 -51 8 0 0
cycle 3 1 4 3 1 1 0 1 -51 8 0 0
cycle 3 1 3 7 0 1 0 1 -51 8 0 0
cycle 3 1 3 7 1 1 0 1 -51 8 0 0
cycle 3 1 5 3 0 1 0 1 -51 8 0 0
cycle 3 0 0 0 0 1 0 1 -51 8 0 0
cycle 3 1 5 3 1 0 0 1 -51 8 0 0
cycle 3 1 5 1 0 1 0 1 -51 8 0 0
cycle 3 1 5 1 1 1 0 1 -51 8 0 0
cycle 3 1 3 6 0 1 0 1 -51 8 0 0
cycle 3 1 3 6 1 1 0 1 -51 8 0 0
cycle 3 1 6 2 0 1 1 1 63 1 0 0
cycle 3 0 0 0 0 1 0 1 63 1 -52 12
cycle 3 1 6 2 1 0 1 1 38 0 0 0
cycle 3 1 3 4 0 1 0 1 38 0 -16 8
cycle 3 1 3 4 1 1 0 1 38 0 0 0
cycle 3 1 6 5 0 1 0 1 38 0 0 0
cycle 3 1 6 5 1 1 0 1 38 0 0 0
cycle 3 1 4 1 0 1 0 1 38 0 0 0
cycle 3 1 4 1 1 1 0 1 38 0 0 0
cycle 3 1 3 0 0 1 0 1 38 0 0 0
cycle 3 1 3 0 1 1 0 1 38 0 0 0
cycle 3 1 5 7 0 1 0 1 38 0 0 0
cycle 3 1 5 7 1 1 0 1 38 0 0 0
cycle 3 1 4 6 0 1 0 1 38 0 0 0
cycle 3 1 4 6 1 1 0 1 38 0 0 0
cycle 3 1 3 0 0 1 0 1 38 0 0 0
cycle 3 1 3 0 1 1 0 1 38 0 0 0
cycle 3 0 0 0 0 1 0 1 38 0 0 0
cycle 3 1 3 6 0 0 0 1 38 0 0 0
cycle 3 0 0 0 0 1 0 1 38 0 0 0
cycle 3 1 3 6 1 0 0 1 38 0 0 0
cycle 3 0 0 0 0 1 0 1 38 0 0 0
cycle 3 1 5 2 0 0 0 1 38 0 0 0
cycle 3 1 5 2 1 1 0 1 38 0 0 0
cycle 3 1 6 1 0 1 0 1 38 0 0 0
cycle 3 1 6 1 1 1 0 1 38 0 0 0
cycle 3 1 2 6 0 1 0 1 38 0 0 0
cycle 3 1 2 6 1 1 0 1 38 0 0 0
cycle 3 1 2 6 0 1 0 1 38 0 0 0
cycle 3 1 2 6 1 1 0 1 38 0 0 0
cycle 3 1 7 6 0 1 0 1 38 0 0 0
cycle 3 1 7 6 1 1 0 1 38 0 0 0
cycle 3 1 6 1 0 1 0 1 38 0 0 0
cycle 3 1 6 1 1 1 0 1 38 0 0 0
cycle 3 0 0 0 0 1 0 1 38 0 0 0
cycle 3 1 4 5 0 0 0 1 38 0 0 0
cycle 3 1 4 5 1 1 0 1 38 0 0 0
cycle 3 1 7 3 0 1 0 1 38 0 0 0
cycle 3 1 7 3 1 1 0 1 38 0 0 0
cycle 3 1 1 2 0 1 0 1 38 0 0 0
cycle 3 1 1 2 1 1 0 1 38 0 0 0
cycle 3 0 0 0 0 1 0 1 38 0 0 0
cycle 3 1 3 5 0 0 0 1 38 0 0 0
cycle 3 1 3 5 1 1 0 1 38 0 0 0
cycle 3 1 1 6 0 1 0 1 38 0 0 0
cycle 3 1 1 6 1 1 0 1 38 0 0 0
cycle 3 0 0 0 0 1 0 1 38 0 0 0
cycle 3 1 7 2 0 0 0 1 38 0 0 0
cycle 3 1 7 2 1 1 0 1 38 0 0 0
cycle 3 1 7 1 0 1 0 1 38 0 0 0
cycle 3 1 7 1 1 1 0 1 38 0 0 0
cycle 3 0 0 0 0 1 0 1 38 0 0 0
cycle 3 1 1 7 0 0 0 1 38 0 0 0
cycle 3 1 1 7 1 1 0 1 38 0 0 0
cycle 3 1 4 7 0 1 0 1 38 0 0 0
cycle 3 1 4 7 1 1 0 1 38 0 0 0
cycle 3 1 3 2 0 1 0 1 38 0 0 0
cycle 3 1 3 2 1 1 0 1 38 0 0 0
cycle 3 1 2 6 0 1 0 1 38 0 0 0
cycle 3 1 2 6 1 1 0 1 38 0 0 0
cycle 3 1 0 0 0 1 1 1 34 22 0 0
cycle 3 1 0 0 1 1 1 1 20 31 0 6
cycle 3 1 4 7 0 1 0 1 20 31 19 20
cycle 3 1 4 7 1 1 0 1 20 31 0 0
cycle 3 0 0 0 0 1 0 1 20 31 0 0
cycle 3 1 1 6 0 0 0 1 20 31 0 0
cycle 3 1 1 6 1 1 0 1 20 31 0 0
cycle 3 1 5 1 0 1 0 1 20 31 0 0
cycle 3 1 5 1 1 1 0 1 20 31 0 0
cycle 3 1 5 2 0 1 0 1 20 31 0 0
cycle 3 0 0 0 0 1 0 1 20 31 0 0
cycle 3 1 5 2 1 0 0 1 20 31 0 0
cycle 3 1 4 4 0 1 1 1 -7 10 0 0
cycle 3 1 4 4 1 1 1 1 23 10 52 20
cycle 3 1 1 2 0 1 0 1 23 10 -21 2
cycle 3 1 1 2 1 1 0 1 23 10 0 0
cycle 3 1 5 5 0 1 0 1 23 10 0 0
cycle 3 1 5 5 1 1 0 1 23 10 0 0
cycle 3 1 1 4 0 1 0 1 23 10 0 0
cycle 3 1 1 4 1 1 0 1 23 10 0 0
cycle 3 1 0 1 0 1 0 1 23 10 0 0
cycle 3 1 0 1 1 1 0 1 23 10 0 0
cycle 3 1 7 4 0 1 0 1 23 10 0 0
cycle 3 1 7 4 1 1 0 1 23 10 0 0
cycle 3 1 7 0 0 1 0 1 23 10 0 0
cycle 3 1 7 0 1 1 0 1 23 10 0 0
cycle 3 1 1 0 0 1 0 1 23 10 0 0
cycle 3 1 1 0 1 1 0 1 23 10 0 0
cycle 3 1 2 1 0 1 0 1 23 10 0 0
cycle 3 1 2 1 1 1 0 1 23 10 0 0
cycle 3 1 3 2 0 1 0 1 23 10 0 0
cycle 3 0 0 0 0 1 0 1 23 10 0 0
cycle 3 1 3 2 1 0 0 1 23 10 0 0
cycle 3 1 5 0 0 1 0 1 23 10 0 0
cycle 3 1 5 0 1 1 0 1 23 10 0 0
cycle 3 1 3 7 0 1 0 1 23 10 0 0
cycle 3 1 3 7 1 1 0 1 23 10 0 0
cycle 3 1 6 1 0 1 0 1 23 10 0 0
cycle 3 0 0 0 0 1 0 1 23 10 0 0
cycle 3 1 6 1 1 0 0 1 23 10 0 0
cycle 3 1 1 2 0 1 0 1 23 10 0 0
cycle 3 1 1 2 1 1 0 1 23 10 0 0
cycle 3 1 7 3 0 1 0 1 23 10 0 0
cycle 3 0 0 0 0 1 0 1 23 10 0 0
cycle 3 1 7 3 1 0 0 1 23 10 0 0
cycle 3 1 1 7 0 1 0 1 23 10 0 0
cycle 3 1 1 7 1 1 0 1 23 10 0 0
cycle 3 1 6 2 0 1 1 1 -52 12 0 0
cycle 3 0 0 0 0 1 0 1 -52 12 -64 26
cycle 3 1 6 2 1 0 1 1 -16 8 0 0
cycle 3 1 5 3 0 1 0 1 -16 8 -35 25
cycle 3 1 5 3 1 1 0 1 -16 8 0 0
cycle 3 0 0 0 0 1 0 1 -16 8 0 0
cycle 3 1 0 2 0 0 1 1 48 20 0 0
cycle 3 1 0 2 1 1 1 1 -61 24 -64 9
cycle 3 1 3 7 0 1 0 1 -61 24 -9 4
cycle 3 1 3 7 1 1 0 1 -61 24 0 0
cycle 3 1 4 2 0 1 1 1 -4 30 0 0
cycle 3 1 4 2 1 1 1 1 39 13 -38 17
cycle 3 1 1 0 0 1 0 1 39 13 53 3
cycle 3 1 1 0 1 1 0 1 39 13 0 0
cycle 3 1 4 5 0 1 0 1 39 13 0 0
cycle 3 1 4 5 1 1 0 1 39 13 0 0
cycle 3 1 5 5 0 1 0 1 39 13 0 0
cycle 3 1 5 5 1 1 0 1 39 13 0 0
cycle 3 1 1 2 0 1 0 1 39 13 0 0
cycle 3 1 1 2 1 1 0 1 39 13 0 0
cycle 3 1 4 1 0 1 0 1 39 13 0 0
cycle 3 1 4 1 1 1 0 1 39 13 0 0
cycle 3 1 5 3 0 1 0 1 39 13 0 0
cycle 3 1 5 3 1 1 0 1 39 13 0 0
cycle 3 0 0 0 0 1 0 1 39 13 0 0
cycle 3 1 6 3 0 0 0 1 39 13 0 0
cycle 3 1 6 3 1 1 0 1 39 13 0 0
cycle 3 1 2 7 0 1 0 1 39 13 0 0
cycle 3 0 0 0 0 1 0 1 39 13 0 0
cycle 3 1 2 7 1 0 0 1 39 13 0 0
cycle 3 1 7 6 0 1 0 1 39 13 0 0
cycle 3 1 7 6 1 1 0 1 39 13 0 0
cycle 3 1 4 4 0 1 1 1 52 20 0 0
cycle 3 1 4 4 1 1 1 1 -21 2 62 28
cycle 3 1 1 1 0 1 0 1 -21 2 -60 23
cycle 3 1 1 1 1 1 0 1 -21 2 0 0
cycle 3 1 6 5 0 1 0 1 -21 2 0 0
cycle 3 1 6 5 1 1 0 1 -21 2 0 0
cycle 3 1 3 6 0 1 0 1 -21 2 0 0
cycle 3 1 3 6 1 1 0 1 -21 2 0 0
cycle 3 1 1 0 0 1 0 1 -21 2 0 0
cycle 3 1 1 0 1 1 0 1 -21 2 0 0
cycle 3 1 4 3 0 1 0 1 -21 2 0 0
cycle 3 1 4 3 1 1 0 1 -21 2 0 0
cycle 3 0 0 0 0 1 0 1 -21 2 0 0
cycle 3 1 1 2 0 0 0 1 -21 2 0 0
cycle 3 1 1 2 1 1 0 1 -21 2 0 0
cycle 3 1 1 4 0 1 0 1 -21 2 0 0
cycle 3 1 1 4 1 1 0 1 -21 2 0 0
cycle 3 1 3 5 0 1 0 1 -21 2 0 0
cycle 3 0 0 0 0 1 0 1 -21 2 0 0
cycle 3 1 3 5 1 0 0 1 -21 2 0 0
cycle 3 1 0 1 0 1 0 1 -21 2 0 0
cycle 3 1 0 1 1 1 0 1 -21 2 0 0
cycle 3 1 2 3 0 1 0 1 -21 2 0 0
cycle 3 1 2 3 1 1 0 1 -21 2 0 0
cycle 3 1 6 7 0 1 0 1 -21 2 0 0
cycle 3 1 6 7 1 1 0 1 -21 2 0 0
cycle 3 1 0 0 0 1 1 1 0 6 0 0
cycle 3 1 0 0 1 1 1 1 19 20 39 10
cycle 3 1 6 2 0 1 1 1 -64 26 63 20
cycle 3 0 0 0 0 1 0 1 -64 26 -49 24
cycle 3 1 6 2 1 0 1 1 -35 25 0 0
cycle 3 1 7 2 0 1 0 1 -35 25 28 27
cycle 3 1 7 2 1 1 0 1 -35 25 0 0
cycle 3 1 6 3 0 1 0 1 -35 25 0 0
cycle 3 1 6 3 1 1 0 1 -35 25 0 0
cycle 3 1 0 6 0 1 0 1 -35 25 0 0
cycle 3 1 0 6 1 1 0 1 -35 25 0 0
cycle 3 1 1 3 0 1 0 1 -35 25 0 0
cycle 3 1 1 3 1 1 0 1 -35 25 0 0
cycle 3 0 0 0 0 1 0 1 -35 25 0 0
cycle 3 1 1 7 0 0 0 1 -35 25 0 0
cycle 3 1 1 7 1 1 0 1 -35 25 0 0
cycle 3 0 0 0 0 1 0 1 -35 25 0 0
cycle 3 1 2 4 0 0 1 1 59 21 0 0
cycle 3 1 2 4 1 1 1 1 -17 20 33 2
cycle 3 1 0 3 0 1 0 1 -17 20 42 10
cycle 3 1 0 3 1 1 0 1 -17 20 0 0
cycle 3 1 1 2 0 1 0 1 -17 20 0 0
cycle 3 1 1 2 1 1 0 1 -17 20 0 0
cycle 3 0 0 0 0 1 0 1 -17 20 0 0
cycle 3 1 1 6 0 0 0 1 -17 20 0 0
cycle 3 1 1 6 1 1 0 1 -17 20 0 0
cycle 3 0 0 0 0 1 0 1 -17 20 0 0
cycle 3 1 7 5 0 0 0 1 -17 20 0 0
cycle 3 1 7 5 1 1 0 1 -17 20 0 0
cycle 3 1 4 1 0 1 0 1 -17 20 0 0
cycle 3 1 4 1 1 1 0 1 -17 20 0 0
cycle 3 0 0 0 0 1 0 1 -17 20 0 0
cycle 3 1 4 1 0 0 0 1 -17 20 0 0
cycle 3 1 4 1 1 1 0 1 -17 20 0 0
cycle 3 1 3 1 0 1 0 1 -17 20 0 0
cycle 3 1 3 1 1 1 0 1 -17 20 0 0
cycle 3 1 1 7 0 1 0 1 -17 20 0 0
cycle 3 1 1 7 1 1 0 1 -17 20 0 0
cycle 3 1 3 3 0 1 0 1 -17 20 0 0
cycle 3 1 3 3 1 1 0 1 -17 20 0 0
cycle 3 1 3 6 0 1 0 1 -17 20 0 0
cycle 3 0 0 0 0 1 0 1 -17 20 0 0
cycle 3 1 3 6 1 0 0 1 -17 20 0 0
cycle 3 1 3 7 0 1 0 1 -17 20 0 0
cycle 3 1 3 7 1 1 0 1 -17 20 0 0
cycle 3 0 0 0 0 1 0 1 -17 20 0 0
cycle 3 1 2 1 0 0 0 1 -17 20 0 0
cycle 3 1 2 1 1 1 0 1 -17 20 0 0
cycle 3 1 1 0 0 1 0 1 -17 20 0 0
cycle 3 0 0 0 0 1 0 1 -17 20 0 0
cycle 3 1 1 0 1 0 0 1 -17 20 0 0
cycle 3 1 0 1 0 1 0 1 -17 20 0 0
cycle 3 1 0 1 1 1 0 1 -17 20 0 0
cycle 3 0 0 0 0 1 0 1 -17 20 0 0
cycle 3 1 2 6 0 0 0 1 -17 20 0 0
cycle 3 0 0 0 0 1 0 1 -17 20 0 0
cycle 3 1 2 6 1 0 0 1 -17 20 0 0
cycle 3 1 2 0 0 1 1 1 -49 31 0 0
cycle 3 1 2 0 1 1 1 1 17 31 -26 0
cycle 3 1 3 4 0 1 0 1 17 31 -64 16
cycle 3 1 3 4 1 1 0 1 17 31 0 0
cycle 3 1 0 1 0 1 0 1 17 31 0 0
cycle 3 1 0 1 1 1 0 1 17 31 0 0
cycle 3 1 7 6 0 1 0 1 17 31 0 0
cycle 3 1 7 6 1 1 0 1 17 31 0 0
cycle 3 0 0 0 0 1 0 1 17 31 0 0
cycle 3 1 5 3 0 0 0 1 17 31 0 0
cycle 3 1 5 3 1 1 0 1 17 31 0 0
cycle 3 1 1 4 0 1 0 1 17 31 0 0
cycle 3 1 1 4 1 1 0 1 17 31 0 0
cycle 3 1 6 2 0 1 1 1 -49 24 0 0
cycle 3 0 0 0 0 1 0 1 -49 24 49 26
cycle 3 1 6 2 1 0 1 1 28 27 0 0
cycle 3 1 3 3 0 1 0 1 28 27 -36 12
cycle 3 1 3 3 1 1 0 1 28 27 0 0
cycle 3 1 5 0 0 1 0 1 28 27 0 0
cycle 3 0 0 0 0 1 0 1 28 27 0 0
cycle 3 1 5 0 1 0 0 1 28 27 0 0
cycle 3 1 5 6 0 1 0 1 28 27 0 0
cycle 3 1 5 6 1 1 0 1 28 27 0 0
cycle 3 1 0 7 0 1 0 1 28 27 0 0
cycle 3 1 0 7 1 1 0 1 28 27 0 0
cycle 3 1 4 6 0 1 0 1 28 27 0 0
cycle 3 1 4 6 1 1 0 1 28 27 0 0
cycle 3 0 0 0 0 1 0 1 28 27 0 0
cycle 3 1 2 3 0 0 0 1 28 27 0 0
cycle 3 0 0 0 0 1 0 1 28 27 0 0
cycle 3 1 2 3 1 0 0 1 28 27 0 0
cycle 3 1 5 6 0 1 0 1 28 27 0 0
cycle 3 1 5 6 1 1 0 1 28 27 0 0
cycle 3 1 4 0 0 1 1 1 41 0 0 0
cycle 3 0 0 0 0 1 0 1 41 0 -64 24
cycle 3 1 4 0 1 0 1 1 -55 0 0 0
cycle 3 1 4 5 0 1 0 1 -55 0 39 13
cycle 3 1 4 5 1 1 0 1 -55 0 0 0
cycle 3 0 0 0 0 1 0 1 -55 0 0 0
cycle 3 1 2 6 0 0 0 1 -55 0 0 0
cycle 3 1 2 6 1 1 0 1 -55 0 0 0
cycle 3 1 6 2 0 1 1 1 49 26 0 0
cycle 3 1 6 2 1 1 1 1 -36 12 -45 2
cycle 3 1 2 6 0 1 0 1 -36 12 63 0
cycle 3 1 2 6 1 1 0 1 -36 12 0 0
cycle 3 1 5 0 0 1 0 1 -36 12 0 0
cycle 3 0 0 0 0 1 0 1 -36 12 0 0
cycle 3 1 5 0 1 0 0 1 -36 12 0 0
cycle 3 1 2 5 0 1 0 1 -36 12 0 0
cycle 3 1 2 5 1 1 0 1 -36 12 0 0
cycle 3 1 4 2 0 1 1 1 -38 17 0 0
cycle 3 1 4 2 1 1 1 1 53 3 -59 15
cycle 3 0 0 0 0 1 0 1 53 3 4 21
cycle 3 1 7 5 0 0 0 1 53 3 0 0
cycle 3 1 7 5 1 1 0 1 53 3 0 0
cycle 3 1 2 2 0 1 1 1 -45 0 0 0
cycle 3 1 2 2 1 1 1 1 -60 27 -58 20
cycle 3 1 3 1 0 1 0 1 -60 27 -28 31
cycle 3 1 3 1 1 1 0 1 -60 27 0 0
cycle 3 0 0 0 0 1 0 1 -60 27 0 0
cycle 3 1 3 5 0 0 0 1 -60 27 0 0
cycle 3 1 3 5 1 1 0 1 -60 27 0 0
cycle 3 0 0 0 0 1 0 1 -60 27 0 0
cycle 3 1 6 3 0 0 0 1 -60 27 0 0
cycle 3 1 6 3 1 1 0 1 -60 27 0 0
cycle 3 0 0 0 0 1 0 1 -60 27 0 0
cycle 3 1 3 1 0 0 0 1 -60 27 0 0
cycle 3 1 3 1 1 1 0 1 -60 27 0 0
cycle 3 1 4 7 0 1 0 1 -60 27 0 0
cycle 3 0 0 0 0 1 0 1 -60 27 0 0
cycle 3 1 4 7 1 0 0 1 -60 27 0 0
cycle 3 1 5 7 0 1 0 1 -60 27 0 0
cycle 3 1 5 7 1 1 0 1 -60 27 0 0
cycle 3 1 4 4 0 1 1 1 62 28 0 0
cycle 3 1 4 4 1 1 1 1 -60 23 63 25
cycle 3 1 0 5 0 1 0 1 -60 23 -59 31
cycle 3 1 0 5 1 1 0 1 -60 23 0 0
cycle 3 1 7 3 0 1 0 1 -60 23 0 0
cycle 3 1 7 3 1 1 0 1 -60 23 0 0
cycle 3 1 4 6 0 1 0 1 -60 23 0 0
cycle 3 1 4 6 1 1 0 1 -60 23 0 0
cycle 3 1 2 6 0 1 0 1 -60 23 0 0
cycle 3 1 2 6 1 1 0 1 -60 23 0 0
cycle 3 1 2 6 0 1 0 1 -60 23 0 0
cycle 3 1 2 6 1 1 0 1 -60 23 0 0
cycle 3 1 6 1 0 1 0 1 -60 23 0 0
cycle 3 1 6 1 1 1 0 1 -60 23 0 0
cycle 3 1 5 0 0 1 0 1 -60 23 0 0
cycle 3 1 5 0 1 1 0 1 -60 23 0 0
cycle 3 1 6 5 0 1 0 1 -60 23 0 0
cycle 3 1 6 5 1 1 0 1 -60 23 0 0
cycle 3 1 0 3 0 1 0 1 -60 23 0 0
cycle 3 1 0 3 1 1 0 1 -60 23 0 0
cycle 3 1 6 7 0 1 0 1 -60 23 0 0
cycle 3 1 6 7 1 1 0 1 -60 23 0 0
cycle 3 1 2 6 0 1 0 1 -60 23 0 0
cycle 3 1 2 6 1 1 0 1 -60 23 0 0
cycle 3 0 0 0 0 1 0 1 -60 23 0 0
cycle 3 1 7 4 0 0 0 1 -60 23 0 0
cycle 3 0 0 0 0 1 0 1 -60 23 0 0
cycle 3 1 7 4 1 0 0 1 -60 23 0 0
cycle 3 1 1 3 0 1 0 1 -60 23 0 0
cycle 3 1 1 3 1 1 0 1 -60 23 0 0
cycle 3 1 5 5 0 1 0 1 -60 23 0 0
cycle 3 1 5 5 1 1 0 1 -60 23 0 0
cycle 3 1 7 5 0 1 0 1 -60 23 0 0
cycle 3 1 7 5 1 1 0 1 -60 23 0 0
cycle 3 1 5 5 0 1 0 1 -60 23 0 0
cycle 3 1 5 5 1 1 0 1 -60 23 0 0
cycle 3 1 6 6 0 1 0 1 -60 23 0 0
cycle 3 0 0 0 0 1 0 1 -60 23 0 0
cycle 3 1 6 6 1 0 0 1 -60 23 0 0
cycle 3 1 7 4 0 1 0 1 -60 23 0 0
cycle 3 1 7 4 1 1 0 1 -60 23 0 0
cycle 3 1 1 4 0 1 0 1 -60 23 0 0
cycle 3 0 0 0 0 1 0 1 -60 23 0 0
cycle 3 1 1 4 1 0 0 1 -60 23 0 0
cycle 3 1 7 4 0 1 0 1 -60 23 0 0
cycle 3 1 7 4 1 1 0 1 -60 23 0 0
cycle 3 1 7 7 0 1 0 1 -60 23 0 0
cycle 3 1 7 7 1 1 0 1 -60 23 0 0
cycle 3 1 6 2 0 1 1 1 -45 2 0 0
cycle 3 1 6 2 1 1 1 1 63 0 24 31
cycle 3 0 0 0 0 1 0 1 63 0 26 1
cycle 3 1 6 6 0 0 0 1 63 0 0 0
cycle 3 1 6 6 1 1 0 1 63 0 0 0
cycle 3 1 3 4 0 1 0 1 63 0 0 0
cycle 3 1 3 4 1 1 0 1 63 0 0 0
cycle 3 1 5 0 0 1 0 1 63 0 0 0
cycle 3 1 5 0 1 1 0 1 63 0 0 0
cycle 3 1 0 3 0 1 0 1 63 0 0 0
cycle 3 0 0 0 0 1 0 1 63 0 0 0
cycle 3 1 0 3 1 0 0 1 63 0 0 0
cycle 3 1 4 2 0 1 1 1 -59 15 0 0
cycle 3 1 4 2 1 1 1 1 4 21 -61 0
cycle 3 1 7 4 0 1 0 1 4 21 -19 0
cycle 3 1 7 4 1 1 0 1 4 21 0 0
cycle 3 1 0 6 0 1 0 1 4 21 0 0
cycle 3 0 0 0 0 1 0 1 4 21 0 0
cycle 3 1 0 6 1 0 0 1 4 21 0 0
cycle 3 0 0 0 0 1 0 1 4 21 0 0
cycle 3 1 3 1 0 0 0 1 4 21 0 0
cycle 3 1 3 1 1 1 0 1 4 21 0 0
cycle 3 1 4 3 0 1 0 1 4 21 0 0
cycle 3 1 4 3 1 1 0 1 4 21 0 0
cycle 3 1 0 4 0 1 1 1 -57 9 0 0
cycle 3 1 0 4 1 1 1 1 -16 3 -42 19
cycle 3 1 5 6 0 1 0 1 -16 3 63 28
cycle 3 1 5 6 1 1 0 1 -16 3 0 0
cycle 3 1 1 7 0 1 0 1 -16 3 0 0
cycle 3 1 1 7 1 1 0 1 -16 3 0 0
cycle 3 1 6 4 0 1 1 1 -53 10 0 0
cycle 3 1 6 4 1 1 1 1 -3 24 54 3
cycle 3 1 3 7 0 1 0 1 -3 24 -61 0
cycle 3 1 3 7 1 1 0 1 -3 24 0 0
cycle 3 1 3 2 0 1 0 1 -3 24 0 0
cycle 3 1 3 2 1 1 0 1 -3 24 0 0
cycle 3 1 3 6 0 1 0 1 -3 24 0 0
cycle 3 1 3 6 1 1 0 1 -3 24 0 0
cycle 3 1 4 6 0 1 0 1 -3 24 0 0
cycle 3 1 4 6 1 1 0 1 -3 24 0 0
cycle 3 1 3 4 0 1 0 1 -3 24 0 0
cycle 3 1 3 4 1 1 0 1 -3 24 0 0
cycle 3 0 0 0 0 1 0 1 -3 24 0 0
cycle 3 1 2 1 0 0 0 1 -3 24 0 0
cycle 3 0 0 0 0 1 0 1 -3 24 0 0
cycle 3 1 2 1 1 0 0 1 -3 24 0 0
cycle 3 1 3 3 0 1 0 1 -3 24 0 0
cycle 3 1 3 3 1 1 0 1 -3 24 0 0
cycle 3 0 0 0 0 1 0 1 -3 24 0 0
cycle 3 1 7 2 0 0 0 1 -3 24 0 0
cycle 3 1 7 2 1 1 0 1 -3 24 0 0
cycle 3 1 7 7 0 1 0 1 -3 24 0 0
cycle 3 1 7 7 1 1 0 1 -3 24 0 0
cycle 3 1 1 5 0 1 0 1 -3 24 0 0
cycle 3 1 1 5 1 1 0 1 -3 24 0 0
cycle 3 1 5 7 0 1 0 1 -3 24 0 0
cycle 3 1 5 7 1 1 0 1 -3 24 0 0
cycle 3 1 7 2 0 1 0 1 -3 24 0 0
cycle 3 1 7 2 1 1 0 1 -3 24 0 0
cycle 3 0 0 0 0 1 0 1 -3 24 0 0
cycle 3 1 4 3 0 0 0 1 -3 24 0 0
cycle 3 1 4 3 1 1 0 1 -3 24 0 0
cycle 3 1 4 4 0 1 1 1 63 25 0 0
cycle 3 1 4 4 1 1 1 1 -59 31 42 3
cycle 3 0 0 0 0 1 0 1 -59 31 -64 29
cycle 3 1 5 2 0 0 0 1 -59 31 0 0
cycle 3 1 5 2 1 1 0 1 -59 31 0 0
cycle 3 1 2 3 0 1 0 1 -59 31 0 0
cycle 3 1 2 3 1 1 0 1 -59 31 0 0
cycle 3 1 7 4 0 1 0 1 -59 31 0 0
cycle 3 1 7 4 1 1 0 1 -59 31 0 0
cycle 3 1 6 0 0 1 1 1 -11 18 0 0
cycle 3 0 0 0 0 1 0 1 -11 18 -9 29
cycle 3 1 6 0 1 0 1 1 63 12 0 0
cycle 3 1 0 2 0 1 1 1 -64 9 17 11
cycle 3 0 0 0 0 1 0 1 -64 9 -55 25
cycle 3 1 0 2 1 0 1 1 -9 4 0 0
cycle 3 1 0 0 0 1 1 1 39 10 -49 22
cycle 3 1 0 0 1 1 1 1 63 20 45 5
cycle 3 1 4 3 0 1 0 1 63 20 63 1
cycle 3 1 4 3 1 1 0 1 63 20 0 0
cycle 3 1 3 4 0 1 0 1 63 20 0 0
cycle 3 1 3 4 1 1 0 1 63 20 0 0
cycle 3 1 6 0 0 1 1 1 -9 29 0 0
cycle 3 1 6 0 1 1 1 1 17 11 -64 20
cycle 3 0 0 0 0 1 0 1 17 11 -33 20
cycle 3 1 6 1 0 0 0 1 17 11 0 0
cycle 3 1 6 1 1 1 0 1 17 11 0 0
cycle 3 1 5 6 0 1 0 1 17 11 0 0
cycle 3 1 5 6 1 1 0 1 17 11 0 0
cycle 3 1 7 6 0 1 0 1 17 11 0 0
cycle 3 0 0 0 0 1 0 1 17 11 0 0
cycle 3 1 7 6 1 0 0 1 17 11 0 0
cycle 3 1 5 3 0 1 0 1 17 11 0 0
cycle 3 1 5 3 1 1 0 1 17 11 0 0
cycle 3 1 2 6 0 1 0 1 17 11 0 0
cycle 3 1 2 6 1 1 0 1 17 11 0 0
cycle 3 1 1 2 0 1 0 1 17 11 0 0
cycle 3 0 0 0 0 1 0 1 17 11 0 0
cycle 3 1 1 2 1 0 0 1 17 11 0 0
cycle 3 1 2 5 0 1 0 1 17 11 0 0
cycle 3 1 2 5 1 1 0 1 17 11 0 0
cycle 3 0 0 0 0 1 0 1 17 11 0 0
cycle 3 1 7 4 0 0 0 1 17 11 0 0
cycle 3 1 7 4 1 1 0 1 17 11 0 0
cycle 3 0 0 0 0 1 0 1 17 11 0 0
cycle 3 1 7 3 0 0 0 1 17 11 0 0
cycle 3 1 7 3 1 1 0 1 17 11 0 0
cycle 3 1 7 5 0 1 0 1 17 11 0 0
cycle 3 1 7 5 1 1 0 1 17 11 0 0
cycle 3 1 6 0 0 1 1 1 -64 20 0 0
cycle 3 0 0 0 0 1 0 1 -64 20 38 6
cycle 3 1 6 0 1 0 1 1 -33 20 0 0
cycle 3 1 7 1 0 1 0 1 -33 20 25 15
cycle 3 1 7 1 1 1 0 1 -33 20 0 0
cycle 3 1 2 2 0 1 1 1 -58 20 0 0
cycle 3 1 2 2 1 1 1 1 -28 31 10 31
cycle 3 1 6 5 0 1 0 1 -28 31 25 15
cycle 3 1 6 5 1 1 0 1 -28 31 0 0
cycle 3 0 0 0 0 1 0 1 -28 31 0 0
cycle 3 1 1 5 0 0 0 1 -28 31 0 0
cycle 3 1 1 5 1 1 0 1 -28 31 0 0
cycle 3 0 0 0 0 1 0 1 -28 31 0 0
cycle 3 1 2 5 0 0 0 1 -28 31 0 0
cycle 3 0 0 0 0 1 0 1 -28 31 0 0
cycle 3 1 2 5 1 0 0 1 -28 31 0 0
cycle 3 1 4 6 0 1 0 1 -28 31 0 0
cycle 3 1 4 6 1 1 0 1 -28 31 0 0
cycle 3 1 7 0 0 1 0 1 -28 31 0 0
cycle 3 0 0 0 0 1 0 1 -28 31 0 0
cycle 3 1 7 0 1 0 0 1 -28 31 0 0
cycle 3 1 5 0 0 1 0 1 -28 31 0 0
cycle 3 1 5 0 1 1 0 1 -28 31 0 0
cycle 3 1 7 6 0 1 0 1 -28 31 0 0
cycle 3 1 7 6 1 1 0 1 -28 31 0 0
cycle 3 1 7 2 0 1 0 1 -28 31 0 0
cycle 3 1 7 2 1 1 0 1 -28 31 0 0
cycle 3 1 4 4 0 1 1 1 42 3 0 0
cycle 3 1 4 4 1 1 1 1 -64 29 63 27
cycle 3 1 0 4 0 1 1 1 -42 19 -64 12
cycle 3 1 0 4 1 1 1 1 63 28 20 19
cycle 3 1 4 5 0 1 0 1 63 28 -22 0
cycle 3 1 4 5 1 1 0 1 63 28 0 0
cycle 3 1 2 0 0 1 1 1 -26 0 0 0
cycle 3 1 2 0 1 1 1 1 -64 16 39 1
cycle 3 1 0 6 0 1 0 1 -64 16 -49 15
cycle 3 1 0 6 1 1 0 1 -64 16 0 0
cycle 3 0 0 0 0 1 0 1 -64 16 0 0
cycle 3 1 5 0 0 0 0 1 -64 16 0 0
cycle 3 1 5 0 1 1 0 1 -64 16 0 0
cycle 3 1 7 5 0 1 0 1 -64 16 0 0
cycle 3 1 7 5 1 1 0 1 -64 16 0 0
cycle 3 1 1 3 0 1 0 1 -64 16 0 0
cycle 3 0 0 0 0 1 0 1 -64 16 0 0
cycle 3 1 1 3 1 0 0 1 -64 16 0 0
cycle 3 0 0 0 0 1 0 1 -64 16 0 0
cycle 3 1 7 3 0 0 0 1 -64 16 0 0
cycle 3 1 7 3 1 1 0 1 -64 16 0 0
cycle 3 1 0 5 0 1 0 1 -64 16 0 0
cycle 3 0 0 0 0 1 0 1 -64 16 0 0
cycle 3 1 0 5 1 0 0 1 -64 16 0 0
cycle 3 1 7 2 0 1 0 1 -64 16 0 0
cycle 3 0 0 0 0 1 0 1 -64 16 0 0
cycle 3 1 7 2 1 0 0 1 -64 16 0 0
cycle 3 0 0 0 0 1 0 1 -64 16 0 0
cycle 3 1 6 0 0 0 1 1 38 6 0 0
cycle 3 1 6 0 1 1 1 1 25 15 -14 14
cycle 3 1 0 7 0 1 0 1 25 15 -64 2
cycle 3 1 0 7 1 1 0 1 25 15 0 0
cycle 3 1 2 4 0 1 1 1 33 2 0 0
cycle 3 1 2 4 1 1 1 1 42 10 35 31
cycle 3 1 2 5 0 1 0 1 42 10 7 22
cycle 3 0 0 0 0 1 0 1 42 10 0 0
cycle 3 1 2 5 1 0 0 1 42 10 0 0
cycle 3 1 3 4 0 1 0 1 42 10 0 0
cycle 3 1 3 4 1 1 0 1 42 10 0 0
cycle 3 0 0 0 0 1 0 1 42 10 0 0
cycle 3 1 7 6 0 0 0 1 42 10 0 0
cycle 3 1 7 6 1 1 0 1 42 10 0 0
cycle 3 1 7 4 0 1 0 1 42 10 0 0
cycle 3 1 7 4 1 1 0 1 42 10 0 0
cycle 3 1 0 0 0 1 1 1 45 5 0 0
cycle 3 1 0 0 1 1 1 1 63 1 59 25
cycle 3 1 2 5 0 1 0 1 63 1 22 31
cycle 3 1 2 5 1 1 0 1 63 1 0 0
cycle 3 0 0 0 0 1 0 1 63 1 0 0
cycle 3 1 7 1 0 0 0 1 63 1 0 0
cycle 3 1 7 1 1 1 0 1 63 1 0 0
cycle 3 1 0 6 0 1 0 1 63 1 0 0
cycle 3 1 0 6 1 1 0 1 63 1 0 0
cycle 3 1 4 5 0 1 0 1 63 1 0 0
cycle 3 1 4 5 1 1 0 1 63 1 0 0
cycle 3 0 0 0 0 1 0 1 63 1 0 0
cycle 3 1 2 7 0 0 0 1 63 1 0 0
cycle 3 1 2 7 1 1 0 1 63 1 0 0
cycle 3 1 4 5 0 1 0 1 63 1 0 0
cycle 3 0 0 0 0 1 0 1 63 1 0 0
cycle 3 1 4 5 1 0 0 1 63 1 0 0
cycle 3 0 0 0 0 1 0 1 63 1 0 0
cycle 3 1 6 1 0 0 0 1 63 1 0 0
cycle 3 1 6 1 1 1 0 1 63 1 0 0
cycle 3 1 5 4 0 1 0 1 63 1 0 0
cycle 3 1 5 4 1 1 0 1 63 1 0 0
cycle 3 1 4 6 0 1 0 1 63 1 0 0
cycle 3 1 4 6 1 1 0 1 63 1 0 0
cycle 3 1 2 5 0 1 0 1 63 1 0 0
cycle 3 1 2 5 1 1 0 1 63 1 0 0
cycle 3 1 6 2 0 1 1 1 24 31 0 0
cycle 3 1 6 2 1 1 1 1 26 1 38 18
cycle 3 1 1 5 0 1 0 1 26 1 24 13
cycle 3 1 1 5 1 1 0 1 26 1 0 0
cycle 3 0 0 0 0 1 0 1 26 1 0 0
cycle 3 1 1 7 0 0 0 1 26 1 0 0
cycle 3 1 1 7 1 1 0 1 26 1 0 0
cycle 3 1 0 5 0 1 0 1 26 1 0 0
cycle 3 1 0 5 1 1 0 1 26 1 0 0
cycle 3 0 0 0 0 1 0 1 26 1 0 0
cycle 3 1 3 2 0 0 0 1 26 1 0 0
cycle 3 0 0 0 0 1 0 1 26 1 0 0
cycle 3 1 3 2 1 0 0 1 26 1 0 0
cycle 3 1 4 7 0 1 0 1 26 1 0 0
cycle 3 1 4 7 1 1 0 1 26 1 0 0
cycle 3 1 1 6 0 1 0 1 26 1 0 0
cycle 3 1 1 6 1 1 0 1 26 1 0 0
cycle 3 1 3 6 0 1 0 1 26 1 0 0
cycle 3 1 3 6 1 1 0 1 26 1 0 0
cycle 3 1 6 0 0 1 1 1 -14 14 0 0
cycle 3 1 6 0 1 1 1 1 -64 2 -61 25
cycle 3 1 1 2 0 1 0 1 -64 2 32 26
cycle 3 0 0 0 0 1 0 1 -64 2 0 0
cycle 3 1 1 2 1 0 0 1 -64 2 0 0
cycle 3 1 0 6 0 1 0 1 -64 2 0 0
cycle 3 1 0 6 1 1 0 1 -64 2 0 0
cycle 3 1 4 2 0 1 1 1 -61 0 0 0
cycle 3 0 0 0 0 1 0 1 -61 0 52 24
cycle 3 1 4 2 1 0 1 1 -19 0 0 0
cycle 3 1 5 0 0 1 0 1 -19 0 19 5
cycle 3 1 5 0 1 1 0 1 -19 0 0 0
cycle 3 1 0 5 0 1 0 1 -19 0 0 0
cycle 3 0 0 0 0 1 0 1 -19 0 0 0
cycle 3 1 0 5 1 0 0 1 -19 0 0 0
cycle 3 1 6 6 0 1 0 1 -19 0 0 0
cycle 3 0 0 0 0 1 0 1 -19 0 0 0
cycle 3 1 6 6 1 0 0 1 -19 0 0 0
cycle 3 0 0 0 0 1 0 1 -19 0 0 0
cycle 3 1 4 5 0 0 0 1 -19 0 0 0
cycle 3 1 4 5 1 1 0 1 -19 0 0 0
cycle 3 1 1 2 0 1 0 1 -19 0 0 0
cycle 3 1 1 2 1 1 0 1 -19 0 0 0
cycle 3 1 1 4 0 1 0 1 -19 0 0 0
cycle 3 0 0 0 0 1 0 1 -19 0 0 0
cycle 3 1 1 4 1 0 0 1 -19 0 0 0
cycle 3 1 5 0 0 1 0 1 -19 0 0 0
cycle 3 1 5 0 1 1 0 1 -19 0 0 0
cycle 3 1 1 4 0 1 0 1 -19 0 0 0
cycle 3 1 1 4 1 1 0 1 -19 0 0 0
cycle 3 1 4 6 0 1 0 1 -19 0 0 0
cycle 3 0 0 0 0 1 0 1 -19 0 0 0
cycle 3 1 4 6 1 0 0 1 -19 0 0 0
cycle 3 1 5 0 0 1 0 1 -19 0 0 0
cycle 3 1 5 0 1 1 0 1 -19 0 0 0
cycle 3 1 0 3 0 1 0 1 -19 0 0 0
cycle 3 1 0 3 1 1 0 1 -19 0 0 0
cycle 3 1 0 1 0 1 0 1 -19 0 0 0
cycle 3 1 0 1 1 1 0 1 -19 0 0 0
cycle 3 0 0 0 0 1 0 1 -19 0 0 0
cycle 3 1 2 3 0 0 0 1 -19 0 0 0
cycle 3 0 0 0 0 1 0 1 -19 0 0 0
cycle 3 1 2 3 1 0 0 1 -19 0 0 0
cycle 3 1 5 0 0 1 0 1 -19 0 0 0
cycle 3 1 5 0 1 1 0 1 -19 0 0 0
cycle 3 1 4 6 0 1 0 1 -19 0 0 0
cycle 3 1 4 6 1 1 0 1 -19 0 0 0
cycle 3 0 0 0 0 1 0 1 -19 0 0 0
cycle 3 1 6 3 0 0 0 1 -19 0 0 0
cycle 3 1 6 3 1 1 0 1 -19 0 0 0
cycle 3 0 0 0 0 1 0 1 -19 0 0 0
cycle 3 1 2 3 0 0 0 1 -19 0 0 0
cycle 3 1 2 3 1 1 0 1 -19 0 0 0
cycle 3 0 0 0 0 1 0 1 -19 0 0 0
cycle 3 1 4 4 0 0 1 1 63 27 0 0
cycle 3 0 0 0 0 1 0 1 63 27 -13 12
cycle 3 1 4 4 1 0 1 1 -64 12 0 0
cycle 3 1 7 6 0 1 0 1 -64 12 -44 1
cycle 3 1 7 6 1 1 0 1 -64 12 0 0
cycle 3 1 5 2 0 1 0 1 -64 12 0 0
cycle 3 1 5 2 1 1 0 1 -64 12 0 0
cycle 3 0 0 0 0 1 0 1 -64 12 0 0
cycle 3 1 4 2 0 0 1 1 52 24 0 0
cycle 3 1 4 2 1 1 1 1 19 5 -32 31
cycle 3 1 3 0 0 1 0 1 19 5 38 0
cycle 3 0 0 0 0 1 0 1 19 5 0 0
cycle 3 1 3 0 1 0 0 1 19 5 0 0
cycle 3 0 0 0 0 1 0 1 19 5 0 0
cycle 3 1 2 2 0 0 1 1 10 31 0 0
cycle 3 0 0 0 0 1 0 1 10 31 6 0
cycle 3 1 2 2 1 0 1 1 25 15 0 0
cycle 3 1 5 0 0 1 0 1 25 15 -12 0
cycle 3 1 5 0 1 1 0 1 25 15 0 0
cycle 3 0 0 0 0 1 0 1 25 15 0 0
cycle 3 1 2 0 0 0 1 1 39 1 0 0
cycle 3 1 2 0 1 1 1 1 -49 15 -21 5
cycle 3 1 1 4 0 1 0 1 -49 15 23 13
cycle 3 1 1 4 1 1 0 1 -49 15 0 0
cycle 3 1 2 1 0 1 0 1 -49 15 0 0
cycle 3 1 2 1 1 1 0 1 -49 15 0 0
cycle 3 1 5 0 0 1 0 1 -49 15 0 0
cycle 3 0 0 0 0 1 0 1 -49 15 0 0
cycle 3 1 5 0 1 0 0 1 -49 15 0 0
cycle 3 0 0 0 0 1 0 1 -49 15 0 0
cycle 3 1 1 7 0 0 0 1 -49 15 0 0
cycle 3 1 1 7 1 1 0 1 -49 15 0 0
cycle 3 0 0 0 0 1 0 1 -49 15 0 0
cycle 3 1 7 1 0 0 0 1 -49 15 0 0
cycle 3 1 7 1 1 1 0 1 -49 15 0 0
cycle 3 1 6 0 0 1 1 1 -61 25 0 0
cycle 3 1 6 0 1 1 1 1 32 26 -50 0
cycle 3 1 3 7 0 1 0 1 32 26 -48 30
cycle 3 1 3 7 1 1 0 1 32 26 0 0
cycle 3 0 0 0 0 1 0 1 32 26 0 0
cycle 3 1 3 5 0 0 0 1 32 26 0 0
cycle 3 1 3 5 1 1 0 1 32 26 0 0
cycle 3 0 0 0 0 1 0 1 32 26 0 0
cycle 3 1 7 5 0 0 0 1 32 26 0 0
cycle 3 1 7 5 1 1 0 1 32 26 0 0
cycle 3 1 0 4 0 1 1 1 20 19 0 0
cycle 3 1 0 4 1 1 1 1 -22 0 -35 5
cycle 3 0 0 0 0 1 0 1 -22 0 -16 14
cycle 3 1 0 0 0 0 1 1 59 25 0 0
cycle 3 1 0 0 1 1 1 1 22 31 -11 5
cycle 3 1 6 6 0 1 0 1 22 31 55 10
cycle 3 1 6 6 1 1 0 1 22 31 0 0
cycle 3 1 6 3 0 1 0 1 22 31 0 0
cycle 3 1 6 3 1 1 0 1 22 31 0 0
cycle 3 1 3 3 0 1 0 1 22 31 0 0
cycle 3 1 3 3 1 1 0 1 22 31 0 0
cycle 3 1 6 1 0 1 0 1 22 31 0 0
cycle 3 1 6 1 1 1 0 1 22 31 0 0
cycle 3 1 7 0 0 1 0 1 22 31 0 0
cycle 3 1 7 0 1 1 0 1 22 31 0 0
cycle 3 1 2 4 0 1 1 1 35 31 0 0
cycle 3 1 2 4 1 1 1 1 7 22 24 3
cycle 3 0 0 0 0 1 0 1 7 22 -20 24
cycle 3 1 0 4 0 0 1 1 -35 5 0 0
cycle 3 0 0 0 0 1 0 1 -35 5 51 19
cycle 3 1 0 4 1 0 1 1 -16 14 0 0
cycle 3 1 0 4 0 1 1 1 51 19 -64 8
cycle 3 1 0 4 1 1 1 1 -64 8 48 23
cycle 3 1 1 4 0 1 0 1 -64 8 43 30
cycle 3 1 1 4 1 1 0 1 -64 8 0 0
cycle 3 1 4 7 0 1 0 1 -64 8 0 0
cycle 3 1 4 7 1 1 0 1 -64 8 0 0
cycle 3 1 4 4 0 1 1 1 -13 12 0 0
cycle 3 1 4 4 1 1 1 1 -44 1 -22 0
cycle 3 1 2 3 0 1 0 1 -44 1 28 20
cycle 3 1 2 3 1 1 0 1 -44 1 0 0
cycle 3 1 5 2 0 1 0 1 -44 1 0 0
cycle 3 1 5 2 1 1 0 1 -44 1 0 0
cycle 3 1 1 2 0 1 0 1 -44 1 0 0
cycle 3 1 1 2 1 1 0 1 -44 1 0 0
cycle 3 1 4 4 0 1 1 1 -22 0 0 0
cycle 3 1 4 4 1 1 1 1 28 20 -64 25
cycle 3 1 3 6 0 1 0 1 28 20 -33 0
cycle 3 1 3 6 1 1 0 1 28 20 0 0
cycle 3 0 0 0 0 1 0 1 28 20 0 0
cycle 3 1 1 3 0 0 0 1 28 20 0 0
cycle 3 1 1 3 1 1 0 1 28 20 0 0
cycle 3 1 5 0 0 1 0 1 28 20 0 0
cycle 3 1 5 0 1 1 0 1 28 20 0 0
cycle 3 1 1 1 0 1 0 1 28 20 0 0
cycle 3 1 1 1 1 1 0 1 28 20 0 0
cycle 3 1 6 0 0 1 1 1 -50 0 0 0
cycle 3 1 6 0 1 1 1 1 -48 30 18 10
cycle 3 1 4 2 0 1 1 1 -32 31 14 29
cycle 3 1 4 2 1 1 1 1 38 0 -64 31
cycle 3 1 4 5 0 1 0 1 38 0 -45 29
cycle 3 1 4 5 1 1 0 1 38 0 0 0
cycle 3 0 0 0 0 1 0 1 38 0 0 0
cycle 3 1 6 4 0 0 1 1 54 3 0 0
cycle 3 1 6 4 1 1 1 1 -61 0 -18 3
cycle 3 1 5 5 0 1 0 1 -61 0 -31 2
cycle 3 1 5 5 1 1 0 1 -61 0 0 0
cycle 3 1 1 3 0 1 0 1 -61 0 0 0
cycle 3 1 1 3 1 1 0 1 -61 0 0 0
cycle 3 1 7 0 0 1 0 1 -61 0 0 0
cycle 3 1 7 0 1 1 0 1 -61 0 0 0
cycle 3 0 0 0 0 1 0 1 -61 0 0 0
cycle 3 1 1 2 0 0 0 1 -61 0 0 0
cycle 3 1 1 2 1 1 0 1 -61 0 0 0
cycle 3 1 4 4 0 1 1 1 -64 25 0 0
cycle 3 1 4 4 1 1 1 1 -33 0 -48 17
cycle 3 1 5 3 0 1 0 1 -33 0 -55 14
cycle 3 1 5 3 1 1 0 1 -33 0 0 0
cycle 3 0 0 0 0 1 0 1 -33 0 0 0
cycle 3 1 2 1 0 0 0 1 -33 0 0 0
cycle 3 1 2 1 1 1 0 1 -33 0 0 0
cycle 3 1 5 6 0 1 0 1 -33 0 0 0
cycle 3 1 5 6 1 1 0 1 -33 0 0 0
cycle 3 1 7 3 0 1 0 1 -33 0 0 0
cycle 3 1 7 3 1 1 0 1 -33 0 0 0
cycle 3 1 6 6 0 1 0 1 -33 0 0 0
cycle 3 1 6 6 1 1 0 1 -33 0 0 0
cycle 3 1 4 2 0 1 1 1 -64 31 0 0
cycle 3 0 0 0 0 1 0 1 -64 31 0 9
cycle 3 1 4 2 1 0 1 1 -45 29 0 0
cycle 3 0 0 0 0 1 0 1 -45 29 -1 9
cycle 3 1 1 7 0 0 0 1 -45 29 0 0
cycle 3 1 1 7 1 1 0 1 -45 29 0 0
cycle 3 1 4 0 0 1 1 1 -64 24 0 0
cycle 3 0 0 0 0 1 0 1 -64 24 -43 21
cycle 3 1 4 0 1 0 1 1 39 13 0 0
cycle 3 1 3 6 0 1 0 1 39 13 31 30
cycle 3 1 3 6 1 1 0 1 39 13 0 0
cycle 3 1 3 0 0 1 0 1 39 13 0 0
cycle 3 1 3 0 1 1 0 1 39 13 0 0
cycle 3 0 0 0 0 1 0 1 39 13 0 0
cycle 3 1 2 1 0 0 0 1 39 13 0 0
cycle 3 1 2 1 1 1 0 1 39 13 0 0
cycle 3 1 3 6 0 1 0 1 39 13 0 0
cycle 3 1 3 6 1 1 0 1 39 13 0 0
cycle 3 1 2 2 0 1 1 1 6 0 0 0
cycle 3 1 2 2 1 1 1 1 -12 0 -47 20
cycle 3 1 7 7 0 1 0 1 -12 0 -30 13
cycle 3 0 0 0 0 1 0 1 -12 0 0 0
cycle 3 1 7 7 1 0 0 1 -12 0 0 0
cycle 3 1 0 7 0 1 0 1 -12 0 0 0
cycle 3 0 0 0 0 1 0 1 -12 0 0 0
cycle 3 1 0 7 1 0 0 1 -12 0 0 0
cycle 3 1 2 6 0 1 0 1 -12 0 0 0
cycle 3 1 2 6 1 1 0 1 -12 0 0 0
cycle 3 1 1 3 0 1 0 1 -12 0 0 0
cycle 3 1 1 3 1 1 0 1 -12 0 0 0
cycle 3 1 3 6 0 1 0 1 -12 0 0 0
cycle 3 1 3 6 1 1 0 1 -12 0 0 0
cycle 3 1 7 3 0 1 0 1 -12 0 0 0
cycle 3 1 7 3 1 1 0 1 -12 0 0 0
cycle 3 1 4 1 0 1 0 1 -12 0 0 0
cycle 3 1 4 1 1 1 0 1 -12 0 0 0
cycle 3 1 0 6 0 1 0 1 -12 0 0 0
cycle 3 1 0 6 1 1 0 1 -12 0 0 0
cycle 3 1 7 6 0 1 0 1 -12 0 0 0
cycle 3 1 7 6 1 1 0 1 -12 0 0 0
cycle 3 1 1 1 0 1 0 1 -12 0 0 0
cycle 3 1 1 1 1 1 0 1 -12 0 0 0
cycle 3 1 4 6 0 1 0 1 -12 0 0 0
cycle 3 0 0 0 0 1 0 1 -12 0 0 0
cycle 3 1 4 6 1 0 0 1 -12 0 0 0
cycle 3 1 7 4 0 1 0 1 -12 0 0 0
cycle 3 1 7 4 1 1 0 1 -12 0 0 0
cycle 3 0 0 0 0 1 0 1 -12 0 0 0
cycle 3 1 3 5 0 0 0 1 -12 0 0 0
cycle 3 1 3 5 1 1 0 1 -12 0 0 0
cycle 3 0 0 0 0 1 0 1 -12 0 0 0
cycle 3 1 7 2 0 0 0 1 -12 0 0 0
cycle 3 1 7 2 1 1 0 1 -12 0 0 0
cycle 3 1 4 1 0 1 0 1 -12 0 0 0
cycle 3 0 0 0 0 1 0 1 -12 0 0 0
cycle 3 1 4 1 1 0 0 1 -12 0 0 0
cycle 3 1 6 6 0 1 0 1 -12 0 0 0
cycle 3 1 6 6 1 1 0 1 -12 0 0 0
cycle 3 0 0 0 0 1 0 1 -12 0 0 0
cycle 3 1 2 4 0 0 1 1 24 3 0 0
cycle 3 0 0 0 0 1 0 1 24 3 -58 22
cycle 3 1 2 4 1 0 1 1 -20 24 0 0
cycle 3 1 1 1 0 1 0 1 -20 24 -64 18
cycle 3 1 1 1 1 1 0 1 -20 24 0 0
cycle 3 1 0 2 0 1 1 1 -55 25 0 0
cycle 3 0 0 0 0 1 0 1 -55 25 -3 16
cycle 3 1 0 2 1 0 1 1 -49 22 0 0
cycle 3 0 0 0 0 1 0 1 -49 22 -6 8
cycle 3 1 2 6 0 0 0 1 -49 22 0 0
cycle 3 1 2 6 1 1 0 1 -49 22 0 0
cycle 3 0 0 0 0 1 0 1 -49 22 0 0
cycle 3 1 5 3 0 0 0 1 -49 22 0 0
cycle 3 1 5 3 1 1 0 1 -49 22 0 0
cycle 3 1 1 2 0 1 0 1 -49 22 0 0
cycle 3 0 0 0 0 1 0 1 -49 22 0 0
cycle 3 1 1 2 1 0 0 1 -49 22 0 0
cycle 3 1 0 2 0 1 1 1 -3 16 0 0
cycle 3 0 0 0 0 1 0 1 -3 16 -16 6
cycle 3 1 0 2 1 0 1 1 -6 8 0 0
cycle 3 0 0 0 0 1 0 1 -6 8 18 24
cycle 3 1 3 6 0 0 0 1 -6 8 0 0
cycle 3 1 3 6 1 1 0 1 -6 8 0 0
cycle 3 1 7 3 0 1 0 1 -6 8 0 0
cycle 3 1 7 3 1 1 0 1 -6 8 0 0
cycle 3 0 0 0 0 1 0 1 -6 8 0 0
cycle 3 1 2 7 0 0 0 1 -6 8 0 0
cycle 3 0 0 0 0 1 0 1 -6 8 0 0
cycle 3 1 2 7 1 0 0 1 -6 8 0 0
cycle 3 1 7 2 0 1 0 1 -6 8 0 0
cycle 3 1 7 2 1 1 0 1 -6 8 0 0
cycle 3 0 0 0 0 1 0 1 -6 8 0 0
cycle 3 1 6 6 0 0 0 1 -6 8 0 0
cycle 3 1 6 6 1 1 0 1 -6 8 0 0
cycle 3 1 3 2 0 1 0 1 -6 8 0 0
cycle 3 1 3 2 1 1 0 1 -6 8 0 0
cycle 3 1 0 6 0 1 0 1 -6 8 0 0
cycle 3 1 0 6 1 1 0 1 -6 8 0 0
cycle 3 1 3 0 0 1 0 1 -6 8 0 0
cycle 3 1 3 0 1 1 0 1 -6 8 0 0
cycle 3 1 1 1 0 1 0 1 -6 8 0 0
cycle 3 0 0 0 0 1 0 1 -6 8 0 0
cycle 3 1 1 1 1 0 0 1 -6 8 0 0
cycle 3 0 0 0 0 1 0 1 -6 8 0 0
cycle 3 1 6 2 0 0 1 1 38 18 0 0
cycle 3 1 6 2 1 1 1 1 24 13 45 27
cycle 3 1 4 6 0 1 0 1 24 13 39 24
cycle 3 1 4 6 1 1 0 1 24 13 0 0
cycle 3 1 3 2 0 1 0 1 24 13 0 0
cycle 3 1 3 2 1 1 0 1 24 13 0 0
cycle 3 1 1 3 0 1 0 1 24 13 0 0
cycle 3 1 1 3 1 1 0 1 24 13 0 0
cycle 3 1 6 0 0 1 1 1 18 10 0 0
cycle 3 1 6 0 1 1 1 1 14 29 -19 14
cycle 3 1 6 4 0 1 1 1 -18 3 3 0
cycle 3 1 6 4 1 1 1 1 -31 2 -17 6
cycle 3 1 7 0 0 1 0 1 -31 2 60 7
cycle 3 1 7 0 1 1 0 1 -31 2 0 0
cycle 3 1 7 1 0 1 0 1 -31 2 0 0
cycle 3 0 0 0 0 1 0 1 -31 2 0 0
cycle 3 1 7 1 1 0 0 1 -31 2 0 0
cycle 3 1 2 6 0 1 0 1 -31 2 0 0
cycle 3 1 2 6 1 1 0 1 -31 2 0 0
cycle 3 1 4 1 0 1 0 1 -31 2 0 0
cycle 3 1 4 1 1 1 0 1 -31 2 0 0
cycle 3 1 7 0 0 1 0 1 -31 2 0 0
cycle 3 0 0 0 0 1 0 1 -31 2 0 0
cycle 3 1 7 0 1 0 0 1 -31 2 0 0
cycle 3 1 4 4 0 1 1 1 -48 17 0 0
cycle 3 1 4 4 1 1 1 1 -55 14 -1 31
cycle 3 1 7 1 0 1 0 1 -55 14 31 20
cycle 3 0 0 0 0 1 0 1 -55 14 0 0
cycle 3 1 7 1 1 0 0 1 -55 14 0 0
cycle 3 1 1 0 0 1 0 1 -55 14 0 0
cycle 3 1 1 0 1 1 0 1 -55 14 0 0
cycle 3 1 0 6 0 1 0 1 -55 14 0 0
cycle 3 1 0 6 1 1 0 1 -55 14 0 0
cycle 3 1 4 3 0 1 0 1 -55 14 0 0
cycle 3 1 4 3 1 1 0 1 -55 14 0 0
cycle 3 1 1 6 0 1 0 1 -55 14 0 0
cycle 3 1 1 6 1 1 0 1 -55 14 0 0
cycle 3 1 3 5 0 1 0 1 -55 14 0 0
cycle 3 1 3 5 1 1 0 1 -55 14 0 0
cycle 3 1 3 1 0 1 0 1 -55 14 0 0
cycle 3 1 3 1 1 1 0 1 -55 14 0 0
cycle 3 0 0 0 0 1 0 1 -55 14 0 0
cycle 3 1 1 0 0 0 0 1 -55 14 0 0
cycle 3 0 0 0 0 1 0 1 -55 14 0 0
cycle 3 1 1 0 1 0 0 1 -55 14 0 0
cycle 3 1 0 1 0 1 0 1 -55 14 0 0
cycle 3 1 0 1 1 1 0 1 -55 14 0 0
cycle 3 0 0 0 0 1 0 1 -55 14 0 0
cycle 3 1 5 3 0 0 0 1 -55 14 0 0
cycle 3 1 5 3 1 1 0 1 -55 14 0 0
cycle 3 0 0 0 0 1 0 1 -55 14 0 0
cycle 3 1 5 2 0 0 0 1 -55 14 0 0
cycle 3 1 5 2 1 1 0 1 -55 14 0 0
cycle 3 1 2 6 0 1 0 1 -55 14 0 0
cycle 3 1 2 6 1 1 0 1 -55 14 0 0
cycle 3 1 6 3 0 1 0 1 -55 14 0 0
cycle 3 1 6 3 1 1 0 1 -55 14 0 0
cycle 3 1 6 4 0 1 1 1 -17 6 0 0
cycle 3 1 6 4 1 1 1 1 60 7 20 29
cycle 3 1 5 3 0 1 0 1 60 7 -58 0
cycle 3 0 0 0 0 1 0 1 60 7 0 0
cycle 3 1 5 3 1 0 0 1 60 7 0 0
cycle 3 0 0 0 0 1 0 1 60 7 0 0
cycle 3 1 0 6 0 0 0 1 60 7 0 0
cycle 3 1 0 6 1 1 0 1 60 7 0 0
cycle 3 1 3 5 0 1 0 1 60 7 0 0
cycle 3 1 3 5 1 1 0 1 60 7 0 0
cycle 3 1 2 5 0 1 0 1 60 7 0 0
cycle 3 1 2 5 1 1 0 1 60 7 0 0
cycle 3 1 7 6 0 1 0 1 60 7 0 0
cycle 3 1 7 6 1 1 0 1 60 7 0 0
cycle 3 1 6 3 0 1 0 1 60 7 0 0
cycle 3 1 6 3 1 1 0 1 60 7 0 0
cycle 3 1 4 0 0 1 1 1 -43 21 0 0
cycle 3 1 4 0 1 1 1 1 31 30 -64 3
cycle 3 0 0 0 0 1 0 1 31 30 -8 12
cycle 3 1 7 6 0 0 0 1 31 30 0 0
cycle 3 1 7 6 1 1 0 1 31 30 0 0
cycle 3 0 0 0 0 1 0 1 31 30 0 0
cycle 3 1 4 2 0 0 1 1 0 9 0 0
cycle 3 0 0 0 0 1 0 1 0 9 -62 4
cycle 3 1 4 2 1 0 1 1 -1 9 0 0
cycle 3 0 0 0 0 1 0 1 -1 9 55 31
cycle 3 1 4 5 0 0 0 1 -1 9 0 0
cycle 3 1 4 5 1 1 0 1 -1 9 0 0
cycle 3 1 7 7 0 1 0 1 -1 9 0 0
cycle 3 1 7 7 1 1 0 1 -1 9 0 0
cycle 3 1 2 5 0 1 0 1 -1 9 0 0
cycle 3 1 2 5 1 1 0 1 -1 9 0 0
cycle 3 1 7 7 0 1 0 1 -1 9 0 0
cycle 3 1 7 7 1 1 0 1 -1 9 0 0
cycle 3 1 4 0 0 1 1 1 -64 3 0 0
cycle 3 1 4 0 1 1 1 1 -8 12 -14 5
cycle 3 0 0 0 0 1 0 1 -8 12 -17 18
cycle 3 1 0 4 0 0 1 1 48 23 0 0
cycle 3 1 0 4 1 1 1 1 43 30 35 26
cycle 3 1 0 0 0 1 1 1 -11 5 -58 0
cycle 3 1 0 0 1 1 1 1 55 10 62 26
cycle 3 1 7 6 0 1 0 1 55 10 -31 31
cycle 3 1 7 6 1 1 0 1 55 10 0 0
cycle 3 0 0 0 0 1 0 1 55 10 0 0
cycle 3 1 2 7 0 0 0 1 55 10 0 0
cycle 3 1 2 7 1 1 0 1 55 10 0 0
cycle 3 1 4 0 0 1 1 1 -14 5 0 0
cycle 3 1 4 0 1 1 1 1 -17 18 12 7
cycle 3 0 0 0 0 1 0 1 -17 18 -33 18
cycle 3 1 5 1 0 0 0 1 -17 18 0 0
cycle 3 1 5 1 1 1 0 1 -17 18 0 0
cycle 3 1 2 6 0 1 0 1 -17 18 0 0
cycle 3 1 2 6 1 1 0 1 -17 18 0 0
cycle 3 1 7 5 0 1 0 1 -17 18 0 0
cycle 3 1 7 5 1 1 0 1 -17 18 0 0
cycle 3 1 2 7 0 1 0 1 -17 18 0 0
cycle 3 1 2 7 1 1 0 1 -17 18 0 0
cycle 3 1 0 6 0 1 0 1 -17 18 0 0
cycle 3 0 0 0 0 1 0 1 -17 18 0 0
cycle 3 1 0 6 1 0 0 1 -17 18 0 0
cycle 3 1 5 4 0 1 0 1 -17 18 0 0
cycle 3 0 0 0 0 1 0 1 -17 18 0 0
cycle 3 1 5 4 1 0 0 1 -17 18 0 0
cycle 3 1 2 4 0 1 1 1 -58 22 0 0
cycle 3 1 2 4 1 1 1 1 -64 18 -43 0
cycle 3 1 1 0 0 1 0 1 -64 18 60 17
cycle 3 1 1 0 1 1 0 1 -64 18 0 0
cycle 3 1 5 6 0 1 0 1 -64 18 0 0
cycle 3 1 5 6 1 1 0 1 -64 18 0 0
cycle 3 1 1 3 0 1 0 1 -64 18 0 0
cycle 3 0 0 0 0 1 0 1 -64 18 0 0
cycle 3 1 1 3 1 0 0 1 -64 18 0 0
cycle 3 1 7 0 0 1 0 1 -64 18 0 0
cycle 3 1 7 0 1 1 0 1 -64 18 0 0
cycle 3 0 0 0 0 1 0 1 -64 18 0 0
cycle 3 1 7 4 0 0 0 1 -64 18 0 0
cycle 3 1 7 4 1 1 0 1 -64 18 0 0
cycle 3 1 4 2 0 1 1 1 -62 4 0 0
cycle 3 1 4 2 1 1 1 1 55 31 -36 15
cycle 3 0 0 0 0 1 0 1 55 31 -10 31
cycle 3 1 4 4 0 0 1 1 -1 31 0 0
cycle 3 1 4 4 1 1 1 1 31 20 17 31
cycle 3 1 0 0 0 1 1 1 62 26 6 26
cycle 3 1 0 0 1 1 1 1 -31 31 -17 6
cycle 3 0 0 0 0 1 0 1 -31 31 -64 20
cycle 3 1 6 1 0 0 0 1 -31 31 0 0
cycle 3 1 6 1 1 1 0 1 -31 31 0 0
cycle 3 1 7 4 0 1 0 1 -31 31 0 0
cycle 3 1 7 4 1 1 0 1 -31 31 0 0
cycle 3 1 2 4 0 1 1 1 -43 0 0 0
cycle 3 1 2 4 1 1 1 1 60 17 59 0
cycle 3 1 2 0 0 1 1 1 -21 5 -50 0
cycle 3 0 0 0 0 1 0 1 -21 5 41 28
cycle 3 1 2 0 1 0 1 1 23 13 0 0
cycle 3 1 7 5 0 1 0 1 23 13 -6 7
cycle 3 1 7 5 1 1 0 1 23 13 0 0
cycle 3 1 7 6 0 1 0 1 23 13 0 0
cycle 3 1 7 6 1 1 0 1 23 13 0 0
cycle 3 1 2 2 0 1 1 1 -47 20 0 0
cycle 3 0 0 0 0 1 0 1 -47 20 61 10
cycle 3 1 2 2 1 0 1 1 -30 13 0 0
cycle 3 1 5 4 0 1 0 1 -30 13 63 0
cycle 3 1 5 4 1 1 0 1 -30 13 0 0
cycle 3 1 0 7 0 1 0 1 -30 13 0 0
cycle 3 1 0 7 1 1 0 1 -30 13 0 0
cycle 3 1 4 5 0 1 0 1 -30 13 0 0
cycle 3 0 0 0 0 1 0 1 -30 13 0 0
cycle 3 1 4 5 1 0 0 1 -30 13 0 0
cycle 3 1 7 1 0 1 0 1 -30 13 0 0
cycle 3 1 7 1 1 1 0 1 -30 13 0 0
cycle 3 1 7 7 0 1 0 1 -30 13 0 0
cycle 3 1 7 7 1 1 0 1 -30 13 0 0
cycle 3 1 4 2 0 1 1 1 -36 15 0 0
cycle 3 1 4 2 1 1 1 1 -10 31 -45 14
cycle 3 1 5 6 0 1 0 1 -10 31 50 1
cycle 3 1 5 6 1 1 0 1 -10 31 0 0
cycle 3 1 0 3 0 1 0 1 -10 31 0 0
cycle 3 0 0 0 0 1 0 1 -10 31 0 0
cycle 3 1 0 3 1 0 0 1 -10 31 0 0
cycle 3 1 0 6 0 1 0 1 -10 31 0 0
cycle 3 1 0 6 1 1 0 1 -10 31 0 0
cycle 3 1 4 7 0 1 0 1 -10 31 0 0
cycle 3 1 4 7 1 1 0 1 -10 31 0 0
cycle 3 1 3 7 0 1 0 1 -10 31 0 0
cycle 3 0 0 0 0 1 0 1 -10 31 0 0
cycle 3 1 3 7 1 0 0 1 -10 31 0 0
cycle 3 1 6 6 0 1 0 1 -10 31 0 0
cycle 3 1 6 6 1 1 0 1 -10 31 0 0
cycle 3 1 5 2 0 1 0 1 -10 31 0 0
cycle 3 1 5 2 1 1 0 1 -10 31 0 0
cycle 3 0 0 0 0 1 0 1 -10 31 0 0
cycle 3 1 1 7 0 0 0 1 -10 31 0 0
cycle 3 0 0 0 0 1 0 1 -10 31 0 0
cycle 3 1 1 7 1 0 0 1 -10 31 0 0
cycle 3 1 7 1 0 1 0 1 -10 31 0 0
cycle 3 1 7 1 1 1 0 1 -10 31 0 0
cycle 3 1 1 2 0 1 0 1 -10 31 0 0
cycle 3 0 0 0 0 1 0 1 -10 31 0 0
cycle 3 1 1 2 1 0 0 1 -10 31 0 0
cycle 3 1 0 5 0 1 0 1 -10 31 0 0
cycle 3 1 0 5 1 1 0 1 -10 31 0 0
cycle 3 1 7 5 0 1 0 1 -10 31 0 0
cycle 3 1 7 5 1 1 0 1 -10 31 0 0
cycle 3 0 0 0 0 1 0 1 -10 31 0 0
cycle 3 1 1 0 0 0 0 1 -10 31 0 0
cycle 3 1 1 0 1 1 0 1 -10 31 0 0
cycle 3 1 7 2 0 1 0 1 -10 31 0 0
cycle 3 0 0 0 0 1 0 1 -10 31 0 0
cycle 3 1 7 2 1 0 0 1 -10 31 0 0
cycle 3 0 0 0 0 1 0 1 -10 31 0 0
cycle 3 1 6 2 0 0 1 1 45 27 0 0
cycle 3 1 6 2 1 1 1 1 39 24 -24 14
cycle 3 1 6 6 0 1 0 1 39 24 -5 24
cycle 3 1 6 6 1 1 0 1 39 24 0 0
cycle 3 1 7 0 0 1 0 1 39 24 0 0
cycle 3 1 7 0 1 1 0 1 39 24 0 0
cycle 3 1 2 7 0 1 0 1 39 24 0 0
cycle 3 1 2 7 1 1 0 1 39 24 0 0
cycle 3 1 4 2 0 1 1 1 -45 14 0 0
cycle 3 1 4 2 1 1 1 1 50 1 22 8
cycle 3 1 7 4 0 1 0 1 50 1 -64 29
cycle 3 0 0 0 0 1 0 1 50 1 0 0
cycle 3 1 7 4 1 0 0 1 50 1 0 0
cycle 3 0 0 0 0 1 0 1 50 1 0 0
cycle 3 1 0 7 0 0 0 1 50 1 0 0
cycle 3 1 0 7 1 1 0 1 50 1 0 0
cycle 3 1 6 0 0 1 1 1 -19 14 0 0
cycle 3 1 6 0 1 1 1 1 3 0 -46 10
cycle 3 1 7 4 0 1 0 1 3 0 24 11
cycle 3 1 7 4 1 1 0 1 3 0 0 0
cycle 3 1 7 1 0 1 0 1 3 0 0 0
cycle 3 1 7 1 1 1 0 1 3 0 0 0
cycle 3 1 0 5 0 1 0 1 3 0 0 0
cycle 3 1 0 5 1 1 0 1 3 0 0 0
cycle 3 1 0 6 0 1 0 1 3 0 0 0
cycle 3 1 0 6 1 1 0 1 3 0 0 0
cycle 3 1 2 1 0 1 0 1 3 0 0 0
cycle 3 1 2 1 1 1 0 1 3 0 0 0
cycle 3 1 4 6 0 1 0 1 3 0 0 0
cycle 3 1 4 6 1 1 0 1 3 0 0 0
cycle 3 1 6 1 0 1 0 1 3 0 0 0
cycle 3 1 6 1 1 1 0 1 3 0 0 0
cycle 3 1 6 3 0 1 0 1 3 0 0 0
cycle 3 1 6 3 1 1 0 1 3 0 0 0
cycle 3 1 5 1 0 1 0 1 3 0 0 0
cycle 3 1 5 1 1 1 0 1 3 0 0 0
cycle 3 1 3 2 0 1 0 1 3 0 0 0
cycle 3 1 3 2 1 1 0 1 3 0 0 0
cycle 3 1 1 2 0 1 0 1 3 0 0 0
cycle 3 0 0 0 0 1 0 1 3 0 0 0
cycle 3 1 1 2 1 0 0 1 3 0 0 0
cycle 3 1 0 5 0 1 0 1 3 0 0 0
cycle 3 1 0 5 1 1 0 1 3 0 0 0
cycle 3 0 0 0 0 1 0 1 3 0 0 0
cycle 3 1 5 2 0 0 0 1 3 0 0 0
cycle 3 1 5 2 1 1 0 1 3 0 0 0
cycle 3 1 5 4 0 1 0 1 3 0 0 0
cycle 3 1 5 4 1 1 0 1 3 0 0 0
cycle 3 1 4 5 0 1 0 1 3 0 0 0
cycle 3 0 0 0 0 1 0 1 3 0 0 0
cycle 3 1 4 5 1 0 0 1 3 0 0 0
cycle 3 1 5 6 0 1 0 1 3 0 0 0
cycle 3 1 5 6 1 1 0 1 3 0 0 0
cycle 3 1 4 2 0 1 1 1 22 8 0 0
cycle 3 1 4 2 1 1 1 1 -64 29 -44 19
cycle 3 1 7 0 0 1 0 1 -64 29 47 29
cycle 3 1 7 0 1 1 0 1 -64 29 0 0
cycle 3 1 4 1 0 1 0 1 -64 29 0 0
cycle 3 1 4 1 1 1 0 1 -64 29 0 0
cycle 3 1 1 4 0 1 0 1 -64 29 0 0
cycle 3 1 1 4 1 1 0 1 -64 29 0 0
cycle 3 0 0 0 0 1 0 1 -64 29 0 0
cycle 3 1 4 7 0 0 0 1 -64 29 0 0
cycle 3 1 4 7 1 1 0 1 -64 29 0 0
cycle 3 1 5 5 0 1 0 1 -64 29 0 0
cycle 3 1 5 5 1 1 0 1 -64 29 0 0
cycle 3 0 0 0 0 1 0 1 -64 29 0 0
cycle 3 1 4 4 0 0 1 1 17 31 0 0
cycle 3 1 4 4 1 1 1 1 6 26 -16 8
cycle 3 0 0 0 0 1 0 1 6 26 39 20
cycle 3 1 4 0 0 0 1 1 12 7 0 0
cycle 3 1 4 0 1 1 1 1 -33 18 -64 0
cycle 3 1 5 3 0 1 0 1 -33 18 -32 17
cycle 3 0 0 0 0 1 0 1 -33 18 0 0
cycle 3 1 5 3 1 0 0 1 -33 18 0 0
cycle 3 1 6 2 0 1 1 1 -24 14 0 0
cycle 3 1 6 2 1 1 1 1 -5 24 -64 6
cycle 3 1 4 2 0 1 1 1 -44 19 -5 11
cycle 3 1 4 2 1 1 1 1 47 29 63 24
cycle 3 1 4 7 0 1 0 1 47 29 13 27
cycle 3 0 0 0 0 1 0 1 47 29 0 0
cycle 3 1 4 7 1 0 0 1 47 29 0 0
cycle 3 1 2 1 0 1 0 1 47 29 0 0
cycle 3 1 2 1 1 1 0 1 47 29 0 0
cycle 3 1 6 0 0 1 1 1 -46 10 0 0
cycle 3 1 6 0 1 1 1 1 24 11 25 13
cycle 3 1 3 2 0 1 0 1 24 11 -26 1
cycle 3 1 3 2 1 1 0 1 24 11 0 0
cycle 3 1 2 5 0 1 0 1 24 11 0 0
cycle 3 1 2 5 1 1 0 1 24 11 0 0
cycle 3 1 2 2 0 1 1 1 61 10 0 0
cycle 3 0 0 0 0 1 0 1 61 10 23 0
cycle 3 1 2 2 1 0 1 1 63 0 0 0
cycle 3 1 2 5 0 1 0 1 63 0 16 11
cycle 3 1 2 5 1 1 0 1 63 0 0 0
cycle 3 1 3 5 0 1 0 1 63 0 0 0
cycle 3 1 3 5 1 1 0 1 63 0 0 0
cycle 3 1 7 3 0 1 0 1 63 0 0 0
cycle 3 1 7 3 1 1 0 1 63 0 0 0
cycle 3 0 0 0 0 1 0 1 63 0 0 0
cycle 3 1 4 6 0 0 0 1 63 0 0 0
cycle 3 1 4 6 1 1 0 1 63 0 0 0
cycle 3 1 3 2 0 1 0 1 63 0 0 0
cycle 3 1 3 2 1 1 0 1 63 0 0 0
cycle 3 1 3 4 0 1 0 1 63 0 0 0
cycle 3 1 3 4 1 1 0 1 63 0 0 0
cycle 3 1 4 4 0 1 1 1 -16 8 0 0
cycle 3 1 4 4 1 1 1 1 39 20 -58 24
cycle 3 1 1 0 0 1 0 1 39 20 -64 31
cycle 3 0 0 0 0 1 0 1 39 20 0 0
cycle 3 1 1 0 1 0 0 1 39 20 0 0
cycle 3 0 0 0 0 1 0 1 39 20 0 0
cycle 3 1 3 2 0 0 0 1 39 20 0 0
cycle 3 1 3 2 1 1 0 1 39 20 0 0
cycle 3 1 0 4 0 1 1 1 35 26 0 0
cycle 3 0 0 0 0 1 0 1 35 26 30 31
cycle 3 1 0 4 1 0 1 1 -58 0 0 0
cycle 3 1 1 7 0 1 0 1 -58 0 -14 31
cycle 3 1 1 7 1 1 0 1 -58 0 0 0
cycle 3 0 0 0 0 1 0 1 -58 0 0 0
cycle 3 1 6 6 0 0 0 1 -58 0 0 0
cycle 3 1 6 6 1 1 0 1 -58 0 0 0
cycle 3 1 5 3 0 1 0 1 -58 0 0 0
cycle 3 1 5 3 1 1 0 1 -58 0 0 0
cycle 3 1 2 1 0 1 0 1 -58 0 0 0
cycle 3 1 2 1 1 1 0 1 -58 0 0 0
cycle 3 1 2 2 0 1 1 1 23 0 0 0
cycle 3 1 2 2 1 1 1 1 16 11 35 5
cycle 3 1 5 0 0 1 0 1 16 11 29 5
cycle 3 1 5 0 1 1 0 1 16 11 0 0
cycle 3 1 7 4 0 1 0 1 16 11 0 0
cycle 3 1 7 4 1 1 0 1 16 11 0 0
cycle 3 1 2 3 0 1 0 1 16 11 0 0
cycle 3 1 2 3 1 1 0 1 16 11 0 0
cycle 3 1 4 5 0 1 0 1 16 11 0 0
cycle 3 1 4 5 1 1 0 1 16 11 0 0
cycle 3 1 6 4 0 1 1 1 20 29 0 0
cycle 3 1 6 4 1 1 1 1 -58 0 -64 18
cycle 3 1 0 3 0 1 0 1 -58 0 6 14
cycle 3 0 0 0 0 1 0 1 -58 0 0 0
cycle 3 1 0 3 1 0 0 1 -58 0 0 0
cycle 3 1 6 2 0 1 1 1 -64 6 0 0
cycle 3 0 0 0 0 1 0 1 -64 6 19 31
cycle 3 1 6 2 1 0 1 1 -5 11 0 0
cycle 3 1 2 0 0 1 1 1 41 28 56 3
cycle 3 1 2 0 1 1 1 1 -6 7 -33 12
cycle 3 1 1 7 0 1 0 1 -6 7 -10 31
cycle 3 0 0 0 0 1 0 1 -6 7 0 0
cycle 3 1 1 7 1 0 0 1 -6 7 0 0
cycle 3 1 6 0 0 1 1 1 25 13 0 0
cycle 3 1 6 0 1 1 1 1 -26 1 3 11
cycle 3 1 7 0 0 1 0 1 -26 1 17 0
cycle 3 0 0 0 0 1 0 1 -26 1 0 0
cycle 3 1 7 0 1 0 0 1 -26 1 0 0
cycle 3 1 4 1 0 1 0 1 -26 1 0 0
cycle 3 0 0 0 0 1 0 1 -26 1 0 0
cycle 3 1 4 1 1 0 0 1 -26 1 0 0
cycle 3 1 4 1 0 1 0 1 -26 1 0 0
cycle 3 0 0 0 0 1 0 1 -26 1 0 0
cycle 3 1 4 1 1 0 0 1 -26 1 0 0
cycle 3 1 2 6 0 1 0 1 -26 1 0 0
cycle 3 1 2 6 1 1 0 1 -26 1 0 0
cycle 3 1 7 1 0 1 0 1 -26 1 0 0
cycle 3 1 7 1 1 1 0 1 -26 1 0 0
cycle 3 1 7 2 0 1 0 1 -26 1 0 0
cycle 3 0 0 0 0 1 0 1 -26 1 0 0
cycle 3 1 7 2 1 0 0 1 -26 1 0 0
cycle 3 1 0 0 0 1 1 1 -17 6 0 0
cycle 3 1 0 0 1 1 1 1 -64 20 -64 4
cycle 3 1 5 7 0 1 0 1 -64 20 27 0
cycle 3 0 0 0 0 1 0 1 -64 20 0 0
cycle 3 1 5 7 1 0 0 1 -64 20 0 0
cycle 3 1 2 2 0 1 1 1 35 5 0 0
cycle 3 1 2 2 1 1 1 1 29 5 9 7
cycle 3 0 0 0 0 1 0 1 29 5 -16 8
cycle 3 1 0 6 0 0 0 1 29 5 0 0
cycle 3 1 0 6 1 1 0 1 29 5 0 0
cycle 3 1 3 7 0 1 0 1 29 5 0 0
cycle 3 1 3 7 1 1 0 1 29 5 0 0
cycle 3 1 6 5 0 1 0 1 29 5 0 0
cycle 3 0 0 0 0 1 0 1 29 5 0 0
cycle 3 1 6 5 1 0 0 1 29 5 0 0
cycle 3 1 5 2 0 1 0 1 29 5 0 0
cycle 3 1 5 2 1 1 0 1 29 5 0 0
cycle 3 1 6 3 0 1 0 1 29 5 0 0
cycle 3 1 6 3 1 1 0 1 29 5 0 0
cycle 3 0 0 0 0 1 0 1 29 5 0 0
cycle 3 1 1 6 0 0 0 1 29 5 0 0
cycle 3 1 1 6 1 1 0 1 29 5 0 0
cycle 3 1 0 5 0 1 0 1 29 5 0 0
cycle 3 1 0 5 1 1 0 1 29 5 0 0
cycle 3 0 0 0 0 1 0 1 29 5 0 0
cycle 3 1 7 6 0 0 0 1 29 5 0 0
cycle 3 1 7 6 1 1 0 1 29 5 0 0
cycle 3 1 5 4 0 1 0 1 29 5 0 0
cycle 3 1 5 4 1 1 0 1 29 5 0 0
cycle 3 1 1 5 0 1 0 1 29 5 0 0
cycle 3 1 1 5 1 1 0 1 29 5 0 0
cycle 3 1 2 2 0 1 1 1 9 7 0 0
cycle 3 0 0 0 0 1 0 1 9 7 -13 11
cycle 3 1 2 2 1 0 1 1 -16 8 0 0
cycle 3 1 7 1 0 1 0 1 -16 8 30 23
cycle 3 1 7 1 1 1 0 1 -16 8 0 0
cycle 3 1 7 5 0 1 0 1 -16 8 0 0
cycle 3 0 0 0 0 1 0 1 -16 8 0 0
cycle 3 1 7 5 1 0 0 1 -16 8 0 0
cycle 3 0 0 0 0 1 0 1 -16 8 0 0
cycle 3 1 4 0 0 0 1 1 -64 0 0 0
cycle 3 1 4 0 1 1 1 1 -32 17 -10 20
cycle 3 1 6 6 0 1 0 1 -32 17 -41 27
cycle 3 1 6 6 1 1 0 1 -32 17 0 0
cycle 3 1 0 0 0 1 1 1 -64 4 0 0
cycle 3 1 0 0 1 1 1 1 27 0 -34 24
cycle 3 1 2 4 0 1 1 1 59 0 -49 3
cycle 3 1 2 4 1 1 1 1 -50 0 54 24
cycle 3 1 2 4 0 1 1 1 54 24 28 4
cycle 3 1 2 4 1 1 1 1 28 4 -61 3
cycle 3 1 5 0 0 1 0 1 28 4 20 22
cycle 3 1 5 0 1 1 0 1 28 4 0 0
cycle 3 1 7 4 0 1 0 1 28 4 0 0
cycle 3 1 7 4 1 1 0 1 28 4 0 0
cycle 3 1 1 6 0 1 0 1 28 4 0 0
cycle 3 1 1 6 1 1 0 1 28 4 0 0
cycle 3 1 3 4 0 1 0 1 28 4 0 0
cycle 3 1 3 4 1 1 0 1 28 4 0 0
cycle 3 1 7 5 0 1 0 1 28 4 0 0
cycle 3 0 0 0 0 1 0 1 28 4 0 0
cycle 3 1 7 5 1 0 0 1 28 4 0 0
cycle 3 1 5 5 0 1 0 1 28 4 0 0
cycle 3 1 5 5 1 1 0 1 28 4 0 0
cycle 3 1 6 1 0 1 0 1 28 4 0 0
cycle 3 1 6 1 1 1 0 1 28 4 0 0
cycle 3 1 7 7 0 1 0 1 28 4 0 0
cycle 3 0 0 0 0 1 0 1 28 4 0 0
cycle 3 1 7 7 1 0 0 1 28 4 0 0
cycle 3 1 5 2 0 1 0 1 28 4 0 0
cycle 3 0 0 0 0 1 0 1 28 4 0 0
cycle 3 1 5 2 1 0 0 1 28 4 0 0
cycle 3 1 0 4 0 1 1 1 30 31 0 0
cycle 3 1 0 4 1 1 1 1 -14 31 -34 12
cycle 3 1 6 0 0 1 1 1 3 11 -56 13
cycle 3 1 6 0 1 1 1 1 17 0 -15 11
cycle 3 0 0 0 0 1 0 1 17 0 -11 22
cycle 3 1 6 7 0 0 0 1 17 0 0 0
cycle 3 0 0 0 0 1 0 1 17 0 0 0
cycle 3 1 6 7 1 0 0 1 17 0 0 0
cycle 3 1 1 5 0 1 0 1 17 0 0 0
cycle 3 1 1 5 1 1 0 1 17 0 0 0
cycle 3 1 4 3 0 1 0 1 17 0 0 0
cycle 3 1 4 3 1 1 0 1 17 0 0 0
cycle 3 1 7 4 0 1 0 1 17 0 0 0
cycle 3 0 0 0 0 1 0 1 17 0 0 0
cycle 3 1 7 4 1 0 0 1 17 0 0 0
cycle 3 0 0 0 0 1 0 1 17 0 0 0
cycle 3 1 0 0 0 0 1 1 -34 24 0 0
cycle 3 0 0 0 0 1 0 1 -34 24 62 29
cycle 3 1 0 0 1 0 1 1 -49 3 0 0
cycle 3 1 2 1 0 1 0 1 -49 3 16 26
cycle 3 1 2 1 1 1 0 1 -49 3 0 0
cycle 3 1 6 7 0 1 0 1 -49 3 0 0
cycle 3 1 6 7 1 1 0 1 -49 3 0 0
cycle 3 1 3 0 0 1 0 1 -49 3 0 0
cycle 3 1 3 0 1 1 0 1 -49 3 0 0
cycle 3 0 0 0 0 1 0 1 -49 3 0 0
cycle 3 1 5 1 0 0 0 1 -49 3 0 0
cycle 3 1 5 1 1 1 0 1 -49 3 0 0
cycle 3 1 6 4 0 1 1 1 -64 18 0 0
cycle 3 1 6 4 1 1 1 1 6 14 45 16
cycle 3 1 2 6 0 1 0 1 6 14 -64 9
cycle 3 1 2 6 1 1 0 1 6 14 0 0
cycle 3 0 0 0 0 1 0 1 6 14 0 0
cycle 3 1 0 6 0 0 0 1 6 14 0 0
cycle 3 0 0 0 0 1 0 1 6 14 0 0
cycle 3 1 0 6 1 0 0 1 6 14 0 0
cycle 3 1 1 6 0 1 0 1 6 14 0 0
cycle 3 1 1 6 1 1 0 1 6 14 0 0
cycle 3 1 3 6 0 1 0 1 6 14 0 0
cycle 3 1 3 6 1 1 0 1 6 14 0 0
cycle 3 1 1 2 0 1 0 1 6 14 0 0
cycle 3 1 1 2 1 1 0 1 6 14 0 0
cycle 3 1 7 4 0 1 0 1 6 14 0 0
cycle 3 1 7 4 1 1 0 1 6 14 0 0
cycle 3 0 0 0 0 1 0 1 6 14 0 0
cycle 3 1 2 6 0 0 0 1 6 14 0 0
cycle 3 0 0 0 0 1 0 1 6 14 0 0
cycle 3 1 2 6 1 0 0 1 6 14 0 0
cycle 3 1 3 1 0 1 0 1 6 14 0 0
cycle 3 1 3 1 1 1 0 1 6 14 0 0
cycle 3 1 7 0 0 1 0 1 6 14 0 0
cycle 3 1 7 0 1 1 0 1 6 14 0 0
cycle 3 0 0 0 0 1 0 1 6 14 0 0
cycle 3 1 4 3 0 0 0 1 6 14 0 0
cycle 3 1 4 3 1 1 0 1 6 14 0 0
cycle 3 1 4 2 0 1 1 1 63 24 0 0
cycle 3 1 4 2 1 1 1 1 13 27 -18 6
cycle 3 1 2 0 0 1 1 1 -33 12 -7 24
cycle 3 1 2 0 1 1 1 1 -10 31 62 23
cycle 3 1 7 4 0 1 0 1 -10 31 30 27
cycle 3 1 7 4 1 1 0 1 -10 31 0 0
cycle 3 1 6 2 0 1 1 1 19 31 0 0
cycle 3 1 6 2 1 1 1 1 56 3 63 14
cycle 3 1 7 7 0 1 0 1 56 3 -62 24
cycle 3 1 7 7 1 1 0 1 56 3 0 0
cycle 3 1 3 2 0 1 0 1 56 3 0 0
cycle 3 1 3 2 1 1 0 1 56 3 0 0
cycle 3 1 0 5 0 1 0 1 56 3 0 0
cycle 3 1 0 5 1 1 0 1 56 3 0 0
cycle 3 1 4 4 0 1 1 1 -58 24 0 0
cycle 3 1 4 4 1 1 1 1 -64 31 29 8
cycle 3 0 0 0 0 1 0 1 -64 31 63 14
cycle 3 1 1 2 0 0 0 1 -64 31 0 0
cycle 3 1 1 2 1 1 0 1 -64 31 0 0
cycle 3 1 4 3 0 1 0 1 -64 31 0 0
cycle 3 1 4 3 1 1 0 1 -64 31 0 0
cycle 3 1 4 2 0 1 1 1 -18 6 0 0
cycle 3 1 4 2 1 1 1 1 -7 24 50 29
cycle 3 1 5 1 0 1 0 1 -7 24 -63 31
cycle 3 1 5 1 1 1 0 1 -7 24 0 0
cycle 3 0 0 0 0 1 0 1 -7 24 0 0
cycle 3 1 2 0 0 0 1 1 62 23 0 0
cycle 3 1 2 0 1 1 1 1 30 27 -37 25
cycle 3 1 6 0 0 1 1 1 -15 11 -57 23
cycle 3 1 6 0 1 1 1 1 -11 22 -43 1
cycle 3 0 0 0 0 1 0 1 -11 22 -64 15
cycle 3 1 0 1 0 0 0 1 -11 22 0 0
cycle 3 1 0 1 1 1 0 1 -11 22 0 0
cycle 3 0 0 0 0 1 0 1 -11 22 0 0
cycle 3 1 5 0 0 0 0 1 -11 22 0 0
cycle 3 1 5 0 1 1 0 1 -11 22 0 0
cycle 3 0 0 0 0 1 0 1 -11 22 0 0
cycle 3 1 7 1 0 0 0 1 -11 22 0 0
cycle 3 1 7 1 1 1 0 1 -11 22 0 0
cycle 3 1 6 0 0 1 1 1 -43 1 0 0
cycle 3 1 6 0 1 1 1 1 -64 15 -15 24
cycle 3 1 1 2 0 1 0 1 -64 15 16 20
cycle 3 1 1 2 1 1 0 1 -64 15 0 0
cycle 3 1 6 1 0 1 0 1 -64 15 0 0
cycle 3 1 6 1 1 1 0 1 -64 15 0 0
cycle 3 1 5 0 0 1 0 1 -64 15 0 0
cycle 3 1 5 0 1 1 0 1 -64 15 0 0
cycle 3 1 1 0 0 1 0 1 -64 15 0 0
cycle 3 1 1 0 1 1 0 1 -64 15 0 0
cycle 3 0 0 0 0 1 0 1 -64 15 0 0
cycle 3 1 1 7 0 0 0 1 -64 15 0 0
cycle 3 1 1 7 1 1 0 1 -64 15 0 0
cycle 3 1 4 1 0 1 0 1 -64 15 0 0
cycle 3 1 4 1 1 1 0 1 -64 15 0 0
cycle 3 1 6 0 0 1 1 1 -15 24 0 0
cycle 3 1 6 0 1 1 1 1 16 20 63 29
cycle 3 1 1 5 0 1 0 1 16 20 -6 28
cycle 3 0 0 0 0 1 0 1 16 20 0 0
cycle 3 1 1 5 1 0 0 1 16 20 0 0
cycle 3 1 5 4 0 1 0 1 16 20 0 0
cycle 3 1 5 4 1 1 0 1 16 20 0 0
cycle 3 1 0 3 0 1 0 1 16 20 0 0
cycle 3 1 0 3 1 1 0 1 16 20 0 0
cycle 3 0 0 0 0 1 0 1 16 20 0 0
cycle 3 1 6 5 0 0 0 1 16 20 0 0
cycle 3 1 6 5 1 1 0 1 16 20 0 0
cycle 3 1 0 7 0 1 0 1 16 20 0 0
cycle 3 1 0 7 1 1 0 1 16 20 0 0
cycle 3 1 5 3 0 1 0 1 16 20 0 0
cycle 3 1 5 3 1 1 0 1 16 20 0 0
cycle 3 1 7 3 0 1 0 1 16 20 0 0
cycle 3 0 0 0 0 1 0 1 16 20 0 0
cycle 3 1 7 3 1 0 0 1 16 20 0 0
cycle 3 1 2 4 0 1 1 1 -61 3 0 0
cycle 3 1 2 4 1 1 1 1 20 22 -63 31
cycle 3 1 0 1 0 1 0 1 20 22 -11 11
cycle 3 0 0 0 0 1 0 1 20 22 0 0
cycle 3 1 0 1 1 0 0 1 20 22 0 0
cycle 3 1 3 1 0 1 0 1 20 22 0 0
cycle 3 1 3 1 1 1 0 1 20 22 0 0
cycle 3 1 6 3 0 1 0 1 20 22 0 0
cycle 3 1 6 3 1 1 0 1 20 22 0 0
cycle 3 1 4 5 0 1 0 1 20 22 0 0
cycle 3 0 0 0 0 1 0 1 20 22 0 0
cycle 3 1 4 5 1 0 0 1 20 22 0 0
cycle 3 1 0 0 0 1 1 1 62 29 0 0
cycle 3 1 0 0 1 1 1 1 16 26 30 1
cycle 3 0 0 0 0 1 0 1 16 26 54 22
cycle 3 1 5 1 0 0 0 1 16 26 0 0
cycle 3 1 5 1 1 1 0 1 16 26 0 0
cycle 3 0 0 0 0 1 0 1 16 26 0 0
cycle 3 1 7 6 0 0 0 1 16 26 0 0
cycle 3 1 7 6 1 1 0 1 16 26 0 0
cycle 3 1 0 2 0 1 1 1 -16 6 0 0
cycle 3 1 0 2 1 1 1 1 18 24 45 3
cycle 3 1 7 4 0 1 0 1 18 24 3 12
cycle 3 0 0 0 0 1 0 1 18 24 0 0
cycle 3 1 7 4 1 0 0 1 18 24 0 0
cycle 3 1 1 0 0 1 0 1 18 24 0 0
cycle 3 0 0 0 0 1 0 1 18 24 0 0
cycle 3 1 1 0 1 0 0 1 18 24 0 0
cycle 3 1 0 4 0 1 1 1 -34 12 0 0
cycle 3 1 0 4 1 1 1 1 -56 13 -40 12
cycle 3 0 0 0 0 1 0 1 -56 13 -48 6
cycle 3 1 6 0 0 0 1 1 63 29 0 0
cycle 3 0 0 0 0 1 0 1 63 29 20 4
cycle 3 1 6 0 1 0 1 1 -6 28 0 0
cycle 3 1 2 1 0 1 0 1 -6 28 31 22
cycle 3 1 2 1 1 1 0 1 -6 28 0 0
cycle 3 0 0 0 0 1 0 1 -6 28 0 0
cycle 3 1 5 3 0 0 0 1 -6 28 0 0
cycle 3 1 5 3 1 1 0 1 -6 28 0 0
cycle 3 1 1 4 0 1 0 1 -6 28 0 0
cycle 3 1 1 4 1 1 0 1 -6 28 0 0
cycle 3 1 6 1 0 1 0 1 -6 28 0 0
cycle 3 0 0 0 0 1 0 1 -6 28 0 0
cycle 3 1 6 1 1 0 0 1 -6 28 0 0
cycle 3 1 0 3 0 1 0 1 -6 28 0 0
cycle 3 1 0 3 1 1 0 1 -6 28 0 0
cycle 3 1 1 6 0 1 0 1 -6 28 0 0
cycle 3 1 1 6 1 1 0 1 -6 28 0 0
cycle 3 1 5 5 0 1 0 1 -6 28 0 0
cycle 3 0 0 0 0 1 0 1 -6 28 0 0
cycle 3 1 5 5 1 0 0 1 -6 28 0 0
cycle 3 1 3 2 0 1 0 1 -6 28 0 0
cycle 3 0 0 0 0 1 0 1 -6 28 0 0
cycle 3 1 3 2 1 0 0 1 -6 28 0 0
cycle 3 1 1 3 0 1 0 1 -6 28 0 0
cycle 3 1 1 3 1 1 0 1 -6 28 0 0
cycle 3 1 4 6 0 1 0 1 -6 28 0 0
cycle 3 1 4 6 1 1 0 1 -6 28 0 0
cycle 3 1 6 2 0 1 1 1 63 14 0 0
cycle 3 1 6 2 1 1 1 1 -62 24 -28 8
cycle 3 1 7 1 0 1 0 1 -62 24 -2 23
cycle 3 0 0 0 0 1 0 1 -62 24 0 0
cycle 3 1 7 1 1 0 0 1 -62 24 0 0
cycle 3 1 4 7 0 1 0 1 -62 24 0 0
cycle 3 0 0 0 0 1 0 1 -62 24 0 0
cycle 3 1 4 7 1 0 0 1 -62 24 0 0
cycle 3 0 0 0 0 1 0 1 -62 24 0 0
cycle 3 1 4 6 0 0 0 1 -62 24 0 0
cycle 3 0 0 0 0 1 0 1 -62 24 0 0
cycle 3 1 4 6 1 0 0 1 -62 24 0 0
cycle 3 0 0 0 0 1 0 1 -62 24 0 0
cycle 3 1 3 6 0 0 0 1 -62 24 0 0
cycle 3 1 3 6 1 1 0 1 -62 24 0 0
cycle 3 1 5 3 0 1 0 1 -62 24 0 0
cycle 3 1 5 3 1 1 0 1 -62 24 0 0
cycle 3 0 0 0 0 1 0 1 -62 24 0 0
cycle 3 1 4 0 0 0 1 1 -10 20 0 0
cycle 3 1 4 0 1 1 1 1 -41 27 -39 8
cycle 3 1 1 5 0 1 0 1 -41 27 33 13
cycle 3 1 1 5 1 1 0 1 -41 27 0 0
cycle 3 1 6 6 0 1 0 1 -41 27 0 0
cycle 3 0 0 0 0 1 0 1 -41 27 0 0
cycle 3 1 6 6 1 0 0 1 -41 27 0 0
cycle 3 1 3 7 0 1 0 1 -41 27 0 0
cycle 3 1 3 7 1 1 0 1 -41 27 0 0
cycle 3 1 2 0 0 1 1 1 -37 25 0 0
cycle 3 1 2 0 1 1 1 1 -57 23 -24 9
cycle 3 0 0 0 0 1 0 1 -57 23 -33 1
cycle 3 1 1 6 0 0 0 1 -57 23 0 0
cycle 3 1 1 6 1 1 0 1 -57 23 0 0
cycle 3 1 0 2 0 1 1 1 45 3 0 0
cycle 3 1 0 2 1 1 1 1 3 12 55 30
cycle 3 1 3 5 0 1 0 1 3 12 -30 2
cycle 3 1 3 5 1 1 0 1 3 12 0 0
cycle 3 1 5 7 0 1 0 1 3 12 0 0
cycle 3 1 5 7 1 1 0 1 3 12 0 0
cycle 3 0 0 0 0 1 0 1 3 12 0 0
cycle 3 1 5 2 0 0 0 1 3 12 0 0
cycle 3 1 5 2 1 1 0 1 3 12 0 0
cycle 3 1 0 7 0 1 0 1 3 12 0 0
cycle 3 1 0 7 1 1 0 1 3 12 0 0
cycle 3 1 6 0 0 1 1 1 20 4 0 0
cycle 3 1 6 0 1 1 1 1 31 22 53 10
cycle 3 1 0 0 0 1 1 1 30 1 -35 14
cycle 3 1 0 0 1 1 1 1 54 22 25 4
cycle 3 1 0 3 0 1 0 1 54 22 47 1
cycle 3 1 0 3 1 1 0 1 54 22 0 0
cycle 3 1 3 5 0 1 0 1 54 22 0 0
cycle 3 1 3 5 1 1 0 1 54 22 0 0
cycle 3 1 1 7 0 1 0 1 54 22 0 0
cycle 3 1 1 7 1 1 0 1 54 22 0 0
cycle 3 0 0 0 0 1 0 1 54 22 0 0
cycle 3 1 0 6 0 0 0 1 54 22 0 0
cycle 3 1 0 6 1 1 0 1 54 22 0 0
cycle 3 0 0 0 0 1 0 1 54 22 0 0
cycle 3 1 3 7 0 0 0 1 54 22 0 0
cycle 3 1 3 7 1 1 0 1 54 22 0 0
cycle 3 1 1 3 0 1 0 1 54 22 0 0
cycle 3 1 1 3 1 1 0 1 54 22 0 0
cycle 3 0 0 0 0 1 0 1 54 22 0 0
cycle 3 1 4 3 0 0 0 1 54 22 0 0
cycle 3 1 4 3 1 1 0 1 54 22 0 0
cycle 3 0 0 0 0 1 0 1 54 22 0 0
cycle 3 1 0 4 0 0 1 1 -40 12 0 0
cycle 3 1 0 4 1 1 1 1 -48 6 -24 10
cycle 3 1 6 5 0 1 0 1 -48 6 63 21
cycle 3 1 6 5 1 1 0 1 -48 6 0 0
cycle 3 1 5 7 0 1 0 1 -48 6 0 0
cycle 3 1 5 7 1 1 0 1 -48 6 0 0
cycle 3 1 1 4 0 1 0 1 -48 6 0 0
cycle 3 1 1 4 1 1 0 1 -48 6 0 0
cycle 3 0 0 0 0 1 0 1 -48 6 0 0
cycle 3 1 5 7 0 0 0 1 -48 6 0 0
cycle 3 1 5 7 1 1 0 1 -48 6 0 0
cycle 3 1 7 3 0 1 0 1 -48 6 0 0
cycle 3 1 7 3 1 1 0 1 -48 6 0 0
cycle 3 1 0 6 0 1 0 1 -48 6 0 0
cycle 3 1 0 6 1 1 0 1 -48 6 0 0
cycle 3 1 6 7 0 1 0 1 -48 6 0 0
cycle 3 1 6 7 1 1 0 1 -48 6 0 0
cycle 3 1 5 0 0 1 0 1 -48 6 0 0
cycle 3 1 5 0 1 1 0 1 -48 6 0 0
cycle 3 1 7 5 0 1 0 1 -48 6 0 0
cycle 3 1 7 5 1 1 0 1 -48 6 0 0
cycle 3 1 7 7 0 1 0 1 -48 6 0 0
cycle 3 1 7 7 1 1 0 1 -48 6 0 0
cycle 3 1 5 7 0 1 0 1 -48 6 0 0
cycle 3 0 0 0 0 1 0 1 -48 6 0 0
cycle 3 1 5 7 1 0 0 1 -48 6 0 0
cycle 3 1 4 6 0 1 0 1 -48 6 0 0
cycle 3 0 0 0 0 1 0 1 -48 6 0 0
cycle 3 1 4 6 1 0 0 1 -48 6 0 0
cycle 3 1 6 2 0 1 1 1 -28 8 0 0
cycle 3 1 6 2 1 1 1 1 -2 23 60 30
cycle 3 1 4 3 0 1 0 1 -2 23 63 28
cycle 3 1 4 3 1 1 0 1 -2 23 0 0
cycle 3 0 0 0 0 1 0 1 -2 23 0 0
cycle 3 1 2 4 0 0 1 1 -63 31 0 0
cycle 3 1 2 4 1 1 1 1 -11 11 -33 9
cycle 3 0 0 0 0 1 0 1 -11 11 18 29
cycle 3 1 6 7 0 0 0 1 -11 11 0 0
cycle 3 1 6 7 1 1 0 1 -11 11 0 0
cycle 3 1 1 2 0 1 0 1 -11 11 0 0
cycle 3 0 0 0 0 1 0 1 -11 11 0 0
cycle 3 1 1 2 1 0 0 1 -11 11 0 0
cycle 3 0 0 0 0 1 0 1 -11 11 0 0
cycle 3 1 1 5 0 0 0 1 -11 11 0 0
cycle 3 0 0 0 0 1 0 1 -11 11 0 0
cycle 3 1 1 5 1 0 0 1 -11 11 0 0
cycle 3 1 5 6 0 1 0 1 -11 11 0 0
cycle 3 1 5 6 1 1 0 1 -11 11 0 0
cycle 3 1 6 1 0 1 0 1 -11 11 0 0
cycle 3 1 6 1 1 1 0 1 -11 11 0 0
cycle 3 0 0 0 0 1 0 1 -11 11 0 0
cycle 3 1 2 6 0 0 0 1 -11 11 0 0
cycle 3 0 0 0 0 1 0 1 -11 11 0 0
cycle 3 1 2 6 1 0 0 1 -11 11 0 0
cycle 3 1 0 4 0 1 1 1 -24 10 0 0
cycle 3 1 0 4 1 1 1 1 63 21 3 22
cycle 3 1 6 7 0 1 0 1 63 21 51 31
cycle 3 0 0 0 0 1 0 1 63 21 0 0
cycle 3 1 6 7 1 0 0 1 63 21 0 0
cycle 3 0 0 0 0 1 0 1 63 21 0 0
cycle 3 1 1 7 0 0 0 1 63 21 0 0
cycle 3 1 1 7 1 1 0 1 63 21 0 0
cycle 3 0 0 0 0 1 0 1 63 21 0 0
cycle 3 1 0 7 0 0 0 1 63 21 0 0
cycle 3 0 0 0 0 1 0 1 63 21 0 0
cycle 3 1 0 7 1 0 0 1 63 21 0 0
cycle 3 1 1 1 0 1 0 1 63 21 0 0
cycle 3 1 1 1 1 1 0 1 63 21 0 0
cycle 3 1 2 6 0 1 0 1 63 21 0 0
cycle 3 0 0 0 0 1 0 1 63 21 0 0
cycle 3 1 2 6 1 0 0 1 63 21 0 0
cycle 3 1 4 6 0 1 0 1 63 21 0 0
cycle 3 1 4 6 1 1 0 1 63 21 0 0
cycle 3 1 0 7 0 1 0 1 63 21 0 0
cycle 3 1 0 7 1 1 0 1 63 21 0 0
cycle 3 1 5 5 0 1 0 1 63 21 0 0
cycle 3 1 5 5 1 1 0 1 63 21 0 0
cycle 3 0 0 0 0 1 0 1 63 21 0 0
cycle 3 1 2 2 0 0 1 1 -13 11 0 0
cycle 3 0 0 0 0 1 0 1 -13 11 -64 10
cycle 3 1 2 2 1 0 1 1 30 23 0 0
cycle 3 1 3 4 0 1 0 1 30 23 4 8
cycle 3 1 3 4 1 1 0 1 30 23 0 0
cycle 3 1 6 1 0 1 0 1 30 23 0 0
cycle 3 1 6 1 1 1 0 1 30 23 0 0
cycle 3 1 6 7 0 1 0 1 30 23 0 0
cycle 3 1 6 7 1 1 0 1 30 23 0 0
cycle 3 1 5 5 0 1 0 1 30 23 0 0
cycle 3 1 5 5 1 1 0 1 30 23 0 0
cycle 3 1 6 2 0 1 1 1 60 30 0 0
cycle 3 1 6 2 1 1 1 1 63 28 36 30
cycle 3 1 2 7 0 1 0 1 63 28 -64 21
cycle 3 1 2 7 1 1 0 1 63 28 0 0
cycle 3 1 0 5 0 1 0 1 63 28 0 0
cycle 3 1 0 5 1 1 0 1 63 28 0 0
cycle 3 1 6 2 0 1 1 1 36 30 0 0
cycle 3 1 6 2 1 1 1 1 -64 21 54 2
cycle 3 1 2 7 0 1 0 1 -64 21 -9 31
cycle 3 1 2 7 1 1 0 1 -64 21 0 0
cycle 3 0 0 0 0 1 0 1 -64 21 0 0
cycle 3 1 1 2 0 0 0 1 -64 21 0 0
cycle 3 1 1 2 1 1 0 1 -64 21 0 0
cycle 3 1 5 2 0 1 0 1 -64 21 0 0
cycle 3 1 5 2 1 1 0 1 -64 21 0 0
cycle 3 1 5 0 0 1 0 1 -64 21 0 0
cycle 3 1 5 0 1 1 0 1 -64 21 0 0
cycle 3 1 2 5 0 1 0 1 -64 21 0 0
cycle 3 1 2 5 1 1 0 1 -64 21 0 0
cycle 3 1 7 0 0 1 0 1 -64 21 0 0
cycle 3 1 7 0 1 1 0 1 -64 21 0 0
cycle 3 1 4 0 0 1 1 1 -39 8 0 0
cycle 3 0 0 0 0 1 0 1 -39 8 -29 22
cycle 3 1 4 0 1 0 1 1 33 13 0 0
cycle 3 1 1 5 0 1 0 1 33 13 33 29
cycle 3 1 1 5 1 1 0 1 33 13 0 0
cycle 3 1 4 7 0 1 0 1 33 13 0 0
cycle 3 1 4 7 1 1 0 1 33 13 0 0
cycle 3 1 6 0 0 1 1 1 53 10 0 0
cycle 3 1 6 0 1 1 1 1 -35 14 63 4
cycle 3 1 6 6 0 1 0 1 -35 14 -64 11
cycle 3 1 6 6 1 1 0 1 -35 14 0 0
cycle 3 1 1 1 0 1 0 1 -35 14 0 0
cycle 3 1 1 1 1 1 0 1 -35 14 0 0
cycle 3 1 6 6 0 1 0 1 -35 14 0 0
cycle 3 0 0 0 0 1 0 1 -35 14 0 0
cycle 3 1 6 6 1 0 0 1 -35 14 0 0
cycle 3 1 0 0 0 1 1 1 25 4 0 0
cycle 3 1 0 0 1 1 1 1 47 1 32 0
cycle 3 1 0 1 0 1 0 1 47 1 -17 30
cycle 3 0 0 0 0 1 0 1 47 1 0 0
cycle 3 1 0 1 1 0 0 1 47 1 0 0
cycle 3 0 0 0 0 1 0 1 47 1 0 0
cycle 3 1 7 7 0 0 0 1 47 1 0 0
cycle 3 1 7 7 1 1 0 1 47 1 0 0
cycle 3 0 0 0 0 1 0 1 47 1 0 0
cycle 3 1 6 4 0 0 1 1 45 16 0 0
cycle 3 1 6 4 1 1 1 1 -64 9 50 0
cycle 3 1 3 1 0 1 0 1 -64 9 -12 12
cycle 3 1 3 1 1 1 0 1 -64 9 0 0
cycle 3 1 5 0 0 1 0 1 -64 9 0 0
cycle 3 1 5 0 1 1 0 1 -64 9 0 0
cycle 3 1 7 3 0 1 0 1 -64 9 0 0
cycle 3 1 7 3 1 1 0 1 -64 9 0 0
cycle 3 1 4 3 0 1 0 1 -64 9 0 0
cycle 3 1 4 3 1 1 0 1 -64 9 0 0
cycle 3 1 7 4 0 1 0 1 -64 9 0 0
cycle 3 1 7 4 1 1 0 1 -64 9 0 0
cycle 3 1 6 5 0 1 0 1 -64 9 0 0
cycle 3 1 6 5 1 1 0 1 -64 9 0 0
cycle 3 1 6 1 0 1 0 1 -64 9 0 0
cycle 3 0 0 0 0 1 0 1 -64 9 0 0
cycle 3 1 6 1 1 0 0 1 -64 9 0 0
cycle 3 1 2 2 0 1 1 1 -64 10 0 0
cycle 3 1 2 2 1 1 1 1 4 8 63 4
cycle 3 1 0 0 0 1 1 1 32 0 0 10
cycle 3 1 0 0 1 1 1 1 -17 30 20 2
cycle 3 1 2 7 0 1 0 1 -17 30 -41 26
cycle 3 1 2 7 1 1 0 1 -17 30 0 0
cycle 3 1 5 3 0 1 0 1 -17 30 0 0
cycle 3 1 5 3 1 1 0 1 -17 30 0 0
cycle 3 1 6 5 0 1 0 1 -17 30 0 0
cycle 3 1 6 5 1 1 0 1 -17 30 0 0
cycle 3 0 0 0 0 1 0 1 -17 30 0 0
cycle 3 1 0 2 0 0 1 1 55 30 0 0
cycle 3 0 0 0 0 1 0 1 55 30 -29 0
cycle 3 1 0 2 1 0 1 1 -30 2 0 0
cycle 3 1 4 1 0 1 0 1 -30 2 29 1
cycle 3 1 4 1 1 1 0 1 -30 2 0 0
cycle 3 1 2 1 0 1 0 1 -30 2 0 0
cycle 3 0 0 0 0 1 0 1 -30 2 0 0
cycle 3 1 2 1 1 0 0 1 -30 2 0 0
cycle 3 1 1 0 0 1 0 1 -30 2 0 0
cycle 3 1 1 0 1 1 0 1 -30 2 0 0
cycle 3 0 0 0 0 1 0 1 -30 2 0 0
cycle 3 1 3 5 0 0 0 1 -30 2 0 0
cycle 3 1 3 5 1 1 0 1 -30 2 0 0
cycle 3 1 5 7 0 1 0 1 -30 2 0 0
cycle 3 1 5 7 1 1 0 1 -30 2 0 0
cycle 3 1 0 0 0 1 1 1 20 2 0 0
cycle 3 1 0 0 1 1 1 1 -41 26 63 0
cycle 3 1 0 1 0 1 0 1 -41 26 -6 1
cycle 3 0 0 0 0 1 0 1 -41 26 0 0
cycle 3 1 0 1 1 0 0 1 -41 26 0 0
cycle 3 0 0 0 0 1 0 1 -41 26 0 0
cycle 3 1 3 6 0 0 0 1 -41 26 0 0
cycle 3 1 3 6 1 1 0 1 -41 26 0 0
cycle 3 1 5 5 0 1 0 1 -41 26 0 0
cycle 3 1 5 5 1 1 0 1 -41 26 0 0
cycle 3 0 0 0 0 1 0 1 -41 26 0 0
cycle 3 1 2 7 0 0 0 1 -41 26 0 0
cycle 3 1 2 7 1 1 0 1 -41 26 0 0
cycle 3 1 7 2 0 1 0 1 -41 26 0 0
cycle 3 1 7 2 1 1 0 1 -41 26 0 0
cycle 3 1 4 3 0 1 0 1 -41 26 0 0
cycle 3 1 4 3 1 1 0 1 -41 26 0 0
cycle 3 0 0 0 0 1 0 1 -41 26 0 0
cycle 3 1 2 2 0 0 1 1 63 4 0 0
cycle 3 1 2 2 1 1 1 1 0 10 -17 31
cycle 3 1 7 6 0 1 0 1 0 10 3 2
cycle 3 1 7 6 1 1 0 1 0 10 0 0
cycle 3 1 6 1 0 1 0 1 0 10 0 0
cycle 3 0 0 0 0 1 0 1 0 10 0 0
cycle 3 1 6 1 1 0 0 1 0 10 0 0
cycle 3 1 3 3 0 1 0 1 0 10 0 0
cycle 3 1 3 3 1 1 0 1 0 10 0 0
cycle 3 1 7 5 0 1 0 1 0 10 0 0
cycle 3 1 7 5 1 1 0 1 0 10 0 0
cycle 3 1 6 7 0 1 0 1 0 10 0 0
cycle 3 0 0 0 0 1 0 1 0 10 0 0
cycle 3 1 6 7 1 0 0 1 0 10 0 0
cycle 3 1 0 6 0 1 0 1 0 10 0 0
cycle 3 1 0 6 1 1 0 1 0 10 0 0
cycle 3 1 4 0 0 1 1 1 -29 22 0 0
cycle 3 1 4 0 1 1 1 1 33 29 19 5
cycle 3 1 7 6 0 1 0 1 33 29 -53 18
cycle 3 1 7 6 1 1 0 1 33 29 0 0
cycle 3 1 5 6 0 1 0 1 33 29 0 0
cycle 3 0 0 0 0 1 0 1 33 29 0 0
cycle 3 1 5 6 1 0 0 1 33 29 0 0
cycle 3 1 3 3 0 1 0 1 33 29 0 0
cycle 3 1 3 3 1 1 0 1 33 29 0 0
cycle 3 1 6 4 0 1 1 1 50 0 0 0
cycle 3 1 6 4 1 1 1 1 -12 12 17 11
cycle 3 0 0 0 0 1 0 1 -12 12 63 12
cycle 3 1 7 3 0 0 0 1 -12 12 0 0
cycle 3 1 7 3 1 1 0 1 -12 12 0 0
cycle 3 0 0 0 0 1 0 1 -12 12 0 0
cycle 3 1 2 0 0 0 1 1 -24 9 0 0
cycle 3 1 2 0 1 1 1 1 -33 1 -64 1
cycle 3 1 7 2 0 1 0 1 -33 1 -24 8
cycle 3 1 7 2 1 1 0 1 -33 1 0 0
cycle 3 1 1 7 0 1 0 1 -33 1 0 0
cycle 3 0 0 0 0 1 0 1 -33 1 0 0
cycle 3 1 1 7 1 0 0 1 -33 1 0 0
cycle 3 1 2 4 0 1 1 1 -33 9 0 0
cycle 3 1 2 4 1 1 1 1 18 29 36 4
cycle 3 1 7 0 0 1 0 1 18 29 -3 16
cycle 3 1 7 0 1 1 0 1 18 29 0 0
cycle 3 1 7 4 0 1 0 1 18 29 0 0
cycle 3 0 0 0 0 1 0 1 18 29 0 0
cycle 3 1 7 4 1 0 0 1 18 29 0 0
cycle 3 0 0 0 0 1 0 1 18 29 0 0
cycle 3 1 4 4 0 0 1 1 29 8 0 0
cycle 3 0 0 0 0 1 0 1 29 8 -31 5
cycle 3 1 4 4 1 0 1 1 63 14 0 0
cycle 3 1 4 6 0 1 0 1 63 14 6 0
cycle 3 1 4 6 1 1 0 1 63 14 0 0
cycle 3 1 7 4 0 1 0 1 63 14 0 0
cycle 3 1 7 4 1 1 0 1 63 14 0 0
cycle 3 1 0 1 0 1 0 1 63 14 0 0
cycle 3 0 0 0 0 1 0 1 63 14 0 0
cycle 3 1 0 1 1 0 0 1 63 14 0 0
cycle 3 1 5 7 0 1 0 1 63 14 0 0
cycle 3 1 5 7 1 1 0 1 63 14 0 0
cycle 3 0 0 0 0 1 0 1 63 14 0 0
cycle 3 1 1 2 0 0 0 1 63 14 0 0
cycle 3 1 1 2 1 1 0 1 63 14 0 0
cycle 3 1 1 5 0 1 0 1 63 14 0 0
cycle 3 1 1 5 1 1 0 1 63 14 0 0
cycle 3 0 0 0 0 1 0 1 63 14 0 0
cycle 3 1 6 5 0 0 0 1 63 14 0 0
cycle 3 1 6 5 1 1 0 1 63 14 0 0
cycle 3 1 7 7 0 1 0 1 63 14 0 0
cycle 3 1 7 7 1 1 0 1 63 14 0 0
cycle 3 0 0 0 0 1 0 1 63 14 0 0
cycle 3 1 4 6 0 0 0 1 63 14 0 0
cycle 3 1 4 6 1 1 0 1 63 14 0 0
cycle 3 1 0 3 0 1 0 1 63 14 0 0
cycle 3 1 0 3 1 1 0 1 63 14 0 0
cycle 3 0 0 0 0 1 0 1 63 14 0 0
cycle 3 1 1 0 0 0 0 1 63 14 0 0
cycle 3 1 1 0 1 1 0 1 63 14 0 0
cycle 3 1 3 5 0 1 0 1 63 14 0 0
cycle 3 1 3 5 1 1 0 1 63 14 0 0
cycle 3 0 0 0 0 1 0 1 63 14 0 0
cycle 3 1 5 0 0 0 0 1 63 14 0 0
cycle 3 1 5 0 1 1 0 1 63 14 0 0
cycle 3 0 0 0 0 1 0 1 63 14 0 0
cycle 3 1 2 0 0 0 1 1 -64 1 0 0
cycle 3 1 2 0 1 1 1 1 -24 8 -35 0
cycle 3 1 2 0 0 1 1 1 -35 0 -19 12
cycle 3 1 2 0 1 1 1 1 -19 12 -53 25
cycle 3 1 7 4 0 1 0 1 -19 12 56 5
cycle 3 0 0 0 0 1 0 1 -19 12 0 0
cycle 3 1 7 4 1 0 0 1 -19 12 0 0
cycle 3 1 1 6 0 1 0 1 -19 12 0 0
cycle 3 1 1 6 1 1 0 1 -19 12 0 0
cycle 3 1 4 0 0 1 1 1 19 5 0 0
cycle 3 1 4 0 1 1 1 1 -53 18 -23 7
cycle 3 1 5 2 0 1 0 1 -53 18 -64 3
cycle 3 1 5 2 1 1 0 1 -53 18 0 0
cycle 3 1 0 3 0 1 0 1 -53 18 0 0
cycle 3 1 0 3 1 1 0 1 -53 18 0 0
cycle 3 0 0 0 0 1 0 1 -53 18 0 0
cycle 3 1 0 7 0 0 0 1 -53 18 0 0
cycle 3 1 0 7 1 1 0 1 -53 18 0 0
cycle 3 1 0 5 0 1 0 1 -53 18 0 0
cycle 3 1 0 5 1 1 0 1 -53 18 0 0
cycle 3 1 5 3 0 1 0 1 -53 18 0 0
cycle 3 1 5 3 1 1 0 1 -53 18 0 0
cycle 3 0 0 0 0 1 0 1 -53 18 0 0
cycle 3 1 3 7 0 0 0 1 -53 18 0 0
cycle 3 1 3 7 1 1 0 1 -53 18 0 0
cycle 3 1 6 5 0 1 0 1 -53 18 0 0
cycle 3 1 6 5 1 1 0 1 -53 18 0 0
cycle 3 1 4 5 0 1 0 1 -53 18 0 0
cycle 3 1 4 5 1 1 0 1 -53 18 0 0
cycle 3 1 2 5 0 1 0 1 -53 18 0 0
cycle 3 1 2 5 1 1 0 1 -53 18 0 0
cycle 3 0 0 0 0 1 0 1 -53 18 0 0
cycle 3 1 0 4 0 0 1 1 3 22 0 0
cycle 3 0 0 0 0 1 0 1 3 22 -54 19
cycle 3 1 0 4 1 0 1 1 51 31 0 0
cycle 3 1 3 3 0 1 0 1 51 31 17 0
cycle 3 1 3 3 1 1 0 1 51 31 0 0
cycle 3 0 0 0 0 1 0 1 51 31 0 0
cycle 3 1 4 7 0 0 0 1 51 31 0 0
cycle 3 1 4 7 1 1 0 1 51 31 0 0
cycle 3 1 6 4 0 1 1 1 17 11 0 0
cycle 3 1 6 4 1 1 1 1 63 12 -43 16
cycle 3 1 2 3 0 1 0 1 63 12 53 19
cycle 3 1 2 3 1 1 0 1 63 12 0 0
cycle 3 1 6 0 0 1 1 1 63 4 0 0
cycle 3 1 6 0 1 1 1 1 -64 11 63 19
cycle 3 1 6 1 0 1 0 1 -64 11 -32 25
cycle 3 1 6 1 1 1 0 1 -64 11 0 0
cycle 3 0 0 0 0 1 0 1 -64 11 0 0
cycle 3 1 3 7 0 0 0 1 -64 11 0 0
cycle 3 1 3 7 1 1 0 1 -64 11 0 0
cycle 3 1 7 7 0 1 0 1 -64 11 0 0
cycle 3 1 7 7 1 1 0 1 -64 11 0 0
cycle 3 1 5 0 0 1 0 1 -64 11 0 0
cycle 3 1 5 0 1 1 0 1 -64 11 0 0
cycle 3 1 3 0 0 1 0 1 -64 11 0 0
cycle 3 1 3 0 1 1 0 1 -64 11 0 0
cycle 3 1 1 5 0 1 0 1 -64 11 0 0
cycle 3 1 1 5 1 1 0 1 -64 11 0 0
cycle 3 1 7 1 0 1 0 1 -64 11 0 0
cycle 3 1 7 1 1 1 0 1 -64 11 0 0
cycle 3 0 0 0 0 1 0 1 -64 11 0 0
cycle 3 1 5 5 0 0 0 1 -64 11 0 0
cycle 3 0 0 0 0 1 0 1 -64 11 0 0
cycle 3 1 5 5 1 0 0 1 -64 11 0 0
cycle 3 0 0 0 0 1 0 1 -64 11 0 0
cycle 3 1 5 1 0 0 0 1 -64 11 0 0
cycle 3 1 5 1 1 1 0 1 -64 11 0 0
cycle 3 1 7 3 0 1 0 1 -64 11 0 0
cycle 3 1 7 3 1 1 0 1 -64 11 0 0
cycle 3 1 4 2 0 1 1 1 50 29 0 0
cycle 3 1 4 2 1 1 1 1 -63 31 62 30
cycle 3 1 6 1 0 1 0 1 -63 31 21 24
cycle 3 1 6 1 1 1 0 1 -63 31 0 0
cycle 3 0 0 0 0 1 0 1 -63 31 0 0
cycle 3 1 1 6 0 0 0 1 -63 31 0 0
cycle 3 1 1 6 1 1 0 1 -63 31 0 0
cycle 3 1 7 2 0 1 0 1 -63 31 0 0
cycle 3 1 7 2 1 1 0 1 -63 31 0 0
cycle 3 1 2 7 0 1 0 1 -63 31 0 0
cycle 3 1 2 7 1 1 0 1 -63 31 0 0
cycle 3 1 0 1 0 1 0 1 -63 31 0 0
cycle 3 1 0 1 1 1 0 1 -63 31 0 0
cycle 3 1 3 7 0 1 0 1 -63 31 0 0
cycle 3 0 0 0 0 1 0 1 -63 31 0 0
cycle 3 1 3 7 1 0 0 1 -63 31 0 0
cycle 3 1 0 1 0 1 0 1 -63 31 0 0
cycle 3 1 0 1 1 1 0 1 -63 31 0 0
cycle 3 1 0 2 0 1 1 1 -29 0 0 0
cycle 3 1 0 2 1 1 1 1 29 1 -19 19
cycle 3 1 1 7 0 1 0 1 29 1 61 0
cycle 3 1 1 7 1 1 0 1 29 1 0 0
cycle 3 1 3 0 0 1 0 1 29 1 0 0
cycle 3 1 3 0 1 1 0 1 29 1 0 0
cycle 3 1 0 6 0 1 0 1 29 1 0 0
cycle 3 1 0 6 1 1 0 1 29 1 0 0
cycle 3 1 5 1 0 1 0 1 29 1 0 0
cycle 3 1 5 1 1 1 0 1 29 1 0 0
cycle 3 1 7 4 0 1 0 1 29 1 0 0
cycle 3 1 7 4 1 1 0 1 29 1 0 0
cycle 3 1 6 7 0 1 0 1 29 1 0 0
cycle 3 1 6 7 1 1 0 1 29 1 0 0
cycle 3 1 3 0 0 1 0 1 29 1 0 0
cycle 3 0 0 0 0 1 0 1 29 1 0 0
cycle 3 1 3 0 1 0 0 1 29 1 0 0
cycle 3 1 7 3 0 1 0 1 29 1 0 0
cycle 3 1 7 3 1 1 0 1 29 1 0 0
cycle 3 1 3 4 0 1 0 1 29 1 0 0
cycle 3 1 3 4 1 1 0 1 29 1 0 0
cycle 3 1 3 5 0 1 0 1 29 1 0 0
cycle 3 1 3 5 1 1 0 1 29 1 0 0
cycle 3 0 0 0 0 1 0 1 29 1 0 0
cycle 3 1 4 2 0 0 1 1 62 30 0 0
cycle 3 1 4 2 1 1 1 1 21 24 -50 9
cycle 3 1 2 1 0 1 0 1 21 24 2 29
cycle 3 1 2 1 1 1 0 1 21 24 0 0
cycle 3 1 0 7 0 1 0 1 21 24 0 0
cycle 3 1 0 7 1 1 0 1 21 24 0 0
cycle 3 1 5 0 0 1 0 1 21 24 0 0
cycle 3 1 5 0 1 1 0 1 21 24 0 0
cycle 3 1 0 7 0 1 0 1 21 24 0 0
cycle 3 0 0 0 0 1 0 1 21 24 0 0
cycle 3 1 0 7 1 0 0 1 21 24 0 0
cycle 3 1 7 1 0 1 0 1 21 24 0 0
cycle 3 1 7 1 1 1 0 1 21 24 0 0
cycle 3 1 7 1 0 1 0 1 21 24 0 0
cycle 3 1 7 1 1 1 0 1 21 24 0 0
cycle 3 1 7 5 0 1 0 1 21 24 0 0
cycle 3 1 7 5 1 1 0 1 21 24 0 0
cycle 3 1 1 6 0 1 0 1 21 24 0 0
cycle 3 1 1 6 1 1 0 1 21 24 0 0
cycle 3 1 7 4 0 1 0 1 21 24 0 0
cycle 3 1 7 4 1 1 0 1 21 24 0 0
cycle 3 1 5 0 0 1 0 1 21 24 0 0
cycle 3 1 5 0 1 1 0 1 21 24 0 0
cycle 3 1 7 1 0 1 0 1 21 24 0 0
cycle 3 0 0 0 0 1 0 1 21 24 0 0
cycle 3 1 7 1 1 0 0 1 21 24 0 0
cycle 3 1 3 1 0 1 0 1 21 24 0 0
cycle 3 1 3 1 1 1 0 1 21 24 0 0
cycle 3 1 7 7 0 1 0 1 21 24 0 0
cycle 3 1 7 7 1 1 0 1 21 24 0 0
cycle 3 1 1 3 0 1 0 1 21 24 0 0
cycle 3 0 0 0 0 1 0 1 21 24 0 0
cycle 3 1 1 3 1 0 0 1 21 24 0 0
cycle 3 1 0 6 0 1 0 1 21 24 0 0
cycle 3 1 0 6 1 1 0 1 21 24 0 0
cycle 3 1 6 7 0 1 0 1 21 24 0 0
cycle 3 1 6 7 1 1 0 1 21 24 0 0
cycle 3 1 4 3 0 1 0 1 21 24 0 0
cycle 3 1 4 3 1 1 0 1 21 24 0 0
cycle 3 0 0 0 0 1 0 1 21 24 0 0
cycle 3 1 7 7 0 0 0 1 21 24 0 0
cycle 3 0 0 0 0 1 0 1 21 24 0 0
cycle 3 1 7 7 1 0 0 1 21 24 0 0
cycle 3 1 7 5 0 1 0 1 21 24 0 0
cycle 3 0 0 0 0 1 0 1 21 24 0 0
cycle 3 1 7 5 1 0 0 1 21 24 0 0
cycle 3 1 4 4 0 1 1 1 -31 5 0 0
cycle 3 1 4 4 1 1 1 1 6 0 -25 21
cycle 3 1 2 3 0 1 0 1 6 0 -55 3
cycle 3 1 2 3 1 1 0 1 6 0 0 0
cycle 3 1 3 3 0 1 0 1 6 0 0 0
cycle 3 1 3 3 1 1 0 1 6 0 0 0
cycle 3 0 0 0 0 1 0 1 6 0 0 0
cycle 3 1 0 2 0 0 1 1 -19 19 0 0
cycle 3 1 0 2 1 1 1 1 61 0 -13 4
cycle 3 1 0 2 0 1 1 1 -13 4 26 28
cycle 3 1 0 2 1 1 1 1 26 28 12 23
cycle 3 1 3 3 0 1 0 1 26 28 61 28
cycle 3 1 3 3 1 1 0 1 26 28 0 0
cycle 3 1 1 3 0 1 0 1 26 28 0 0
cycle 3 1 1 3 1 1 0 1 26 28 0 0
cycle 3 1 2 2 0 1 1 1 -17 31 0 0
cycle 3 1 2 2 1 1 1 1 3 2 -2 21
cycle 3 1 6 0 0 1 1 1 63 19 63 2
cycle 3 1 6 0 1 1 1 1 -32 25 -29 15
cycle 3 1 0 7 0 1 0 1 -32 25 -23 31
cycle 3 1 0 7 1 1 0 1 -32 25 0 0
cycle 3 1 4 4 0 1 1 1 -25 21 0 0
cycle 3 0 0 0 0 1 0 1 -25 21 -3 31
cycle 3 1 4 4 1 0 1 1 -55 3 0 0
cycle 3 0 0 0 0 1 0 1 -55 3 -57 6
cycle 3 1 4 2 0 0 1 1 -50 9 0 0
cycle 3 0 0 0 0 1 0 1 -50 9 25 19
cycle 3 1 4 2 1 0 1 1 2 29 0 0
cycle 3 1 2 6 0 1 0 1 2 29 63 31
cycle 3 1 2 6 1 1 0 1 2 29 0 0
cycle 3 0 0 0 0 1 0 1 2 29 0 0
cycle 3 1 2 3 0 0 0 1 2 29 0 0
cycle 3 1 2 3 1 1 0 1 2 29 0 0
cycle 3 1 7 6 0 1 0 1 2 29 0 0
cycle 3 1 7 6 1 1 0 1 2 29 0 0
cycle 3 1 2 1 0 1 0 1 2 29 0 0
cycle 3 0 0 0 0 1 0 1 2 29 0 0
cycle 3 1 2 1 1 0 0 1 2 29 0 0
cycle 3 1 7 1 0 1 0 1 2 29 0 0
cycle 3 1 7 1 1 1 0 1 2 29 0 0
cycle 3 1 4 1 0 1 0 1 2 29 0 0
cycle 3 1 4 1 1 1 0 1 2 29 0 0
cycle 3 0 0 0 0 1 0 1 2 29 0 0
cycle 3 1 6 6 0 0 0 1 2 29 0 0
cycle 3 1 6 6 1 1 0 1 2 29 0 0
cycle 3 1 5 6 0 1 0 1 2 29 0 0
cycle 3 0 0 0 0 1 0 1 2 29 0 0
cycle 3 1 5 6 1 0 0 1 2 29 0 0
cycle 3 1 4 2 0 1 1 1 25 19 0 0
cycle 3 1 4 2 1 1 1 1 63 31 11 30
cycle 3 1 0 7 0 1 0 1 63 31 36 13
cycle 3 1 0 7 1 1 0 1 63 31 0 0
cycle 3 1 4 6 0 1 0 1 63 31 0 0
cycle 3 1 4 6 1 1 0 1 63 31 0 0
cycle 3 1 2 3 0 1 0 1 63 31 0 0
cycle 3 0 0 0 0 1 0 1 63 31 0 0
cycle 3 1 2 3 1 0 0 1 63 31 0 0
cycle 3 1 2 4 0 1 1 1 36 4 0 0
cycle 3 1 2 4 1 1 1 1 -3 16 3 15
cycle 3 1 2 7 0 1 0 1 -3 16 63 13
cycle 3 0 0 0 0 1 0 1 -3 16 0 0
cycle 3 1 2 7 1 0 0 1 -3 16 0 0
cycle 3 1 3 5 0 1 0 1 -3 16 0 0
cycle 3 1 3 5 1 1 0 1 -3 16 0 0
cycle 3 1 2 1 0 1 0 1 -3 16 0 0
cycle 3 1 2 1 1 1 0 1 -3 16 0 0
cycle 3 1 3 4 0 1 0 1 -3 16 0 0
cycle 3 1 3 4 1 1 0 1 -3 16 0 0
cycle 3 1 5 7 0 1 0 1 -3 16 0 0
cycle 3 1 5 7 1 1 0 1 -3 16 0 0
cycle 3 1 4 4 0 1 1 1 -3 31 0 0
cycle 3 0 0 0 0 1 0 1 -3 31 33 22
cycle 3 1 4 4 1 0 1 1 -57 6 0 0
cycle 3 1 3 3 0 1 0 1 -57 6 23 22
cycle 3 1 3 3 1 1 0 1 -57 6 0 0
cycle 3 0 0 0 0 1 0 1 -57 6 0 0
cycle 3 1 0 5 0 0 0 1 -57 6 0 0
cycle 3 1 0 5 1 1 0 1 -57 6 0 0
cycle 3 0 0 0 0 1 0 1 -57 6 0 0
cycle 3 1 7 3 0 0 0 1 -57 6 0 0
cycle 3 0 0 0 0 1 0 1 -57 6 0 0
cycle 3 1 7 3 1 0 0 1 -57 6 0 0
cycle 3 1 2 5 0 1 0 1 -57 6 0 0
cycle 3 1 2 5 1 1 0 1 -57 6 0 0
cycle 3 0 0 0 0 1 0 1 -57 6 0 0
cycle 3 1 3 0 0 0 0 1 -57 6 0 0
cycle 3 0 0 0 0 1 0 1 -57 6 0 0
cycle 3 1 3 0 1 0 0 1 -57 6 0 0
cycle 3 1 5 6 0 1 0 1 -57 6 0 0
cycle 3 1 5 6 1 1 0 1 -57 6 0 0
cycle 3 1 2 7 0 1 0 1 -57 6 0 0
cycle 3 1 2 7 1 1 0 1 -57 6 0 0
cycle 3 1 3 6 0 1 0 1 -57 6 0 0
cycle 3 1 3 6 1 1 0 1 -57 6 0 0
cycle 3 1 5 6 0 1 0 1 -57 6 0 0
cycle 3 0 0 0 0 1 0 1 -57 6 0 0
cycle 3 1 5 6 1 0 0 1 -57 6 0 0
cycle 3 1 4 3 0 1 0 1 -57 6 0 0
cycle 3 1 4 3 1 1 0 1 -57 6 0 0
cycle 3 1 5 5 0 1 0 1 -57 6 0 0
cycle 3 0 0 0 0 1 0 1 -57 6 0 0
cycle 3 1 5 5 1 0 0 1 -57 6 0 0
cycle 3 1 6 3 0 1 0 1 -57 6 0 0
cycle 3 1 6 3 1 1 0 1 -57 6 0 0
cycle 3 0 0 0 0 1 0 1 -57 6 0 0
cycle 3 1 6 0 0 0 1 1 -29 15 0 0
cycle 3 0 0 0 0 1 0 1 -29 15 -29 14
cycle 3 1 6 0 1 0 1 1 -23 31 0 0
cycle 3 0 0 0 0 1 0 1 -23 31 35 5
cycle 3 1 2 0 0 0 1 1 -53 25 0 0
cycle 3 1 2 0 1 1 1 1 56 5 20 5
cycle 3 1 3 2 0 1 0 1 56 5 -64 12
cycle 3 1 3 2 1 1 0 1 56 5 0 0
cycle 3 0 0 0 0 1 0 1 56 5 0 0
cycle 3 1 6 6 0 0 0 1 56 5 0 0
cycle 3 1 6 6 1 1 0 1 56 5 0 0
cycle 3 1 2 3 0 1 0 1 56 5 0 0
cycle 3 1 2 3 1 1 0 1 56 5 0 0
cycle 3 0 0 0 0 1 0 1 56 5 0 0
cycle 3 1 6 0 0 0 1 1 -29 14 0 0
cycle 3 1 6 0 1 1 1 1 35 5 -18 26
cycle 3 1 4 0 0 1 1 1 -23 7 -44 1
cycle 3 1 4 0 1 1 1 1 -64 3 63 0
cycle 3 1 0 4 0 1 1 1 -54 19 24 10
cycle 3 0 0 0 0 1 0 1 -54 19 36 20
cycle 3 1 0 4 1 0 1 1 17 0 0 0
cycle 3 1 7 1 0 1 0 1 17 0 21 25
cycle 3 1 7 1 1 1 0 1 17 0 0 0
cycle 3 1 5 5 0 1 0 1 17 0 0 0
cycle 3 1 5 5 1 1 0 1 17 0 0 0
cycle 3 1 5 2 0 1 0 1 17 0 0 0
cycle 3 1 5 2 1 1 0 1 17 0 0 0
cycle 3 0 0 0 0 1 0 1 17 0 0 0
cycle 3 1 4 3 0 0 0 1 17 0 0 0
cycle 3 1 4 3 1 1 0 1 17 0 0 0
cycle 3 1 2 1 0 1 0 1 17 0 0 0
cycle 3 1 2 1 1 1 0 1 17 0 0 0
cycle 3 1 2 3 0 1 0 1 17 0 0 0
cycle 3 1 2 3 1 1 0 1 17 0 0 0
cycle 3 1 0 4 0 1 1 1 36 20 0 0
cycle 3 1 0 4 1 1 1 1 21 25 28 9
cycle 3 1 3 4 0 1 0 1 21 25 -53 2
cycle 3 1 3 4 1 1 0 1 21 25 0 0
cycle 3 0 0 0 0 1 0 1 21 25 0 0
cycle 3 1 2 0 0 0 1 1 20 5 0 0
cycle 3 0 0 0 0 1 0 1 20 5 -60 4
cycle 3 1 2 0 1 0 1 1 -64 12 0 0
cycle 3 1 0 6 0 1 0 1 -64 12 30 15
cycle 3 1 0 6 1 1 0 1 -64 12 0 0
cycle 3 0 0 0 0 1 0 1 -64 12 0 0
cycle 3 1 0 5 0 0 0 1 -64 12 0 0
cycle 3 1 0 5 1 1 0 1 -64 12 0 0
cycle 3 1 7 1 0 1 0 1 -64 12 0 0
cycle 3 1 7 1 1 1 0 1 -64 12 0 0
cycle 3 1 7 0 0 1 0 1 -64 12 0 0
cycle 3 1 7 0 1 1 0 1 -64 12 0 0
cycle 3 1 1 1 0 1 0 1 -64 12 0 0
cycle 3 1 1 1 1 1 0 1 -64 12 0 0
cycle 3 1 1 3 0 1 0 1 -64 12 0 0
cycle 3 1 1 3 1 1 0 1 -64 12 0 0
cycle 3 0 0 0 0 1 0 1 -64 12 0 0
cycle 3 1 1 1 0 0 0 1 -64 12 0 0
cycle 3 1 1 1 1 1 0 1 -64 12 0 0
cycle 3 0 0 0 0 1 0 1 -64 12 0 0
cycle 3 1 2 1 0 0 0 1 -64 12 0 0
cycle 3 1 2 1 1 1 0 1 -64 12 0 0
cycle 3 1 0 5 0 1 0 1 -64 12 0 0
cycle 3 1 0 5 1 1 0 1 -64 12 0 0
cycle 3 1 4 0 0 1 1 1 63 0 0 0
cycle 3 1 4 0 1 1 1 1 24 10 -27 13
cycle 3 0 0 0 0 1 0 1 24 10 -26 0
cycle 3 1 1 1 0 0 0 1 24 10 0 0
cycle 3 1 1 1 1 1 0 1 24 10 0 0
cycle 3 1 4 7 0 1 0 1 24 10 0 0
cycle 3 1 4 7 1 1 0 1 24 10 0 0
cycle 3 1 3 0 0 1 0 1 24 10 0 0
cycle 3 0 0 0 0 1 0 1 24 10 0 0
cycle 3 1 3 0 1 0 0 1 24 10 0 0
cycle 3 1 0 1 0 1 0 1 24 10 0 0
cycle 3 1 0 1 1 1 0 1 24 10 0 0
cycle 3 1 4 7 0 1 0 1 24 10 0 0
cycle 3 1 4 7 1 1 0 1 24 10 0 0
cycle 3 0 0 0 0 1 0 1 24 10 0 0
cycle 3 1 0 6 0 0 0 1 24 10 0 0
cycle 3 1 0 6 1 1 0 1 24 10 0 0
cycle 3 1 4 3 0 1 0 1 24 10 0 0
cycle 3 1 4 3 1 1 0 1 24 10 0 0
cycle 3 1 2 7 0 1 0 1 24 10 0 0
cycle 3 1 2 7 1 1 0 1 24 10 0 0
cycle 3 1 3 2 0 1 0 1 24 10 0 0
cycle 3 1 3 2 1 1 0 1 24 10 0 0
cycle 3 0 0 0 0 1 0 1 24 10 0 0
cycle 3 1 3 4 0 0 0 1 24 10 0 0
cycle 3 1 3 4 1 1 0 1 24 10 0 0
cycle 3 0 0 0 0 1 0 1 24 10 0 0
cycle 3 1 1 1 0 0 0 1 24 10 0 0
cycle 3 1 1 1 1 1 0 1 24 10 0 0
cycle 3 1 6 3 0 1 0 1 24 10 0 0
cycle 3 1 6 3 1 1 0 1 24 10 0 0
cycle 3 0 0 0 0 1 0 1 24 10 0 0
cycle 3 1 3 1 0 0 0 1 24 10 0 0
cycle 3 0 0 0 0 1 0 1 24 10 0 0
cycle 3 1 3 1 1 0 0 1 24 10 0 0
cycle 3 1 7 5 0 1 0 1 24 10 0 0
cycle 3 0 0 0 0 1 0 1 24 10 0 0
cycle 3 1 7 5 1 0 0 1 24 10 0 0
cycle 3 1 7 1 0 1 0 1 24 10 0 0
cycle 3 1 7 1 1 1 0 1 24 10 0 0
cycle 3 1 0 7 0 1 0 1 24 10 0 0
cycle 3 1 0 7 1 1 0 1 24 10 0 0
cycle 3 1 6 7 0 1 0 1 24 10 0 0
cycle 3 1 6 7 1 1 0 1 24 10 0 0
cycle 3 1 2 6 0 1 0 1 24 10 0 0
cycle 3 1 2 6 1 1 0 1 24 10 0 0
cycle 3 0 0 0 0 1 0 1 24 10 0 0
cycle 3 1 0 7 0 0 0 1 24 10 0 0
cycle 3 1 0 7 1 1 0 1 24 10 0 0
cycle 3 0 0 0 0 1 0 1 24 10 0 0
cycle 3 1 7 2 0 0 0 1 24 10 0 0
cycle 3 0 0 0 0 1 0 1 24 10 0 0
cycle 3 1 7 2 1 0 0 1 24 10 0 0
cycle 3 1 2 0 0 1 1 1 -60 4 0 0
cycle 3 1 2 0 1 1 1 1 30 15 12 19
cycle 3 1 4 7 0 1 0 1 30 15 -44 2
cycle 3 1 4 7 1 1 0 1 30 15 0 0
cycle 3 1 3 4 0 1 0 1 30 15 0 0
cycle 3 1 3 4 1 1 0 1 30 15 0 0
cycle 3 1 7 0 0 1 0 1 30 15 0 0
cycle 3 1 7 0 1 1 0 1 30 15 0 0
cycle 3 1 3 6 0 1 0 1 30 15 0 0
cycle 3 1 3 6 1 1 0 1 30 15 0 0
cycle 3 1 5 2 0 1 0 1 30 15 0 0
cycle 3 1 5 2 1 1 0 1 30 15 0 0
cycle 3 1 4 7 0 1 0 1 30 15 0 0
cycle 3 1 4 7 1 1 0 1 30 15 0 0
cycle 3 1 6 7 0 1 0 1 30 15 0 0
cycle 3 0 0 0 0 1 0 1 30 15 0 0
cycle 3 1 6 7 1 0 0 1 30 15 0 0
cycle 3 1 0 4 0 1 1 1 28 9 0 0
cycle 3 1 0 4 1 1 1 1 -53 2 32 3
cycle 3 1 7 7 0 1 0 1 -53 2 63 16
cycle 3 1 7 7 1 1 0 1 -53 2 0 0
cycle 3 1 4 2 0 1 1 1 11 30 0 0
cycle 3 1 4 2 1 1 1 1 36 13 21 1
cycle 3 1 0 2 0 1 1 1 12 23 -41 0
cycle 3 1 0 2 1 1 1 1 61 28 63 1
cycle 3 1 5 5 0 1 0 1 61 28 42 16
cycle 3 1 5 5 1 1 0 1 61 28 0 0
cycle 3 1 1 4 0 1 0 1 61 28 0 0
cycle 3 1 1 4 1 1 0 1 61 28 0 0
cycle 3 1 5 0 0 1 0 1 61 28 0 0
cycle 3 1 5 0 1 1 0 1 61 28 0 0
cycle 3 1 1 2 0 1 0 1 61 28 0 0
cycle 3 1 1 2 1 1 0 1 61 28 0 0
cycle 3 1 7 0 0 1 0 1 61 28 0 0
cycle 3 1 7 0 1 1 0 1 61 28 0 0
cycle 3 1 0 2 0 1 1 1 63 1 0 0
cycle 3 0 0 0 0 1 0 1 63 1 -42 16
cycle 3 1 0 2 1 0 1 1 42 16 0 0
cycle 3 1 7 3 0 1 0 1 42 16 63 17
cycle 3 1 7 3 1 1 0 1 42 16 0 0
cycle 3 1 1 2 0 1 0 1 42 16 0 0
cycle 3 1 1 2 1 1 0 1 42 16 0 0
cycle 3 1 5 4 0 1 0 1 42 16 0 0
cycle 3 1 5 4 1 1 0 1 42 16 0 0
cycle 3 1 1 0 0 1 0 1 42 16 0 0
cycle 3 1 1 0 1 1 0 1 42 16 0 0
cycle 3 1 5 7 0 1 0 1 42 16 0 0
cycle 3 1 5 7 1 1 0 1 42 16 0 0
cycle 3 0 0 0 0 1 0 1 42 16 0 0
cycle 3 1 6 1 0 0 0 1 42 16 0 0
cycle 3 1 6 1 1 1 0 1 42 16 0 0
cycle 3 1 0 0 0 1 1 1 63 0 0 0
cycle 3 0 0 0 0 1 0 1 63 0 63 25
cycle 3 1 0 0 1 0 1 1 -6 1 0 0
cycle 3 1 6 4 0 1 1 1 -43 16 -23 0
cycle 3 0 0 0 0 1 0 1 -43 16 -42 28
cycle 3 1 6 4 1 0 1 1 53 19 0 0
cycle 3 1 4 5 0 1 0 1 53 19 -63 4
cycle 3 1 4 5 1 1 0 1 53 19 0 0
cycle 3 1 4 2 0 1 1 1 21 1 0 0
cycle 3 1 4 2 1 1 1 1 -41 0 -61 16
cycle 3 1 0 7 0 1 0 1 -41 0 63 19
cycle 3 1 0 7 1 1 0 1 -41 0 0 0
cycle 3 1 4 1 0 1 0 1 -41 0 0 0
cycle 3 0 0 0 0 1 0 1 -41 0 0 0
cycle 3 1 4 1 1 0 0 1 -41 0 0 0
cycle 3 0 0 0 0 1 0 1 -41 0 0 0
cycle 3 1 5 1 0 0 0 1 -41 0 0 0
cycle 3 1 5 1 1 1 0 1 -41 0 0 0
cycle 3 1 7 6 0 1 0 1 -41 0 0 0
cycle 3 1 7 6 1 1 0 1 -41 0 0 0
cycle 3 1 0 3 0 1 0 1 -41 0 0 0
cycle 3 1 0 3 1 1 0 1 -41 0 0 0
cycle 3 1 0 4 0 1 1 1 32 3 0 0
cycle 3 1 0 4 1 1 1 1 63 16 59 18
cycle 3 1 6 6 0 1 0 1 63 16 32 1
cycle 3 1 6 6 1 1 0 1 63 16 0 0
cycle 3 1 3 3 0 1 0 1 63 16 0 0
cycle 3 1 3 3 1 1 0 1 63 16 0 0
cycle 3 1 4 7 0 1 0 1 63 16 0 0
cycle 3 0 0 0 0 1 0 1 63 16 0 0
cycle 3 1 4 7 1 0 0 1 63 16 0 0
cycle 3 1 0 1 0 1 0 1 63 16 0 0
cycle 3 0 0 0 0 1 0 1 63 16 0 0
cycle 3 1 0 1 1 0 0 1 63 16 0 0
cycle 3 1 0 3 0 1 0 1 63 16 0 0
cycle 3 1 0 3 1 1 0 1 63 16 0 0
cycle 3 0 0 0 0 1 0 1 63 16 0 0
cycle 3 1 0 1 0 0 0 1 63 16 0 0
cycle 3 0 0 0 0 1 0 1 63 16 0 0
cycle 3 1 0 1 1 0 0 1 63 16 0 0
cycle 3 0 0 0 0 1 0 1 63 16 0 0
cycle 3 1 3 1 0 0 0 1 63 16 0 0
cycle 3 0 0 0 0 1 0 1 63 16 0 0
cycle 3 1 3 1 1 0 0 1 63 16 0 0
cycle 3 1 3 4 0 1 0 1 63 16 0 0
cycle 3 1 3 4 1 1 0 1 63 16 0 0
cycle 3 1 6 4 0 1 1 1 -42 28 0 0
cycle 3 1 6 4 1 1 1 1 -63 4 -59 13
cycle 3 1 6 3 0 1 0 1 -63 4 18 18
cycle 3 1 6 3 1 1 0 1 -63 4 0 0
cycle 3 1 4 0 0 1 1 1 -27 13 0 0
cycle 3 1 4 0 1 1 1 1 -26 0 38 0
cycle 3 1 7 3 0 1 0 1 -26 0 -34 19
cycle 3 1 7 3 1 1 0 1 -26 0 0 0
cycle 3 1 0 2 0 1 1 1 -42 16 0 0
cycle 3 1 0 2 1 1 1 1 63 17 14 7
cycle 3 1 0 7 0 1 0 1 63 17 -54 31
cycle 3 1 0 7 1 1 0 1 63 17 0 0
cycle 3 0 0 0 0 1 0 1 63 17 0 0
cycle 3 1 5 4 0 0 0 1 63 17 0 0
cycle 3 1 5 4 1 1 0 1 63 17 0 0
cycle 3 1 3 7 0 1 0 1 63 17 0 0
cycle 3 0 0 0 0 1 0 1 63 17 0 0
cycle 3 1 3 7 1 0 0 1 63 17 0 0
cycle 3 1 3 5 0 1 0 1 63 17 0 0
cycle 3 1 3 5 1 1 0 1 63 17 0 0
cycle 3 0 0 0 0 1 0 1 63 17 0 0
cycle 3 1 5 0 0 0 0 1 63 17 0 0
cycle 3 0 0 0 0 1 0 1 63 17 0 0
cycle 3 1 5 0 1 0 0 1 63 17 0 0
cycle 3 1 1 3 0 1 0 1 63 17 0 0
cycle 3 1 1 3 1 1 0 1 63 17 0 0
cycle 3 1 4 7 0 1 0 1 63 17 0 0
cycle 3 0 0 0 0 1 0 1 63 17 0 0
cycle 3 1 4 7 1 0 0 1 63 17 0 0
cycle 3 0 0 0 0 1 0 1 63 17 0 0
cycle 3 1 7 4 0 0 0 1 63 17 0 0
cycle 3 1 7 4 1 1 0 1 63 17 0 0
cycle 3 1 2 1 0 1 0 1 63 17 0 0
cycle 3 0 0 0 0 1 0 1 63 17 0 0
cycle 3 1 2 1 1 0 0 1 63 17 0 0
cycle 3 1 4 6 0 1 0 1 63 17 0 0
cycle 3 1 4 6 1 1 0 1 63 17 0 0
cycle 3 1 4 6 0 1 0 1 63 17 0 0
cycle 3 1 4 6 1 1 0 1 63 17 0 0
cycle 3 0 0 0 0 1 0 1 63 17 0 0
cycle 3 1 7 5 0 0 0 1 63 17 0 0
cycle 3 1 7 5 1 1 0 1 63 17 0 0
cycle 3 1 6 5 0 1 0 1 63 17 0 0
cycle 3 1 6 5 1 1 0 1 63 17 0 0
cycle 3 1 6 6 0 1 0 1 63 17 0 0
cycle 3 1 6 6 1 1 0 1 63 17 0 0
cycle 3 1 4 3 0 1 0 1 63 17 0 0
cycle 3 0 0 0 0 1 0 1 63 17 0 0
cycle 3 1 4 3 1 0 0 1 63 17 0 0
cycle 3 1 5 2 0 1 0 1 63 17 0 0
cycle 3 1 5 2 1 1 0 1 63 17 0 0
cycle 3 0 0 0 0 1 0 1 63 17 0 0
cycle 3 1 0 7 0 0 0 1 63 17 0 0
cycle 3 1 0 7 1 1 0 1 63 17 0 0
cycle 3 1 4 0 0 1 1 1 38 0 0 0
cycle 3 1 4 0 1 1 1 1 -34 19 -38 28
cycle 3 0 0 0 0 1 0 1 -34 19 -29 4
cycle 3 1 1 7 0 0 0 1 -34 19 0 0
cycle 3 1 1 7 1 1 0 1 -34 19 0 0
cycle 3 1 6 1 0 1 0 1 -34 19 0 0
cycle 3 1 6 1 1 1 0 1 -34 19 0 0
cycle 3 1 3 2 0 1 0 1 -34 19 0 0
cycle 3 1 3 2 1 1 0 1 -34 19 0 0
cycle 3 1 6 6 0 1 0 1 -34 19 0 0
cycle 3 0 0 0 0 1 0 1 -34 19 0 0
cycle 3 1 6 6 1 0 0 1 -34 19 0 0
cycle 3 1 1 0 0 1 0 1 -34 19 0 0
cycle 3 1 1 0 1 1 0 1 -34 19 0 0
cycle 3 0 0 0 0 1 0 1 -34 19 0 0
cycle 3 1 7 2 0 0 0 1 -34 19 0 0
cycle 3 1 7 2 1 1 0 1 -34 19 0 0
cycle 3 0 0 0 0 1 0 1 -34 19 0 0
cycle 3 1 0 5 0 0 0 1 -34 19 0 0
cycle 3 1 0 5 1 1 0 1 -34 19 0 0
cycle 3 1 7 2 0 1 0 1 -34 19 0 0
cycle 3 1 7 2 1 1 0 1 -34 19 0 0
cycle 3 1 5 6 0 1 0 1 -34 19 0 0
cycle 3 1 5 6 1 1 0 1 -34 19 0 0
cycle 3 0 0 0 0 1 0 1 -34 19 0 0
cycle 3 1 5 2 0 0 0 1 -34 19 0 0
cycle 3 1 5 2 1 1 0 1 -34 19 0 0
cycle 3 1 6 4 0 1 1 1 -59 13 0 0
cycle 3 0 0 0 0 1 0 1 -59 13 -16 16
cycle 3 1 6 4 1 0 1 1 18 18 0 0
cycle 3 1 1 2 0 1 0 1 18 18 6 26
cycle 3 1 1 2 1 1 0 1 18 18 0 0
cycle 3 1 7 0 0 1 0 1 18 18 0 0
cycle 3 1 7 0 1 1 0 1 18 18 0 0
cycle 3 1 4 2 0 1 1 1 -61 16 0 0
cycle 3 1 4 2 1 1 1 1 63 19 48 15
cycle 3 1 1 6 0 1 0 1 63 19 23 5
cycle 3 1 1 6 1 1 0 1 63 19 0 0
cycle 3 0 0 0 0 1 0 1 63 19 0 0
cycle 3 1 2 2 0 0 1 1 -2 21 0 0
cycle 3 1 2 2 1 1 1 1 63 2 45 25
cycle 3 0 0 0 0 1 0 1 63 2 -55 31
cycle 3 1 4 2 0 0 1 1 48 15 0 0
cycle 3 1 4 2 1 1 1 1 23 5 10 30
cycle 3 1 0 7 0 1 0 1 23 5 2 31
cycle 3 0 0 0 0 1 0 1 23 5 0 0
cycle 3 1 0 7 1 0 0 1 23 5 0 0
cycle 3 1 5 7 0 1 0 1 23 5 0 0
cycle 3 1 5 7 1 1 0 1 23 5 0 0
cycle 3 1 4 4 0 1 1 1 33 22 0 0
cycle 3 0 0 0 0 1 0 1 33 22 5 17
cycle 3 1 4 4 1 0 1 1 23 22 0 0
cycle 3 1 7 0 0 1 0 1 23 22 -7 15
cycle 3 1 7 0 1 1 0 1 23 22 0 0
cycle 3 1 6 2 0 1 1 1 54 2 0 0
cycle 3 1 6 2 1 1 1 1 -9 31 63 20
cycle 3 1 6 6 0 1 0 1 -9 31 1 14
cycle 3 1 6 6 1 1 0 1 -9 31 0 0
cycle 3 0 0 0 0 1 0 1 -9 31 0 0
cycle 3 1 1 3 0 0 0 1 -9 31 0 0
cycle 3 1 1 3 1 1 0 1 -9 31 0 0
cycle 3 1 3 7 0 1 0 1 -9 31 0 0
cycle 3 0 0 0 0 1 0 1 -9 31 0 0
cycle 3 1 3 7 1 0 0 1 -9 31 0 0
cycle 3 1 7 3 0 1 0 1 -9 31 0 0
cycle 3 1 7 3 1 1 0 1 -9 31 0 0
cycle 3 1 0 7 0 1 0 1 -9 31 0 0
cycle 3 1 0 7 1 1 0 1 -9 31 0 0
cycle 3 1 6 5 0 1 0 1 -9 31 0 0
cycle 3 0 0 0 0 1 0 1 -9 31 0 0
cycle 3 1 6 5 1 0 0 1 -9 31 0 0
cycle 3 0 0 0 0 1 0 1 -9 31 0 0
cycle 3 1 3 2 0 0 0 1 -9 31 0 0
cycle 3 1 3 2 1 1 0 1 -9 31 0 0
cycle 3 1 5 4 0 1 0 1 -9 31 0 0
cycle 3 1 5 4 1 1 0 1 -9 31 0 0
cycle 3 0 0 0 0 1 0 1 -9 31 0 0
cycle 3 1 6 6 0 0 0 1 -9 31 0 0
cycle 3 1 6 6 1 1 0 1 -9 31 0 0
cycle 3 1 5 1 0 1 0 1 -9 31 0 0
cycle 3 1 5 1 1 1 0 1 -9 31 0 0
cycle 3 1 7 2 0 1 0 1 -9 31 0 0
cycle 3 1 7 2 1 1 0 1 -9 31 0 0
cycle 3 0 0 0 0 1 0 1 -9 31 0 0
cycle 3 1 7 3 0 0 0 1 -9 31 0 0
cycle 3 1 7 3 1 1 0 1 -9 31 0 0
cycle 3 1 3 2 0 1 0 1 -9 31 0 0
cycle 3 0 0 0 0 1 0 1 -9 31 0 0
cycle 3 1 3 2 1 0 0 1 -9 31 0 0
cycle 3 1 5 7 0 1 0 1 -9 31 0 0
cycle 3 1 5 7 1 1 0 1 -9 31 0 0
cycle 3 1 0 5 0 1 0 1 -9 31 0 0
cycle 3 1 0 5 1 1 0 1 -9 31 0 0
cycle 3 1 1 4 0 1 0 1 -9 31 0 0
cycle 3 1 1 4 1 1 0 1 -9 31 0 0
cycle 3 0 0 0 0 1 0 1 -9 31 0 0
cycle 3 1 5 7 0 0 0 1 -9 31 0 0
cycle 3 1 5 7 1 1 0 1 -9 31 0 0
cycle 3 1 4 3 0 1 0 1 -9 31 0 0
cycle 3 1 4 3 1 1 0 1 -9 31 0 0
cycle 3 1 6 5 0 1 0 1 -9 31 0 0
cycle 3 1 6 5 1 1 0 1 -9 31 0 0
cycle 3 1 7 1 0 1 0 1 -9 31 0 0
cycle 3 1 7 1 1 1 0 1 -9 31 0 0
cycle 3 1 5 6 0 1 0 1 -9 31 0 0
cycle 3 1 5 6 1 1 0 1 -9 31 0 0
cycle 3 0 0 0 0 1 0 1 -9 31 0 0
cycle 3 1 5 2 0 0 0 1 -9 31 0 0
cycle 3 1 5 2 1 1 0 1 -9 31 0 0
cycle 3 1 5 3 0 1 0 1 -9 31 0 0
cycle 3 1 5 3 1 1 0 1 -9 31 0 0
cycle 3 0 0 0 0 1 0 1 -9 31 0 0
cycle 3 1 4 0 0 0 1 1 -38 28 0 0
cycle 3 0 0 0 0 1 0 1 -38 28 -25 29
cycle 3 1 4 0 1 0 1 1 -29 4 0 0
cycle 3 1 3 1 0 1 0 1 -29 4 8 15
cycle 3 1 3 1 1 1 0 1 -29 4 0 0
cycle 3 0 0 0 0 1 0 1 -29 4 0 0
cycle 3 1 5 6 0 0 0 1 -29 4 0 0
cycle 3 1 5 6 1 1 0 1 -29 4 0 0
cycle 3 0 0 0 0 1 0 1 -29 4 0 0
cycle 3 1 6 5 0 0 0 1 -29 4 0 0
cycle 3 0 0 0 0 1 0 1 -29 4 0 0
cycle 3 1 6 5 1 0 0 1 -29 4 0 0
cycle 3 1 1 0 0 1 0 1 -29 4 0 0
cycle 3 1 1 0 1 1 0 1 -29 4 0 0
cycle 3 0 0 0 0 1 0 1 -29 4 0 0
cycle 3 1 6 6 0 0 0 1 -29 4 0 0
cycle 3 1 6 6 1 1 0 1 -29 4 0 0
cycle 3 0 0 0 0 1 0 1 -29 4 0 0
cycle 3 1 4 5 0 0 0 1 -29 4 0 0
cycle 3 1 4 5 1 1 0 1 -29 4 0 0
cycle 3 1 3 7 0 1 0 1 -29 4 0 0
cycle 3 1 3 7 1 1 0 1 -29 4 0 0
cycle 3 1 2 7 0 1 0 1 -29 4 0 0
cycle 3 0 0 0 0 1 0 1 -29 4 0 0
cycle 3 1 2 7 1 0 0 1 -29 4 0 0
cycle 3 1 3 3 0 1 0 1 -29 4 0 0
cycle 3 1 3 3 1 1 0 1 -29 4 0 0
cycle 3 1 4 0 0 1 1 1 -25 29 0 0
cycle 3 1 4 0 1 1 1 1 8 15 11 31
cycle 3 1 2 3 0 1 0 1 8 15 50 15
cycle 3 1 2 3 1 1 0 1 8 15 0 0
cycle 3 1 2 3 0 1 0 1 8 15 0 0
cycle 3 1 2 3 1 1 0 1 8 15 0 0
cycle 3 1 4 4 0 1 1 1 5 17 0 0
cycle 3 1 4 4 1 1 1 1 -7 15 -20 25
cycle 3 1 6 1 0 1 0 1 -7 15 -9 26
cycle 3 1 6 1 1 1 0 1 -7 15 0 0
cycle 3 1 6 2 0 1 1 1 63 20 0 0
cycle 3 1 6 2 1 1 1 1 1 14 6 0
cycle 3 1 0 0 0 1 1 1 63 25 13 31
cycle 3 1 0 0 1 1 1 1 -23 0 63 28
cycle 3 1 5 6 0 1 0 1 -23 0 35 13
cycle 3 1 5 6 1 1 0 1 -23 0 0 0
cycle 3 1 6 2 0 1 1 1 6 0 0 0
cycle 3 1 6 2 1 1 1 1 13 31 -49 17
cycle 3 1 1 5 0 1 0 1 13 31 -50 0
cycle 3 1 1 5 1 1 0 1 13 31 0 0
cycle 3 1 3 2 0 1 0 1 13 31 0 0
cycle 3 1 3 2 1 1 0 1 13 31 0 0
cycle 3 0 0 0 0 1 0 1 13 31 0 0
cycle 3 1 2 6 0 0 0 1 13 31 0 0
cycle 3 1 2 6 1 1 0 1 13 31 0 0
cycle 3 1 0 1 0 1 0 1 13 31 0 0
cycle 3 1 0 1 1 1 0 1 13 31 0 0
cycle 3 1 6 0 0 1 1 1 -18 26 0 0
cycle 3 1 6 0 1 1 1 1 -44 1 27 31
cycle 3 1 0 6 0 1 0 1 -44 1 -59 4
cycle 3 1 0 6 1 1 0 1 -44 1 0 0
cycle 3 1 5 1 0 1 0 1 -44 1 0 0
cycle 3 1 5 1 1 1 0 1 -44 1 0 0
cycle 3 1 4 1 0 1 0 1 -44 1 0 0
cycle 3 1 4 1 1 1 0 1 -44 1 0 0
cycle 3 1 5 4 0 1 0 1 -44 1 0 0
cycle 3 0 0 0 0 1 0 1 -44 1 0 0
cycle 3 1 5 4 1 0 0 1 -44 1 0 0
cycle 3 1 6 0 0 1 1 1 27 31 0 0
cycle 3 1 6 0 1 1 1 1 -59 4 -13 13
cycle 3 1 3 4 0 1 0 1 -59 4 -64 31
cycle 3 1 3 4 1 1 0 1 -59 4 0 0
cycle 3 1 0 0 0 1 1 1 63 28 0 0
cycle 3 1 0 0 1 1 1 1 35 13 38 2
cycle 3 1 7 3 0 1 0 1 35 13 54 8
cycle 3 1 7 3 1 1 0 1 35 13 0 0
cycle 3 1 7 3 0 1 0 1 35 13 0 0
cycle 3 1 7 3 1 1 0 1 35 13 0 0
cycle 3 1 7 0 0 1 0 1 35 13 0 0
cycle 3 1 7 0 1 1 0 1 35 13 0 0
cycle 3 0 0 0 0 1 0 1 35 13 0 0
cycle 3 1 6 0 0 0 1 1 -13 13 0 0
cycle 3 1 6 0 1 1 1 1 -64 31 57 4
cycle 3 1 0 4 0 1 1 1 59 18 -53 5
cycle 3 1 0 4 1 1 1 1 32 1 12 25
cycle 3 1 2 0 0 1 1 1 12 19 -22 31
cycle 3 0 0 0 0 1 0 1 12 19 63 24
cycle 3 1 2 0 1 0 1 1 -44 2 0 0
cycle 3 0 0 0 0 1 0 1 -44 2 32 17
cycle 3 1 7 5 0 0 0 1 -44 2 0 0
cycle 3 1 7 5 1 1 0 1 -44 2 0 0
cycle 3 1 2 2 0 1 1 1 45 25 0 0
cycle 3 1 2 2 1 1 1 1 -55 31 -64 9
cycle 3 0 0 0 0 1 0 1 -55 31 39 28
cycle 3 1 0 2 0 0 1 1 14 7 0 0
cycle 3 1 0 2 1 1 1 1 -54 31 -22 31
cycle 3 1 3 7 0 1 0 1 -54 31 -31 24
cycle 3 1 3 7 1 1 0 1 -54 31 0 0
cycle 3 1 7 0 0 1 0 1 -54 31 0 0
cycle 3 1 7 0 1 1 0 1 -54 31 0 0
cycle 3 1 3 5 0 1 0 1 -54 31 0 0
cycle 3 1 3 5 1 1 0 1 -54 31 0 0
cycle 3 1 2 0 0 1 1 1 63 24 0 0
cycle 3 1 2 0 1 1 1 1 32 17 1 27
cycle 3 0 0 0 0 1 0 1 32 17 62 7
cycle 3 1 5 3 0 0 0 1 32 17 0 0
cycle 3 1 5 3 1 1 0 1 32 17 0 0
cycle 3 1 1 2 0 1 0 1 32 17 0 0
cycle 3 1 1 2 1 1 0 1 32 17 0 0
cycle 3 1 3 0 0 1 0 1 32 17 0 0
cycle 3 1 3 0 1 1 0 1 32 17 0 0
cycle 3 1 4 6 0 1 0 1 32 17 0 0
cycle 3 1 4 6 1 1 0 1 32 17 0 0
cycle 3 1 3 4 0 1 0 1 32 17 0 0
cycle 3 1 3 4 1 1 0 1 32 17 0 0
cycle 3 1 5 0 0 1 0 1 32 17 0 0
cycle 3 1 5 0 1 1 0 1 32 17 0 0
cycle 3 1 0 7 0 1 0 1 32 17 0 0
cycle 3 1 0 7 1 1 0 1 32 17 0 0
cycle 3 1 2 0 0 1 1 1 1 27 0 0
cycle 3 1 2 0 1 1 1 1 62 7 -30 21
cycle 3 1 3 3 0 1 0 1 62 7 -7 3
cycle 3 1 3 3 1 1 0 1 62 7 0 0
cycle 3 0 0 0 0 1 0 1 62 7 0 0
cycle 3 1 3 0 0 0 0 1 62 7 0 0
cycle 3 0 0 0 0 1 0 1 62 7 0 0
cycle 3 1 3 0 1 0 0 1 62 7 0 0
cycle 3 1 4 3 0 1 0 1 62 7 0 0
cycle 3 1 4 3 1 1 0 1 62 7 0 0
cycle 3 0 0 0 0 1 0 1 62 7 0 0
cycle 3 1 6 3 0 0 0 1 62 7 0 0
cycle 3 0 0 0 0 1 0 1 62 7 0 0
cycle 3 1 6 3 1 0 0 1 62 7 0 0
cycle 3 0 0 0 0 1 0 1 62 7 0 0
cycle 3 1 7 6 0 0 0 1 62 7 0 0
cycle 3 1 7 6 1 1 0 1 62 7 0 0
cycle 3 1 2 5 0 1 0 1 62 7 0 0
cycle 3 1 2 5 1 1 0 1 62 7 0 0
cycle 3 0 0 0 0 1 0 1 62 7 0 0
cycle 3 1 2 2 0 0 1 1 -64 9 0 0
cycle 3 1 2 2 1 1 1 1 39 28 -10 25
cycle 3 1 4 1 0 1 0 1 39 28 59 3
cycle 3 0 0 0 0 1 0 1 39 28 0 0
cycle 3 1 4 1 1 0 0 1 39 28 0 0
cycle 3 0 0 0 0 1 0 1 39 28 0 0
cycle 3 1 5 0 0 0 0 1 39 28 0 0
cycle 3 0 0 0 0 1 0 1 39 28 0 0
cycle 3 1 5 0 1 0 0 1 39 28 0 0
cycle 3 1 3 2 0 1 0 1 39 28 0 0
cycle 3 1 3 2 1 1 0 1 39 28 0 0
cycle 3 1 2 0 0 1 1 1 -30 21 0 0
cycle 3 1 2 0 1 1 1 1 -7 3 -53 21
cycle 3 0 0 0 0 1 0 1 -7 3 41 20
cycle 3 1 0 1 0 0 0 1 -7 3 0 0
cycle 3 1 0 1 1 1 0 1 -7 3 0 0
cycle 3 0 0 0 0 1 0 1 -7 3 0 0
cycle 3 1 3 5 0 0 0 1 -7 3 0 0
cycle 3 1 3 5 1 1 0 1 -7 3 0 0
cycle 3 1 1 1 0 1 0 1 -7 3 0 0
cycle 3 1 1 1 1 1 0 1 -7 3 0 0
cycle 3 0 0 0 0 1 0 1 -7 3 0 0
cycle 3 1 7 2 0 0 0 1 -7 3 0 0
cycle 3 0 0 0 0 1 0 1 -7 3 0 0
cycle 3 1 7 2 1 0 0 1 -7 3 0 0
cycle 3 0 0 0 0 1 0 1 -7 3 0 0
cycle 3 1 0 0 0 0 1 1 38 2 0 0
cycle 3 1 0 0 1 1 1 1 54 8 -45 1
cycle 3 1 6 7 0 1 0 1 54 8 -2 19
cycle 3 1 6 7 1 1 0 1 54 8 0 0
cycle 3 1 6 6 0 1 0 1 54 8 0 0
cycle 3 1 6 6 1 1 0 1 54 8 0 0
cycle 3 1 4 0 0 1 1 1 11 31 0 0
cycle 3 0 0 0 0 1 0 1 11 31 56 0
cycle 3 1 4 0 1 0 1 1 50 15 0 0
cycle 3 1 0 5 0 1 0 1 50 15 5 15
cycle 3 1 0 5 1 1 0 1 50 15 0 0
cycle 3 0 0 0 0 1 0 1 50 15 0 0
cycle 3 1 6 3 0 0 0 1 50 15 0 0
cycle 3 1 6 3 1 1 0 1 50 15 0 0
cycle 3 1 5 6 0 1 0 1 50 15 0 0
cycle 3 0 0 0 0 1 0 1 50 15 0 0
cycle 3 1 5 6 1 0 0 1 50 15 0 0
cycle 3 1 6 1 0 1 0 1 50 15 0 0
cycle 3 1 6 1 1 1 0 1 50 15 0 0
cycle 3 1 1 1 0 1 0 1 50 15 0 0
cycle 3 1 1 1 1 1 0 1 50 15 0 0
cycle 3 0 0 0 0 1 0 1 50 15 0 0
cycle 3 1 2 7 0 0 0 1 50 15 0 0
cycle 3 1 2 7 1 1 0 1 50 15 0 0
cycle 3 0 0 0 0 1 0 1 50 15 0 0
cycle 3 1 5 1 0 0 0 1 50 15 0 0
cycle 3 1 5 1 1 1 0 1 50 15 0 0
cycle 3 0 0 0 0 1 0 1 50 15 0 0
cycle 3 1 7 3 0 0 0 1 50 15 0 0
cycle 3 0 0 0 0 1 0 1 50 15 0 0
cycle 3 1 7 3 1 0 0 1 50 15 0 0
cycle 3 1 6 1 0 1 0 1 50 15 0 0
cycle 3 0 0 0 0 1 0 1 50 15 0 0
cycle 3 1 6 1 1 0 0 1 50 15 0 0
cycle 3 1 5 2 0 1 0 1 50 15 0 0
cycle 3 1 5 2 1 1 0 1 50 15 0 0
cycle 3 0 0 0 0 1 0 1 50 15 0 0
cycle 3 1 4 2 0 0 1 1 10 30 0 0
cycle 3 1 4 2 1 1 1 1 2 31 40 10
cycle 3 1 6 4 0 1 1 1 -16 16 -44 2
cycle 3 1 6 4 1 1 1 1 6 26 -6 19
cycle 3 1 4 4 0 1 1 1 -20 25 12 0
cycle 3 1 4 4 1 1 1 1 -9 26 -43 25
cycle 3 1 0 7 0 1 0 1 -9 26 29 18
cycle 3 1 0 7 1 1 0 1 -9 26 0 0
cycle 3 1 7 6 0 1 0 1 -9 26 0 0
cycle 3 0 0 0 0 1 0 1 -9 26 0 0
cycle 3 1 7 6 1 0 0 1 -9 26 0 0
cycle 3 1 5 5 0 1 0 1 -9 26 0 0
cycle 3 0 0 0 0 1 0 1 -9 26 0 0
cycle 3 1 5 5 1 0 0 1 -9 26 0 0
cycle 3 1 1 2 0 1 0 1 -9 26 0 0
cycle 3 1 1 2 1 1 0 1 -9 26 0 0
cycle 3 1 2 2 0 1 1 1 -10 25 0 0
cycle 3 1 2 2 1 1 1 1 59 3 23 23
cycle 3 1 3 3 0 1 0 1 59 3 -2 30
cycle 3 0 0 0 0 1 0 1 59 3 0 0
cycle 3 1 3 3 1 0 0 1 59 3 0 0
cycle 3 1 0 2 0 1 1 1 -22 31 0 0
cycle 3 1 0 2 1 1 1 1 -31 24 42 24
cycle 3 1 3 1 0 1 0 1 -31 24 25 24
cycle 3 1 3 1 1 1 0 1 -31 24 0 0
cycle 3 1 7 1 0 1 0 1 -31 24 0 0
cycle 3 1 7 1 1 1 0 1 -31 24 0 0
cycle 3 1 7 3 0 1 0 1 -31 24 0 0
cycle 3 1 7 3 1 1 0 1 -31 24 0 0
cycle 3 1 3 2 0 1 0 1 -31 24 0 0
cycle 3 1 3 2 1 1 0 1 -31 24 0 0
cycle 3 1 7 7 0 1 0 1 -31 24 0 0
cycle 3 1 7 7 1 1 0 1 -31 24 0 0
cycle 3 1 3 4 0 1 0 1 -31 24 0 0
cycle 3 1 3 4 1 1 0 1 -31 24 0 0
cycle 3 1 1 6 0 1 0 1 -31 24 0 0
cycle 3 1 1 6 1 1 0 1 -31 24 0 0
cycle 3 1 1 0 0 1 0 1 -31 24 0 0
cycle 3 0 0 0 0 1 0 1 -31 24 0 0
cycle 3 1 1 0 1 0 0 1 -31 24 0 0
cycle 3 0 0 0 0 1 0 1 -31 24 0 0
cycle 3 1 1 0 0 0 0 1 -31 24 0 0
cycle 3 1 1 0 1 1 0 1 -31 24 0 0
cycle 3 0 0 0 0 1 0 1 -31 24 0 0
cycle 3 1 1 6 0 0 0 1 -31 24 0 0
cycle 3 1 1 6 1 1 0 1 -31 24 0 0
cycle 3 1 2 3 0 1 0 1 -31 24 0 0
cycle 3 0 0 0 0 1 0 1 -31 24 0 0
cycle 3 1 2 3 1 0 0 1 -31 24 0 0
cycle 3 1 3 4 0 1 0 1 -31 24 0 0
cycle 3 1 3 4 1 1 0 1 -31 24 0 0
cycle 3 1 3 2 0 1 0 1 -31 24 0 0
cycle 3 1 3 2 1 1 0 1 -31 24 0 0
cycle 3 1 0 3 0 1 0 1 -31 24 0 0
cycle 3 1 0 3 1 1 0 1 -31 24 0 0
cycle 3 1 1 1 0 1 0 1 -31 24 0 0
cycle 3 1 1 1 1 1 0 1 -31 24 0 0
cycle 3 1 2 7 0 1 0 1 -31 24 0 0
cycle 3 1 2 7 1 1 0 1 -31 24 0 0
cycle 3 1 4 4 0 1 1 1 -43 25 0 0
cycle 3 1 4 4 1 1 1 1 29 18 -33 31
cycle 3 1 1 0 0 1 0 1 29 18 -25 30
cycle 3 1 1 0 1 1 0 1 29 18 0 0
cycle 3 1 0 6 0 1 0 1 29 18 0 0
cycle 3 0 0 0 0 1 0 1 29 18 0 0
cycle 3 1 0 6 1 0 0 1 29 18 0 0
cycle 3 1 6 3 0 1 0 1 29 18 0 0
cycle 3 1 6 3 1 1 0 1 29 18 0 0
cycle 3 1 5 5 0 1 0 1 29 18 0 0
cycle 3 0 0 0 0 1 0 1 29 18 0 0
cycle 3 1 5 5 1 0 0 1 29 18 0 0
cycle 3 1 3 1 0 1 0 1 29 18 0 0
cycle 3 1 3 1 1 1 0 1 29 18 0 0
cycle 3 1 0 3 0 1 0 1 29 18 0 0
cycle 3 1 0 3 1 1 0 1 29 18 0 0
cycle 3 1 1 3 0 1 0 1 29 18 0 0
cycle 3 1 1 3 1 1 0 1 29 18 0 0
cycle 3 1 1 3 0 1 0 1 29 18 0 0
cycle 3 1 1 3 1 1 0 1 29 18 0 0
cycle 3 1 4 6 0 1 0 1 29 18 0 0
cycle 3 0 0 0 0 1 0 1 29 18 0 0
cycle 3 1 4 6 1 0 0 1 29 18 0 0
cycle 3 1 7 3 0 1 0 1 29 18 0 0
cycle 3 1 7 3 1 1 0 1 29 18 0 0
cycle 3 1 0 2 0 1 1 1 42 24 0 0
cycle 3 1 0 2 1 1 1 1 25 24 -32 21
cycle 3 1 1 2 0 1 0 1 25 24 -62 31
cycle 3 1 1 2 1 1 0 1 25 24 0 0
cycle 3 1 5 2 0 1 0 1 25 24 0 0
cycle 3 1 5 2 1 1 0 1 25 24 0 0
cycle 3 1 4 3 0 1 0 1 25 24 0 0
cycle 3 1 4 3 1 1 0 1 25 24 0 0
cycle 3 1 7 2 0 1 0 1 25 24 0 0
cycle 3 1 7 2 1 1 0 1 25 24 0 0
cycle 3 1 4 0 0 1 1 1 56 0 0 0
cycle 3 0 0 0 0 1 0 1 56 0 -47 31
cycle 3 1 4 0 1 0 1 1 5 15 0 0
cycle 3 1 2 1 0 1 0 1 5 15 2 2
cycle 3 1 2 1 1 1 0 1 5 15 0 0
cycle 3 0 0 0 0 1 0 1 5 15 0 0
cycle 3 1 1 4 0 0 0 1 5 15 0 0
cycle 3 1 1 4 1 1 0 1 5 15 0 0
cycle 3 1 7 2 0 1 0 1 5 15 0 0
cycle 3 1 7 2 1 1 0 1 5 15 0 0
cycle 3 1 2 2 0 1 1 1 23 23 0 0
cycle 3 0 0 0 0 1 0 1 23 23 -56 17
cycle 3 1 2 2 1 0 1 1 -2 30 0 0
cycle 3 0 0 0 0 1 0 1 -2 30 22 16
cycle 3 1 3 2 0 0 0 1 -2 30 0 0
cycle 3 0 0 0 0 1 0 1 -2 30 0 0
cycle 3 1 3 2 1 0 0 1 -2 30 0 0
cycle 3 1 6 0 0 1 1 1 57 4 0 0
cycle 3 1 6 0 1 1 1 1 -53 5 -52 31
cycle 3 1 1 1 0 1 0 1 -53 5 48 12
cycle 3 1 1 1 1 1 0 1 -53 5 0 0
cycle 3 1 6 2 0 1 1 1 -49 17 0 0
cycle 3 1 6 2 1 1 1 1 -50 0 63 14
cycle 3 1 3 6 0 1 0 1 -50 0 45 16
cycle 3 1 3 6 1 1 0 1 -50 0 0 0
cycle 3 1 3 1 0 1 0 1 -50 0 0 0
cycle 3 1 3 1 1 1 0 1 -50 0 0 0
cycle 3 1 1 6 0 1 0 1 -50 0 0 0
cycle 3 1 1 6 1 1 0 1 -50 0 0 0
cycle 3 1 3 5 0 1 0 1 -50 0 0 0
cycle 3 1 3 5 1 1 0 1 -50 0 0 0
cycle 3 0 0 0 0 1 0 1 -50 0 0 0
cycle 3 1 1 7 0 0 0 1 -50 0 0 0
cycle 3 0 0 0 0 1 0 1 -50 0 0 0
cycle 3 1 1 7 1 0 0 1 -50 0 0 0
cycle 3 1 0 6 0 1 0 1 -50 0 0 0
cycle 3 0 0 0 0 1 0 1 -50 0 0 0
cycle 3 1 0 6 1 0 0 1 -50 0 0 0
cycle 3 1 4 0 0 1 1 1 -47 31 0 0
cycle 3 1 4 0 1 1 1 1 2 2 61 20
cycle 3 0 0 0 0 1 0 1 2 2 31 8
cycle 3 1 4 7 0 0 0 1 2 2 0 0
cycle 3 1 4 7 1 1 0 1 2 2 0 0
cycle 3 1 3 6 0 1 0 1 2 2 0 0
cycle 3 1 3 6 1 1 0 1 2 2 0 0
cycle 3 1 5 3 0 1 0 1 2 2 0 0
cycle 3 0 0 0 0 1 0 1 2 2 0 0
cycle 3 1 5 3 1 0 0 1 2 2 0 0
cycle 3 1 0 3 0 1 0 1 2 2 0 0
cycle 3 1 0 3 1 1 0 1 2 2 0 0
cycle 3 1 2 0 0 1 1 1 -53 21 0 0
cycle 3 1 2 0 1 1 1 1 41 20 -7 9
cycle 3 1 6 1 0 1 0 1 41 20 -35 15
cycle 3 1 6 1 1 1 0 1 41 20 0 0
cycle 3 1 7 5 0 1 0 1 41 20 0 0
cycle 3 0 0 0 0 1 0 1 41 20 0 0
cycle 3 1 7 5 1 0 0 1 41 20 0 0
cycle 3 0 0 0 0 1 0 1 41 20 0 0
cycle 3 1 6 0 0 0 1 1 -52 31 0 0
cycle 3 1 6 0 1 1 1 1 48 12 -9 25
cycle 3 1 1 7 0 1 0 1 48 12 -64 1
cycle 3 1 1 7 1 1 0 1 48 12 0 0
cycle 3 1 4 0 0 1 1 1 61 20 0 0
cycle 3 1 4 0 1 1 1 1 31 8 2 17
cycle 3 1 0 7 0 1 0 1 31 8 -49 25
cycle 3 1 0 7 1 1 0 1 31 8 0 0
cycle 3 1 0 2 0 1 1 1 -32 21 0 0
cycle 3 1 0 2 1 1 1 1 -62 31 -58 12
cycle 3 1 1 3 0 1 0 1 -62 31 -44 21
cycle 3 1 1 3 1 1 0 1 -62 31 0 0
cycle 3 1 4 4 0 1 1 1 -33 31 0 0
cycle 3 1 4 4 1 1 1 1 -25 30 -36 27
cycle 3 1 5 2 0 1 0 1 -25 30 15 10
cycle 3 1 5 2 1 1 0 1 -25 30 0 0
cycle 3 1 1 1 0 1 0 1 -25 30 0 0
cycle 3 1 1 1 1 1 0 1 -25 30 0 0
cycle 3 1 5 0 0 1 0 1 -25 30 0 0
cycle 3 1 5 0 1 1 0 1 -25 30 0 0
cycle 3 1 3 6 0 1 0 1 -25 30 0 0
cycle 3 0 0 0 0 1 0 1 -25 30 0 0
cycle 3 1 3 6 1 0 0 1 -25 30 0 0
cycle 3 1 1 7 0 1 0 1 -25 30 0 0
cycle 3 1 1 7 1 1 0 1 -25 30 0 0
cycle 3 0 0 0 0 1 0 1 -25 30 0 0
cycle 3 1 6 1 0 0 0 1 -25 30 0 0
cycle 3 1 6 1 1 1 0 1 -25 30 0 0
cycle 3 1 5 6 0 1 0 1 -25 30 0 0
cycle 3 1 5 6 1 1 0 1 -25 30 0 0
cycle 3 0 0 0 0 1 0 1 -25 30 0 0
cycle 3 1 6 5 0 0 0 1 -25 30 0 0
cycle 3 1 6 5 1 1 0 1 -25 30 0 0
cycle 3 1 7 6 0 1 0 1 -25 30 0 0
cycle 3 1 7 6 1 1 0 1 -25 30 0 0
cycle 3 0 0 0 0 1 0 1 -25 30 0 0
cycle 3 1 5 3 0 0 0 1 -25 30 0 0
cycle 3 1 5 3 1 1 0 1 -25 30 0 0
cycle 3 1 4 0 0 1 1 1 2 17 0 0
cycle 3 1 4 0 1 1 1 1 -49 25 -24 15
cycle 3 1 2 5 0 1 0 1 -49 25 -61 8
cycle 3 1 2 5 1 1 0 1 -49 25 0 0
cycle 3 1 3 7 0 1 0 1 -49 25 0 0
cycle 3 1 3 7 1 1 0 1 -49 25 0 0
cycle 3 1 4 5 0 1 0 1 -49 25 0 0
cycle 3 1 4 5 1 1 0 1 -49 25 0 0
cycle 3 1 3 1 0 1 0 1 -49 25 0 0
cycle 3 1 3 1 1 1 0 1 -49 25 0 0
cycle 3 1 7 4 0 1 0 1 -49 25 0 0
cycle 3 1 7 4 1 1 0 1 -49 25 0 0
cycle 3 1 1 0 0 1 0 1 -49 25 0 0
cycle 3 0 0 0 0 1 0 1 -49 25 0 0
cycle 3 1 1 0 1 0 0 1 -49 25 0 0
cycle 3 1 1 5 0 1 0 1 -49 25 0 0
cycle 3 1 1 5 1 1 0 1 -49 25 0 0
cycle 3 1 3 5 0 1 0 1 -49 25 0 0
cycle 3 1 3 5 1 1 0 1 -49 25 0 0
cycle 3 1 2 3 0 1 0 1 -49 25 0 0
cycle 3 1 2 3 1 1 0 1 -49 25 0 0
cycle 3 1 0 0 0 1 1 1 -45 1 0 0
cycle 3 0 0 0 0 1 0 1 -45 1 -49 16
cycle 3 1 0 0 1 0 1 1 -2 19 0 0
cycle 3 1 4 0 0 1 1 1 -24 15 51 27
cycle 3 1 4 0 1 1 1 1 -61 8 -64 31
cycle 3 1 4 5 0 1 0 1 -61 8 -40 4
cycle 3 1 4 5 1 1 0 1 -61 8 0 0
cycle 3 1 7 5 0 1 0 1 -61 8 0 0
cycle 3 1 7 5 1 1 0 1 -61 8 0 0
cycle 3 0 0 0 0 1 0 1 -61 8 0 0
cycle 3 1 2 4 0 0 1 1 3 15 0 0
cycle 3 1 2 4 1 1 1 1 63 13 43 16
cycle 3 1 3 1 0 1 0 1 63 13 -58 19
cycle 3 1 3 1 1 1 0 1 63 13 0 0
cycle 3 1 6 5 0 1 0 1 63 13 0 0
cycle 3 1 6 5 1 1 0 1 63 13 0 0
cycle 3 1 2 0 0 1 1 1 -7 9 0 0
cycle 3 1 2 0 1 1 1 1 -35 15 -46 30
cycle 3 1 3 5 0 1 0 1 -35 15 -27 15
cycle 3 1 3 5 1 1 0 1 -35 15 0 0
cycle 3 1 4 4 0 1 1 1 -36 27 0 0
cycle 3 0 0 0 0 1 0 1 -36 27 -22 21
cycle 3 1 4 4 1 0 1 1 15 10 0 0
cycle 3 1 4 2 0 1 1 1 40 10 22 22
cycle 3 1 4 2 1 1 1 1 -44 2 -30 19
cycle 3 0 0 0 0 1 0 1 -44 2 -64 0
cycle 3 1 1 1 0 0 0 1 -44 2 0 0
cycle 3 1 1 1 1 1 0 1 -44 2 0 0
cycle 3 1 0 5 0 1 0 1 -44 2 0 0
cycle 3 0 0 0 0 1 0 1 -44 2 0 0
cycle 3 1 0 5 1 0 0 1 -44 2 0 0
cycle 3 1 4 1 0 1 0 1 -44 2 0 0
cycle 3 1 4 1 1 1 0 1 -44 2 0 0
cycle 3 1 2 1 0 1 0 1 -44 2 0 0
cycle 3 1 2 1 1 1 0 1 -44 2 0 0
cycle 3 1 3 5 0 1 0 1 -44 2 0 0
cycle 3 1 3 5 1 1 0 1 -44 2 0 0
cycle 3 0 0 0 0 1 0 1 -44 2 0 0
cycle 3 1 0 5 0 0 0 1 -44 2 0 0
cycle 3 1 0 5 1 1 0 1 -44 2 0 0
cycle 3 1 1 0 0 1 0 1 -44 2 0 0
cycle 3 1 1 0 1 1 0 1 -44 2 0 0
cycle 3 0 0 0 0 1 0 1 -44 2 0 0
cycle 3 1 6 2 0 0 1 1 63 14 0 0
cycle 3 1 6 2 1 1 1 1 45 16 40 12
cycle 3 1 7 0 0 1 0 1 45 16 47 21
cycle 3 1 7 0 1 1 0 1 45 16 0 0
cycle 3 1 7 7 0 1 0 1 45 16 0 0
cycle 3 1 7 7 1 1 0 1 45 16 0 0
cycle 3 1 0 0 0 1 1 1 -49 16 0 0
cycle 3 1 0 0 1 1 1 1 51 27 58 16
cycle 3 0 0 0 0 1 0 1 51 27 -29 5
cycle 3 1 6 2 0 0 1 1 40 12 0 0
cycle 3 1 6 2 1 1 1 1 47 21 -39 31
cycle 3 1 1 1 0 1 0 1 47 21 -55 14
cycle 3 1 1 1 1 1 0 1 47 21 0 0
cycle 3 1 1 3 0 1 0 1 47 21 0 0
cycle 3 1 1 3 1 1 0 1 47 21 0 0
cycle 3 1 6 7 0 1 0 1 47 21 0 0
cycle 3 0 0 0 0 1 0 1 47 21 0 0
cycle 3 1 6 7 1 0 0 1 47 21 0 0
cycle 3 1 1 5 0 1 0 1 47 21 0 0
cycle 3 1 1 5 1 1 0 1 47 21 0 0
cycle 3 1 7 2 0 1 0 1 47 21 0 0
cycle 3 1 7 2 1 1 0 1 47 21 0 0
cycle 3 1 4 1 0 1 0 1 47 21 0 0
cycle 3 1 4 1 1 1 0 1 47 21 0 0
cycle 3 1 6 5 0 1 0 1 47 21 0 0
cycle 3 1 6 5 1 1 0 1 47 21 0 0
cycle 3 1 5 4 0 1 0 1 47 21 0 0
cycle 3 1 5 4 1 1 0 1 47 21 0 0
cycle 3 1 2 5 0 1 0 1 47 21 0 0
cycle 3 1 2 5 1 1 0 1 47 21 0 0
cycle 3 1 6 0 0 1 1 1 -9 25 0 0
cycle 3 1 6 0 1 1 1 1 -64 1 -24 0
cycle 3 1 3 1 0 1 0 1 -64 1 -47 17
cycle 3 1 3 1 1 1 0 1 -64 1 0 0
cycle 3 1 4 2 0 1 1 1 -30 19 0 0
cycle 3 0 0 0 0 1 0 1 -30 19 62 30
cycle 3 1 4 2 1 0 1 1 -64 0 0 0
cycle 3 0 0 0 0 1 0 1 -64 0 -5 12
cycle 3 1 0 3 0 0 0 1 -64 0 0 0
cycle 3 1 0 3 1 1 0 1 -64 0 0 0
cycle 3 1 1 4 0 1 0 1 -64 0 0 0
cycle 3 1 1 4 1 1 0 1 -64 0 0 0
cycle 3 1 5 4 0 1 0 1 -64 0 0 0
cycle 3 1 5 4 1 1 0 1 -64 0 0 0
cycle 3 1 3 4 0 1 0 1 -64 0 0 0
cycle 3 0 0 0 0 1 0 1 -64 0 0 0
cycle 3 1 3 4 1 0 0 1 -64 0 0 0
cycle 3 1 4 4 0 1 1 1 -22 21 0 0
cycle 3 1 4 4 1 1 1 1 22 22 28 6
cycle 3 1 1 3 0 1 0 1 22 22 63 0
cycle 3 1 1 3 1 1 0 1 22 22 0 0
cycle 3 1 2 2 0 1 1 1 -56 17 0 0
cycle 3 0 0 0 0 1 0 1 -56 17 43 5
cycle 3 1 2 2 1 0 1 1 22 16 0 0
cycle 3 1 1 4 0 1 0 1 22 16 58 9
cycle 3 1 1 4 1 1 0 1 22 16 0 0
cycle 3 1 1 0 0 1 0 1 22 16 0 0
cycle 3 0 0 0 0 1 0 1 22 16 0 0
cycle 3 1 1 0 1 0 0 1 22 16 0 0
cycle 3 1 7 5 0 1 0 1 22 16 0 0
cycle 3 1 7 5 1 1 0 1 22 16 0 0
cycle 3 0 0 0 0 1 0 1 22 16 0 0
cycle 3 1 0 7 0 0 0 1 22 16 0 0
cycle 3 1 0 7 1 1 0 1 22 16 0 0
cycle 3 1 3 0 0 1 0 1 22 16 0 0
cycle 3 1 3 0 1 1 0 1 22 16 0 0
cycle 3 1 6 6 0 1 0 1 22 16 0 0
cycle 3 0 0 0 0 1 0 1 22 16 0 0
cycle 3 1 6 6 1 0 0 1 22 16 0 0
cycle 3 1 2 1 0 1 0 1 22 16 0 0
cycle 3 1 2 1 1 1 0 1 22 16 0 0
cycle 3 1 3 2 0 1 0 1 22 16 0 0
cycle 3 0 0 0 0 1 0 1 22 16 0 0
cycle 3 1 3 2 1 0 0 1 22 16 0 0
cycle 3 1 2 0 0 1 1 1 -46 30 0 0
cycle 3 1 2 0 1 1 1 1 -27 15 -64 1
cycle 3 0 0 0 0 1 0 1 -27 15 54 25
cycle 3 1 6 7 0 0 0 1 -27 15 0 0
cycle 3 1 6 7 1 1 0 1 -27 15 0 0
cycle 3 1 3 4 0 1 0 1 -27 15 0 0
cycle 3 1 3 4 1 1 0 1 -27 15 0 0
cycle 3 1 3 0 0 1 0 1 -27 15 0 0
cycle 3 1 3 0 1 1 0 1 -27 15 0 0
cycle 3 1 1 2 0 1 0 1 -27 15 0 0
cycle 3 1 1 2 1 1 0 1 -27 15 0 0
cycle 3 1 3 7 0 1 0 1 -27 15 0 0
cycle 3 1 3 7 1 1 0 1 -27 15 0 0
cycle 3 0 0 0 0 1 0 1 -27 15 0 0
cycle 3 1 5 0 0 0 0 1 -27 15 0 0
cycle 3 1 5 0 1 1 0 1 -27 15 0 0
cycle 3 1 6 7 0 1 0 1 -27 15 0 0
cycle 3 1 6 7 1 1 0 1 -27 15 0 0
cycle 3 1 2 2 0 1 1 1 43 5 0 0
cycle 3 1 2 2 1 1 1 1 58 9 -43 12
cycle 3 0 0 0 0 1 0 1 58 9 -58 16
cycle 3 1 0 0 0 0 1 1 58 16 0 0
cycle 3 1 0 0 1 1 1 1 -29 5 -64 31
cycle 3 1 4 4 0 1 1 1 28 6 48 8
cycle 3 0 0 0 0 1 0 1 28 6 -18 0
cycle 3 1 4 4 1 0 1 1 63 0 0 0
cycle 3 1 1 7 0 1 0 1 63 0 -31 31
cycle 3 1 1 7 1 1 0 1 63 0 0 0
cycle 3 1 5 2 0 1 0 1 63 0 0 0
cycle 3 0 0 0 0 1 0 1 63 0 0 0
cycle 3 1 5 2 1 0 0 1 63 0 0 0
cycle 3 1 4 2 0 1 1 1 62 30 0 0
cycle 3 1 4 2 1 1 1 1 -5 12 27 1
cycle 3 1 0 2 0 1 1 1 -58 12 0 23
cycle 3 0 0 0 0 1 0 1 -58 12 62 19
cycle 3 1 0 2 1 0 1 1 -44 21 0 0
cycle 3 1 4 2 0 1 1 1 27 1 16 30
cycle 3 1 4 2 1 1 1 1 0 23 61 8
cycle 3 0 0 0 0 1 0 1 0 23 -64 6
cycle 3 1 3 0 0 0 0 1 0 23 0 0
cycle 3 0 0 0 0 1 0 1 0 23 0 0
cycle 3 1 3 0 1 0 0 1 0 23 0 0
cycle 3 1 6 4 0 1 1 1 -6 19 0 0
cycle 3 1 6 4 1 1 1 1 12 0 16 9
cycle 3 1 6 2 0 1 1 1 -39 31 -18 7
cycle 3 1 6 2 1 1 1 1 -55 14 -29 9
cycle 3 0 0 0 0 1 0 1 -55 14 33 0
cycle 3 1 5 1 0 0 0 1 -55 14 0 0
cycle 3 0 0 0 0 1 0 1 -55 14 0 0
cycle 3 1 5 1 1 0 0 1 -55 14 0 0
cycle 3 1 7 5 0 1 0 1 -55 14 0 0
cycle 3 1 7 5 1 1 0 1 -55 14 0 0
cycle 3 0 0 0 0 1 0 1 -55 14 0 0
cycle 3 1 7 7 0 0 0 1 -55 14 0 0
cycle 3 1 7 7 1 1 0 1 -55 14 0 0
cycle 3 1 2 6 0 1 0 1 -55 14 0 0
cycle 3 1 2 6 1 1 0 1 -55 14 0 0
cycle 3 1 2 1 0 1 0 1 -55 14 0 0
cycle 3 1 2 1 1 1 0 1 -55 14 0 0
cycle 3 1 3 7 0 1 0 1 -55 14 0 0
cycle 3 1 3 7 1 1 0 1 -55 14 0 0
cycle 3 1 6 3 0 1 0 1 -55 14 0 0
cycle 3 1 6 3 1 1 0 1 -55 14 0 0
cycle 3 1 6 7 0 1 0 1 -55 14 0 0
cycle 3 1 6 7 1 1 0 1 -55 14 0 0
cycle 3 0 0 0 0 1 0 1 -55 14 0 0
cycle 3 1 6 0 0 0 1 1 -24 0 0 0
cycle 3 1 6 0 1 1 1 1 -47 17 3 16
cycle 3 1 2 7 0 1 0 1 -47 17 21 5
cycle 3 1 2 7 1 1 0 1 -47 17 0 0
cycle 3 0 0 0 0 1 0 1 -47 17 0 0
cycle 3 1 7 0 0 0 0 1 -47 17 0 0
cycle 3 1 7 0 1 1 0 1 -47 17 0 0
cycle 3 1 0 5 0 1 0 1 -47 17 0 0
cycle 3 1 0 5 1 1 0 1 -47 17 0 0
cycle 3 1 3 5 0 1 0 1 -47 17 0 0
cycle 3 0 0 0 0 1 0 1 -47 17 0 0
cycle 3 1 3 5 1 0 0 1 -47 17 0 0
cycle 3 0 0 0 0 1 0 1 -47 17 0 0
cycle 3 1 7 6 0 0 0 1 -47 17 0 0
cycle 3 1 7 6 1 1 0 1 -47 17 0 0
cycle 3 0 0 0 0 1 0 1 -47 17 0 0
cycle 3 1 3 1 0 0 0 1 -47 17 0 0
cycle 3 1 3 1 1 1 0 1 -47 17 0 0
cycle 3 0 0 0 0 1 0 1 -47 17 0 0
cycle 3 1 6 5 0 0 0 1 -47 17 0 0
cycle 3 1 6 5 1 1 0 1 -47 17 0 0
cycle 3 1 2 4 0 1 1 1 43 16 0 0
cycle 3 0 0 0 0 1 0 1 43 16 4 18
cycle 3 1 2 4 1 0 1 1 -58 19 0 0
cycle 3 1 0 0 0 1 1 1 -64 31 -64 24
cycle 3 1 0 0 1 1 1 1 48 8 2 25
cycle 3 0 0 0 0 1 0 1 48 8 44 25
cycle 3 1 3 0 0 0 0 1 48 8 0 0
cycle 3 1 3 0 1 1 0 1 48 8 0 0
cycle 3 1 5 2 0 1 0 1 48 8 0 0
cycle 3 1 5 2 1 1 0 1 48 8 0 0
cycle 3 1 7 6 0 1 0 1 48 8 0 0
cycle 3 0 0 0 0 1 0 1 48 8 0 0
cycle 3 1 7 6 1 0 0 1 48 8 0 0
cycle 3 1 2 3 0 1 0 1 48 8 0 0
cycle 3 1 2 3 1 1 0 1 48 8 0 0
cycle 3 1 7 2 0 1 0 1 48 8 0 0
cycle 3 1 7 2 1 1 0 1 48 8 0 0
cycle 3 1 7 4 0 1 0 1 48 8 0 0
cycle 3 1 7 4 1 1 0 1 48 8 0 0
cycle 3 1 0 2 0 1 1 1 62 19 0 0
cycle 3 0 0 0 0 1 0 1 62 19 -2 31
cycle 3 1 0 2 1 0 1 1 16 30 0 0
cycle 3 1 1 2 0 1 0 1 16 30 -13 22
cycle 3 0 0 0 0 1 0 1 16 30 0 0
cycle 3 1 1 2 1 0 0 1 16 30 0 0
cycle 3 0 0 0 0 1 0 1 16 30 0 0
cycle 3 1 5 1 0 0 0 1 16 30 0 0
cycle 3 1 5 1 1 1 0 1 16 30 0 0
cycle 3 1 3 2 0 1 0 1 16 30 0 0
cycle 3 1 3 2 1 1 0 1 16 30 0 0
cycle 3 1 7 1 0 1 0 1 16 30 0 0
cycle 3 0 0 0 0 1 0 1 16 30 0 0
cycle 3 1 7 1 1 0 0 1 16 30 0 0
cycle 3 0 0 0 0 1 0 1 16 30 0 0
cycle 3 1 1 4 0 0 0 1 16 30 0 0
cycle 3 1 1 4 1 1 0 1 16 30 0 0
cycle 3 1 1 3 0 1 0 1 16 30 0 0
cycle 3 0 0 0 0 1 0 1 16 30 0 0
cycle 3 1 1 3 1 0 0 1 16 30 0 0
cycle 3 1 1 0 0 1 0 1 16 30 0 0
cycle 3 1 1 0 1 1 0 1 16 30 0 0
cycle 3 1 5 1 0 1 0 1 16 30 0 0
cycle 3 1 5 1 1 1 0 1 16 30 0 0
cycle 3 1 1 3 0 1 0 1 16 30 0 0
cycle 3 1 1 3 1 1 0 1 16 30 0 0
cycle 3 1 3 2 0 1 0 1 16 30 0 0
cycle 3 1 3 2 1 1 0 1 16 30 0 0
cycle 3 0 0 0 0 1 0 1 16 30 0 0
cycle 3 1 2 7 0 0 0 1 16 30 0 0
cycle 3 1 2 7 1 1 0 1 16 30 0 0
cycle 3 0 0 0 0 1 0 1 16 30 0 0
cycle 3 1 7 0 0 0 0 1 16 30 0 0
cycle 3 1 7 0 1 1 0 1 16 30 0 0
cycle 3 1 1 5 0 1 0 1 16 30 0 0
cycle 3 0 0 0 0 1 0 1 16 30 0 0
cycle 3 1 1 5 1 0 0 1 16 30 0 0
cycle 3 1 6 6 0 1 0 1 16 30 0 0
cycle 3 1 6 6 1 1 0 1 16 30 0 0
cycle 3 0 0 0 0 1 0 1 16 30 0 0
cycle 3 1 7 7 0 0 0 1 16 30 0 0
cycle 3 0 0 0 0 1 0 1 16 30 0 0
cycle 3 1 7 7 1 0 0 1 16 30 0 0
cycle 3 1 4 3 0 1 0 1 16 30 0 0
cycle 3 1 4 3 1 1 0 1 16 30 0 0
cycle 3 1 1 3 0 1 0 1 16 30 0 0
cycle 3 1 1 3 1 1 0 1 16 30 0 0
cycle 3 1 2 0 0 1 1 1 -64 1 0 0
cycle 3 1 2 0 1 1 1 1 54 25 -64 10
cycle 3 1 2 3 0 1 0 1 54 25 -6 6
cycle 3 1 2 3 1 1 0 1 54 25 0 0
cycle 3 1 2 5 0 1 0 1 54 25 0 0
cycle 3 1 2 5 1 1 0 1 54 25 0 0
cycle 3 1 2 2 0 1 1 1 -43 12 0 0
cycle 3 1 2 2 1 1 1 1 -58 16 -4 17
cycle 3 0 0 0 0 1 0 1 -58 16 59 21
cycle 3 1 7 1 0 0 0 1 -58 16 0 0
cycle 3 1 7 1 1 1 0 1 -58 16 0 0
cycle 3 0 0 0 0 1 0 1 -58 16 0 0
cycle 3 1 2 3 0 0 0 1 -58 16 0 0
cycle 3 1 2 3 1 1 0 1 -58 16 0 0
cycle 3 1 7 1 0 1 0 1 -58 16 0 0
cycle 3 1 7 1 1 1 0 1 -58 16 0 0
cycle 3 1 3 4 0 1 0 1 -58 16 0 0
cycle 3 1 3 4 1 1 0 1 -58 16 0 0
cycle 3 0 0 0 0 1 0 1 -58 16 0 0
cycle 3 1 0 3 0 0 0 1 -58 16 0 0
cycle 3 0 0 0 0 1 0 1 -58 16 0 0
cycle 3 1 0 3 1 0 0 1 -58 16 0 0
cycle 3 1 3 7 0 1 0 1 -58 16 0 0
cycle 3 0 0 0 0 1 0 1 -58 16 0 0
cycle 3 1 3 7 1 0 0 1 -58 16 0 0
cycle 3 1 4 1 0 1 0 1 -58 16 0 0
cycle 3 1 4 1 1 1 0 1 -58 16 0 0
cycle 3 1 4 5 0 1 0 1 -58 16 0 0
cycle 3 1 4 5 1 1 0 1 -58 16 0 0
cycle 3 1 6 1 0 1 0 1 -58 16 0 0
cycle 3 1 6 1 1 1 0 1 -58 16 0 0
cycle 3 1 1 3 0 1 0 1 -58 16 0 0
cycle 3 1 1 3 1 1 0 1 -58 16 0 0
cycle 3 1 0 5 0 1 0 1 -58 16 0 0
cycle 3 1 0 5 1 1 0 1 -58 16 0 0
cycle 3 1 7 3 0 1 0 1 -58 16 0 0
cycle 3 1 7 3 1 1 0 1 -58 16 0 0
cycle 3 1 5 2 0 1 0 1 -58 16 0 0
cycle 3 0 0 0 0 1 0 1 -58 16 0 0
cycle 3 1 5 2 1 0 0 1 -58 16 0 0
cycle 3 1 7 7 0 1 0 1 -58 16 0 0
cycle 3 1 7 7 1 1 0 1 -58 16 0 0
cycle 3 1 4 6 0 1 0 1 -58 16 0 0
cycle 3 1 4 6 1 1 0 1 -58 16 0 0
cycle 3 1 0 3 0 1 0 1 -58 16 0 0
cycle 3 1 0 3 1 1 0 1 -58 16 0 0
cycle 3 1 3 0 0 1 0 1 -58 16 0 0
cycle 3 1 3 0 1 1 0 1 -58 16 0 0
cycle 3 1 6 2 0 1 1 1 -29 9 0 0
cycle 3 1 6 2 1 1 1 1 33 0 -44 20
cycle 3 0 0 0 0 1 0 1 33 0 29 8
cycle 3 1 0 1 0 0 0 1 33 0 0 0
cycle 3 1 0 1 1 1 0 1 33 0 0 0
cycle 3 0 0 0 0 1 0 1 33 0 0 0
cycle 3 1 6 5 0 0 0 1 33 0 0 0
cycle 3 1 6 5 1 1 0 1 33 0 0 0
cycle 3 1 3 5 0 1 0 1 33 0 0 0
cycle 3 1 3 5 1 1 0 1 33 0 0 0
cycle 3 1 5 4 0 1 0 1 33 0 0 0
cycle 3 1 5 4 1 1 0 1 33 0 0 0
cycle 3 1 6 0 0 1 1 1 3 16 0 0
cycle 3 1 6 0 1 1 1 1 21 5 -57 27
cycle 3 1 6 7 0 1 0 1 21 5 20 8
cycle 3 1 6 7 1 1 0 1 21 5 0 0
cycle 3 1 4 0 0 1 1 1 -64 31 0 0
cycle 3 1 4 0 1 1 1 1 -40 4 -58 5
cycle 3 1 6 4 0 1 1 1 16 9 33 30
cycle 3 1 6 4 1 1 1 1 -18 7 -31 31
cycle 3 1 0 3 0 1 0 1 -18 7 -39 31
cycle 3 1 0 3 1 1 0 1 -18 7 0 0
cycle 3 1 0 2 0 1 1 1 -2 31 0 0
cycle 3 1 0 2 1 1 1 1 -13 22 -31 21
cycle 3 1 4 7 0 1 0 1 -13 22 16 26
cycle 3 1 4 7 1 1 0 1 -13 22 0 0
cycle 3 1 7 2 0 1 0 1 -13 22 0 0
cycle 3 1 7 2 1 1 0 1 -13 22 0 0
cycle 3 1 2 4 0 1 1 1 4 18 0 0
cycle 3 1 2 4 1 1 1 1 -64 24 -24 31
cycle 3 1 5 1 0 1 0 1 -64 24 1 8
cycle 3 1 5 1 1 1 0 1 -64 24 0 0
cycle 3 1 3 0 0 1 0 1 -64 24 0 0
cycle 3 1 3 0 1 1 0 1 -64 24 0 0
cycle 3 1 5 6 0 1 0 1 -64 24 0 0
cycle 3 0 0 0 0 1 0 1 -64 24 0 0
cycle 3 1 5 6 1 0 0 1 -64 24 0 0
cycle 3 1 4 1 0 1 0 1 -64 24 0 0
cycle 3 1 4 1 1 1 0 1 -64 24 0 0
cycle 3 1 3 1 0 1 0 1 -64 24 0 0
cycle 3 1 3 1 1 1 0 1 -64 24 0 0
cycle 3 1 5 5 0 1 0 1 -64 24 0 0
cycle 3 1 5 5 1 1 0 1 -64 24 0 0
cycle 3 0 0 0 0 1 0 1 -64 24 0 0
cycle 3 1 2 1 0 0 0 1 -64 24 0 0
cycle 3 1 2 1 1 1 0 1 -64 24 0 0
cycle 3 1 0 6 0 1 0 1 -64 24 0 0
cycle 3 1 0 6 1 1 0 1 -64 24 0 0
cycle 3 1 1 0 0 1 0 1 -64 24 0 0
cycle 3 1 1 0 1 1 0 1 -64 24 0 0
cycle 3 1 6 0 0 1 1 1 -57 27 0 0
cycle 3 1 6 0 1 1 1 1 20 8 55 14
cycle 3 1 4 3 0 1 0 1 20 8 28 31
cycle 3 1 4 3 1 1 0 1 20 8 0 0
cycle 3 1 3 6 0 1 0 1 20 8 0 0
cycle 3 1 3 6 1 1 0 1 20 8 0 0
cycle 3 0 0 0 0 1 0 1 20 8 0 0
cycle 3 1 6 1 0 0 0 1 20 8 0 0
cycle 3 0 0 0 0 1 0 1 20 8 0 0
cycle 3 1 6 1 1 0 0 1 20 8 0 0
cycle 3 1 4 0 0 1 1 1 -58 5 0 0
cycle 3 1 4 0 1 1 1 1 33 30 41 25
cycle 3 1 0 3 0 1 0 1 33 30 19 2
cycle 3 1 0 3 1 1 0 1 33 30 0 0
cycle 3 1 3 3 0 1 0 1 33 30 0 0
cycle 3 1 3 3 1 1 0 1 33 30 0 0
cycle 3 1 4 3 0 1 0 1 33 30 0 0
cycle 3 0 0 0 0 1 0 1 33 30 0 0
cycle 3 1 4 3 1 0 0 1 33 30 0 0
cycle 3 1 1 1 0 1 0 1 33 30 0 0
cycle 3 0 0 0 0 1 0 1 33 30 0 0
cycle 3 1 1 1 1 0 0 1 33 30 0 0
cycle 3 1 1 5 0 1 0 1 33 30 0 0
cycle 3 1 1 5 1 1 0 1 33 30 0 0
cycle 3 1 6 6 0 1 0 1 33 30 0 0
cycle 3 1 6 6 1 1 0 1 33 30 0 0
cycle 3 0 0 0 0 1 0 1 33 30 0 0
cycle 3 1 5 3 0 0 0 1 33 30 0 0
cycle 3 1 5 3 1 1 0 1 33 30 0 0
cycle 3 1 2 7 0 1 0 1 33 30 0 0
cycle 3 1 2 7 1 1 0 1 33 30 0 0
cycle 3 1 2 5 0 1 0 1 33 30 0 0
cycle 3 1 2 5 1 1 0 1 33 30 0 0
cycle 3 1 3 0 0 1 0 1 33 30 0 0
cycle 3 1 3 0 1 1 0 1 33 30 0 0
cycle 3 1 0 7 0 1 0 1 33 30 0 0
cycle 3 1 0 7 1 1 0 1 33 30 0 0
cycle 3 1 7 3 0 1 0 1 33 30 0 0
cycle 3 0 0 0 0 1 0 1 33 30 0 0
cycle 3 1 7 3 1 0 0 1 33 30 0 0
cycle 3 1 6 5 0 1 0 1 33 30 0 0
cycle 3 0 0 0 0 1 0 1 33 30 0 0
cycle 3 1 6 5 1 0 0 1 33 30 0 0
cycle 3 1 2 1 0 1 0 1 33 30 0 0
cycle 3 1 2 1 1 1 0 1 33 30 0 0
cycle 3 1 6 4 0 1 1 1 -31 31 0 0
cycle 3 1 6 4 1 1 1 1 -39 31 -7 0
cycle 3 1 3 1 0 1 0 1 -39 31 -19 0
cycle 3 1 3 1 1 1 0 1 -39 31 0 0
cycle 3 0 0 0 0 1 0 1 -39 31 0 0
cycle 3 1 6 5 0 0 0 1 -39 31 0 0
cycle 3 1 6 5 1 1 0 1 -39 31 0 0
cycle 3 0 0 0 0 1 0 1 -39 31 0 0
cycle 3 1 3 2 0 0 0 1 -39 31 0 0
cycle 3 1 3 2 1 1 0 1 -39 31 0 0
cycle 3 1 3 7 0 1 0 1 -39 31 0 0
cycle 3 1 3 7 1 1 0 1 -39 31 0 0
cycle 3 1 1 0 0 1 0 1 -39 31 0 0
cycle 3 0 0 0 0 1 0 1 -39 31 0 0
cycle 3 1 1 0 1 0 0 1 -39 31 0 0
cycle 3 1 0 4 0 1 1 1 12 25 0 0
cycle 3 1 0 4 1 1 1 1 -22 31 -32 2
cycle 3 1 4 1 0 1 0 1 -22 31 63 5
cycle 3 0 0 0 0 1 0 1 -22 31 0 0
cycle 3 1 4 1 1 0 0 1 -22 31 0 0
cycle 3 1 4 2 0 1 1 1 61 8 0 0
cycle 3 1 4 2 1 1 1 1 -64 6 45 31
cycle 3 1 7 6 0 1 0 1 -64 6 -64 21
cycle 3 1 7 6 1 1 0 1 -64 6 0 0
cycle 3 1 4 4 0 1 1 1 -18 0 0 0
cycle 3 1 4 4 1 1 1 1 -31 31 33 0
cycle 3 1 1 0 0 1 0 1 -31 31 -27 21
cycle 3 1 1 0 1 1 0 1 -31 31 0 0
cycle 3 1 6 5 0 1 0 1 -31 31 0 0
cycle 3 1 6 5 1 1 0 1 -31 31 0 0
cycle 3 0 0 0 0 1 0 1 -31 31 0 0
cycle 3 1 7 3 0 0 0 1 -31 31 0 0
cycle 3 1 7 3 1 1 0 1 -31 31 0 0
cycle 3 1 4 0 0 1 1 1 41 25 0 0
cycle 3 1 4 0 1 1 1 1 19 2 8 19
cycle 3 1 4 3 0 1 0 1 19 2 -47 31
cycle 3 0 0 0 0 1 0 1 19 2 0 0
cycle 3 1 4 3 1 0 0 1 19 2 0 0
cycle 3 0 0 0 0 1 0 1 19 2 0 0
cycle 3 1 1 3 0 0 0 1 19 2 0 0
cycle 3 1 1 3 1 1 0 1 19 2 0 0
cycle 3 1 5 4 0 1 0 1 19 2 0 0
cycle 3 1 5 4 1 1 0 1 19 2 0 0
cycle 3 1 1 3 0 1 0 1 19 2 0 0
cycle 3 1 1 3 1 1 0 1 19 2 0 0
cycle 3 1 6 4 0 1 1 1 -7 0 0 0
cycle 3 1 6 4 1 1 1 1 -19 0 -27 0
cycle 3 1 4 5 0 1 0 1 -19 0 -45 20
cycle 3 0 0 0 0 1 0 1 -19 0 0 0
cycle 3 1 4 5 1 0 0 1 -19 0 0 0
cycle 3 1 0 7 0 1 0 1 -19 0 0 0
cycle 3 1 0 7 1 1 0 1 -19 0 0 0
cycle 3 1 7 4 0 1 0 1 -19 0 0 0
cycle 3 1 7 4 1 1 0 1 -19 0 0 0
cycle 3 1 0 3 0 1 0 1 -19 0 0 0
cycle 3 1 0 3 1 1 0 1 -19 0 0 0
cycle 3 1 1 5 0 1 0 1 -19 0 0 0
cycle 3 1 1 5 1 1 0 1 -19 0 0 0
cycle 3 0 0 0 0 1 0 1 -19 0 0 0
cycle 3 1 7 7 0 0 0 1 -19 0 0 0
cycle 3 1 7 7 1 1 0 1 -19 0 0 0
cycle 3 1 6 0 0 1 1 1 55 14 0 0
cycle 3 1 6 0 1 1 1 1 28 31 -64 24
cycle 3 1 6 0 0 1 1 1 -64 24 -21 14
cycle 3 1 6 0 1 1 1 1 -21 14 -14 15
cycle 3 0 0 0 0 1 0 1 -21 14 29 8
cycle 3 1 4 7 0 0 0 1 -21 14 0 0
cycle 3 1 4 7 1 1 0 1 -21 14 0 0
cycle 3 0 0 0 0 1 0 1 -21 14 0 0
cycle 3 1 6 4 0 0 1 1 -27 0 0 0
cycle 3 1 6 4 1 1 1 1 -45 20 -54 28
cycle 3 1 6 0 0 1 1 1 -14 15 -56 3
cycle 3 0 0 0 0 1 0 1 -14 15 34 22
cycle 3 1 6 0 1 0 1 1 29 8 0 0
cycle 3 1 3 5 0 1 0 1 29 8 2 21
cycle 3 0 0 0 0 1 0 1 29 8 0 0
cycle 3 1 3 5 1 0 0 1 29 8 0 0
cycle 3 1 2 0 0 1 1 1 -64 10 0 0
cycle 3 0 0 0 0 1 0 1 -64 10 -51 26
cycle 3 1 2 0 1 0 1 1 -6 6 0 0
cycle 3 1 3 0 0 1 0 1 -6 6 20 0
cycle 3 1 3 0 1 1 0 1 -6 6 0 0
cycle 3 1 3 3 0 1 0 1 -6 6 0 0
cycle 3 0 0 0 0 1 0 1 -6 6 0 0
cycle 3 1 3 3 1 0 0 1 -6 6 0 0
cycle 3 1 5 5 0 1 0 1 -6 6 0 0
cycle 3 1 5 5 1 1 0 1 -6 6 0 0
cycle 3 1 5 6 0 1 0 1 -6 6 0 0
cycle 3 0 0 0 0 1 0 1 -6 6 0 0
cycle 3 1 5 6 1 0 0 1 -6 6 0 0
cycle 3 1 3 6 0 1 0 1 -6 6 0 0
cycle 3 0 0 0 0 1 0 1 -6 6 0 0
cycle 3 1 3 6 1 0 0 1 -6 6 0 0
cycle 3 1 0 3 0 1 0 1 -6 6 0 0
cycle 3 1 0 3 1 1 0 1 -6 6 0 0
cycle 3 1 2 7 0 1 0 1 -6 6 0 0
cycle 3 1 2 7 1 1 0 1 -6 6 0 0
cycle 3 1 0 1 0 1 0 1 -6 6 0 0
cycle 3 1 0 1 1 1 0 1 -6 6 0 0
cycle 3 1 4 5 0 1 0 1 -6 6 0 0
cycle 3 1 4 5 1 1 0 1 -6 6 0 0
cycle 3 1 0 1 0 1 0 1 -6 6 0 0
cycle 3 1 0 1 1 1 0 1 -6 6 0 0
cycle 3 1 0 5 0 1 0 1 -6 6 0 0
cycle 3 1 0 5 1 1 0 1 -6 6 0 0
cycle 3 0 0 0 0 1 0 1 -6 6 0 0
cycle 3 1 3 3 0 0 0 1 -6 6 0 0
cycle 3 1 3 3 1 1 0 1 -6 6 0 0
cycle 3 1 5 0 0 1 0 1 -6 6 0 0
cycle 3 1 5 0 1 1 0 1 -6 6 0 0
cycle 3 1 3 0 0 1 0 1 -6 6 0 0
cycle 3 1 3 0 1 1 0 1 -6 6 0 0
cycle 3 1 4 2 0 1 1 1 45 31 0 0
cycle 3 1 4 2 1 1 1 1 -64 21 58 16
cycle 3 1 4 0 0 1 1 1 8 19 -64 7
cycle 3 1 4 0 1 1 1 1 -47 31 -27 5
cycle 3 1 1 5 0 1 0 1 -47 31 -34 14
cycle 3 1 1 5 1 1 0 1 -47 31 0 0
cycle 3 1 7 3 0 1 0 1 -47 31 0 0
cycle 3 0 0 0 0 1 0 1 -47 31 0 0
cycle 3 1 7 3 1 0 0 1 -47 31 0 0
cycle 3 1 1 5 0 1 0 1 -47 31 0 0
cycle 3 1 1 5 1 1 0 1 -47 31 0 0
cycle 3 0 0 0 0 1 0 1 -47 31 0 0
cycle 3 1 7 5 0 0 0 1 -47 31 0 0
cycle 3 1 7 5 1 1 0 1 -47 31 0 0
cycle 3 1 0 0 0 1 1 1 2 25 0 0
cycle 3 0 0 0 0 1 0 1 2 25 9 1
cycle 3 1 0 0 1 0 1 1 44 25 0 0
cycle 3 0 0 0 0 1 0 1 44 25 -8 31
cycle 3 1 4 3 0 0 0 1 44 25 0 0
cycle 3 1 4 3 1 1 0 1 44 25 0 0
cycle 3 1 1 5 0 1 0 1 44 25 0 0
cycle 3 1 1 5 1 1 0 1 44 25 0 0
cycle 3 1 0 7 0 1 0 1 44 25 0 0
cycle 3 1 0 7 1 1 0 1 44 25 0 0
cycle 3 0 0 0 0 1 0 1 44 25 0 0
cycle 3 1 0 7 0 0 0 1 44 25 0 0
cycle 3 1 0 7 1 1 0 1 44 25 0 0
cycle 3 0 0 0 0 1 0 1 44 25 0 0
cycle 3 1 6 3 0 0 0 1 44 25 0 0
cycle 3 1 6 3 1 1 0 1 44 25 0 0
cycle 3 0 0 0 0 1 0 1 44 25 0 0
cycle 3 1 1 4 0 0 0 1 44 25 0 0
cycle 3 1 1 4 1 1 0 1 44 25 0 0
cycle 3 1 6 7 0 1 0 1 44 25 0 0
cycle 3 1 6 7 1 1 0 1 44 25 0 0
cycle 3 0 0 0 0 1 0 1 44 25 0 0
cycle 3 1 0 0 0 0 1 1 9 1 0 0
cycle 3 1 0 0 1 1 1 1 -8 31 -19 0
cycle 3 1 7 7 0 1 0 1 -8 31 4 24
cycle 3 0 0 0 0 1 0 1 -8 31 0 0
cycle 3 1 7 7 1 0 0 1 -8 31 0 0
cycle 3 1 2 3 0 1 0 1 -8 31 0 0
cycle 3 1 2 3 1 1 0 1 -8 31 0 0
cycle 3 1 1 6 0 1 0 1 -8 31 0 0
cycle 3 1 1 6 1 1 0 1 -8 31 0 0
cycle 3 1 3 1 0 1 0 1 -8 31 0 0
cycle 3 0 0 0 0 1 0 1 -8 31 0 0
cycle 3 1 3 1 1 0 0 1 -8 31 0 0
cycle 3 0 0 0 0 1 0 1 -8 31 0 0
cycle 3 1 1 7 0 0 0 1 -8 31 0 0
cycle 3 0 0 0 0 1 0 1 -8 31 0 0
cycle 3 1 1 7 1 0 0 1 -8 31 0 0
cycle 3 1 1 6 0 1 0 1 -8 31 0 0
cycle 3 1 1 6 1 1 0 1 -8 31 0 0
cycle 3 1 4 5 0 1 0 1 -8 31 0 0
cycle 3 0 0 0 0 1 0 1 -8 31 0 0
cycle 3 1 4 5 1 0 0 1 -8 31 0 0
cycle 3 1 7 1 0 1 0 1 -8 31 0 0
cycle 3 1 7 1 1 1 0 1 -8 31 0 0
cycle 3 1 7 3 0 1 0 1 -8 31 0 0
cycle 3 1 7 3 1 1 0 1 -8 31 0 0
cycle 3 1 0 4 0 1 1 1 -32 2 0 0
cycle 3 1 0 4 1 1 1 1 63 5 -31 11
cycle 3 1 3 3 0 1 0 1 63 5 -3 10
cycle 3 1 3 3 1 1 0 1 63 5 0 0
cycle 3 1 1 7 0 1 0 1 63 5 0 0
cycle 3 1 1 7 1 1 0 1 63 5 0 0
cycle 3 0 0 0 0 1 0 1 63 5 0 0
cycle 3 1 0 4 0 0 1 1 -31 11 0 0
cycle 3 1 0 4 1 1 1 1 -3 10 -32 27
cycle 3 1 1 0 0 1 0 1 -3 10 40 17
cycle 3 0 0 0 0 1 0 1 -3 10 0 0
cycle 3 1 1 0 1 0 0 1 -3 10 0 0
cycle 3 1 1 7 0 1 0 1 -3 10 0 0
cycle 3 1 1 7 1 1 0 1 -3 10 0 0
cycle 3 0 0 0 0 1 0 1 -3 10 0 0
cycle 3 1 5 2 0 0 0 1 -3 10 0 0
cycle 3 1 5 2 1 1 0 1 -3 10 0 0
cycle 3 1 7 1 0 1 0 1 -3 10 0 0
cycle 3 1 7 1 1 1 0 1 -3 10 0 0
cycle 3 1 3 5 0 1 0 1 -3 10 0 0
cycle 3 1 3 5 1 1 0 1 -3 10 0 0
cycle 3 1 0 6 0 1 0 1 -3 10 0 0
cycle 3 1 0 6 1 1 0 1 -3 10 0 0
cycle 3 1 2 2 0 1 1 1 -4 17 0 0
cycle 3 1 2 2 1 1 1 1 59 21 22 9
cycle 3 0 0 0 0 1 0 1 59 21 -14 14
cycle 3 1 3 3 0 0 0 1 59 21 0 0
cycle 3 1 3 3 1 1 0 1 59 21 0 0
cycle 3 1 4 7 0 1 0 1 59 21 0 0
cycle 3 1 4 7 1 1 0 1 59 21 0 0
cycle 3 1 0 3 0 1 0 1 59 21 0 0
cycle 3 0 0 0 0 1 0 1 59 21 0 0
cycle 3 1 0 3 1 0 0 1 59 21 0 0
cycle 3 0 0 0 0 1 0 1 59 21 0 0
cycle 3 1 5 2 0 0 0 1 59 21 0 0
cycle 3 1 5 2 1 1 0 1 59 21 0 0
cycle 3 1 2 4 0 1 1 1 -24 31 0 0
cycle 3 1 2 4 1 1 1 1 1 8 -48 9
cycle 3 0 0 0 0 1 0 1 1 8 -24 29
cycle 3 1 4 5 0 0 0 1 1 8 0 0
cycle 3 1 4 5 1 1 0 1 1 8 0 0
cycle 3 1 4 5 0 1 0 1 1 8 0 0
cycle 3 1 4 5 1 1 0 1 1 8 0 0
cycle 3 1 1 0 0 1 0 1 1 8 0 0
cycle 3 1 1 0 1 1 0 1 1 8 0 0
cycle 3 1 1 7 0 1 0 1 1 8 0 0
cycle 3 1 1 7 1 1 0 1 1 8 0 0
cycle 3 1 6 3 0 1 0 1 1 8 0 0
cycle 3 1 6 3 1 1 0 1 1 8 0 0
cycle 3 0 0 0 0 1 0 1 1 8 0 0
cycle 3 1 6 5 0 0 0 1 1 8 0 0
cycle 3 1 6 5 1 1 0 1 1 8 0 0
cycle 3 1 3 4 0 1 0 1 1 8 0 0
cycle 3 1 3 4 1 1 0 1 1 8 0 0
cycle 3 1 0 1 0 1 0 1 1 8 0 0
cycle 3 1 0 1 1 1 0 1 1 8 0 0
cycle 3 1 0 7 0 1 0 1 1 8 0 0
cycle 3 1 0 7 1 1 0 1 1 8 0 0
cycle 3 0 0 0 0 1 0 1 1 8 0 0
cycle 3 1 0 6 0 0 0 1 1 8 0 0
cycle 3 1 0 6 1 1 0 1 1 8 0 0
cycle 3 1 6 5 0 1 0 1 1 8 0 0
cycle 3 1 6 5 1 1 0 1 1 8 0 0
cycle 3 1 4 2 0 1 1 1 58 16 0 0
cycle 3 1 4 2 1 1 1 1 -64 7 -57 25
cycle 3 1 3 1 0 1 0 1 -64 7 36 12
cycle 3 0 0 0 0 1 0 1 -64 7 0 0
cycle 3 1 3 1 1 0 0 1 -64 7 0 0
cycle 3 1 0 0 0 1 1 1 -19 0 0 0
cycle 3 1 0 0 1 1 1 1 4 24 -41 13
cycle 3 1 7 4 0 1 0 1 4 24 42 12
cycle 3 1 7 4 1 1 0 1 4 24 0 0
cycle 3 1 5 1 0 1 0 1 4 24 0 0
cycle 3 1 5 1 1 1 0 1 4 24 0 0
cycle 3 1 0 3 0 1 0 1 4 24 0 0
cycle 3 1 0 3 1 1 0 1 4 24 0 0
cycle 3 1 3 6 0 1 0 1 4 24 0 0
cycle 3 1 3 6 1 1 0 1 4 24 0 0
cycle 3 1 5 4 0 1 0 1 4 24 0 0
cycle 3 1 5 4 1 1 0 1 4 24 0 0
cycle 3 0 0 0 0 1 0 1 4 24 0 0
cycle 3 1 3 2 0 0 0 1 4 24 0 0
cycle 3 1 3 2 1 1 0 1 4 24 0 0
cycle 3 1 0 0 0 1 1 1 -41 13 0 0
cycle 3 1 0 0 1 1 1 1 42 12 -30 1
cycle 3 1 7 2 0 1 0 1 42 12 -59 4
cycle 3 1 7 2 1 1 0 1 42 12 0 0
cycle 3 1 3 1 0 1 0 1 42 12 0 0
cycle 3 0 0 0 0 1 0 1 42 12 0 0
cycle 3 1 3 1 1 0 0 1 42 12 0 0
cycle 3 1 0 4 0 1 1 1 -32 27 0 0
cycle 3 1 0 4 1 1 1 1 40 17 33 31
cycle 3 1 1 3 0 1 0 1 40 17 -15 31
cycle 3 1 1 3 1 1 0 1 40 17 0 0
cycle 3 0 0 0 0 1 0 1 40 17 0 0
cycle 3 1 0 2 0 0 1 1 -31 21 0 0
cycle 3 1 0 2 1 1 1 1 16 26 24 2
cycle 3 1 7 3 0 1 0 1 16 26 33 9
cycle 3 1 7 3 1 1 0 1 16 26 0 0
cycle 3 1 4 3 0 1 0 1 16 26 0 0
cycle 3 1 4 3 1 1 0 1 16 26 0 0
cycle 3 1 2 3 0 1 0 1 16 26 0 0
cycle 3 1 2 3 1 1 0 1 16 26 0 0
cycle 3 1 5 2 0 1 0 1 16 26 0 0
cycle 3 0 0 0 0 1 0 1 16 26 0 0
cycle 3 1 5 2 1 0 0 1 16 26 0 0
cycle 3 1 1 6 0 1 0 1 16 26 0 0
cycle 3 1 1 6 1 1 0 1 16 26 0 0
cycle 3 1 7 4 0 1 0 1 16 26 0 0
cycle 3 0 0 0 0 1 0 1 16 26 0 0
cycle 3 1 7 4 1 0 0 1 16 26 0 0
cycle 3 1 5 0 0 1 0 1 16 26 0 0
cycle 3 1 5 0 1 1 0 1 16 26 0 0
cycle 3 1 7 3 0 1 0 1 16 26 0 0
cycle 3 1 7 3 1 1 0 1 16 26 0 0
cycle 3 1 1 1 0 1 0 1 16 26 0 0
cycle 3 1 1 1 1 1 0 1 16 26 0 0
cycle 3 1 6 4 0 1 1 1 -54 28 0 0
cycle 3 1 6 4 1 1 1 1 -56 3 -21 8
cycle 3 1 6 6 0 1 0 1 -56 3 2 19
cycle 3 1 6 6 1 1 0 1 -56 3 0 0
cycle 3 1 0 5 0 1 0 1 -56 3 0 0
cycle 3 1 0 5 1 1 0 1 -56 3 0 0
cycle 3 1 1 0 0 1 0 1 -56 3 0 0
cycle 3 1 1 0 1 1 0 1 -56 3 0 0
cycle 3 0 0 0 0 1 0 1 -56 3 0 0
cycle 3 1 6 4 0 0 1 1 -21 8 0 0
cycle 3 1 6 4 1 1 1 1 2 19 -24 0
cycle 3 0 0 0 0 1 0 1 2 19 -2 15
cycle 3 1 4 3 0 0 0 1 2 19 0 0
cycle 3 1 4 3 1 1 0 1 2 19 0 0
cycle 3 0 0 0 0 1 0 1 2 19 0 0
cycle 3 1 0 3 0 0 0 1 2 19 0 0
cycle 3 1 0 3 1 1 0 1 2 19 0 0
cycle 3 1 6 2 0 1 1 1 -44 20 0 0
cycle 3 1 6 2 1 1 1 1 29 8 45 15
cycle 3 1 0 5 0 1 0 1 29 8 -64 24
cycle 3 0 0 0 0 1 0 1 29 8 0 0
cycle 3 1 0 5 1 0 0 1 29 8 0 0
cycle 3 1 5 0 0 1 0 1 29 8 0 0
cycle 3 1 5 0 1 1 0 1 29 8 0 0
cycle 3 1 7 0 0 1 0 1 29 8 0 0
cycle 3 0 0 0 0 1 0 1 29 8 0 0
cycle 3 1 7 0 1 0 0 1 29 8 0 0
cycle 3 0 0 0 0 1 0 1 29 8 0 0
cycle 3 1 0 5 0 0 0 1 29 8 0 0
cycle 3 1 0 5 1 1 0 1 29 8 0 0
cycle 3 1 3 1 0 1 0 1 29 8 0 0
cycle 3 1 3 1 1 1 0 1 29 8 0 0
cycle 3 1 1 2 0 1 0 1 29 8 0 0
cycle 3 1 1 2 1 1 0 1 29 8 0 0
cycle 3 0 0 0 0 1 0 1 29 8 0 0
cycle 3 1 6 7 0 0 0 1 29 8 0 0
cycle 3 1 6 7 1 1 0 1 29 8 0 0
cycle 3 0 0 0 0 1 0 1 29 8 0 0
cycle 3 1 3 1 0 0 0 1 29 8 0 0
cycle 3 1 3 1 1 1 0 1 29 8 0 0
cycle 3 0 0 0 0 1 0 1 29 8 0 0
cycle 3 1 5 6 0 0 0 1 29 8 0 0
cycle 3 1 5 6 1 1 0 1 29 8 0 0
cycle 3 1 6 3 0 1 0 1 29 8 0 0
cycle 3 1 6 3 1 1 0 1 29 8 0 0
cycle 3 1 5 1 0 1 0 1 29 8 0 0
cycle 3 1 5 1 1 1 0 1 29 8 0 0
cycle 3 1 7 7 0 1 0 1 29 8 0 0
cycle 3 1 7 7 1 1 0 1 29 8 0 0
cycle 3 0 0 0 0 1 0 1 29 8 0 0
cycle 3 1 2 4 0 0 1 1 -48 9 0 0
cycle 3 1 2 4 1 1 1 1 -24 29 -42 27
cycle 3 1 5 1 0 1 0 1 -24 29 19 28
cycle 3 1 5 1 1 1 0 1 -24 29 0 0
cycle 3 1 7 6 0 1 0 1 -24 29 0 0
cycle 3 1 7 6 1 1 0 1 -24 29 0 0
cycle 3 1 6 2 0 1 1 1 45 15 0 0
cycle 3 1 6 2 1 1 1 1 -64 24 -21 12
cycle 3 0 0 0 0 1 0 1 -64 24 -64 3
cycle 3 1 0 4 0 0 1 1 33 31 0 0
cycle 3 1 0 4 1 1 1 1 -15 31 -12 0
cycle 3 1 2 2 0 1 1 1 22 9 33 2
cycle 3 1 2 2 1 1 1 1 -14 14 -56 12
cycle 3 1 6 1 0 1 0 1 -14 14 16 5
cycle 3 1 6 1 1 1 0 1 -14 14 0 0
cycle 3 1 1 6 0 1 0 1 -14 14 0 0
cycle 3 0 0 0 0 1 0 1 -14 14 0 0
cycle 3 1 1 6 1 0 0 1 -14 14 0 0
cycle 3 1 5 5 0 1 0 1 -14 14 0 0
cycle 3 0 0 0 0 1 0 1 -14 14 0 0
cycle 3 1 5 5 1 0 0 1 -14 14 0 0
cycle 3 1 4 2 0 1 1 1 -57 25 0 0
cycle 3 1 4 2 1 1 1 1 36 12 34 0
cycle 3 1 7 4 0 1 0 1 36 12 -1 28
cycle 3 0 0 0 0 1 0 1 36 12 0 0
cycle 3 1 7 4 1 0 0 1 36 12 0 0
cycle 3 0 0 0 0 1 0 1 36 12 0 0
cycle 3 1 0 0 0 0 1 1 -30 1 0 0
cycle 3 1 0 0 1 1 1 1 -59 4 -55 8
cycle 3 0 0 0 0 1 0 1 -59 4 63 31
cycle 3 1 1 6 0 0 0 1 -59 4 0 0
cycle 3 1 1 6 1 1 0 1 -59 4 0 0
cycle 3 0 0 0 0 1 0 1 -59 4 0 0
cycle 3 1 2 1 0 0 0 1 -59 4 0 0
cycle 3 1 2 1 1 1 0 1 -59 4 0 0
cycle 3 1 0 2 0 1 1 1 24 2 0 0
cycle 3 1 0 2 1 1 1 1 33 9 -15 22
cycle 3 1 4 7 0 1 0 1 33 9 50 21
cycle 3 1 4 7 1 1 0 1 33 9 0 0
cycle 3 1 7 1 0 1 0 1 33 9 0 0
cycle 3 1 7 1 1 1 0 1 33 9 0 0
cycle 3 1 4 5 0 1 0 1 33 9 0 0
cycle 3 1 4 5 1 1 0 1 33 9 0 0
cycle 3 1 0 0 0 1 1 1 -55 8 0 0
cycle 3 1 0 0 1 1 1 1 63 31 21 11
cycle 3 0 0 0 0 1 0 1 63 31 -29 14
cycle 3 1 4 4 0 0 1 1 33 0 0 0
cycle 3 1 4 4 1 1 1 1 -27 21 62 3
cycle 3 1 1 6 0 1 0 1 -27 21 31 11
cycle 3 1 1 6 1 1 0 1 -27 21 0 0
cycle 3 1 0 4 0 1 1 1 -12 0 0 0
cycle 3 1 0 4 1 1 1 1 33 2 0 25
cycle 3 1 2 7 0 1 0 1 33 2 19 20
cycle 3 1 2 7 1 1 0 1 33 2 0 0
cycle 3 0 0 0 0 1 0 1 33 2 0 0
cycle 3 1 2 4 0 0 1 1 -42 27 0 0
cycle 3 1 2 4 1 1 1 1 19 28 -1 7
cycle 3 0 0 0 0 1 0 1 19 28 14 27
cycle 3 1 0 3 0 0 0 1 19 28 0 0
cycle 3 1 0 3 1 1 0 1 19 28 0 0
cycle 3 1 5 2 0 1 0 1 19 28 0 0
cycle 3 1 5 2 1 1 0 1 19 28 0 0
cycle 3 0 0 0 0 1 0 1 19 28 0 0
cycle 3 1 7 5 0 0 0 1 19 28 0 0
cycle 3 1 7 5 1 1 0 1 19 28 0 0
cycle 3 1 5 5 0 1 0 1 19 28 0 0
cycle 3 1 5 5 1 1 0 1 19 28 0 0
cycle 3 1 7 3 0 1 0 1 19 28 0 0
cycle 3 1 7 3 1 1 0 1 19 28 0 0
cycle 3 0 0 0 0 1 0 1 19 28 0 0
cycle 3 1 2 7 0 0 0 1 19 28 0 0
cycle 3 0 0 0 0 1 0 1 19 28 0 0
cycle 3 1 2 7 1 0 0 1 19 28 0 0
cycle 3 1 4 5 0 1 0 1 19 28 0 0
cycle 3 1 4 5 1 1 0 1 19 28 0 0
cycle 3 1 3 4 0 1 0 1 19 28 0 0
cycle 3 1 3 4 1 1 0 1 19 28 0 0
cycle 3 1 0 2 0 1 1 1 -15 22 0 0
cycle 3 1 0 2 1 1 1 1 50 21 -28 31
cycle 3 1 6 7 0 1 0 1 50 21 23 31
cycle 3 1 6 7 1 1 0 1 50 21 0 0
cycle 3 1 3 1 0 1 0 1 50 21 0 0
cycle 3 1 3 1 1 1 0 1 50 21 0 0
cycle 3 0 0 0 0 1 0 1 50 21 0 0
cycle 3 1 2 3 0 0 0 1 50 21 0 0
cycle 3 0 0 0 0 1 0 1 50 21 0 0
cycle 3 1 2 3 1 0 0 1 50 21 0 0
cycle 3 1 4 3 0 1 0 1 50 21 0 0
cycle 3 0 0 0 0 1 0 1 50 21 0 0
cycle 3 1 4 3 1 0 0 1 50 21 0 0
cycle 3 1 1 3 0 1 0 1 50 21 0 0
cycle 3 1 1 3 1 1 0 1 50 21 0 0
cycle 3 1 4 2 0 1 1 1 34 0 0 0
cycle 3 1 4 2 1 1 1 1 -1 28 16 4
cycle 3 1 7 5 0 1 0 1 -1 28 4 16
cycle 3 1 7 5 1 1 0 1 -1 28 0 0
cycle 3 1 0 6 0 1 0 1 -1 28 0 0
cycle 3 1 0 6 1 1 0 1 -1 28 0 0
cycle 3 1 6 1 0 1 0 1 -1 28 0 0
cycle 3 1 6 1 1 1 0 1 -1 28 0 0
cycle 3 1 6 0 0 1 1 1 34 22 0 0
cycle 3 0 0 0 0 1 0 1 34 22 40 15
cycle 3 1 6 0 1 0 1 1 2 21 0 0
cycle 3 0 0 0 0 1 0 1 2 21 30 24
cycle 3 1 6 3 0 0 0 1 2 21 0 0
cycle 3 1 6 3 1 1 0 1 2 21 0 0
cycle 3 1 7 7 0 1 0 1 2 21 0 0
cycle 3 1 7 7 1 1 0 1 2 21 0 0
cycle 3 1 1 5 0 1 0 1 2 21 0 0
cycle 3 1 1 5 1 1 0 1 2 21 0 0
cycle 3 1 2 4 0 1 1 1 -1 7 0 0
cycle 3 1 2 4 1 1 1 1 14 27 27 9
cycle 3 0 0 0 0 1 0 1 14 27 -7 30
cycle 3 1 2 3 0 0 0 1 14 27 0 0
cycle 3 1 2 3 1 1 0 1 14 27 0 0
cycle 3 1 6 6 0 1 0 1 14 27 0 0
cycle 3 0 0 0 0 1 0 1 14 27 0 0
cycle 3 1 6 6 1 0 0 1 14 27 0 0
cycle 3 1 3 0 0 1 0 1 14 27 0 0
cycle 3 1 3 0 1 1 0 1 14 27 0 0
cycle 3 0 0 0 0 1 0 1 14 27 0 0
cycle 3 1 5 4 0 0 0 1 14 27 0 0
cycle 3 1 5 4 1 1 0 1 14 27 0 0
cycle 3 1 4 6 0 1 0 1 14 27 0 0
cycle 3 0 0 0 0 1 0 1 14 27 0 0
cycle 3 1 4 6 1 0 0 1 14 27 0 0
cycle 3 1 7 2 0 1 0 1 14 27 0 0
cycle 3 1 7 2 1 1 0 1 14 27 0 0
cycle 3 1 5 3 0 1 0 1 14 27 0 0
cycle 3 1 5 3 1 1 0 1 14 27 0 0
cycle 3 1 6 2 0 1 1 1 -21 12 0 0
cycle 3 1 6 2 1 1 1 1 -64 3 -17 6
cycle 3 0 0 0 0 1 0 1 -64 3 -42 20
cycle 3 1 2 3 0 0 0 1 -64 3 0 0
cycle 3 1 2 3 1 1 0 1 -64 3 0 0
cycle 3 0 0 0 0 1 0 1 -64 3 0 0
cycle 3 1 5 5 0 0 0 1 -64 3 0 0
cycle 3 1 5 5 1 1 0 1 -64 3 0 0
cycle 3 1 1 0 0 1 0 1 -64 3 0 0
cycle 3 1 1 0 1 1 0 1 -64 3 0 0
cycle 3 0 0 0 0 1 0 1 -64 3 0 0
cycle 3 1 4 0 0 0 1 1 -27 5 0 0
cycle 3 1 4 0 1 1 1 1 -34 14 11 17
cycle 3 0 0 0 0 1 0 1 -34 14 -27 12
cycle 3 1 1 4 0 0 0 1 -34 14 0 0
cycle 3 1 1 4 1 1 0 1 -34 14 0 0
cycle 3 1 6 1 0 1 0 1 -34 14 0 0
cycle 3 0 0 0 0 1 0 1 -34 14 0 0
cycle 3 1 6 1 1 0 0 1 -34 14 0 0
cycle 3 1 3 1 0 1 0 1 -34 14 0 0
cycle 3 1 3 1 1 1 0 1 -34 14 0 0
cycle 3 1 6 3 0 1 0 1 -34 14 0 0
cycle 3 1 6 3 1 1 0 1 -34 14 0 0
cycle 3 1 2 4 0 1 1 1 27 9 0 0
cycle 3 1 2 4 1 1 1 1 -7 30 -25 23
cycle 3 1 0 5 0 1 0 1 -7 30 63 25
cycle 3 0 0 0 0 1 0 1 -7 30 0 0
cycle 3 1 0 5 1 0 0 1 -7 30 0 0
cycle 3 1 6 1 0 1 0 1 -7 30 0 0
cycle 3 1 6 1 1 1 0 1 -7 30 0 0
cycle 3 0 0 0 0 1 0 1 -7 30 0 0
cycle 3 1 1 6 0 0 0 1 -7 30 0 0
cycle 3 1 1 6 1 1 0 1 -7 30 0 0
cycle 3 1 2 6 0 1 0 1 -7 30 0 0
cycle 3 1 2 6 1 1 0 1 -7 30 0 0
cycle 3 1 4 4 0 1 1 1 62 3 0 0
cycle 3 1 4 4 1 1 1 1 31 11 13 20
cycle 3 1 7 1 0 1 0 1 31 11 0 6
cycle 3 1 7 1 1 1 0 1 31 11 0 0
cycle 3 0 0 0 0 1 0 1 31 11 0 0
cycle 3 1 3 3 0 0 0 1 31 11 0 0
cycle 3 1 3 3 1 1 0 1 31 11 0 0
cycle 3 0 0 0 0 1 0 1 31 11 0 0
cycle 3 1 0 0 0 0 1 1 21 11 0 0
cycle 3 0 0 0 0 1 0 1 21 11 5 12
cycle 3 1 0 0 1 0 1 1 -29 14 0 0
cycle 3 1 5 7 0 1 0 1 -29 14 -14 1
cycle 3 0 0 0 0 1 0 1 -29 14 0 0
cycle 3 1 5 7 1 0 0 1 -29 14 0 0
cycle 3 1 6 1 0 1 0 1 -29 14 0 0
cycle 3 1 6 1 1 1 0 1 -29 14 0 0
cycle 3 1 4 7 0 1 0 1 -29 14 0 0
cycle 3 1 4 7 1 1 0 1 -29 14 0 0
cycle 3 1 0 4 0 1 1 1 0 25 0 0
cycle 3 1 0 4 1 1 1 1 19 20 24 25
cycle 3 0 0 0 0 1 0 1 19 20 30 4
cycle 3 1 5 2 0 0 0 1 19 20 0 0
cycle 3 0 0 0 0 1 0 1 19 20 0 0
cycle 3 1 5 2 1 0 0 1 19 20 0 0
cycle 3 1 7 0 0 1 0 1 19 20 0 0
cycle 3 1 7 0 1 1 0 1 19 20 0 0
cycle 3 1 0 4 0 1 1 1 24 25 0 0
cycle 3 1 0 4 1 1 1 1 30 4 61 26
cycle 3 1 2 3 0 1 0 1 30 4 16 18
cycle 3 1 2 3 1 1 0 1 30 4 0 0
cycle 3 1 1 0 0 1 0 1 30 4 0 0
cycle 3 1 1 0 1 1 0 1 30 4 0 0
cycle 3 1 1 0 0 1 0 1 30 4 0 0
cycle 3 1 1 0 1 1 0 1 30 4 0 0
cycle 3 1 2 3 0 1 0 1 30 4 0 0
cycle 3 0 0 0 0 1 0 1 30 4 0 0
cycle 3 1 2 3 1 0 0 1 30 4 0 0
cycle 3 0 0 0 0 1 0 1 30 4 0 0
cycle 3 1 1 1 0 0 0 1 30 4 0 0
cycle 3 1 1 1 1 1 0 1 30 4 0 0
cycle 3 1 1 2 0 1 0 1 30 4 0 0
cycle 3 0 0 0 0 1 0 1 30 4 0 0
cycle 3 1 1 2 1 0 0 1 30 4 0 0
cycle 3 1 4 7 0 1 0 1 30 4 0 0
cycle 3 1 4 7 1 1 0 1 30 4 0 0
cycle 3 1 5 5 0 1 0 1 30 4 0 0
cycle 3 0 0 0 0 1 0 1 30 4 0 0
cycle 3 1 5 5 1 0 0 1 30 4 0 0
cycle 3 0 0 0 0 1 0 1 30 4 0 0
cycle 3 1 3 5 0 0 0 1 30 4 0 0
cycle 3 1 3 5 1 1 0 1 30 4 0 0
cycle 3 0 0 0 0 1 0 1 30 4 0 0
cycle 3 1 7 7 0 0 0 1 30 4 0 0
cycle 3 1 7 7 1 1 0 1 30 4 0 0
cycle 3 1 0 1 0 1 0 1 30 4 0 0
cycle 3 0 0 0 0 1 0 1 30 4 0 0
cycle 3 1 0 1 1 0 0 1 30 4 0 0
cycle 3 1 3 7 0 1 0 1 30 4 0 0
cycle 3 1 3 7 1 1 0 1 30 4 0 0
cycle 3 1 5 0 0 1 0 1 30 4 0 0
cycle 3 0 0 0 0 1 0 1 30 4 0 0
cycle 3 1 5 0 1 0 0 1 30 4 0 0
cycle 3 1 4 5 0 1 0 1 30 4 0 0
cycle 3 1 4 5 1 1 0 1 30 4 0 0
cycle 3 0 0 0 0 1 0 1 30 4 0 0
cycle 3 1 4 2 0 0 1 1 16 4 0 0
cycle 3 0 0 0 0 1 0 1 16 4 19 17
cycle 3 1 4 2 1 0 1 1 4 16 0 0
cycle 3 1 5 6 0 1 0 1 4 16 63 17
cycle 3 1 5 6 1 1 0 1 4 16 0 0
cycle 3 0 0 0 0 1 0 1 4 16 0 0
cycle 3 1 7 7 0 0 0 1 4 16 0 0
cycle 3 1 7 7 1 1 0 1 4 16 0 0
cycle 3 1 4 4 0 1 1 1 13 20 0 0
cycle 3 1 4 4 1 1 1 1 0 6 -54 25
cycle 3 1 0 3 0 1 0 1 0 6 20 13
cycle 3 1 0 3 1 1 0 1 0 6 0 0
cycle 3 1 0 2 0 1 1 1 -28 31 0 0
cycle 3 0 0 0 0 1 0 1 -28 31 -12 10
cycle 3 1 0 2 1 0 1 1 23 31 0 0
cycle 3 0 0 0 0 1 0 1 23 31 -5 31
cycle 3 1 7 7 0 0 0 1 23 31 0 0
cycle 3 1 7 7 1 1 0 1 23 31 0 0
cycle 3 1 7 6 0 1 0 1 23 31 0 0
cycle 3 1 7 6 1 1 0 1 23 31 0 0
cycle 3 1 1 6 0 1 0 1 23 31 0 0
cycle 3 1 1 6 1 1 0 1 23 31 0 0
cycle 3 0 0 0 0 1 0 1 23 31 0 0
cycle 3 1 5 5 0 0 0 1 23 31 0 0
cycle 3 1 5 5 1 1 0 1 23 31 0 0
cycle 3 1 6 0 0 1 1 1 40 15 0 0
cycle 3 1 6 0 1 1 1 1 30 24 -33 26
cycle 3 1 6 3 0 1 0 1 30 24 -35 27
cycle 3 1 6 3 1 1 0 1 30 24 0 0
cycle 3 0 0 0 0 1 0 1 30 24 0 0
cycle 3 1 6 7 0 0 0 1 30 24 0 0
cycle 3 1 6 7 1 1 0 1 30 24 0 0
cycle 3 1 2 0 0 1 1 1 -51 26 0 0
cycle 3 0 0 0 0 1 0 1 -51 26 -23 21
cycle 3 1 2 0 1 0 1 1 20 0 0 0
cycle 3 1 7 2 0 1 0 1 20 0 63 23
cycle 3 0 0 0 0 1 0 1 20 0 0 0
cycle 3 1 7 2 1 0 0 1 20 0 0 0
cycle 3 1 7 7 0 1 0 1 20 0 0 0
cycle 3 0 0 0 0 1 0 1 20 0 0 0
cycle 3 1 7 7 1 0 0 1 20 0 0 0
cycle 3 1 2 2 0 1 1 1 -56 12 0 0
cycle 3 1 2 2 1 1 1 1 16 5 -41 24
cycle 3 1 5 6 0 1 0 1 16 5 63 14
cycle 3 1 5 6 1 1 0 1 16 5 0 0
cycle 3 1 0 2 0 1 1 1 -12 10 0 0
cycle 3 0 0 0 0 1 0 1 -12 10 6 8
cycle 3 1 0 2 1 0 1 1 -5 31 0 0
cycle 3 1 2 3 0 1 0 1 -5 31 29 22
cycle 3 1 2 3 1 1 0 1 -5 31 0 0
cycle 3 1 1 1 0 1 0 1 -5 31 0 0
cycle 3 1 1 1 1 1 0 1 -5 31 0 0
cycle 3 1 7 7 0 1 0 1 -5 31 0 0
cycle 3 1 7 7 1 1 0 1 -5 31 0 0
cycle 3 0 0 0 0 1 0 1 -5 31 0 0
cycle 3 1 3 7 0 0 0 1 -5 31 0 0
cycle 3 1 3 7 1 1 0 1 -5 31 0 0
cycle 3 0 0 0 0 1 0 1 -5 31 0 0
cycle 3 1 2 5 0 0 0 1 -5 31 0 0
cycle 3 1 2 5 1 1 0 1 -5 31 0 0
cycle 3 0 0 0 0 1 0 1 -5 31 0 0
cycle 3 1 6 7 0 0 0 1 -5 31 0 0
cycle 3 1 6 7 1 1 0 1 -5 31 0 0
cycle 3 1 6 2 0 1 1 1 -17 6 0 0
cycle 3 1 6 2 1 1 1 1 -42 20 -21 19
cycle 3 1 1 7 0 1 0 1 -42 20 40 12
cycle 3 1 1 7 1 1 0 1 -42 20 0 0
cycle 3 1 0 6 0 1 0 1 -42 20 0 0
cycle 3 1 0 6 1 1 0 1 -42 20 0 0
cycle 3 1 2 5 0 1 0 1 -42 20 0 0
cycle 3 1 2 5 1 1 0 1 -42 20 0 0
cycle 3 1 1 0 0 1 0 1 -42 20 0 0
cycle 3 0 0 0 0 1 0 1 -42 20 0 0
cycle 3 1 1 0 1 0 0 1 -42 20 0 0
cycle 3 0 0 0 0 1 0 1 -42 20 0 0
cycle 3 1 1 7 0 0 0 1 -42 20 0 0
cycle 3 0 0 0 0 1 0 1 -42 20 0 0
cycle 3 1 1 7 1 0 0 1 -42 20 0 0
cycle 3 0 0 0 0 1 0 1 -42 20 0 0
cycle 3 1 1 6 0 0 0 1 -42 20 0 0
cycle 3 1 1 6 1 1 0 1 -42 20 0 0
cycle 3 1 2 2 0 1 1 1 -41 24 0 0
cycle 3 0 0 0 0 1 0 1 -41 24 -35 14
cycle 3 1 2 2 1 0 1 1 63 14 0 0
cycle 3 0 0 0 0 1 0 1 63 14 16 0
cycle 3 1 5 3 0 0 0 1 63 14 0 0
cycle 3 1 5 3 1 1 0 1 63 14 0 0
cycle 3 1 4 0 0 1 1 1 11 17 0 0
cycle 3 1 4 0 1 1 1 1 -27 12 -20 25
cycle 3 1 2 2 0 1 1 1 -35 14 46 31
cycle 3 0 0 0 0 1 0 1 -35 14 -36 30
cycle 3 1 2 2 1 0 1 1 16 0 0 0
cycle 3 1 4 3 0 1 0 1 16 0 -44 5
cycle 3 1 4 3 1 1 0 1 16 0 0 0
cycle 3 0 0 0 0 1 0 1 16 0 0 0
cycle 3 1 0 3 0 0 0 1 16 0 0 0
cycle 3 1 0 3 1 1 0 1 16 0 0 0
cycle 3 1 2 6 0 1 0 1 16 0 0 0
cycle 3 1 2 6 1 1 0 1 16 0 0 0
cycle 3 1 4 7 0 1 0 1 16 0 0 0
cycle 3 1 4 7 1 1 0 1 16 0 0 0
cycle 3 1 2 3 0 1 0 1 16 0 0 0
cycle 3 0 0 0 0 1 0 1 16 0 0 0
cycle 3 1 2 3 1 0 0 1 16 0 0 0
cycle 3 1 7 1 0 1 0 1 16 0 0 0
cycle 3 1 7 1 1 1 0 1 16 0 0 0
cycle 3 1 2 7 0 1 0 1 16 0 0 0
cycle 3 1 2 7 1 1 0 1 16 0 0 0
cycle 3 1 5 1 0 1 0 1 16 0 0 0
cycle 3 0 0 0 0 1 0 1 16 0 0 0
cycle 3 1 5 1 1 0 0 1 16 0 0 0
cycle 3 0 0 0 0 1 0 1 16 0 0 0
cycle 3 1 0 4 0 0 1 1 61 26 0 0
cycle 3 1 0 4 1 1 1 1 16 18 -4 8
cycle 3 0 0 0 0 1 0 1 16 18 -54 10
cycle 3 1 6 4 0 0 1 1 -24 0 0 0
cycle 3 1 6 4 1 1 1 1 -2 15 63 15
cycle 3 1 4 3 0 1 0 1 -2 15 18 15
cycle 3 0 0 0 0 1 0 1 -2 15 0 0
cycle 3 1 4 3 1 0 0 1 -2 15 0 0
cycle 3 1 5 1 0 1 0 1 -2 15 0 0
cycle 3 1 5 1 1 1 0 1 -2 15 0 0
cycle 3 0 0 0 0 1 0 1 -2 15 0 0
cycle 3 1 6 4 0 0 1 1 63 15 0 0
cycle 3 1 6 4 1 1 1 1 18 15 -2 1
cycle 3 1 1 7 0 1 0 1 18 15 -23 2
cycle 3 1 1 7 1 1 0 1 18 15 0 0
cycle 3 1 6 1 0 1 0 1 18 15 0 0
cycle 3 0 0 0 0 1 0 1 18 15 0 0
cycle 3 1 6 1 1 0 0 1 18 15 0 0
cycle 3 1 4 7 0 1 0 1 18 15 0 0
cycle 3 1 4 7 1 1 0 1 18 15 0 0
cycle 3 1 2 4 0 1 1 1 -25 23 0 0
cycle 3 1 2 4 1 1 1 1 63 25 11 15
cycle 3 1 2 5 0 1 0 1 63 25 -26 10
cycle 3 1 2 5 1 1 0 1 63 25 0 0
cycle 3 1 4 4 0 1 1 1 -54 25 0 0
cycle 3 1 4 4 1 1 1 1 20 13 31 29
cycle 3 1 4 1 0 1 0 1 20 13 -35 18
cycle 3 0 0 0 0 1 0 1 20 13 0 0
cycle 3 1 4 1 1 0 0 1 20 13 0 0
cycle 3 1 7 0 0 1 0 1 20 13 0 0
cycle 3 1 7 0 1 1 0 1 20 13 0 0
cycle 3 0 0 0 0 1 0 1 20 13 0 0
cycle 3 1 2 0 0 0 1 1 -23 21 0 0
cycle 3 1 2 0 1 1 1 1 63 23 -61 12
cycle 3 1 2 0 0 1 1 1 -61 12 10 9
cycle 3 1 2 0 1 1 1 1 10 9 -64 5
cycle 3 1 4 3 0 1 0 1 10 9 -46 13
cycle 3 1 4 3 1 1 0 1 10 9 0 0
cycle 3 1 2 2 0 1 1 1 -36 30 0 0
cycle 3 1 2 2 1 1 1 1 -44 5 -14 22
cycle 3 1 4 5 0 1 0 1 -44 5 41 31
cycle 3 1 4 5 1 1 0 1 -44 5 0 0
cycle 3 1 3 3 0 1 0 1 -44 5 0 0
cycle 3 1 3 3 1 1 0 1 -44 5 0 0
cycle 3 1 2 3 0 1 0 1 -44 5 0 0
cycle 3 1 2 3 1 1 0 1 -44 5 0 0
cycle 3 1 4 1 0 1 0 1 -44 5 0 0
cycle 3 1 4 1 1 1 0 1 -44 5 0 0
cycle 3 0 0 0 0 1 0 1 -44 5 0 0
cycle 3 1 2 5 0 0 0 1 -44 5 0 0
cycle 3 1 2 5 1 1 0 1 -44 5 0 0
cycle 3 1 0 2 0 1 1 1 6 8 0 0
cycle 3 1 0 2 1 1 1 1 29 22 -49 0
cycle 3 0 0 0 0 1 0 1 29 22 -4 19
cycle 3 1 2 6 0 0 0 1 29 22 0 0
cycle 3 1 2 6 1 1 0 1 29 22 0 0
cycle 3 1 3 5 0 1 0 1 29 22 0 0
cycle 3 1 3 5 1 1 0 1 29 22 0 0
cycle 3 1 6 5 0 1 0 1 29 22 0 0
cycle 3 1 6 5 1 1 0 1 29 22 0 0
cycle 3 1 1 0 0 1 0 1 29 22 0 0
cycle 3 0 0 0 0 1 0 1 29 22 0 0
cycle 3 1 1 0 1 0 0 1 29 22 0 0
cycle 3 1 4 6 0 1 0 1 29 22 0 0
cycle 3 1 4 6 1 1 0 1 29 22 0 0
cycle 3 1 1 4 0 1 0 1 29 22 0 0
cycle 3 0 0 0 0 1 0 1 29 22 0 0
cycle 3 1 1 4 1 0 0 1 29 22 0 0
cycle 3 1 5 4 0 1 0 1 29 22 0 0
cycle 3 0 0 0 0 1 0 1 29 22 0 0
cycle 3 1 5 4 1 0 0 1 29 22 0 0
cycle 3 1 3 6 0 1 0 1 29 22 0 0
cycle 3 0 0 0 0 1 0 1 29 22 0 0
cycle 3 1 3 6 1 0 0 1 29 22 0 0
cycle 3 0 0 0 0 1 0 1 29 22 0 0
cycle 3 1 5 1 0 0 0 1 29 22 0 0
cycle 3 0 0 0 0 1 0 1 29 22 0 0
cycle 3 1 5 1 1 0 0 1 29 22 0 0
cycle 3 1 2 4 0 1 1 1 11 15 0 0
cycle 3 1 2 4 1 1 1 1 -26 10 50 10
cycle 3 1 5 7 0 1 0 1 -26 10 27 30
cycle 3 1 5 7 1 1 0 1 -26 10 0 0
cycle 3 1 4 6 0 1 0 1 -26 10 0 0
cycle 3 0 0 0 0 1 0 1 -26 10 0 0
cycle 3 1 4 6 1 0 0 1 -26 10 0 0
cycle 3 1 2 7 0 1 0 1 -26 10 0 0
cycle 3 1 2 7 1 1 0 1 -26 10 0 0
cycle 3 0 0 0 0 1 0 1 -26 10 0 0
cycle 3 1 7 4 0 0 0 1 -26 10 0 0
cycle 3 1 7 4 1 1 0 1 -26 10 0 0
cycle 3 1 3 0 0 1 0 1 -26 10 0 0
cycle 3 1 3 0 1 1 0 1 -26 10 0 0
cycle 3 1 4 5 0 1 0 1 -26 10 0 0
cycle 3 1 4 5 1 1 0 1 -26 10 0 0
cycle 3 1 7 6 0 1 0 1 -26 10 0 0
cycle 3 1 7 6 1 1 0 1 -26 10 0 0
cycle 3 1 3 2 0 1 0 1 -26 10 0 0
cycle 3 1 3 2 1 1 0 1 -26 10 0 0
cycle 3 1 4 3 0 1 0 1 -26 10 0 0
cycle 3 1 4 3 1 1 0 1 -26 10 0 0
cycle 3 1 2 2 0 1 1 1 -14 22 0 0
cycle 3 1 2 2 1 1 1 1 41 31 -64 18
cycle 3 1 3 1 0 1 0 1 41 31 29 4
cycle 3 1 3 1 1 1 0 1 41 31 0 0
cycle 3 1 2 6 0 1 0 1 41 31 0 0
cycle 3 1 2 6 1 1 0 1 41 31 0 0
cycle 3 1 7 5 0 1 0 1 41 31 0 0
cycle 3 1 7 5 1 1 0 1 41 31 0 0
cycle 3 1 0 4 0 1 1 1 -4 8 0 0
cycle 3 1 0 4 1 1 1 1 -54 10 -9 7
cycle 3 1 3 6 0 1 0 1 -54 10 -64 1
cycle 3 1 3 6 1 1 0 1 -54 10 0 0
cycle 3 1 3 1 0 1 0 1 -54 10 0 0
cycle 3 1 3 1 1 1 0 1 -54 10 0 0
cycle 3 1 6 5 0 1 0 1 -54 10 0 0
cycle 3 1 6 5 1 1 0 1 -54 10 0 0
cycle 3 0 0 0 0 1 0 1 -54 10 0 0
cycle 3 1 1 7 0 0 0 1 -54 10 0 0
cycle 3 1 1 7 1 1 0 1 -54 10 0 0
cycle 3 1 1 6 0 1 0 1 -54 10 0 0
cycle 3 1 1 6 1 1 0 1 -54 10 0 0
cycle 3 0 0 0 0 1 0 1 -54 10 0 0
cycle 3 1 2 5 0 0 0 1 -54 10 0 0
cycle 3 1 2 5 1 1 0 1 -54 10 0 0
cycle 3 1 3 6 0 1 0 1 -54 10 0 0
cycle 3 0 0 0 0 1 0 1 -54 10 0 0
cycle 3 1 3 6 1 0 0 1 -54 10 0 0
cycle 3 1 4 2 0 1 1 1 19 17 0 0
cycle 3 1 4 2 1 1 1 1 63 17 49 31
cycle 3 1 3 2 0 1 0 1 63 17 -39 30
cycle 3 0 0 0 0 1 0 1 63 17 0 0
cycle 3 1 3 2 1 0 0 1 63 17 0 0
cycle 3 1 5 0 0 1 0 1 63 17 0 0
cycle 3 1 5 0 1 1 0 1 63 17 0 0
cycle 3 0 0 0 0 1 0 1 63 17 0 0
cycle 3 1 3 5 0 0 0 1 63 17 0 0
cycle 3 1 3 5 1 1 0 1 63 17 0 0
cycle 3 1 1 6 0 1 0 1 63 17 0 0
cycle 3 1 1 6 1 1 0 1 63 17 0 0
cycle 3 1 0 3 0 1 0 1 63 17 0 0
cycle 3 1 0 3 1 1 0 1 63 17 0 0
cycle 3 1 0 7 0 1 0 1 63 17 0 0
cycle 3 1 0 7 1 1 0 1 63 17 0 0
cycle 3 1 0 6 0 1 0 1 63 17 0 0
cycle 3 1 0 6 1 1 0 1 63 17 0 0
cycle 3 0 0 0 0 1 0 1 63 17 0 0
cycle 3 1 0 6 0 0 0 1 63 17 0 0
cycle 3 1 0 6 1 1 0 1 63 17 0 0
cycle 3 0 0 0 0 1 0 1 63 17 0 0
cycle 3 1 6 2 0 0 1 1 -21 19 0 0
cycle 3 0 0 0 0 1 0 1 -21 19 -64 26
cycle 3 1 6 2 1 0 1 1 40 12 0 0
cycle 3 1 6 6 0 1 0 1 40 12 -15 3
cycle 3 1 6 6 1 1 0 1 40 12 0 0
cycle 3 1 1 4 0 1 0 1 40 12 0 0
cycle 3 1 1 4 1 1 0 1 40 12 0 0
cycle 3 0 0 0 0 1 0 1 40 12 0 0
cycle 3 1 6 7 0 0 0 1 40 12 0 0
cycle 3 1 6 7 1 1 0 1 40 12 0 0
cycle 3 1 1 1 0 1 0 1 40 12 0 0
cycle 3 1 1 1 1 1 0 1 40 12 0 0
cycle 3 1 3 6 0 1 0 1 40 12 0 0
cycle 3 1 3 6 1 1 0 1 40 12 0 0
cycle 3 1 0 3 0 1 0 1 40 12 0 0
cycle 3 1 0 3 1 1 0 1 40 12 0 0
cycle 3 1 7 2 0 1 0 1 40 12 0 0
cycle 3 1 7 2 1 1 0 1 40 12 0 0
cycle 3 0 0 0 0 1 0 1 40 12 0 0
cycle 3 1 4 0 0 0 1 1 -20 25 0 0
cycle 3 0 0 0 0 1 0 1 -20 25 -21 3
cycle 3 1 4 0 1 0 1 1 46 31 0 0
cycle 3 1 5 7 0 1 0 1 46 31 34 20
cycle 3 1 5 7 1 1 0 1 46 31 0 0
cycle 3 1 6 0 0 1 1 1 -33 26 0 0
cycle 3 1 6 0 1 1 1 1 -35 27 -57 14
cycle 3 0 0 0 0 1 0 1 -35 27 63 2
cycle 3 1 4 6 0 0 0 1 -35 27 0 0
cycle 3 1 4 6 1 1 0 1 -35 27 0 0
cycle 3 0 0 0 0 1 0 1 -35 27 0 0
cycle 3 1 7 3 0 0 0 1 -35 27 0 0
cycle 3 1 7 3 1 1 0 1 -35 27 0 0
cycle 3 1 2 7 0 1 0 1 -35 27 0 0
cycle 3 1 2 7 1 1 0 1 -35 27 0 0
cycle 3 1 3 2 0 1 0 1 -35 27 0 0
cycle 3 1 3 2 1 1 0 1 -35 27 0 0
cycle 3 1 6 5 0 1 0 1 -35 27 0 0
cycle 3 1 6 5 1 1 0 1 -35 27 0 0
cycle 3 0 0 0 0 1 0 1 -35 27 0 0
cycle 3 1 5 2 0 0 0 1 -35 27 0 0
cycle 3 1 5 2 1 1 0 1 -35 27 0 0
cycle 3 1 7 2 0 1 0 1 -35 27 0 0
cycle 3 1 7 2 1 1 0 1 -35 27 0 0
cycle 3 1 4 5 0 1 0 1 -35 27 0 0
cycle 3 1 4 5 1 1 0 1 -35 27 0 0
cycle 3 1 3 6 0 1 0 1 -35 27 0 0
cycle 3 0 0 0 0 1 0 1 -35 27 0 0
cycle 3 1 3 6 1 0 0 1 -35 27 0 0
cycle 3 1 5 1 0 1 0 1 -35 27 0 0
cycle 3 0 0 0 0 1 0 1 -35 27 0 0
cycle 3 1 5 1 1 0 0 1 -35 27 0 0
cycle 3 1 4 0 0 1 1 1 -21 3 0 0
cycle 3 0 0 0 0 1 0 1 -21 3 -52 25
cycle 3 1 4 0 1 0 1 1 34 20 0 0
cycle 3 0 0 0 0 1 0 1 34 20 -11 22
cycle 3 1 7 1 0 0 0 1 34 20 0 0
cycle 3 1 7 1 1 1 0 1 34 20 0 0
cycle 3 0 0 0 0 1 0 1 34 20 0 0
cycle 3 1 5 1 0 0 0 1 34 20 0 0
cycle 3 1 5 1 1 1 0 1 34 20 0 0
cycle 3 1 0 1 0 1 0 1 34 20 0 0
cycle 3 1 0 1 1 1 0 1 34 20 0 0
cycle 3 1 2 7 0 1 0 1 34 20 0 0
cycle 3 1 2 7 1 1 0 1 34 20 0 0
cycle 3 1 7 7 0 1 0 1 34 20 0 0
cycle 3 1 7 7 1 1 0 1 34 20 0 0
cycle 3 1 1 4 0 1 0 1 34 20 0 0
cycle 3 1 1 4 1 1 0 1 34 20 0 0
cycle 3 1 5 7 0 1 0 1 34 20 0 0
cycle 3 1 5 7 1 1 0 1 34 20 0 0
cycle 3 1 0 2 0 1 1 1 -49 0 0 0
cycle 3 1 0 2 1 1 1 1 -4 19 -64 30
cycle 3 1 7 0 0 1 0 1 -4 19 63 22
cycle 3 1 7 0 1 1 0 1 -4 19 0 0
cycle 3 1 3 2 0 1 0 1 -4 19 0 0
cycle 3 1 3 2 1 1 0 1 -4 19 0 0
cycle 3 0 0 0 0 1 0 1 -4 19 0 0
cycle 3 1 5 7 0 0 0 1 -4 19 0 0
cycle 3 1 5 7 1 1 0 1 -4 19 0 0
cycle 3 1 0 0 0 1 1 1 5 12 0 0
cycle 3 1 0 0 1 1 1 1 -14 1 -16 18
cycle 3 0 0 0 0 1 0 1 -14 1 -47 27
cycle 3 1 3 6 0 0 0 1 -14 1 0 0
cycle 3 1 3 6 1 1 0 1 -14 1 0 0
cycle 3 0 0 0 0 1 0 1 -14 1 0 0
cycle 3 1 5 3 0 0 0 1 -14 1 0 0
cycle 3 1 5 3 1 1 0 1 -14 1 0 0
cycle 3 1 5 5 0 1 0 1 -14 1 0 0
cycle 3 0 0 0 0 1 0 1 -14 1 0 0
cycle 3 1 5 5 1 0 0 1 -14 1 0 0
cycle 3 0 0 0 0 1 0 1 -14 1 0 0
cycle 3 1 6 4 0 0 1 1 -2 1 0 0
cycle 3 1 6 4 1 1 1 1 -23 2 23 0
cycle 3 1 2 0 0 1 1 1 -64 5 27 6
cycle 3 1 2 0 1 1 1 1 -46 13 63 18
cycle 3 1 7 5 0 1 0 1 -46 13 -28 21
cycle 3 1 7 5 1 1 0 1 -46 13 0 0
cycle 3 0 0 0 0 1 0 1 -46 13 0 0
cycle 3 1 5 1 0 0 0 1 -46 13 0 0
cycle 3 1 5 1 1 1 0 1 -46 13 0 0
cycle 3 1 3 7 0 1 0 1 -46 13 0 0
cycle 3 1 3 7 1 1 0 1 -46 13 0 0
cycle 3 1 1 4 0 1 0 1 -46 13 0 0
cycle 3 0 0 0 0 1 0 1 -46 13 0 0
cycle 3 1 1 4 1 0 0 1 -46 13 0 0
cycle 3 1 0 5 0 1 0 1 -46 13 0 0
cycle 3 1 0 5 1 1 0 1 -46 13 0 0
cycle 3 1 7 0 0 1 0 1 -46 13 0 0
cycle 3 1 7 0 1 1 0 1 -46 13 0 0
cycle 3 1 2 1 0 1 0 1 -46 13 0 0
cycle 3 1 2 1 1 1 0 1 -46 13 0 0
cycle 3 1 7 6 0 1 0 1 -46 13 0 0
cycle 3 0 0 0 0 1 0 1 -46 13 0 0
cycle 3 1 7 6 1 0 0 1 -46 13 0 0
cycle 3 1 7 0 0 1 0 1 -46 13 0 0
cycle 3 1 7 0 1 1 0 1 -46 13 0 0
cycle 3 1 7 0 0 1 0 1 -46 13 0 0
cycle 3 1 7 0 1 1 0 1 -46 13 0 0
cycle 3 1 6 0 0 1 1 1 -57 14 0 0
cycle 3 1 6 0 1 1 1 1 63 2 -11 31
cycle 3 1 4 1 0 1 0 1 63 2 -64 4
cycle 3 0 0 0 0 1 0 1 63 2 0 0
cycle 3 1 4 1 1 0 0 1 63 2 0 0
cycle 3 1 0 6 0 1 0 1 63 2 0 0
cycle 3 1 0 6 1 1 0 1 63 2 0 0
cycle 3 0 0 0 0 1 0 1 63 2 0 0
cycle 3 1 0 5 0 0 0 1 63 2 0 0
cycle 3 1 0 5 1 1 0 1 63 2 0 0
cycle 3 1 7 6 0 1 0 1 63 2 0 0
cycle 3 1 7 6 1 1 0 1 63 2 0 0
cycle 3 1 3 6 0 1 0 1 63 2 0 0
cycle 3 1 3 6 1 1 0 1 63 2 0 0
cycle 3 1 7 0 0 1 0 1 63 2 0 0
cycle 3 1 7 0 1 1 0 1 63 2 0 0
cycle 3 1 0 1 0 1 0 1 63 2 0 0
cycle 3 1 0 1 1 1 0 1 63 2 0 0
cycle 3 0 0 0 0 1 0 1 63 2 0 0
cycle 3 1 6 7 0 0 0 1 63 2 0 0
cycle 3 1 6 7 1 1 0 1 63 2 0 0
cycle 3 1 2 4 0 1 1 1 50 10 0 0
cycle 3 1 2 4 1 1 1 1 27 30 41 2
cycle 3 1 3 5 0 1 0 1 27 30 -4 31
cycle 3 1 3 5 1 1 0 1 27 30 0 0
cycle 3 1 5 7 0 1 0 1 27 30 0 0
cycle 3 1 5 7 1 1 0 1 27 30 0 0
cycle 3 1 4 7 0 1 0 1 27 30 0 0
cycle 3 1 4 7 1 1 0 1 27 30 0 0
cycle 3 1 0 7 0 1 0 1 27 30 0 0
cycle 3 0 0 0 0 1 0 1 27 30 0 0
cycle 3 1 0 7 1 0 0 1 27 30 0 0
cycle 3 1 3 3 0 1 0 1 27 30 0 0
cycle 3 0 0 0 0 1 0 1 27 30 0 0
cycle 3 1 3 3 1 0 0 1 27 30 0 0
cycle 3 1 6 4 0 1 1 1 23 0 0 0
cycle 3 1 6 4 1 1 1 1 27 6 24 1
cycle 3 1 2 0 0 1 1 1 63 18 32 31
cycle 3 0 0 0 0 1 0 1 63 18 -36 0
cycle 3 1 2 0 1 0 1 1 -28 21 0 0
cycle 3 1 1 0 0 1 0 1 -28 21 17 21
cycle 3 1 1 0 1 1 0 1 -28 21 0 0
cycle 3 1 3 4 0 1 0 1 -28 21 0 0
cycle 3 1 3 4 1 1 0 1 -28 21 0 0
cycle 3 1 0 1 0 1 0 1 -28 21 0 0
cycle 3 1 0 1 1 1 0 1 -28 21 0 0
cycle 3 1 2 2 0 1 1 1 -64 18 0 0
cycle 3 1 2 2 1 1 1 1 29 4 61 15
cycle 3 1 4 1 0 1 0 1 29 4 63 17
cycle 3 0 0 0 0 1 0 1 29 4 0 0
cycle 3 1 4 1 1 0 0 1 29 4 0 0
cycle 3 1 6 3 0 1 0 1 29 4 0 0
cycle 3 1 6 3 1 1 0 1 29 4 0 0
cycle 3 1 6 7 0 1 0 1 29 4 0 0
cycle 3 1 6 7 1 1 0 1 29 4 0 0
cycle 3 1 5 1 0 1 0 1 29 4 0 0
cycle 3 1 5 1 1 1 0 1 29 4 0 0
cycle 3 1 0 0 0 1 1 1 -16 18 0 0
cycle 3 1 0 0 1 1 1 1 -47 27 -28 1
cycle 3 1 0 7 0 1 0 1 -47 27 11 10
cycle 3 1 0 7 1 1 0 1 -47 27 0 0
cycle 3 1 4 5 0 1 0 1 -47 27 0 0
cycle 3 0 0 0 0 1 0 1 -47 27 0 0
cycle 3 1 4 5 1 0 0 1 -47 27 0 0
cycle 3 1 0 2 0 1 1 1 -64 30 0 0
cycle 3 1 0 2 1 1 1 1 63 22 -1 21
cycle 3 0 0 0 0 1 0 1 63 22 -61 1
cycle 3 1 5 4 0 0 0 1 63 22 0 0
cycle 3 1 5 4 1 1 0 1 63 22 0 0
cycle 3 1 3 0 0 1 0 1 63 22 0 0
cycle 3 1 3 0 1 1 0 1 63 22 0 0
cycle 3 1 3 2 0 1 0 1 63 22 0 0
cycle 3 1 3 2 1 1 0 1 63 22 0 0
cycle 3 1 5 0 0 1 0 1 63 22 0 0
cycle 3 1 5 0 1 1 0 1 63 22 0 0
cycle 3 0 0 0 0 1 0 1 63 22 0 0
cycle 3 1 4 1 0 0 0 1 63 22 0 0
cycle 3 1 4 1 1 1 0 1 63 22 0 0
cycle 3 1 4 3 0 1 0 1 63 22 0 0
cycle 3 1 4 3 1 1 0 1 63 22 0 0
cycle 3 1 6 0 0 1 1 1 -11 31 0 0
cycle 3 1 6 0 1 1 1 1 -64 4 -64 25
cycle 3 1 4 2 0 1 1 1 49 31 -13 8
cycle 3 1 4 2 1 1 1 1 -39 30 -45 18
cycle 3 1 2 4 0 1 1 1 41 2 -19 10
cycle 3 1 2 4 1 1 1 1 -4 31 17 6
cycle 3 1 4 6 0 1 0 1 -4 31 -33 18
cycle 3 1 4 6 1 1 0 1 -4 31 0 0
cycle 3 0 0 0 0 1 0 1 -4 31 0 0
cycle 3 1 5 1 0 0 0 1 -4 31 0 0
cycle 3 1 5 1 1 1 0 1 -4 31 0 0
cycle 3 1 0 2 0 1 1 1 -1 21 0 0
cycle 3 1 0 2 1 1 1 1 -61 1 -38 0
cycle 3 1 3 2 0 1 0 1 -61 1 -7 26
cycle 3 1 3 2 1 1 0 1 -61 1 0 0
cycle 3 1 5 2 0 1 0 1 -61 1 0 0
cycle 3 1 5 2 1 1 0 1 -61 1 0 0
cycle 3 1 6 7 0 1 0 1 -61 1 0 0
cycle 3 1 6 7 1 1 0 1 -61 1 0 0
cycle 3 0 0 0 0 1 0 1 -61 1 0 0
cycle 3 1 5 3 0 0 0 1 -61 1 0 0
cycle 3 1 5 3 1 1 0 1 -61 1 0 0
cycle 3 1 6 6 0 1 0 1 -61 1 0 0
cycle 3 1 6 6 1 1 0 1 -61 1 0 0
cycle 3 1 4 1 0 1 0 1 -61 1 0 0
cycle 3 1 4 1 1 1 0 1 -61 1 0 0
cycle 3 1 1 3 0 1 0 1 -61 1 0 0
cycle 3 1 1 3 1 1 0 1 -61 1 0 0
cycle 3 1 0 3 0 1 0 1 -61 1 0 0
cycle 3 1 0 3 1 1 0 1 -61 1 0 0
cycle 3 1 0 4 0 1 1 1 -9 7 0 0
cycle 3 1 0 4 1 1 1 1 -64 1 -52 26
cycle 3 0 0 0 0 1 0 1 -64 1 -24 0
cycle 3 1 3 5 0 0 0 1 -64 1 0 0
cycle 3 1 3 5 1 1 0 1 -64 1 0 0
cycle 3 1 4 3 0 1 0 1 -64 1 0 0
cycle 3 0 0 0 0 1 0 1 -64 1 0 0
cycle 3 1 4 3 1 0 0 1 -64 1 0 0
cycle 3 1 5 1 0 1 0 1 -64 1 0 0
cycle 3 1 5 1 1 1 0 1 -64 1 0 0
cycle 3 1 3 7 0 1 0 1 -64 1 0 0
cycle 3 1 3 7 1 1 0 1 -64 1 0 0
cycle 3 0 0 0 0 1 0 1 -64 1 0 0
cycle 3 1 4 2 0 0 1 1 -45 18 0 0
cycle 3 0 0 0 0 1 0 1 -45 18 63 14
cycle 3 1 4 2 1 0 1 1 -19 10 0 0
cycle 3 1 7 0 0 1 0 1 -19 10 -43 18
cycle 3 1 7 0 1 1 0 1 -19 10 0 0
cycle 3 0 0 0 0 1 0 1 -19 10 0 0
cycle 3 1 1 4 0 0 0 1 -19 10 0 0
cycle 3 0 0 0 0 1 0 1 -19 10 0 0
cycle 3 1 1 4 1 0 0 1 -19 10 0 0
cycle 3 1 6 1 0 1 0 1 -19 10 0 0
cycle 3 1 6 1 1 1 0 1 -19 10 0 0
cycle 3 1 0 6 0 1 0 1 -19 10 0 0
cycle 3 1 0 6 1 1 0 1 -19 10 0 0
cycle 3 1 3 5 0 1 0 1 -19 10 0 0
cycle 3 1 3 5 1 1 0 1 -19 10 0 0
cycle 3 0 0 0 0 1 0 1 -19 10 0 0
cycle 3 1 5 4 0 0 0 1 -19 10 0 0
cycle 3 1 5 4 1 1 0 1 -19 10 0 0
cycle 3 0 0 0 0 1 0 1 -19 10 0 0
cycle 3 1 5 0 0 0 0 1 -19 10 0 0
cycle 3 1 5 0 1 1 0 1 -19 10 0 0
cycle 3 1 1 3 0 1 0 1 -19 10 0 0
cycle 3 1 1 3 1 1 0 1 -19 10 0 0
cycle 3 0 0 0 0 1 0 1 -19 10 0 0
cycle 3 1 5 4 0 0 0 1 -19 10 0 0
cycle 3 0 0 0 0 1 0 1 -19 10 0 0
cycle 3 1 5 4 1 0 0 1 -19 10 0 0
cycle 3 1 1 6 0 1 0 1 -19 10 0 0
cycle 3 1 1 6 1 1 0 1 -19 10 0 0
cycle 3 1 4 2 0 1 1 1 63 14 0 0
cycle 3 0 0 0 0 1 0 1 63 14 -64 17
cycle 3 1 4 2 1 0 1 1 -43 18 0 0
cycle 3 1 0 7 0 1 0 1 -43 18 -3 13
cycle 3 1 0 7 1 1 0 1 -43 18 0 0
cycle 3 1 5 3 0 1 0 1 -43 18 0 0
cycle 3 1 5 3 1 1 0 1 -43 18 0 0
cycle 3 1 4 0 0 1 1 1 -52 25 0 0
cycle 3 1 4 0 1 1 1 1 -11 22 -63 21
cycle 3 1 0 3 0 1 0 1 -11 22 42 23
cycle 3 1 0 3 1 1 0 1 -11 22 0 0
cycle 3 0 0 0 0 1 0 1 -11 22 0 0
cycle 3 1 0 6 0 0 0 1 -11 22 0 0
cycle 3 1 0 6 1 1 0 1 -11 22 0 0
cycle 3 0 0 0 0 1 0 1 -11 22 0 0
cycle 3 1 0 1 0 0 0 1 -11 22 0 0
cycle 3 1 0 1 1 1 0 1 -11 22 0 0
cycle 3 0 0 0 0 1 0 1 -11 22 0 0
cycle 3 1 2 2 0 0 1 1 61 15 0 0
cycle 3 1 2 2 1 1 1 1 63 17 30 17
cycle 3 1 4 7 0 1 0 1 63 17 52 9
cycle 3 1 4 7 1 1 0 1 63 17 0 0
cycle 3 1 5 0 0 1 0 1 63 17 0 0
cycle 3 1 5 0 1 1 0 1 63 17 0 0
cycle 3 0 0 0 0 1 0 1 63 17 0 0
cycle 3 1 1 2 0 0 0 1 63 17 0 0
cycle 3 1 1 2 1 1 0 1 63 17 0 0
cycle 3 1 7 3 0 1 0 1 63 17 0 0
cycle 3 1 7 3 1 1 0 1 63 17 0 0
cycle 3 1 7 3 0 1 0 1 63 17 0 0
cycle 3 1 7 3 1 1 0 1 63 17 0 0
cycle 3 1 6 4 0 1 1 1 24 1 0 0
cycle 3 1 6 4 1 1 1 1 32 31 -64 16
cycle 3 0 0 0 0 1 0 1 32 31 59 13
cycle 3 1 5 5 0 0 0 1 32 31 0 0
cycle 3 1 5 5 1 1 0 1 32 31 0 0
cycle 3 0 0 0 0 1 0 1 32 31 0 0
cycle 3 1 2 3 0 0 0 1 32 31 0 0
cycle 3 1 2 3 1 1 0 1 32 31 0 0
cycle 3 1 2 0 0 1 1 1 -36 0 0 0
cycle 3 1 2 0 1 1 1 1 17 21 43 31
cycle 3 0 0 0 0 1 0 1 17 21 -48 12
cycle 3 1 1 2 0 0 0 1 17 21 0 0
cycle 3 1 1 2 1 1 0 1 17 21 0 0
cycle 3 0 0 0 0 1 0 1 17 21 0 0
cycle 3 1 2 0 0 0 1 1 43 31 0 0
cycle 3 1 2 0 1 1 1 1 -48 12 -64 30
cycle 3 1 4 4 0 1 1 1 31 29 11 9
cycle 3 1 4 4 1 1 1 1 -35 18 27 31
cycle 3 1 4 6 0 1 0 1 -35 18 61 5
cycle 3 1 4 6 1 1 0 1 -35 18 0 0
cycle 3 1 4 0 0 1 1 1 -63 21 0 0
cycle 3 1 4 0 1 1 1 1 42 23 -16 20
cycle 3 1 5 3 0 1 0 1 42 23 -11 9
cycle 3 1 5 3 1 1 0 1 42 23 0 0
cycle 3 1 2 7 0 1 0 1 42 23 0 0
cycle 3 1 2 7 1 1 0 1 42 23 0 0
cycle 3 1 4 6 0 1 0 1 42 23 0 0
cycle 3 1 4 6 1 1 0 1 42 23 0 0
cycle 3 1 3 5 0 1 0 1 42 23 0 0
cycle 3 1 3 5 1 1 0 1 42 23 0 0
cycle 3 1 7 5 0 1 0 1 42 23 0 0
cycle 3 1 7 5 1 1 0 1 42 23 0 0
cycle 3 1 4 0 0 1 1 1 -16 20 0 0
cycle 3 1 4 0 1 1 1 1 -11 9 -10 28
cycle 3 0 0 0 0 1 0 1 -11 9 -28 8
cycle 3 1 3 3 0 0 0 1 -11 9 0 0
cycle 3 1 3 3 1 1 0 1 -11 9 0 0
cycle 3 1 7 7 0 1 0 1 -11 9 0 0
cycle 3 0 0 0 0 1 0 1 -11 9 0 0
cycle 3 1 7 7 1 0 0 1 -11 9 0 0
cycle 3 0 0 0 0 1 0 1 -11 9 0 0
cycle 3 1 5 5 0 0 0 1 -11 9 0 0
cycle 3 1 5 5 1 1 0 1 -11 9 0 0
cycle 3 1 1 2 0 1 0 1 -11 9 0 0
cycle 3 0 0 0 0 1 0 1 -11 9 0 0
cycle 3 1 1 2 1 0 0 1 -11 9 0 0
cycle 3 1 7 4 0 1 0 1 -11 9 0 0
cycle 3 1 7 4 1 1 0 1 -11 9 0 0
cycle 3 1 1 4 0 1 0 1 -11 9 0 0
cycle 3 1 1 4 1 1 0 1 -11 9 0 0
cycle 3 1 5 6 0 1 0 1 -11 9 0 0
cycle 3 1 5 6 1 1 0 1 -11 9 0 0
cycle 3 1 3 4 0 1 0 1 -11 9 0 0
cycle 3 0 0 0 0 1 0 1 -11 9 0 0
cycle 3 1 3 4 1 0 0 1 -11 9 0 0
cycle 3 1 6 6 0 1 0 1 -11 9 0 0
cycle 3 1 6 6 1 1 0 1 -11 9 0 0
cycle 3 0 0 0 0 1 0 1 -11 9 0 0
cycle 3 1 2 5 0 0 0 1 -11 9 0 0
cycle 3 1 2 5 1 1 0 1 -11 9 0 0
cycle 3 1 0 7 0 1 0 1 -11 9 0 0
cycle 3 1 0 7 1 1 0 1 -11 9 0 0
cycle 3 0 0 0 0 1 0 1 -11 9 0 0
cycle 3 1 3 2 0 0 0 1 -11 9 0 0
cycle 3 1 3 2 1 1 0 1 -11 9 0 0
cycle 3 1 3 4 0 1 0 1 -11 9 0 0
cycle 3 1 3 4 1 1 0 1 -11 9 0 0
cycle 3 1 0 5 0 1 0 1 -11 9 0 0
cycle 3 1 0 5 1 1 0 1 -11 9 0 0
cycle 3 1 2 0 0 1 1 1 -64 30 0 0
cycle 3 1 2 0 1 1 1 1 11 9 -3 19
cycle 3 1 5 4 0 1 0 1 11 9 23 4
cycle 3 1 5 4 1 1 0 1 11 9 0 0
cycle 3 1 3 3 0 1 0 1 11 9 0 0
cycle 3 1 3 3 1 1 0 1 11 9 0 0
cycle 3 1 4 2 0 1 1 1 -64 17 0 0
cycle 3 0 0 0 0 1 0 1 -64 17 -44 0
cycle 3 1 4 2 1 0 1 1 -3 13 0 0
cycle 3 0 0 0 0 1 0 1 -3 13 -47 29
cycle 3 1 7 4 0 0 0 1 -3 13 0 0
cycle 3 0 0 0 0 1 0 1 -3 13 0 0
cycle 3 1 7 4 1 0 0 1 -3 13 0 0
cycle 3 1 2 5 0 1 0 1 -3 13 0 0
cycle 3 1 2 5 1 1 0 1 -3 13 0 0
cycle 3 1 6 5 0 1 0 1 -3 13 0 0
cycle 3 1 6 5 1 1 0 1 -3 13 0 0
cycle 3 1 3 7 0 1 0 1 -3 13 0 0
cycle 3 1 3 7 1 1 0 1 -3 13 0 0
cycle 3 0 0 0 0 1 0 1 -3 13 0 0
cycle 3 1 3 3 0 0 0 1 -3 13 0 0
cycle 3 1 3 3 1 1 0 1 -3 13 0 0
cycle 3 0 0 0 0 1 0 1 -3 13 0 0
cycle 3 1 0 5 0 0 0 1 -3 13 0 0
cycle 3 0 0 0 0 1 0 1 -3 13 0 0
cycle 3 1 0 5 1 0 0 1 -3 13 0 0
cycle 3 0 0 0 0 1 0 1 -3 13 0 0
cycle 3 1 0 1 0 0 0 1 -3 13 0 0
cycle 3 1 0 1 1 1 0 1 -3 13 0 0
cycle 3 1 0 5 0 1 0 1 -3 13 0 0
cycle 3 1 0 5 1 1 0 1 -3 13 0 0
cycle 3 0 0 0 0 1 0 1 -3 13 0 0
cycle 3 1 0 1 0 0 0 1 -3 13 0 0
cycle 3 1 0 1 1 1 0 1 -3 13 0 0
cycle 3 1 2 6 0 1 0 1 -3 13 0 0
cycle 3 1 2 6 1 1 0 1 -3 13 0 0
cycle 3 1 3 6 0 1 0 1 -3 13 0 0
cycle 3 1 3 6 1 1 0 1 -3 13 0 0
cycle 3 1 1 1 0 1 0 1 -3 13 0 0
cycle 3 1 1 1 1 1 0 1 -3 13 0 0
cycle 3 0 0 0 0 1 0 1 -3 13 0 0
cycle 3 1 4 7 0 0 0 1 -3 13 0 0
cycle 3 1 4 7 1 1 0 1 -3 13 0 0
cycle 3 1 6 3 0 1 0 1 -3 13 0 0
cycle 3 0 0 0 0 1 0 1 -3 13 0 0
cycle 3 1 6 3 1 0 0 1 -3 13 0 0
cycle 3 1 2 7 0 1 0 1 -3 13 0 0
cycle 3 1 2 7 1 1 0 1 -3 13 0 0
cycle 3 1 6 6 0 1 0 1 -3 13 0 0
cycle 3 1 6 6 1 1 0 1 -3 13 0 0
cycle 3 1 1 2 0 1 0 1 -3 13 0 0
cycle 3 1 1 2 1 1 0 1 -3 13 0 0
cycle 3 1 2 5 0 1 0 1 -3 13 0 0
cycle 3 0 0 0 0 1 0 1 -3 13 0 0
cycle 3 1 2 5 1 0 0 1 -3 13 0 0
cycle 3 1 3 7 0 1 0 1 -3 13 0 0
cycle 3 1 3 7 1 1 0 1 -3 13 0 0
cycle 3 1 0 7 0 1 0 1 -3 13 0 0
cycle 3 1 0 7 1 1 0 1 -3 13 0 0
cycle 3 1 3 2 0 1 0 1 -3 13 0 0
cycle 3 1 3 2 1 1 0 1 -3 13 0 0
cycle 3 1 6 6 0 1 0 1 -3 13 0 0
cycle 3 0 0 0 0 1 0 1 -3 13 0 0
cycle 3 1 6 6 1 0 0 1 -3 13 0 0
cycle 3 1 6 3 0 1 0 1 -3 13 0 0
cycle 3 0 0 0 0 1 0 1 -3 13 0 0
cycle 3 1 6 3 1 0 0 1 -3 13 0 0
cycle 3 1 7 0 0 1 0 1 -3 13 0 0
cycle 3 1 7 0 1 1 0 1 -3 13 0 0
cycle 3 1 1 2 0 1 0 1 -3 13 0 0
cycle 3 1 1 2 1 1 0 1 -3 13 0 0
cycle 3 1 1 1 0 1 0 1 -3 13 0 0
cycle 3 1 1 1 1 1 0 1 -3 13 0 0
cycle 3 1 7 5 0 1 0 1 -3 13 0 0
cycle 3 0 0 0 0 1 0 1 -3 13 0 0
cycle 3 1 7 5 1 0 0 1 -3 13 0 0
cycle 3 1 5 4 0 1 0 1 -3 13 0 0
cycle 3 1 5 4 1 1 0 1 -3 13 0 0
cycle 3 0 0 0 0 1 0 1 -3 13 0 0
cycle 3 1 3 1 0 0 0 1 -3 13 0 0
cycle 3 1 3 1 1 1 0 1 -3 13 0 0
cycle 3 0 0 0 0 1 0 1 -3 13 0 0
cycle 3 1 3 4 0 0 0 1 -3 13 0 0
cycle 3 1 3 4 1 1 0 1 -3 13 0 0
cycle 3 1 6 1 0 1 0 1 -3 13 0 0
cycle 3 1 6 1 1 1 0 1 -3 13 0 0
cycle 3 1 1 4 0 1 0 1 -3 13 0 0
cycle 3 1 1 4 1 1 0 1 -3 13 0 0
cycle 3 1 1 2 0 1 0 1 -3 13 0 0
cycle 3 1 1 2 1 1 0 1 -3 13 0 0
cycle 3 0 0 0 0 1 0 1 -3 13 0 0
cycle 3 1 1 6 0 0 0 1 -3 13 0 0
cycle 3 1 1 6 1 1 0 1 -3 13 0 0
cycle 3 1 3 3 0 1 0 1 -3 13 0 0
cycle 3 0 0 0 0 1 0 1 -3 13 0 0
cycle 3 1 3 3 1 0 0 1 -3 13 0 0
cycle 3 1 1 6 0 1 0 1 -3 13 0 0
cycle 3 1 1 6 1 1 0 1 -3 13 0 0
cycle 3 1 7 2 0 1 0 1 -3 13 0 0
cycle 3 1 7 2 1 1 0 1 -3 13 0 0
cycle 3 1 3 3 0 1 0 1 -3 13 0 0
cycle 3 1 3 3 1 1 0 1 -3 13 0 0
cycle 3 1 0 2 0 1 1 1 -38 0 0 0
cycle 3 1 0 2 1 1 1 1 -7 26 27 31
cycle 3 1 5 5 0 1 0 1 -7 26 -23 22
cycle 3 1 5 5 1 1 0 1 -7 26 0 0
cycle 3 0 0 0 0 1 0 1 -7 26 0 0
cycle 3 1 6 7 0 0 0 1 -7 26 0 0
cycle 3 1 6 7 1 1 0 1 -7 26 0 0
cycle 3 1 0 0 0 1 1 1 -28 1 0 0
cycle 3 1 0 0 1 1 1 1 11 10 -28 9
cycle 3 1 3 4 0 1 0 1 11 10 48 0
cycle 3 0 0 0 0 1 0 1 11 10 0 0
cycle 3 1 3 4 1 0 0 1 11 10 0 0
cycle 3 1 3 4 0 1 0 1 11 10 0 0
cycle 3 1 3 4 1 1 0 1 11 10 0 0
cycle 3 0 0 0 0 1 0 1 11 10 0 0
cycle 3 1 0 6 0 0 0 1 11 10 0 0
cycle 3 1 0 6 1 1 0 1 11 10 0 0
cycle 3 1 6 3 0 1 0 1 11 10 0 0
cycle 3 0 0 0 0 1 0 1 11 10 0 0
cycle 3 1 6 3 1 0 0 1 11 10 0 0
cycle 3 1 3 5 0 1 0 1 11 10 0 0
cycle 3 1 3 5 1 1 0 1 11 10 0 0
cycle 3 1 4 2 0 1 1 1 -44 0 0 0
cycle 3 1 4 2 1 1 1 1 -47 29 -30 11
cycle 3 1 5 4 0 1 0 1 -47 29 -10 29
cycle 3 1 5 4 1 1 0 1 -47 29 0 0
cycle 3 0 0 0 0 1 0 1 -47 29 0 0
cycle 3 1 7 6 0 0 0 1 -47 29 0 0
cycle 3 0 0 0 0 1 0 1 -47 29 0 0
cycle 3 1 7 6 1 0 0 1 -47 29 0 0
cycle 3 1 0 0 0 1 1 1 -28 9 0 0
cycle 3 1 0 0 1 1 1 1 48 0 26 10
cycle 3 1 5 5 0 1 0 1 48 0 51 31
cycle 3 1 5 5 1 1 0 1 48 0 0 0
cycle 3 0 0 0 0 1 0 1 48 0 0 0
cycle 3 1 4 0 0 0 1 1 -10 28 0 0
cycle 3 1 4 0 1 1 1 1 -28 8 21 4
cycle 3 1 4 6 0 1 0 1 -28 8 -60 5
cycle 3 1 4 6 1 1 0 1 -28 8 0 0
cycle 3 0 0 0 0 1 0 1 -28 8 0 0
cycle 3 1 3 4 0 0 0 1 -28 8 0 0
cycle 3 0 0 0 0 1 0 1 -28 8 0 0
cycle 3 1 3 4 1 0 0 1 -28 8 0 0
cycle 3 0 0 0 0 1 0 1 -28 8 0 0
cycle 3 1 6 4 0 0 1 1 -64 16 0 0
cycle 3 1 6 4 1 1 1 1 59 13 47 12
cycle 3 0 0 0 0 1 0 1 59 13 39 3
cycle 3 1 1 3 0 0 0 1 59 13 0 0
cycle 3 1 1 3 1 1 0 1 59 13 0 0
cycle 3 1 7 3 0 1 0 1 59 13 0 0
cycle 3 1 7 3 1 1 0 1 59 13 0 0
cycle 3 1 6 1 0 1 0 1 59 13 0 0
cycle 3 1 6 1 1 1 0 1 59 13 0 0
cycle 3 1 1 6 0 1 0 1 59 13 0 0
cycle 3 1 1 6 1 1 0 1 59 13 0 0
cycle 3 1 1 1 0 1 0 1 59 13 0 0
cycle 3 1 1 1 1 1 0 1 59 13 0 0
cycle 3 1 2 4 0 1 1 1 17 6 0 0
cycle 3 1 2 4 1 1 1 1 -33 18 -59 18
cycle 3 1 6 5 0 1 0 1 -33 18 38 22
cycle 3 1 6 5 1 1 0 1 -33 18 0 0
cycle 3 0 0 0 0 1 0 1 -33 18 0 0
cycle 3 1 4 2 0 0 1 1 -30 11 0 0
cycle 3 1 4 2 1 1 1 1 -10 29 -7 21
cycle 3 1 2 0 0 1 1 1 -3 19 59 31
cycle 3 1 2 0 1 1 1 1 23 4 -31 31
cycle 3 1 5 1 0 1 0 1 23 4 -20 30
cycle 3 1 5 1 1 1 0 1 23 4 0 0
cycle 3 1 4 1 0 1 0 1 23 4 0 0
cycle 3 1 4 1 1 1 0 1 23 4 0 0
cycle 3 1 6 3 0 1 0 1 23 4 0 0
cycle 3 1 6 3 1 1 0 1 23 4 0 0
cycle 3 1 5 2 0 1 0 1 23 4 0 0
cycle 3 0 0 0 0 1 0 1 23 4 0 0
cycle 3 1 5 2 1 0 0 1 23 4 0 0
cycle 3 1 1 1 0 1 0 1 23 4 0 0
cycle 3 1 1 1 1 1 0 1 23 4 0 0
cycle 3 1 5 7 0 1 0 1 23 4 0 0
cycle 3 0 0 0 0 1 0 1 23 4 0 0
cycle 3 1 5 7 1 0 0 1 23 4 0 0
cycle 3 1 0 2 0 1 1 1 27 31 0 0
cycle 3 1 0 2 1 1 1 1 -23 22 36 28
cycle 3 1 4 0 0 1 1 1 21 4 -53 20
cycle 3 1 4 0 1 1 1 1 -60 5 -35 12
cycle 3 1 4 2 0 1 1 1 -7 21 22 9
cycle 3 0 0 0 0 1 0 1 -7 21 -26 20
cycle 3 1 4 2 1 0 1 1 59 31 0 0
cycle 3 1 4 2 0 1 1 1 -26 20 53 5
cycle 3 0 0 0 0 1 0 1 -26 20 57 2
cycle 3 1 4 2 1 0 1 1 53 5 0 0
cycle 3 1 1 3 0 1 0 1 53 5 41 8
cycle 3 1 1 3 1 1 0 1 53 5 0 0
cycle 3 1 0 1 0 1 0 1 53 5 0 0
cycle 3 1 0 1 1 1 0 1 53 5 0 0
cycle 3 0 0 0 0 1 0 1 53 5 0 0
cycle 3 1 5 2 0 0 0 1 53 5 0 0
cycle 3 1 5 2 1 1 0 1 53 5 0 0
cycle 3 1 1 4 0 1 0 1 53 5 0 0
cycle 3 1 1 4 1 1 0 1 53 5 0 0
cycle 3 1 1 0 0 1 0 1 53 5 0 0
cycle 3 1 1 0 1 1 0 1 53 5 0 0
cycle 3 0 0 0 0 1 0 1 53 5 0 0
cycle 3 1 3 0 0 0 0 1 53 5 0 0
cycle 3 0 0 0 0 1 0 1 53 5 0 0
cycle 3 1 3 0 1 0 0 1 53 5 0 0
cycle 3 1 7 2 0 1 0 1 53 5 0 0
cycle 3 1 7 2 1 1 0 1 53 5 0 0
cycle 3 1 5 3 0 1 0 1 53 5 0 0
cycle 3 0 0 0 0 1 0 1 53 5 0 0
cycle 3 1 5 3 1 0 0 1 53 5 0 0
cycle 3 0 0 0 0 1 0 1 53 5 0 0
cycle 3 1 4 4 0 0 1 1 27 31 0 0
cycle 3 1 4 4 1 1 1 1 61 5 56 1
cycle 3 1 6 2 0 1 1 1 -64 26 14 20
cycle 3 1 6 2 1 1 1 1 -15 3 -47 1
cycle 3 1 3 0 0 1 0 1 -15 3 -64 4
cycle 3 1 3 0 1 1 0 1 -15 3 0 0
cycle 3 1 1 7 0 1 0 1 -15 3 0 0
cycle 3 0 0 0 0 1 0 1 -15 3 0 0
cycle 3 1 1 7 1 0 0 1 -15 3 0 0
cycle 3 1 3 2 0 1 0 1 -15 3 0 0
cycle 3 1 3 2 1 1 0 1 -15 3 0 0
cycle 3 1 6 4 0 1 1 1 47 12 0 0
cycle 3 1 6 4 1 1 1 1 39 3 -46 20
cycle 3 0 0 0 0 1 0 1 39 3 -25 23
cycle 3 1 5 0 0 0 0 1 39 3 0 0
cycle 3 1 5 0 1 1 0 1 39 3 0 0
cycle 3 1 5 1 0 1 0 1 39 3 0 0
cycle 3 1 5 1 1 1 0 1 39 3 0 0
cycle 3 1 0 5 0 1 0 1 39 3 0 0
cycle 3 1 0 5 1 1 0 1 39 3 0 0
cycle 3 1 7 1 0 1 0 1 39 3 0 0
cycle 3 1 7 1 1 1 0 1 39 3 0 0
cycle 3 1 6 4 0 1 1 1 -46 20 0 0
cycle 3 1 6 4 1 1 1 1 -25 23 37 0
cycle 3 0 0 0 0 1 0 1 -25 23 54 11
cycle 3 1 0 4 0 0 1 1 -52 26 0 0
cycle 3 1 0 4 1 1 1 1 -24 0 21 5
cycle 3 0 0 0 0 1 0 1 -24 0 -42 14
cycle 3 1 5 4 0 0 0 1 -24 0 0 0
cycle 3 1 5 4 1 1 0 1 -24 0 0 0
cycle 3 1 4 7 0 1 0 1 -24 0 0 0
cycle 3 1 4 7 1 1 0 1 -24 0 0 0
cycle 3 1 5 3 0 1 0 1 -24 0 0 0
cycle 3 1 5 3 1 1 0 1 -24 0 0 0
cycle 3 1 5 7 0 1 0 1 -24 0 0 0
cycle 3 1 5 7 1 1 0 1 -24 0 0 0
cycle 3 1 0 4 0 1 1 1 21 5 0 0
cycle 3 1 0 4 1 1 1 1 -42 14 -64 18
cycle 3 1 0 5 0 1 0 1 -42 14 63 22
cycle 3 1 0 5 1 1 0 1 -42 14 0 0
cycle 3 1 2 3 0 1 0 1 -42 14 0 0
cycle 3 1 2 3 1 1 0 1 -42 14 0 0
cycle 3 1 2 5 0 1 0 1 -42 14 0 0
cycle 3 0 0 0 0 1 0 1 -42 14 0 0
cycle 3 1 2 5 1 0 0 1 -42 14 0 0
cycle 3 1 6 7 0 1 0 1 -42 14 0 0
cycle 3 1 6 7 1 1 0 1 -42 14 0 0
cycle 3 1 1 4 0 1 0 1 -42 14 0 0
cycle 3 1 1 4 1 1 0 1 -42 14 0 0
cycle 3 1 7 5 0 1 0 1 -42 14 0 0
cycle 3 1 7 5 1 1 0 1 -42 14 0 0
cycle 3 1 0 1 0 1 0 1 -42 14 0 0
cycle 3 1 0 1 1 1 0 1 -42 14 0 0
cycle 3 1 3 0 0 1 0 1 -42 14 0 0
cycle 3 0 0 0 0 1 0 1 -42 14 0 0
cycle 3 1 3 0 1 0 0 1 -42 14 0 0
cycle 3 1 2 7 0 1 0 1 -42 14 0 0
cycle 3 0 0 0 0 1 0 1 -42 14 0 0
cycle 3 1 2 7 1 0 0 1 -42 14 0 0
cycle 3 1 5 1 0 1 0 1 -42 14 0 0
cycle 3 0 0 0 0 1 0 1 -42 14 0 0
cycle 3 1 5 1 1 0 0 1 -42 14 0 0
cycle 3 1 4 2 0 1 1 1 57 2 0 0
cycle 3 1 4 2 1 1 1 1 41 8 23 11
cycle 3 1 1 3 0 1 0 1 41 8 -64 19
cycle 3 1 1 3 1 1 0 1 41 8 0 0
cycle 3 0 0 0 0 1 0 1 41 8 0 0
cycle 3 1 3 6 0 0 0 1 41 8 0 0
cycle 3 1 3 6 1 1 0 1 41 8 0 0
cycle 3 1 6 2 0 1 1 1 -47 1 0 0
cycle 3 1 6 2 1 1 1 1 -64 4 -22 1
cycle 3 1 3 1 0 1 0 1 -64 4 -37 2
cycle 3 1 3 1 1 1 0 1 -64 4 0 0
cycle 3 1 7 3 0 1 0 1 -64 4 0 0
cycle 3 1 7 3 1 1 0 1 -64 4 0 0
cycle 3 1 0 6 0 1 0 1 -64 4 0 0
cycle 3 1 0 6 1 1 0 1 -64 4 0 0
cycle 3 1 4 0 0 1 1 1 -35 12 0 0
cycle 3 0 0 0 0 1 0 1 -35 12 36 21
cycle 3 1 4 0 1 0 1 1 22 9 0 0
cycle 3 1 6 4 0 1 1 1 37 0 63 4
cycle 3 0 0 0 0 1 0 1 37 0 -58 24
cycle 3 1 6 4 1 0 1 1 54 11 0 0
cycle 3 1 5 5 0 1 0 1 54 11 55 9
cycle 3 1 5 5 1 1 0 1 54 11 0 0
cycle 3 1 0 3 0 1 0 1 54 11 0 0
cycle 3 1 0 3 1 1 0 1 54 11 0 0
cycle 3 0 0 0 0 1 0 1 54 11 0 0
cycle 3 1 6 6 0 0 0 1 54 11 0 0
cycle 3 1 6 6 1 1 0 1 54 11 0 0
cycle 3 1 5 3 0 1 0 1 54 11 0 0
cycle 3 1 5 3 1 1 0 1 54 11 0 0
cycle 3 1 0 5 0 1 0 1 54 11 0 0
cycle 3 1 0 5 1 1 0 1 54 11 0 0
cycle 3 0 0 0 0 1 0 1 54 11 0 0
cycle 3 1 3 1 0 0 0 1 54 11 0 0
cycle 3 1 3 1 1 1 0 1 54 11 0 0
cycle 3 1 4 1 0 1 0 1 54 11 0 0
cycle 3 1 4 1 1 1 0 1 54 11 0 0
cycle 3 1 1 5 0 1 0 1 54 11 0 0
cycle 3 1 1 5 1 1 0 1 54 11 0 0
cycle 3 1 4 3 0 1 0 1 54 11 0 0
cycle 3 1 4 3 1 1 0 1 54 11 0 0
cycle 3 1 7 4 0 1 0 1 54 11 0 0
cycle 3 1 7 4 1 1 0 1 54 11 0 0
cycle 3 1 0 4 0 1 1 1 -64 18 0 0
cycle 3 0 0 0 0 1 0 1 -64 18 -32 23
cycle 3 1 0 4 1 0 1 1 63 22 0 0
cycle 3 1 7 2 0 1 0 1 63 22 -59 25
cycle 3 1 7 2 1 1 0 1 63 22 0 0
cycle 3 1 6 3 0 1 0 1 63 22 0 0
cycle 3 1 6 3 1 1 0 1 63 22 0 0
cycle 3 0 0 0 0 1 0 1 63 22 0 0
cycle 3 1 7 6 0 0 0 1 63 22 0 0
cycle 3 1 7 6 1 1 0 1 63 22 0 0
cycle 3 1 5 0 0 1 0 1 63 22 0 0
cycle 3 1 5 0 1 1 0 1 63 22 0 0
cycle 3 1 5 4 0 1 0 1 63 22 0 0
cycle 3 1 5 4 1 1 0 1 63 22 0 0
cycle 3 0 0 0 0 1 0 1 63 22 0 0
cycle 3 1 1 6 0 0 0 1 63 22 0 0
cycle 3 1 1 6 1 1 0 1 63 22 0 0
cycle 3 1 4 0 0 1 1 1 36 21 0 0
cycle 3 1 4 0 1 1 1 1 63 4 -18 0
cycle 3 1 7 5 0 1 0 1 63 4 -54 26
cycle 3 1 7 5 1 1 0 1 63 4 0 0
cycle 3 1 6 1 0 1 0 1 63 4 0 0
cycle 3 1 6 1 1 1 0 1 63 4 0 0
cycle 3 1 3 2 0 1 0 1 63 4 0 0
cycle 3 1 3 2 1 1 0 1 63 4 0 0
cycle 3 1 6 0 0 1 1 1 -64 25 0 0
cycle 3 1 6 0 1 1 1 1 -13 8 13 31
cycle 3 1 1 2 0 1 0 1 -13 8 -44 27
cycle 3 1 1 2 1 1 0 1 -13 8 0 0
cycle 3 1 0 6 0 1 0 1 -13 8 0 0
cycle 3 1 0 6 1 1 0 1 -13 8 0 0
cycle 3 1 2 0 0 1 1 1 -31 31 0 0
cycle 3 1 2 0 1 1 1 1 -20 30 -27 13
cycle 3 1 2 7 0 1 0 1 -20 30 58 4
cycle 3 1 2 7 1 1 0 1 -20 30 0 0
cycle 3 1 4 3 0 1 0 1 -20 30 0 0
cycle 3 1 4 3 1 1 0 1 -20 30 0 0
cycle 3 1 5 3 0 1 0 1 -20 30 0 0
cycle 3 1 5 3 1 1 0 1 -20 30 0 0
cycle 3 1 4 2 0 1 1 1 23 11 0 0
cycle 3 1 4 2 1 1 1 1 -64 19 63 4
cycle 3 1 6 7 0 1 0 1 -64 19 -53 2
cycle 3 1 6 7 1 1 0 1 -64 19 0 0
cycle 3 0 0 0 0 1 0 1 -64 19 0 0
cycle 3 1 1 1 0 0 0 1 -64 19 0 0
cycle 3 0 0 0 0 1 0 1 -64 19 0 0
cycle 3 1 1 1 1 0 0 1 -64 19 0 0
cycle 3 1 5 6 0 1 0 1 -64 19 0 0
cycle 3 0 0 0 0 1 0 1 -64 19 0 0
cycle 3 1 5 6 1 0 0 1 -64 19 0 0
cycle 3 1 6 4 0 1 1 1 -58 24 0 0
cycle 3 1 6 4 1 1 1 1 55 9 -39 8
cycle 3 1 4 2 0 1 1 1 63 4 -36 16
cycle 3 1 4 2 1 1 1 1 -53 2 43 9
cycle 3 0 0 0 0 1 0 1 -53 2 -26 1
cycle 3 1 0 5 0 0 0 1 -53 2 0 0
cycle 3 1 0 5 1 1 0 1 -53 2 0 0
cycle 3 1 2 6 0 1 0 1 -53 2 0 0
cycle 3 1 2 6 1 1 0 1 -53 2 0 0
cycle 3 0 0 0 0 1 0 1 -53 2 0 0
cycle 3 1 2 7 0 0 0 1 -53 2 0 0
cycle 3 1 2 7 1 1 0 1 -53 2 0 0
cycle 3 1 7 0 0 1 0 1 -53 2 0 0
cycle 3 0 0 0 0 1 0 1 -53 2 0 0
cycle 3 1 7 0 1 0 0 1 -53 2 0 0
cycle 3 1 1 0 0 1 0 1 -53 2 0 0
cycle 3 1 1 0 1 1 0 1 -53 2 0 0
cycle 3 1 2 2 0 1 1 1 30 17 0 0
cycle 3 1 2 2 1 1 1 1 52 9 0 27
cycle 3 1 0 2 0 1 1 1 36 28 47 5
cycle 3 1 0 2 1 1 1 1 -53 20 35 8
cycle 3 1 6 2 0 1 1 1 -22 1 63 0
cycle 3 0 0 0 0 1 0 1 -22 1 -16 29
cycle 3 1 6 2 1 0 1 1 -37 2 0 0
cycle 3 0 0 0 0 1 0 1 -37 2 -5 14
cycle 3 1 0 1 0 0 0 1 -37 2 0 0
cycle 3 1 0 1 1 1 0 1 -37 2 0 0
cycle 3 1 5 2 0 1 0 1 -37 2 0 0
cycle 3 1 5 2 1 1 0 1 -37 2 0 0
cycle 3 1 2 5 0 1 0 1 -37 2 0 0
cycle 3 0 0 0 0 1 0 1 -37 2 0 0
cycle 3 1 2 5 1 0 0 1 -37 2 0 0
cycle 3 1 0 2 0 1 1 1 35 8 0 0
cycle 3 1 0 2 1 1 1 1 63 0 -22 21
cycle 3 1 7 4 0 1 0 1 63 0 -14 27
cycle 3 1 7 4 1 1 0 1 63 0 0 0
cycle 3 1 0 4 0 1 1 1 -32 23 0 0
cycle 3 1 0 4 1 1 1 1 -59 25 45 26
cycle 3 1 2 6 0 1 0 1 -59 25 -14 5
cycle 3 1 2 6 1 1 0 1 -59 25 0 0
cycle 3 1 5 5 0 1 0 1 -59 25 0 0
cycle 3 0 0 0 0 1 0 1 -59 25 0 0
cycle 3 1 5 5 1 0 0 1 -59 25 0 0
cycle 3 1 3 6 0 1 0 1 -59 25 0 0
cycle 3 1 3 6 1 1 0 1 -59 25 0 0
cycle 3 1 5 4 0 1 0 1 -59 25 0 0
cycle 3 1 5 4 1 1 0 1 -59 25 0 0
cycle 3 1 3 0 0 1 0 1 -59 25 0 0
cycle 3 0 0 0 0 1 0 1 -59 25 0 0
cycle 3 1 3 0 1 0 0 1 -59 25 0 0
cycle 3 1 0 2 0 1 1 1 -22 21 0 0
cycle 3 1 0 2 1 1 1 1 -14 27 -64 25
cycle 3 1 7 2 0 1 0 1 -14 27 -64 14
cycle 3 1 7 2 1 1 0 1 -14 27 0 0
cycle 3 1 1 1 0 1 0 1 -14 27 0 0
cycle 3 1 1 1 1 1 0 1 -14 27 0 0
cycle 3 1 1 5 0 1 0 1 -14 27 0 0
cycle 3 1 1 5 1 1 0 1 -14 27 0 0
cycle 3 1 3 6 0 1 0 1 -14 27 0 0
cycle 3 0 0 0 0 1 0 1 -14 27 0 0
cycle 3 1 3 6 1 0 0 1 -14 27 0 0
cycle 3 1 3 6 0 1 0 1 -14 27 0 0
cycle 3 1 3 6 1 1 0 1 -14 27 0 0
cycle 3 1 2 2 0 1 1 1 0 27 0 0
cycle 3 1 2 2 1 1 1 1 47 5 18 15
cycle 3 1 1 3 0 1 0 1 47 5 -62 20
cycle 3 1 1 3 1 1 0 1 47 5 0 0
cycle 3 1 4 2 0 1 1 1 43 9 0 0
cycle 3 0 0 0 0 1 0 1 43 9 63 31
cycle 3 1 4 2 1 0 1 1 -26 1 0 0
cycle 3 1 3 2 0 1 0 1 -26 1 -57 5
cycle 3 1 3 2 1 1 0 1 -26 1 0 0
cycle 3 1 7 3 0 1 0 1 -26 1 0 0
cycle 3 1 7 3 1 1 0 1 -26 1 0 0
cycle 3 1 2 7 0 1 0 1 -26 1 0 0
cycle 3 1 2 7 1 1 0 1 -26 1 0 0
cycle 3 1 1 0 0 1 0 1 -26 1 0 0
cycle 3 1 1 0 1 1 0 1 -26 1 0 0
cycle 3 1 4 3 0 1 0 1 -26 1 0 0
cycle 3 1 4 3 1 1 0 1 -26 1 0 0
cycle 3 1 1 7 0 1 0 1 -26 1 0 0
cycle 3 0 0 0 0 1 0 1 -26 1 0 0
cycle 3 1 1 7 1 0 0 1 -26 1 0 0
cycle 3 1 0 4 0 1 1 1 45 26 0 0
cycle 3 1 0 4 1 1 1 1 -14 5 41 16
cycle 3 0 0 0 0 1 0 1 -14 5 24 0
cycle 3 1 1 2 0 0 0 1 -14 5 0 0
cycle 3 0 0 0 0 1 0 1 -14 5 0 0
cycle 3 1 1 2 1 0 0 1 -14 5 0 0
cycle 3 1 7 6 0 1 0 1 -14 5 0 0
cycle 3 0 0 0 0 1 0 1 -14 5 0 0
cycle 3 1 7 6 1 0 0 1 -14 5 0 0
cycle 3 1 0 7 0 1 0 1 -14 5 0 0
cycle 3 1 0 7 1 1 0 1 -14 5 0 0
cycle 3 1 4 6 0 1 0 1 -14 5 0 0
cycle 3 1 4 6 1 1 0 1 -14 5 0 0
cycle 3 1 4 7 0 1 0 1 -14 5 0 0
cycle 3 1 4 7 1 1 0 1 -14 5 0 0
cycle 3 1 6 4 0 1 1 1 -39 8 0 0
cycle 3 1 6 4 1 1 1 1 -36 16 58 15
cycle 3 1 0 2 0 1 1 1 -64 25 -58 18
cycle 3 1 0 2 1 1 1 1 -64 14 -62 28
cycle 3 1 2 1 0 1 0 1 -64 14 -57 31
cycle 3 1 2 1 1 1 0 1 -64 14 0 0
cycle 3 1 1 7 0 1 0 1 -64 14 0 0
cycle 3 1 1 7 1 1 0 1 -64 14 0 0
cycle 3 0 0 0 0 1 0 1 -64 14 0 0
cycle 3 1 0 1 0 0 0 1 -64 14 0 0
cycle 3 0 0 0 0 1 0 1 -64 14 0 0
cycle 3 1 0 1 1 0 0 1 -64 14 0 0
cycle 3 1 7 6 0 1 0 1 -64 14 0 0
cycle 3 1 7 6 1 1 0 1 -64 14 0 0
cycle 3 1 1 4 0 1 0 1 -64 14 0 0
cycle 3 1 1 4 1 1 0 1 -64 14 0 0
cycle 3 1 6 3 0 1 0 1 -64 14 0 0
cycle 3 1 6 3 1 1 0 1 -64 14 0 0
cycle 3 1 2 2 0 1 1 1 18 15 0 0
cycle 3 1 2 2 1 1 1 1 -62 20 13 19
cycle 3 1 1 0 0 1 0 1 -62 20 39 11
cycle 3 1 1 0 1 1 0 1 -62 20 0 0
cycle 3 0 0 0 0 1 0 1 -62 20 0 0
cycle 3 1 4 7 0 0 0 1 -62 20 0 0
cycle 3 0 0 0 0 1 0 1 -62 20 0 0
cycle 3 1 4 7 1 0 0 1 -62 20 0 0
cycle 3 1 1 4 0 1 0 1 -62 20 0 0
cycle 3 1 1 4 1 1 0 1 -62 20 0 0
cycle 3 1 6 6 0 1 0 1 -62 20 0 0
cycle 3 1 6 6 1 1 0 1 -62 20 0 0
cycle 3 1 3 5 0 1 0 1 -62 20 0 0
cycle 3 1 3 5 1 1 0 1 -62 20 0 0
cycle 3 0 0 0 0 1 0 1 -62 20 0 0
cycle 3 1 5 7 0 0 0 1 -62 20 0 0
cycle 3 1 5 7 1 1 0 1 -62 20 0 0
cycle 3 1 4 0 0 1 1 1 -18 0 0 0
cycle 3 1 4 0 1 1 1 1 -54 26 -34 2
cycle 3 1 2 5 0 1 0 1 -54 26 -42 24
cycle 3 1 2 5 1 1 0 1 -54 26 0 0
cycle 3 1 0 5 0 1 0 1 -54 26 0 0
cycle 3 0 0 0 0 1 0 1 -54 26 0 0
cycle 3 1 0 5 1 0 0 1 -54 26 0 0
cycle 3 1 6 3 0 1 0 1 -54 26 0 0
cycle 3 1 6 3 1 1 0 1 -54 26 0 0
cycle 3 1 0 1 0 1 0 1 -54 26 0 0
cycle 3 1 0 1 1 1 0 1 -54 26 0 0
cycle 3 1 4 3 0 1 0 1 -54 26 0 0
cycle 3 1 4 3 1 1 0 1 -54 26 0 0
cycle 3 1 1 0 0 1 0 1 -54 26 0 0
cycle 3 1 1 0 1 1 0 1 -54 26 0 0
cycle 3 1 7 5 0 1 0 1 -54 26 0 0
cycle 3 1 7 5 1 1 0 1 -54 26 0 0
cycle 3 1 1 7 0 1 0 1 -54 26 0 0
cycle 3 1 1 7 1 1 0 1 -54 26 0 0
cycle 3 1 4 6 0 1 0 1 -54 26 0 0
cycle 3 0 0 0 0 1 0 1 -54 26 0 0
cycle 3 1 4 6 1 0 0 1 -54 26 0 0
cycle 3 0 0 0 0 1 0 1 -54 26 0 0
cycle 3 1 2 3 0 0 0 1 -54 26 0 0
cycle 3 1 2 3 1 1 0 1 -54 26 0 0
cycle 3 0 0 0 0 1 0 1 -54 26 0 0
cycle 3 1 1 5 0 0 0 1 -54 26 0 0
cycle 3 1 1 5 1 1 0 1 -54 26 0 0
cycle 3 1 6 2 0 1 1 1 -16 29 0 0
cycle 3 1 6 2 1 1 1 1 -5 14 -22 20
cycle 3 1 3 2 0 1 0 1 -5 14 36 16
cycle 3 1 3 2 1 1 0 1 -5 14 0 0
cycle 3 0 0 0 0 1 0 1 -5 14 0 0
cycle 3 1 4 3 0 0 0 1 -5 14 0 0
cycle 3 0 0 0 0 1 0 1 -5 14 0 0
cycle 3 1 4 3 1 0 0 1 -5 14 0 0
cycle 3 1 3 6 0 1 0 1 -5 14 0 0
cycle 3 1 3 6 1 1 0 1 -5 14 0 0
cycle 3 1 6 2 0 1 1 1 -22 20 0 0
cycle 3 1 6 2 1 1 1 1 36 16 4 22
cycle 3 1 7 4 0 1 0 1 36 16 24 20
cycle 3 0 0 0 0 1 0 1 36 16 0 0
cycle 3 1 7 4 1 0 0 1 36 16 0 0
cycle 3 0 0 0 0 1 0 1 36 16 0 0
cycle 3 1 5 6 0 0 0 1 36 16 0 0
cycle 3 1 5 6 1 1 0 1 36 16 0 0
cycle 3 1 0 7 0 1 0 1 36 16 0 0
cycle 3 1 0 7 1 1 0 1 36 16 0 0
cycle 3 1 7 5 0 1 0 1 36 16 0 0
cycle 3 1 7 5 1 1 0 1 36 16 0 0
cycle 3 1 3 4 0 1 0 1 36 16 0 0
cycle 3 0 0 0 0 1 0 1 36 16 0 0
cycle 3 1 3 4 1 0 0 1 36 16 0 0
cycle 3 1 4 6 0 1 0 1 36 16 0 0
cycle 3 0 0 0 0 1 0 1 36 16 0 0
cycle 3 1 4 6 1 0 0 1 36 16 0 0
cycle 3 1 0 3 0 1 0 1 36 16 0 0
cycle 3 1 0 3 1 1 0 1 36 16 0 0
cycle 3 0 0 0 0 1 0 1 36 16 0 0
cycle 3 1 4 3 0 0 0 1 36 16 0 0
cycle 3 1 4 3 1 1 0 1 36 16 0 0
cycle 3 1 2 6 0 1 0 1 36 16 0 0
cycle 3 1 2 6 1 1 0 1 36 16 0 0
cycle 3 1 5 0 0 1 0 1 36 16 0 0
cycle 3 1 5 0 1 1 0 1 36 16 0 0
cycle 3 1 2 6 0 1 0 1 36 16 0 0
cycle 3 1 2 6 1 1 0 1 36 16 0 0
cycle 3 1 1 6 0 1 0 1 36 16 0 0
cycle 3 0 0 0 0 1 0 1 36 16 0 0
cycle 3 1 1 6 1 0 0 1 36 16 0 0
cycle 3 1 1 7 0 1 0 1 36 16 0 0
cycle 3 1 1 7 1 1 0 1 36 16 0 0
cycle 3 1 0 2 0 1 1 1 -62 28 0 0
cycle 3 1 0 2 1 1 1 1 -57 31 -59 28
cycle 3 0 0 0 0 1 0 1 -57 31 4 7
cycle 3 1 0 4 0 0 1 1 41 16 0 0
cycle 3 1 0 4 1 1 1 1 24 0 -60 1
cycle 3 1 2 7 0 1 0 1 24 0 -2 15
cycle 3 1 2 7 1 1 0 1 24 0 0 0
cycle 3 1 4 0 0 1 1 1 -34 2 0 0
cycle 3 1 4 0 1 1 1 1 -42 24 22 19
cycle 3 1 6 6 0 1 0 1 -42 24 9 29
cycle 3 1 6 6 1 1 0 1 -42 24 0 0
cycle 3 1 6 6 0 1 0 1 -42 24 0 0
cycle 3 0 0 0 0 1 0 1 -42 24 0 0
cycle 3 1 6 6 1 0 0 1 -42 24 0 0
cycle 3 0 0 0 0 1 0 1 -42 24 0 0
cycle 3 1 0 5 0 0 0 1 -42 24 0 0
cycle 3 1 0 5 1 1 0 1 -42 24 0 0
cycle 3 0 0 0 0 1 0 1 -42 24 0 0
cycle 3 1 4 4 0 0 1 1 56 1 0 0
cycle 3 1 4 4 1 1 1 1 14 20 -21 12
cycle 3 0 0 0 0 1 0 1 14 20 -11 2
cycle 3 1 0 7 0 0 0 1 14 20 0 0
cycle 3 1 0 7 1 1 0 1 14 20 0 0
cycle 3 1 0 3 0 1 0 1 14 20 0 0
cycle 3 1 0 3 1 1 0 1 14 20 0 0
cycle 3 1 5 3 0 1 0 1 14 20 0 0
cycle 3 0 0 0 0 1 0 1 14 20 0 0
cycle 3 1 5 3 1 0 0 1 14 20 0 0
cycle 3 1 3 2 0 1 0 1 14 20 0 0
cycle 3 1 3 2 1 1 0 1 14 20 0 0
cycle 3 0 0 0 0 1 0 1 14 20 0 0
cycle 3 1 2 4 0 0 1 1 -59 18 0 0
cycle 3 1 2 4 1 1 1 1 38 22 31 20
cycle 3 1 1 5 0 1 0 1 38 22 38 26
cycle 3 1 1 5 1 1 0 1 38 22 0 0
cycle 3 0 0 0 0 1 0 1 38 22 0 0
cycle 3 1 7 3 0 0 0 1 38 22 0 0
cycle 3 1 7 3 1 1 0 1 38 22 0 0
cycle 3 1 7 3 0 1 0 1 38 22 0 0
cycle 3 1 7 3 1 1 0 1 38 22 0 0
cycle 3 1 7 1 0 1 0 1 38 22 0 0
cycle 3 1 7 1 1 1 0 1 38 22 0 0
cycle 3 1 2 4 0 1 1 1 31 20 0 0
cycle 3 1 2 4 1 1 1 1 38 26 -64 24
cycle 3 1 3 1 0 1 0 1 38 26 40 31
cycle 3 1 3 1 1 1 0 1 38 26 0 0
cycle 3 1 4 4 0 1 1 1 -21 12 0 0
cycle 3 1 4 4 1 1 1 1 -11 2 2 31
cycle 3 1 1 7 0 1 0 1 -11 2 51 6
cycle 3 1 1 7 1 1 0 1 -11 2 0 0
cycle 3 1 2 3 0 1 0 1 -11 2 0 0
cycle 3 1 2 3 1 1 0 1 -11 2 0 0
cycle 3 1 5 1 0 1 0 1 -11 2 0 0
cycle 3 1 5 1 1 1 0 1 -11 2 0 0
cycle 3 1 7 7 0 1 0 1 -11 2 0 0
cycle 3 1 7 7 1 1 0 1 -11 2 0 0
cycle 3 1 7 3 0 1 0 1 -11 2 0 0
cycle 3 1 7 3 1 1 0 1 -11 2 0 0
cycle 3 1 5 3 0 1 0 1 -11 2 0 0
cycle 3 1 5 3 1 1 0 1 -11 2 0 0
cycle 3 0 0 0 0 1 0 1 -11 2 0 0
cycle 3 1 0 6 0 0 0 1 -11 2 0 0
cycle 3 1 0 6 1 1 0 1 -11 2 0 0
cycle 3 1 0 5 0 1 0 1 -11 2 0 0
cycle 3 1 0 5 1 1 0 1 -11 2 0 0
cycle 3 1 4 3 0 1 0 1 -11 2 0 0
cycle 3 1 4 3 1 1 0 1 -11 2 0 0
cycle 3 1 1 6 0 1 0 1 -11 2 0 0
cycle 3 1 1 6 1 1 0 1 -11 2 0 0
cycle 3 0 0 0 0 1 0 1 -11 2 0 0
cycle 3 1 4 1 0 0 0 1 -11 2 0 0
cycle 3 1 4 1 1 1 0 1 -11 2 0 0
cycle 3 1 1 1 0 1 0 1 -11 2 0 0
cycle 3 0 0 0 0 1 0 1 -11 2 0 0
cycle 3 1 1 1 1 0 0 1 -11 2 0 0
cycle 3 1 1 5 0 1 0 1 -11 2 0 0
cycle 3 0 0 0 0 1 0 1 -11 2 0 0
cycle 3 1 1 5 1 0 0 1 -11 2 0 0
cycle 3 1 4 3 0 1 0 1 -11 2 0 0
cycle 3 1 4 3 1 1 0 1 -11 2 0 0
cycle 3 1 3 4 0 1 0 1 -11 2 0 0
cycle 3 1 3 4 1 1 0 1 -11 2 0 0
cycle 3 0 0 0 0 1 0 1 -11 2 0 0
cycle 3 1 1 6 0 0 0 1 -11 2 0 0
cycle 3 1 1 6 1 1 0 1 -11 2 0 0
cycle 3 0 0 0 0 1 0 1 -11 2 0 0
cycle 3 1 6 3 0 0 0 1 -11 2 0 0
cycle 3 1 6 3 1 1 0 1 -11 2 0 0
cycle 3 1 5 7 0 1 0 1 -11 2 0 0
cycle 3 1 5 7 1 1 0 1 -11 2 0 0
cycle 3 1 6 1 0 1 0 1 -11 2 0 0
cycle 3 1 6 1 1 1 0 1 -11 2 0 0
cycle 3 1 0 6 0 1 0 1 -11 2 0 0
cycle 3 1 0 6 1 1 0 1 -11 2 0 0
cycle 3 0 0 0 0 1 0 1 -11 2 0 0
cycle 3 1 4 6 0 0 0 1 -11 2 0 0
cycle 3 1 4 6 1 1 0 1 -11 2 0 0
cycle 3 0 0 0 0 1 0 1 -11 2 0 0
cycle 3 1 5 0 0 0 0 1 -11 2 0 0
cycle 3 0 0 0 0 1 0 1 -11 2 0 0
cycle 3 1 5 0 1 0 0 1 -11 2 0 0
cycle 3 1 3 4 0 1 0 1 -11 2 0 0
cycle 3 1 3 4 1 1 0 1 -11 2 0 0
cycle 3 1 5 6 0 1 0 1 -11 2 0 0
cycle 3 1 5 6 1 1 0 1 -11 2 0 0
cycle 3 1 7 3 0 1 0 1 -11 2 0 0
cycle 3 1 7 3 1 1 0 1 -11 2 0 0
cycle 3 1 4 3 0 1 0 1 -11 2 0 0
cycle 3 1 4 3 1 1 0 1 -11 2 0 0
cycle 3 0 0 0 0 1 0 1 -11 2 0 0
cycle 3 1 1 5 0 0 0 1 -11 2 0 0
cycle 3 0 0 0 0 1 0 1 -11 2 0 0
cycle 3 1 1 5 1 0 0 1 -11 2 0 0
cycle 3 1 1 6 0 1 0 1 -11 2 0 0
cycle 3 0 0 0 0 1 0 1 -11 2 0 0
cycle 3 1 1 6 1 0 0 1 -11 2 0 0
cycle 3 1 6 3 0 1 0 1 -11 2 0 0
cycle 3 1 6 3 1 1 0 1 -11 2 0 0
cycle 3 1 6 6 0 1 0 1 -11 2 0 0
cycle 3 1 6 6 1 1 0 1 -11 2 0 0
cycle 3 1 0 6 0 1 0 1 -11 2 0 0
cycle 3 1 0 6 1 1 0 1 -11 2 0 0
cycle 3 1 4 0 0 1 1 1 22 19 0 0
cycle 3 0 0 0 0 1 0 1 22 19 26 14
cycle 3 1 4 0 1 0 1 1 9 29 0 0
cycle 3 1 5 5 0 1 0 1 9 29 -57 29
cycle 3 1 5 5 1 1 0 1 9 29 0 0
cycle 3 1 3 6 0 1 0 1 9 29 0 0
cycle 3 1 3 6 1 1 0 1 9 29 0 0
cycle 3 1 2 6 0 1 0 1 9 29 0 0
cycle 3 1 2 6 1 1 0 1 9 29 0 0
cycle 3 1 1 3 0 1 0 1 9 29 0 0
cycle 3 1 1 3 1 1 0 1 9 29 0 0
cycle 3 1 7 1 0 1 0 1 9 29 0 0
cycle 3 1 7 1 1 1 0 1 9 29 0 0
cycle 3 1 7 1 0 1 0 1 9 29 0 0
cycle 3 1 7 1 1 1 0 1 9 29 0 0
cycle 3 1 0 6 0 1 0 1 9 29 0 0
cycle 3 1 0 6 1 1 0 1 9 29 0 0
cycle 3 1 7 2 0 1 0 1 9 29 0 0
cycle 3 1 7 2 1 1 0 1 9 29 0 0
cycle 3 1 7 6 0 1 0 1 9 29 0 0
cycle 3 1 7 6 1 1 0 1 9 29 0 0
cycle 3 1 3 4 0 1 0 1 9 29 0 0
cycle 3 1 3 4 1 1 0 1 9 29 0 0
cycle 3 1 3 1 0 1 0 1 9 29 0 0
cycle 3 1 3 1 1 1 0 1 9 29 0 0
cycle 3 1 7 3 0 1 0 1 9 29 0 0
cycle 3 0 0 0 0 1 0 1 9 29 0 0
cycle 3 1 7 3 1 0 0 1 9 29 0 0
cycle 3 1 2 6 0 1 0 1 9 29 0 0
cycle 3 1 2 6 1 1 0 1 9 29 0 0
cycle 3 1 6 6 0 1 0 1 9 29 0 0
cycle 3 1 6 6 1 1 0 1 9 29 0 0
cycle 3 1 4 2 0 1 1 1 63 31 0 0
cycle 3 1 4 2 1 1 1 1 -57 5 -23 5
cycle 3 1 4 6 0 1 0 1 -57 5 -32 7
cycle 3 0 0 0 0 1 0 1 -57 5 0 0
cycle 3 1 4 6 1 0 0 1 -57 5 0 0
cycle 3 1 5 0 0 1 0 1 -57 5 0 0
cycle 3 1 5 0 1 1 0 1 -57 5 0 0
cycle 3 1 6 4 0 1 1 1 58 15 0 0
cycle 3 1 6 4 1 1 1 1 -58 18 -62 16
cycle 3 0 0 0 0 1 0 1 -58 18 -46 28
cycle 3 1 7 1 0 0 0 1 -58 18 0 0
cycle 3 0 0 0 0 1 0 1 -58 18 0 0
cycle 3 1 7 1 1 0 0 1 -58 18 0 0
cycle 3 1 6 7 0 1 0 1 -58 18 0 0
cycle 3 0 0 0 0 1 0 1 -58 18 0 0
cycle 3 1 6 7 1 0 0 1 -58 18 0 0
cycle 3 1 6 5 0 1 0 1 -58 18 0 0
cycle 3 1 6 5 1 1 0 1 -58 18 0 0
cycle 3 1 5 2 0 1 0 1 -58 18 0 0
cycle 3 1 5 2 1 1 0 1 -58 18 0 0
cycle 3 1 5 7 0 1 0 1 -58 18 0 0
cycle 3 0 0 0 0 1 0 1 -58 18 0 0
cycle 3 1 5 7 1 0 0 1 -58 18 0 0
cycle 3 1 5 0 0 1 0 1 -58 18 0 0
cycle 3 1 5 0 1 1 0 1 -58 18 0 0
cycle 3 1 3 3 0 1 0 1 -58 18 0 0
cycle 3 1 3 3 1 1 0 1 -58 18 0 0
cycle 3 0 0 0 0 1 0 1 -58 18 0 0
cycle 3 1 6 2 0 0 1 1 4 22 0 0
cycle 3 1 6 2 1 1 1 1 24 20 -40 18
cycle 3 1 2 7 0 1 0 1 24 20 4 24
cycle 3 1 2 7 1 1 0 1 24 20 0 0
cycle 3 1 2 0 0 1 1 1 -27 13 0 0
cycle 3 1 2 0 1 1 1 1 58 4 59 6
cycle 3 1 2 4 0 1 1 1 -64 24 -2 20
cycle 3 1 2 4 1 1 1 1 40 31 63 30
cycle 3 1 7 1 0 1 0 1 40 31 -64 20
cycle 3 1 7 1 1 1 0 1 40 31 0 0
cycle 3 1 2 5 0 1 0 1 40 31 0 0
cycle 3 0 0 0 0 1 0 1 40 31 0 0
cycle 3 1 2 5 1 0 0 1 40 31 0 0
cycle 3 1 5 3 0 1 0 1 40 31 0 0
cycle 3 1 5 3 1 1 0 1 40 31 0 0
cycle 3 1 1 6 0 1 0 1 40 31 0 0
cycle 3 1 1 6 1 1 0 1 40 31 0 0
cycle 3 0 0 0 0 1 0 1 40 31 0 0
cycle 3 1 4 5 0 0 0 1 40 31 0 0
cycle 3 1 4 5 1 1 0 1 40 31 0 0
cycle 3 1 7 6 0 1 0 1 40 31 0 0
cycle 3 1 7 6 1 1 0 1 40 31 0 0
cycle 3 1 2 2 0 1 1 1 13 19 0 0
cycle 3 1 2 2 1 1 1 1 39 11 40 0
cycle 3 1 1 1 0 1 0 1 39 11 34 1
cycle 3 1 1 1 1 1 0 1 39 11 0 0
cycle 3 1 2 3 0 1 0 1 39 11 0 0
cycle 3 0 0 0 0 1 0 1 39 11 0 0
cycle 3 1 2 3 1 0 0 1 39 11 0 0
cycle 3 1 5 0 0 1 0 1 39 11 0 0
cycle 3 0 0 0 0 1 0 1 39 11 0 0
cycle 3 1 5 0 1 0 0 1 39 11 0 0
cycle 3 0 0 0 0 1 0 1 39 11 0 0
cycle 3 1 1 1 0 0 0 1 39 11 0 0
cycle 3 0 0 0 0 1 0 1 39 11 0 0
cycle 3 1 1 1 1 0 0 1 39 11 0 0
cycle 3 1 3 4 0 1 0 1 39 11 0 0
cycle 3 1 3 4 1 1 0 1 39 11 0 0
cycle 3 1 1 1 0 1 0 1 39 11 0 0
cycle 3 0 0 0 0 1 0 1 39 11 0 0
cycle 3 1 1 1 1 0 0 1 39 11 0 0
cycle 3 1 4 0 0 1 1 1 26 14 0 0
cycle 3 1 4 0 1 1 1 1 -57 29 -34 2
cycle 3 0 0 0 0 1 0 1 -57 29 11 26
cycle 3 1 7 4 0 0 0 1 -57 29 0 0
cycle 3 1 7 4 1 1 0 1 -57 29 0 0
cycle 3 1 5 6 0 1 0 1 -57 29 0 0
cycle 3 1 5 6 1 1 0 1 -57 29 0 0
cycle 3 1 0 1 0 1 0 1 -57 29 0 0
cycle 3 1 0 1 1 1 0 1 -57 29 0 0
cycle 3 0 0 0 0 1 0 1 -57 29 0 0
cycle 3 1 0 7 0 0 0 1 -57 29 0 0
cycle 3 0 0 0 0 1 0 1 -57 29 0 0
cycle 3 1 0 7 1 0 0 1 -57 29 0 0
cycle 3 1 0 2 0 1 1 1 -59 28 0 0
cycle 3 1 0 2 1 1 1 1 4 7 -17 26
cycle 3 1 1 4 0 1 0 1 4 7 -8 5
cycle 3 1 1 4 1 1 0 1 4 7 0 0
cycle 3 1 1 5 0 1 0 1 4 7 0 0
cycle 3 1 1 5 1 1 0 1 4 7 0 0
cycle 3 1 4 4 0 1 1 1 2 31 0 0
cycle 3 1 4 4 1 1 1 1 51 6 -58 1
cycle 3 1 5 4 0 1 0 1 51 6 39 2
cycle 3 1 5 4 1 1 0 1 51 6 0 0
cycle 3 1 6 0 0 1 1 1 13 31 0 0
cycle 3 1 6 0 1 1 1 1 -44 27 9 21
cycle 3 0 0 0 0 1 0 1 -44 27 22 21
cycle 3 1 2 4 0 0 1 1 63 30 0 0
cycle 3 1 2 4 1 1 1 1 -64 20 17 26
cycle 3 0 0 0 0 1 0 1 -64 20 55 0
cycle 3 1 4 5 0 0 0 1 -64 20 0 0
cycle 3 1 4 5 1 1 0 1 -64 20 0 0
cycle 3 1 1 1 0 1 0 1 -64 20 0 0
cycle 3 1 1 1 1 1 0 1 -64 20 0 0
cycle 3 1 5 7 0 1 0 1 -64 20 0 0
cycle 3 1 5 7 1 1 0 1 -64 20 0 0
cycle 3 1 1 0 0 1 0 1 -64 20 0 0
cycle 3 1 1 0 1 1 0 1 -64 20 0 0
cycle 3 1 5 6 0 1 0 1 -64 20 0 0
cycle 3 0 0 0 0 1 0 1 -64 20 0 0
cycle 3 1 5 6 1 0 0 1 -64 20 0 0
cycle 3 0 0 0 0 1 0 1 -64 20 0 0
cycle 3 1 3 3 0 0 0 1 -64 20 0 0
cycle 3 1 3 3 1 1 0 1 -64 20 0 0
cycle 3 0 0 0 0 1 0 1 -64 20 0 0
cycle 3 1 7 2 0 0 0 1 -64 20 0 0
cycle 3 1 7 2 1 1 0 1 -64 20 0 0
cycle 3 1 0 6 0 1 0 1 -64 20 0 0
cycle 3 1 0 6 1 1 0 1 -64 20 0 0
cycle 3 0 0 0 0 1 0 1 -64 20 0 0
cycle 3 1 5 6 0 0 0 1 -64 20 0 0
cycle 3 1 5 6 1 1 0 1 -64 20 0 0
cycle 3 1 0 4 0 1 1 1 -60 1 0 0
cycle 3 1 0 4 1 1 1 1 -2 15 -48 0
cycle 3 1 7 3 0 1 0 1 -2 15 6 19
cycle 3 1 7 3 1 1 0 1 -2 15 0 0
cycle 3 1 5 6 0 1 0 1 -2 15 0 0
cycle 3 1 5 6 1 1 0 1 -2 15 0 0
cycle 3 1 6 1 0 1 0 1 -2 15 0 0
cycle 3 1 6 1 1 1 0 1 -2 15 0 0
cycle 3 1 7 3 0 1 0 1 -2 15 0 0
cycle 3 1 7 3 1 1 0 1 -2 15 0 0
cycle 3 1 4 3 0 1 0 1 -2 15 0 0
cycle 3 1 4 3 1 1 0 1 -2 15 0 0
cycle 3 1 6 1 0 1 0 1 -2 15 0 0
cycle 3 1 6 1 1 1 0 1 -2 15 0 0
cycle 3 1 2 3 0 1 0 1 -2 15 0 0
cycle 3 1 2 3 1 1 0 1 -2 15 0 0
cycle 3 1 7 2 0 1 0 1 -2 15 0 0
cycle 3 1 7 2 1 1 0 1 -2 15 0 0
cycle 3 1 5 1 0 1 0 1 -2 15 0 0
cycle 3 0 0 0 0 1 0 1 -2 15 0 0
cycle 3 1 5 1 1 0 0 1 -2 15 0 0
cycle 3 1 5 1 0 1 0 1 -2 15 0 0
cycle 3 1 5 1 1 1 0 1 -2 15 0 0
cycle 3 1 7 7 0 1 0 1 -2 15 0 0
cycle 3 0 0 0 0 1 0 1 -2 15 0 0
cycle 3 1 7 7 1 0 0 1 -2 15 0 0
cycle 3 0 0 0 0 1 0 1 -2 15 0 0
cycle 3 1 3 0 0 0 0 1 -2 15 0 0
cycle 3 1 3 0 1 1 0 1 -2 15 0 0
cycle 3 1 2 0 0 1 1 1 59 6 0 0
cycle 3 1 2 0 1 1 1 1 -2 20 7 0
cycle 3 1 6 7 0 1 0 1 -2 20 -64 8
cycle 3 1 6 7 1 1 0 1 -2 20 0 0
cycle 3 1 2 7 0 1 0 1 -2 20 0 0
cycle 3 1 2 7 1 1 0 1 -2 20 0 0
cycle 3 1 5 2 0 1 0 1 -2 20 0 0
cycle 3 1 5 2 1 1 0 1 -2 20 0 0
cycle 3 1 5 0 0 1 0 1 -2 20 0 0
cycle 3 1 5 0 1 1 0 1 -2 20 0 0
cycle 3 1 7 4 0 1 0 1 -2 20 0 0
cycle 3 1 7 4 1 1 0 1 -2 20 0 0
cycle 3 1 6 3 0 1 0 1 -2 20 0 0
cycle 3 1 6 3 1 1 0 1 -2 20 0 0
cycle 3 1 5 7 0 1 0 1 -2 20 0 0
cycle 3 1 5 7 1 1 0 1 -2 20 0 0
cycle 3 1 6 1 0 1 0 1 -2 20 0 0
cycle 3 0 0 0 0 1 0 1 -2 20 0 0
cycle 3 1 6 1 1 0 0 1 -2 20 0 0
cycle 3 1 1 6 0 1 0 1 -2 20 0 0
cycle 3 1 1 6 1 1 0 1 -2 20 0 0
cycle 3 1 1 0 0 1 0 1 -2 20 0 0
cycle 3 1 1 0 1 1 0 1 -2 20 0 0
cycle 3 1 0 1 0 1 0 1 -2 20 0 0
cycle 3 1 0 1 1 1 0 1 -2 20 0 0
cycle 3 1 1 2 0 1 0 1 -2 20 0 0
cycle 3 0 0 0 0 1 0 1 -2 20 0 0
cycle 3 1 1 2 1 0 0 1 -2 20 0 0
cycle 3 0 0 0 0 1 0 1 -2 20 0 0
cycle 4 1 0 0 0 0 1 1 26 10 0 0
cycle 4 1 0 2 0 0 1 1 -17 26 0 0
cycle 4 1 0 4 0 0 1 1 -48 0 0 0
cycle 4 1 2 0 0 0 1 1 7 0 0 0
cycle 4 1 2 2 0 0 1 1 40 0 0 0
cycle 4 1 2 4 0 0 1 1 17 26 0 0
cycle 4 1 4 0 0 0 1 1 -34 2 0 0
cycle 4 1 4 2 0 0 1 1 -23 5 0 0
cycle 4 1 4 4 0 0 1 1 -58 1 0 0
cycle 4 1 6 0 0 0 1 1 9 21 0 0
cycle 4 1 6 2 0 0 1 1 -40 18 0 0
cycle 4 1 6 4 0 0 1 1 -62 16 0 0
cycle 4 1 0 0 1 0 1 1 51 31 0 0
cycle 4 1 0 2 1 0 1 1 -8 5 0 0
cycle 4 1 0 4 1 0 1 1 6 19 0 0
cycle 4 1 2 0 1 0 1 1 -64 8 0 0
cycle 4 1 2 2 1 0 1 1 34 1 0 0
cycle 4 1 2 4 1 0 1 1 55 0 0 0
cycle 4 1 4 0 1 0 1 1 11 26 0 0
cycle 4 1 4 2 1 0 1 1 -32 7 0 0
cycle 4 1 4 4 1 0 1 1 39 2 0 0
cycle 4 1 6 0 1 0 1 1 22 21 0 0
cycle 4 1 6 2 1 0 1 1 4 24 0 0
cycle 4 1 6 4 1 0 1 1 -46 28 0 0
reset 3 24
cycle 5 1 0 0 0 0 1 1 0 0 0 0
cycle 5 1 0 2 0 0 1 1 0 0 0 0
cycle 5 1 0 4 0 0 1 1 0 0 0 0
cycle 5 1 2 0 0 0 1 1 0 0 0 0
cycle 5 1 2 2 0 0 1 1 0 0 0 0
cycle 5 1 2 4 0 0 1 1 0 0 0 0
cycle 5 1 4 0 0 0 1 1 0 0 0 0
cycle 5 1 4 2 0 0 1 1 0 0 0 0
cycle 5 1 4 4 0 0 1 1 0 0 0 0
cycle 5 1 6 0 0 0 1 1 0 0 0 0
cycle 5 1 6 2 0 0 1 1 0 0 0 0
cycle 5 1 6 4 0 0 1 1 0 0 0 0
cycle 5 1 0 0 1 0 1 1 0 0 0 0
cycle 5 1 0 2 1 0 1 1 0 0 0 0
cycle 5 1 0 4 1 0 1 1 0 0 0 0
cycle 5 1 2 0 1 0 1 1 0 0 0 0
cycle 5 1 2 2 1 0 1 1 0 0 0 0
cycle 5 1 2 4 1 0 1 1 0 0 0 0
cycle 5 1 4 0 1 0 1 1 0 0 0 0
cycle 5 1 4 2 1 0 1 1 0 0 0 0
cycle 5 1 4 4 1 0 1 1 0 0 0 0
cycle 5 1 6 0 1 0 1 1 0 0 0 0
cycle 5 1 6 2 1 0 1 1 0 0 0 0
cycle 5 1 6 4 1 0 1 1 0 0 0 0
end 7258 7258
