0 0 0 0 1 3 3 139 1 3 0 -32 0 0 0 0 1 0 3 35 1 0 0 -256 0 0 0 0 0 0 0 0 0 0 0 0 0 0 0 0
0 0 0 1 1 3 4 -191 1 3 1 59 0 0 0 0 1 0 4 -197 1 0 1 255 0 0 0 0 0 0 0 0 0 0 0 0 0 0 0 0
0 0 0 2 1 3 5 -94 1 3 2 45 0 0 0 0 1 0 5 166 1 0 2 71 0 0 0 0 0 0 0 0 0 0 0 0 0 0 0 0
0 0 0 3 1 3 6 115 1 3 3 139 1 3 0 -32 1 0 6 151 1 0 3 35 1 0 0 -256 0 0 0 0 0 0 0 0 0 0 0 0
0 0 0 4 0 0 0 0 1 3 4 -191 1 3 1 59 0 0 0 0 1 0 4 -197 1 0 1 255 0 0 0 0 0 0 0 0 0 0 0 0
0 0 0 5 0 0 0 0 1 3 5 -94 1 3 2 45 0 0 0 0 1 0 5 166 1 0 2 71 0 0 0 0 0 0 0 0 0 0 0 0
0 0 0 6 0 0 0 0 1 3 6 115 1 3 3 139 0 0 0 0 1 0 6 151 1 0 3 35 0 0 0 0 0 0 0 0 0 0 0 0
0 0 0 7 0 0 0 0 0 0 0 0 1 3 4 -191 0 0 0 0 0 0 0 0 1 0 4 -197 0 0 0 0 0 0 0 0 0 0 0 0
0 0 0 8 0 0 0 0 0 0 0 0 1 3 5 -94 0 0 0 0 0 0 0 0 1 0 5 166 0 0 0 0 0 0 0 0 0 0 0 0
0 0 0 9 0 0 0 0 0 0 0 0 1 3 6 115 0 0 0 0 0 0 0 0 1 0 6 151 0 0 0 0 0 0 0 0 0 0 0 0
0 0 0 10 0 0 0 0 0 0 0 0 0 0 0 0 0 0 0 0 0 0 0 0 0 0 0 0 0 0 0 0 0 0 0 0 0 0 0 0
0 0 0 11 0 0 0 0 0 0 0 0 0 0 0 0 0 0 0 0 0 0 0 0 0 0 0 0 0 0 0 0 0 0 0 0 0 0 0 0
0 0 0 12 0 0 0 0 0 0 0 0 0 0 0 0 0 0 0 0 0 0 0 0 0 0 0 0 0 0 0 0 0 0 0 0 0 0 0 0
0 0 0 13 0 0 0 0 0 0 0 0 0 0 0 0 0 0 0 0 0 0 0 0 0 0 0 0 0 0 0 0 0 0 0 0 0 0 0 0
0 0 0 14 0 0 0 0 0 0 0 0 0 0 0 0 0 0 0 0 0 0 0 0 0 0 0 0 0 0 0 0 0 0 0 0 0 0 0 0
0 0 0 15 0 0 0 0 0 0 0 0 0 0 0 0 0 0 0 0 0 0 0 0 0 0 0 0 0 0 0 0 0 0 0 0 0 0 0 0
0 0 1 0 1 4 3 -159 1 4 0 -153 0 0 0 0 1 1 3 11 1 1 0 16 0 0 0 0 0 0 0 0 0 0 0 0 0 0 0 0
0 0 1 1 1 4 4 255 1 4 1 -113 0 0 0 0 1 1 4 254 1 1 1 -126 0 0 0 0 0 0 0 0 0 0 0 0 0 0 0 0
0 0 1 2 1 4 5 185 1 4 2 245 0 0 0 0 1 1 5 -113 1 1 2 160 0 0 0 0 0 0 0 0 0 0 0 0 0 0 0 0
0 0 1 3 1 4 6 -177 1 4 3 -159 1 4 0 -153 1 1 6 -77 1 1 3 11 1 1 0 16 0 0 0 0 0 0 0 0 0 0 0 0
0 0 1 4 0 0 0 0 1 4 4 255 1 4 1 -113 0 0 0 0 1 1 4 254 1 1 1 -126 0 0 0 0 0 0 0 0 0 0 0 0
0 0 1 5 0 0 0 0 1 4 5 185 1 4 2 245 0 0 0 0 1 1 5 -113 1 1 2 160 0 0 0 0 0 0 0 0 0 0 0 0
0 0 1 6 0 0 0 0 1 4 6 -177 1 4 3 -159 0 0 0 0 1 1 6 -77 1 1 3 11 0 0 0 0 0 0 0 0 0 0 0 0
0 0 1 7 0 0 0 0 0 0 0 0 1 4 4 255 0 0 0 0 0 0 0 0 1 1 4 254 0 0 0 0 0 0 0 0 0 0 0 0
0 0 1 8 0 0 0 0 0 0 0 0 1 4 5 185 0 0 0 0 0 0 0 0 1 1 5 -113 0 0 0 0 0 0 0 0 0 0 0 0
0 0 1 9 0 0 0 0 0 0 0 0 1 4 6 -177 0 0 0 0 0 0 0 0 1 1 6 -77 0 0 0 0 0 0 0 0 0 0 0 0
0 0 1 10 0 0 0 0 0 0 0 0 0 0 0 0 0 0 0 0 0 0 0 0 0 0 0 0 0 0 0 0 0 0 0 0 0 0 0 0
0 0 1 11 0 0 0 0 0 0 0 0 0 0 0 0 0 0 0 0 0 0 0 0 0 0 0 0 0 0 0 0 0 0 0 0 0 0 0 0
0 0 1 12 0 0 0 0 0 0 0 0 0 0 0 0 0 0 0 0 0 0 0 0 0 0 0 0 0 0 0 0 0 0 0 0 0 0 0 0
0 0 1 13 0 0 0 0 0 0 0 0 0 0 0 0 0 0 0 0 0 0 0 0 0 0 0 0 0 0 0 0 0 0 0 0 0 0 0 0
0 0 1 14 0 0 0 0 0 0 0 0 0 0 0 0 0 0 0 0 0 0 0 0 0 0 0 0 0 0 0 0 0 0 0 0 0 0 0 0
0 0 1 15 0 0 0 0 0 0 0 0 0 0 0 0 0 0 0 0 0 0 0 0 0 0 0 0 0 0 0 0 0 0 0 0 0 0 0 0
0 0 2 0 1 5 3 56 1 5 0 32 0 0 0 0 1 2 3 -56 1 2 0 155 0 0 0 0 0 0 0 0 0 0 0 0 0 0 0 0
0 0 2 1 1 5 4 204 1 5 1 -91 0 0 0 0 1 2 4 115 1 2 1 -169 0 0 0 0 0 0 0 0 0 0 0 0 0 0 0 0
0 0 2 2 1 5 5 220 1 5 2 -8 0 0 0 0 1 2 5 129 1 2 2 -92 0 0 0 0 0 0 0 0 0 0 0 0 0 0 0 0
0 0 2 3 1 5 6 -212 1 5 3 56 1 5 0 32 1 2 6 147 1 2 3 -56 1 2 0 155 0 0 0 0 0 0 0 0 0 0 0 0
0 0 2 4 0 0 0 0 1 5 4 204 1 5 1 -91 0 0 0 0 1 2 4 115 1 2 1 -169 0 0 0 0 0 0 0 0 0 0 0 0
0 0 2 5 0 0 0 0 1 5 5 220 1 5 2 -8 0 0 0 0 1 2 5 129 1 2 2 -92 0 0 0 0 0 0 0 0 0 0 0 0
0 0 2 6 0 0 0 0 1 5 6 -212 1 5 3 56 0 0 0 0 1 2 6 147 1 2 3 -56 0 0 0 0 0 0 0 0 0 0 0 0
0 0 2 7 0 0 0 0 0 0 0 0 1 5 4 204 0 0 0 0 0 0 0 0 1 2 4 115 0 0 0 0 0 0 0 0 0 0 0 0
0 0 2 8 0 0 0 0 0 0 0 0 1 5 5 220 0 0 0 0 0 0 0 0 1 2 5 129 0 0 0 0 0 0 0 0 0 0 0 0
0 0 2 9 0 0 0 0 0 0 0 0 1 5 6 -212 0 0 0 0 0 0 0 0 1 2 6 147 0 0 0 0 0 0 0 0 0 0 0 0
0 0 2 10 0 0 0 0 0 0 0 0 0 0 0 0 0 0 0 0 0 0 0 0 0 0 0 0 0 0 0 0 0 0 0 0 0 0 0 0
0 0 2 11 0 0 0 0 0 0 0 0 0 0 0 0 0 0 0 0 0 0 0 0 0 0 0 0 0 0 0 0 0 0 0 0 0 0 0 0
0 0 2 12 0 0 0 0 0 0 0 0 0 0 0 0 0 0 0 0 0 0 0 0 0 0 0 0 0 0 0 0 0 0 0 0 0 0 0 0
0 0 2 13 0 0 0 0 0 0 0 0 0 0 0 0 0 0 0 0 0 0 0 0 0 0 0 0 0 0 0 0 0 0 0 0 0 0 0 0
0 0 2 14 0 0 0 0 0 0 0 0 0 0 0 0 0 0 0 0 0 0 0 0 0 0 0 0 0 0 0 0 0 0 0 0 0 0 0 0
0 0 2 15 0 0 0 0 0 0 0 0 0 0 0 0 0 0 0 0 0 0 0 0 0 0 0 0 0 0 0 0 0 0 0 0 0 0 0 0
0 0 3 0 1 6 3 -89 1 6 0 -165 0 0 0 0 1 3 3 139 1 3 0 -32 0 0 0 0 1 0 3 35 1 0 0 -256 0 0 0 0
0 0 3 1 1 6 4 43 1 6 1 100 0 0 0 0 1 3 4 -191 1 3 1 59 0 0 0 0 1 0 4 -197 1 0 1 255 0 0 0 0
0 0 3 2 1 6 5 -167 1 6 2 -151 0 0 0 0 1 3 5 -94 1 3 2 45 0 0 0 0 1 0 5 166 1 0 2 71 0 0 0 0
0 0 3 3 1 6 6 253 1 6 3 -89 1 6 0 -165 1 3 6 115 1 3 3 139 1 3 0 -32 1 0 6 151 1 0 3 35 1 0 0 -256
0 0 3 4 0 0 0 0 1 6 4 43 1 6 1 100 0 0 0 0 1 3 4 -191 1 3 1 59 0 0 0 0 1 0 4 -197 1 0 1 255
0 0 3 5 0 0 0 0 1 6 5 -167 1 6 2 -151 0 0 0 0 1 3 5 -94 1 3 2 45 0 0 0 0 1 0 5 166 1 0 2 71
0 0 3 6 0 0 0 0 1 6 6 253 1 6 3 -89 0 0 0 0 1 3 6 115 1 3 3 139 0 0 0 0 1 0 6 151 1 0 3 35
0 0 3 7 0 0 0 0 0 0 0 0 1 6 4 43 0 0 0 0 0 0 0 0 1 3 4 -191 0 0 0 0 0 0 0 0 1 0 4 -197
0 0 3 8 0 0 0 0 0 0 0 0 1 6 5 -167 0 0 0 0 0 0 0 0 1 3 5 -94 0 0 0 0 0 0 0 0 1 0 5 166
0 0 3 9 0 0 0 0 0 0 0 0 1 6 6 253 0 0 0 0 0 0 0 0 1 3 6 115 0 0 0 0 0 0 0 0 1 0 6 151
0 0 3 10 0 0 0 0 0 0 0 0 0 0 0 0 0 0 0 0 0 0 0 0 0 0 0 0 0 0 0 0 0 0 0 0 0 0 0 0
0 0 3 11 0 0 0 0 0 0 0 0 0 0 0 0 0 0 0 0 0 0 0 0 0 0 0 0 0 0 0 0 0 0 0 0 0 0 0 0
0 0 3 12 0 0 0 0 0 0 0 0 0 0 0 0 0 0 0 0 0 0 0 0 0 0 0 0 0 0 0 0 0 0 0 0 0 0 0 0
0 0 3 13 0 0 0 0 0 0 0 0 0 0 0 0 0 0 0 0 0 0 0 0 0 0 0 0 0 0 0 0 0 0 0 0 0 0 0 0
0 0 3 14 0 0 0 0 0 0 0 0 0 0 0 0 0 0 0 0 0 0 0 0 0 0 0 0 0 0 0 0 0 0 0 0 0 0 0 0
0 0 3 15 0 0 0 0 0 0 0 0 0 0 0 0 0 0 0 0 0 0 0 0 0 0 0 0 0 0 0 0 0 0 0 0 0 0 0 0
0 0 4 0 0 0 0 0 0 0 0 0 0 0 0 0 1 4 3 -159 1 4 0 -153 0 0 0 0 1 1 3 11 1 1 0 16 0 0 0 0
0 0 4 1 0 0 0 0 0 0 0 0 0 0 0 0 1 4 4 255 1 4 1 -113 0 0 0 0 1 1 4 254 1 1 1 -126 0 0 0 0
0 0 4 2 0 0 0 0 0 0 0 0 0 0 0 0 1 4 5 185 1 4 2 245 0 0 0 0 1 1 5 -113 1 1 2 160 0 0 0 0
0 0 4 3 0 0 0 0 0 0 0 0 0 0 0 0 1 4 6 -177 1 4 3 -159 1 4 0 -153 1 1 6 -77 1 1 3 11 1 1 0 16
0 0 4 4 0 0 0 0 0 0 0 0 0 0 0 0 0 0 0 0 1 4 4 255 1 4 1 -113 0 0 0 0 1 1 4 254 1 1 1 -126
0 0 4 5 0 0 0 0 0 0 0 0 0 0 0 0 0 0 0 0 1 4 5 185 1 4 2 245 0 0 0 0 1 1 5 -113 1 1 2 160
0 0 4 6 0 0 0 0 0 0 0 0 0 0 0 0 0 0 0 0 1 4 6 -177 1 4 3 -159 0 0 0 0 1 1 6 -77 1 1 3 11
0 0 4 7 0 0 0 0 0 0 0 0 0 0 0 0 0 0 0 0 0 0 0 0 1 4 4 255 0 0 0 0 0 0 0 0 1 1 4 254
0 0 4 8 0 0 0 0 0 0 0 0 0 0 0 0 0 0 0 0 0 0 0 0 1 4 5 185 0 0 0 0 0 0 0 0 1 1 5 -113
0 0 4 9 0 0 0 0 0 0 0 0 0 0 0 0 0 0 0 0 0 0 0 0 1 4 6 -177 0 0 0 0 0 0 0 0 1 1 6 -77
0 0 4 10 0 0 0 0 0 0 0 0 0 0 0 0 0 0 0 0 0 0 0 0 0 0 0 0 0 0 0 0 0 0 0 0 0 0 0 0
0 0 4 11 0 0 0 0 0 0 0 0 0 0 0 0 0 0 0 0 0 0 0 0 0 0 0 0 0 0 0 0 0 0 0 0 0 0 0 0
0 0 4 12 0 0 0 0 0 0 0 0 0 0 0 0 0 0 0 0 0 0 0 0 0 0 0 0 0 0 0 0 0 0 0 0 0 0 0 0
0 0 4 13 0 0 0 0 0 0 0 0 0 0 0 0 0 0 0 0 0 0 0 0 0 0 0 0 0 0 0 0 0 0 0 0 0 0 0 0
0 0 4 14 0 0 0 0 0 0 0 0 0 0 0 0 0 0 0 0 0 0 0 0 0 0 0 0 0 0 0 0 0 0 0 0 0 0 0 0
0 0 4 15 0 0 0 0 0 0 0 0 0 0 0 0 0 0 0 0 0 0 0 0 0 0 0 0 0 0 0 0 0 0 0 0 0 0 0 0
0 0 5 0 0 0 0 0 0 0 0 0 0 0 0 0 1 5 3 56 1 5 0 32 0 0 0 0 1 2 3 -56 1 2 0 155 0 0 0 0
0 0 5 1 0 0 0 0 0 0 0 0 0 0 0 0 1 5 4 204 1 5 1 -91 0 0 0 0 1 2 4 115 1 2 1 -169 0 0 0 0
0 0 5 2 0 0 0 0 0 0 0 0 0 0 0 0 1 5 5 220 1 5 2 -8 0 0 0 0 1 2 5 129 1 2 2 -92 0 0 0 0
0 0 5 3 0 0 0 0 0 0 0 0 0 0 0 0 1 5 6 -212 1 5 3 56 1 5 0 32 1 2 6 147 1 2 3 -56 1 2 0 155
0 0 5 4 0 0 0 0 0 0 0 0 0 0 0 0 0 0 0 0 1 5 4 204 1 5 1 -91 0 0 0 0 1 2 4 115 1 2 1 -169
0 0 5 5 0 0 0 0 0 0 0 0 0 0 0 0 0 0 0 0 1 5 5 220 1 5 2 -8 0 0 0 0 1 2 5 129 1 2 2 -92
0 0 5 6 0 0 0 0 0 0 0 0 0 0 0 0 0 0 0 0 1 5 6 -212 1 5 3 56 0 0 0 0 1 2 6 147 1 2 3 -56
0 0 5 7 0 0 0 0 0 0 0 0 0 0 0 0 0 0 0 0 0 0 0 0 1 5 4 204 0 0 0 0 0 0 0 0 1 2 4 115
0 0 5 8 0 0 0 0 0 0 0 0 0 0 0 0 0 0 0 0 0 0 0 0 1 5 5 220 0 0 0 0 0 0 0 0 1 2 5 129
0 0 5 9 0 0 0 0 0 0 0 0 0 0 0 0 0 0 0 0 0 0 0 0 1 5 6 -212 0 0 0 0 0 0 0 0 1 2 6 147
0 0 5 10 0 0 0 0 0 0 0 0 0 0 0 0 0 0 0 0 0 0 0 0 0 0 0 0 0 0 0 0 0 0 0 0 0 0 0 0
0 0 5 11 0 0 0 0 0 0 0 0 0 0 0 0 0 0 0 0 0 0 0 0 0 0 0 0 0 0 0 0 0 0 0 0 0 0 0 0
0 0 5 12 0 0 0 0 0 0 0 0 0 0 0 0 0 0 0 0 0 0 0 0 0 0 0 0 0 0 0 0 0 0 0 0 0 0 0 0
0 0 5 13 0 0 0 0 0 0 0 0 0 0 0 0 0 0 0 0 0 0 0 0 0 0 0 0 0 0 0 0 0 0 0 0 0 0 0 0
0 0 5 14 0 0 0 0 0 0 0 0 0 0 0 0 0 0 0 0 0 0 0 0 0 0 0 0 0 0 0 0 0 0 0 0 0 0 0 0
0 0 5 15 0 0 0 0 0 0 0 0 0 0 0 0 0 0 0 0 0 0 0 0 0 0 0 0 0 0 0 0 0 0 0 0 0 0 0 0
0 0 6 0 1 0 3 35 1 0 0 -256 0 0 0 0 1 6 3 -89 1 6 0 -165 0 0 0 0 1 3 3 139 1 3 0 -32 0 0 0 0
0 0 6 1 1 0 4 -197 1 0 1 255 0 0 0 0 1 6 4 43 1 6 1 100 0 0 0 0 1 3 4 -191 1 3 1 59 0 0 0 0
0 0 6 2 1 0 5 166 1 0 2 71 0 0 0 0 1 6 5 -167 1 6 2 -151 0 0 0 0 1 3 5 -94 1 3 2 45 0 0 0 0
0 0 6 3 1 0 6 151 1 0 3 35 1 0 0 -256 1 6 6 253 1 6 3 -89 1 6 0 -165 1 3 6 115 1 3 3 139 1 3 0 -32
0 0 6 4 0 0 0 0 1 0 4 -197 1 0 1 255 0 0 0 0 1 6 4 43 1 6 1 100 0 0 0 0 1 3 4 -191 1 3 1 59
0 0 6 5 0 0 0 0 1 0 5 166 1 0 2 71 0 0 0 0 1 6 5 -167 1 6 2 -151 0 0 0 0 1 3 5 -94 1 3 2 45
0 0 6 6 0 0 0 0 1 0 6 151 1 0 3 35 0 0 0 0 1 6 6 253 1 6 3 -89 0 0 0 0 1 3 6 115 1 3 3 139
0 0 6 7 0 0 0 0 0 0 0 0 1 0 4 -197 0 0 0 0 0 0 0 0 1 6 4 43 0 0 0 0 0 0 0 0 1 3 4 -191
0 0 6 8 0 0 0 0 0 0 0 0 1 0 5 166 0 0 0 0 0 0 0 0 1 6 5 -167 0 0 0 0 0 0 0 0 1 3 5 -94
0 0 6 9 0 0 0 0 0 0 0 0 1 0 6 151 0 0 0 0 0 0 0 0 1 6 6 253 0 0 0 0 0 0 0 0 1 3 6 115
0 0 6 10 0 0 0 0 0 0 0 0 0 0 0 0 0 0 0 0 0 0 0 0 0 0 0 0 0 0 0 0 0 0 0 0 0 0 0 0
0 0 6 11 0 0 0 0 0 0 0 0 0 0 0 0 0 0 0 0 0 0 0 0 0 0 0 0 0 0 0 0 0 0 0 0 0 0 0 0
0 0 6 12 0 0 0 0 0 0 0 0 0 0 0 0 0 0 0 0 0 0 0 0 0 0 0 0 0 0 0 0 0 0 0 0 0 0 0 0
0 0 6 13 0 0 0 0 0 0 0 0 0 0 0 0 0 0 0 0 0 0 0 0 0 0 0 0 0 0 0 0 0 0 0 0 0 0 0 0
0 0 6 14 0 0 0 0 0 0 0 0 0 0 0 0 0 0 0 0 0 0 0 0 0 0 0 0 0 0 0 0 0 0 0 0 0 0 0 0
0 0 6 15 0 0 0 0 0 0 0 0 0 0 0 0 0 0 0 0 0 0 0 0 0 0 0 0 0 0 0 0 0 0 0 0 0 0 0 0
0 0 7 0 1 1 3 11 1 1 0 16 0 0 0 0 0 0 0 0 0 0 0 0 0 0 0 0 1 4 3 -159 1 4 0 -153 0 0 0 0
0 0 7 1 1 1 4 254 1 1 1 -126 0 0 0 0 0 0 0 0 0 0 0 0 0 0 0 0 1 4 4 255 1 4 1 -113 0 0 0 0
0 0 7 2 1 1 5 -113 1 1 2 160 0 0 0 0 0 0 0 0 0 0 0 0 0 0 0 0 1 4 5 185 1 4 2 245 0 0 0 0
0 0 7 3 1 1 6 -77 1 1 3 11 1 1 0 16 0 0 0 0 0 0 0 0 0 0 0 0 1 4 6 -177 1 4 3 -159 1 4 0 -153
0 0 7 4 0 0 0 0 1 1 4 254 1 1 1 -126 0 0 0 0 0 0 0 0 0 0 0 0 0 0 0 0 1 4 4 255 1 4 1 -113
0 0 7 5 0 0 0 0 1 1 5 -113 1 1 2 160 0 0 0 0 0 0 0 0 0 0 0 0 0 0 0 0 1 4 5 185 1 4 2 245
0 0 7 6 0 0 0 0 1 1 6 -77 1 1 3 11 0 0 0 0 0 0 0 0 0 0 0 0 0 0 0 0 1 4 6 -177 1 4 3 -159
0 0 7 7 0 0 0 0 0 0 0 0 1 1 4 254 0 0 0 0 0 0 0 0 0 0 0 0 0 0 0 0 0 0 0 0 1 4 4 255
0 0 7 8 0 0 0 0 0 0 0 0 1 1 5 -113 0 0 0 0 0 0 0 0 0 0 0 0 0 0 0 0 0 0 0 0 1 4 5 185
0 0 7 9 0 0 0 0 0 0 0 0 1 1 6 -77 0 0 0 0 0 0 0 0 0 0 0 0 0 0 0 0 0 0 0 0 1 4 6 -177
0 0 7 10 0 0 0 0 0 0 0 0 0 0 0 0 0 0 0 0 0 0 0 0 0 0 0 0 0 0 0 0 0 0 0 0 0 0 0 0
0 0 7 11 0 0 0 0 0 0 0 0 0 0 0 0 0 0 0 0 0 0 0 0 0 0 0 0 0 0 0 0 0 0 0 0 0 0 0 0
0 0 7 12 0 0 0 0 0 0 0 0 0 0 0 0 0 0 0 0 0 0 0 0 0 0 0 0 0 0 0 0 0 0 0 0 0 0 0 0
0 0 7 13 0 0 0 0 0 0 0 0 0 0 0 0 0 0 0 0 0 0 0 0 0 0 0 0 0 0 0 0 0 0 0 0 0 0 0 0
0 0 7 14 0 0 0 0 0 0 0 0 0 0 0 0 0 0 0 0 0 0 0 0 0 0 0 0 0 0 0 0 0 0 0 0 0 0 0 0
0 0 7 15 0 0 0 0 0 0 0 0 0 0 0 0 0 0 0 0 0 0 0 0 0 0 0 0 0 0 0 0 0 0 0 0 0 0 0 0
0 0 8 0 1 2 3 -56 1 2 0 155 0 0 0 0 0 0 0 0 0 0 0 0 0 0 0 0 1 5 3 56 1 5 0 32 0 0 0 0
0 0 8 1 1 2 4 115 1 2 1 -169 0 0 0 0 0 0 0 0 0 0 0 0 0 0 0 0 1 5 4 204 1 5 1 -91 0 0 0 0
0 0 8 2 1 2 5 129 1 2 2 -92 0 0 0 0 0 0 0 0 0 0 0 0 0 0 0 0 1 5 5 220 1 5 2 -8 0 0 0 0
0 0 8 3 1 2 6 147 1 2 3 -56 1 2 0 155 0 0 0 0 0 0 0 0 0 0 0 0 1 5 6 -212 1 5 3 56 1 5 0 32
0 0 8 4 0 0 0 0 1 2 4 115 1 2 1 -169 0 0 0 0 0 0 0 0 0 0 0 0 0 0 0 0 1 5 4 204 1 5 1 -91
0 0 8 5 0 0 0 0 1 2 5 129 1 2 2 -92 0 0 0 0 0 0 0 0 0 0 0 0 0 0 0 0 1 5 5 220 1 5 2 -8
0 0 8 6 0 0 0 0 1 2 6 147 1 2 3 -56 0 0 0 0 0 0 0 0 0 0 0 0 0 0 0 0 1 5 6 -212 1 5 3 56
0 0 8 7 0 0 0 0 0 0 0 0 1 2 4 115 0 0 0 0 0 0 0 0 0 0 0 0 0 0 0 0 0 0 0 0 1 5 4 204
0 0 8 8 0 0 0 0 0 0 0 0 1 2 5 129 0 0 0 0 0 0 0 0 0 0 0 0 0 0 0 0 0 0 0 0 1 5 5 220
0 0 8 9 0 0 0 0 0 0 0 0 1 2 6 147 0 0 0 0 0 0 0 0 0 0 0 0 0 0 0 0 0 0 0 0 1 5 6 -212
0 0 8 10 0 0 0 0 0 0 0 0 0 0 0 0 0 0 0 0 0 0 0 0 0 0 0 0 0 0 0 0 0 0 0 0 0 0 0 0
0 0 8 11 0 0 0 0 0 0 0 0 0 0 0 0 0 0 0 0 0 0 0 0 0 0 0 0 0 0 0 0 0 0 0 0 0 0 0 0
0 0 8 12 0 0 0 0 0 0 0 0 0 0 0 0 0 0 0 0 0 0 0 0 0 0 0 0 0 0 0 0 0 0 0 0 0 0 0 0
0 0 8 13 0 0 0 0 0 0 0 0 0 0 0 0 0 0 0 0 0 0 0 0 0 0 0 0 0 0 0 0 0 0 0 0 0 0 0 0
0 0 8 14 0 0 0 0 0 0 0 0 0 0 0 0 0 0 0 0 0 0 0 0 0 0 0 0 0 0 0 0 0 0 0 0 0 0 0 0
0 0 8 15 0 0 0 0 0 0 0 0 0 0 0 0 0 0 0 0 0 0 0 0 0 0 0 0 0 0 0 0 0 0 0 0 0 0 0 0
0 0 9 0 1 3 3 139 1 3 0 -32 0 0 0 0 0 0 0 0 0 0 0 0 0 0 0 0 1 6 3 -89 1 6 0 -165 0 0 0 0
0 0 9 1 1 3 4 -191 1 3 1 59 0 0 0 0 0 0 0 0 0 0 0 0 0 0 0 0 1 6 4 43 1 6 1 100 0 0 0 0
0 0 9 2 1 3 5 -94 1 3 2 45 0 0 0 0 0 0 0 0 0 0 0 0 0 0 0 0 1 6 5 -167 1 6 2 -151 0 0 0 0
0 0 9 3 1 3 6 115 1 3 3 139 1 3 0 -32 0 0 0 0 0 0 0 0 0 0 0 0 1 6 6 253 1 6 3 -89 1 6 0 -165
0 0 9 4 0 0 0 0 1 3 4 -191 1 3 1 59 0 0 0 0 0 0 0 0 0 0 0 0 0 0 0 0 1 6 4 43 1 6 1 100
0 0 9 5 0 0 0 0 1 3 5 -94 1 3 2 45 0 0 0 0 0 0 0 0 0 0 0 0 0 0 0 0 1 6 5 -167 1 6 2 -151
0 0 9 6 0 0 0 0 1 3 6 115 1 3 3 139 0 0 0 0 0 0 0 0 0 0 0 0 0 0 0 0 1 6 6 253 1 6 3 -89
0 0 9 7 0 0 0 0 0 0 0 0 1 3 4 -191 0 0 0 0 0 0 0 0 0 0 0 0 0 0 0 0 0 0 0 0 1 6 4 43
0 0 9 8 0 0 0 0 0 0 0 0 1 3 5 -94 0 0 0 0 0 0 0 0 0 0 0 0 0 0 0 0 0 0 0 0 1 6 5 -167
0 0 9 9 0 0 0 0 0 0 0 0 1 3 6 115 0 0 0 0 0 0 0 0 0 0 0 0 0 0 0 0 0 0 0 0 1 6 6 253
0 0 9 10 0 0 0 0 0 0 0 0 0 0 0 0 0 0 0 0 0 0 0 0 0 0 0 0 0 0 0 0 0 0 0 0 0 0 0 0
0 0 9 11 0 0 0 0 0 0 0 0 0 0 0 0 0 0 0 0 0 0 0 0 0 0 0 0 0 0 0 0 0 0 0 0 0 0 0 0
0 0 9 12 0 0 0 0 0 0 0 0 0 0 0 0 0 0 0 0 0 0 0 0 0 0 0 0 0 0 0 0 0 0 0 0 0 0 0 0
0 0 9 13 0 0 0 0 0 0 0 0 0 0 0 0 0 0 0 0 0 0 0 0 0 0 0 0 0 0 0 0 0 0 0 0 0 0 0 0
0 0 9 14 0 0 0 0 0 0 0 0 0 0 0 0 0 0 0 0 0 0 0 0 0 0 0 0 0 0 0 0 0 0 0 0 0 0 0 0
0 0 9 15 0 0 0 0 0 0 0 0 0 0 0 0 0 0 0 0 0 0 0 0 0 0 0 0 0 0 0 0 0 0 0 0 0 0 0 0
0 0 10 0 1 4 3 -159 1 4 0 -153 0 0 0 0 0 0 0 0 0 0 0 0 0 0 0 0 0 0 0 0 0 0 0 0 0 0 0 0
0 0 10 1 1 4 4 255 1 4 1 -113 0 0 0 0 0 0 0 0 0 0 0 0 0 0 0 0 0 0 0 0 0 0 0 0 0 0 0 0
0 0 10 2 1 4 5 185 1 4 2 245 0 0 0 0 0 0 0 0 0 0 0 0 0 0 0 0 0 0 0 0 0 0 0 0 0 0 0 0
0 0 10 3 1 4 6 -177 1 4 3 -159 1 4 0 -153 0 0 0 0 0 0 0 0 0 0 0 0 0 0 0 0 0 0 0 0 0 0 0 0
0 0 10 4 0 0 0 0 1 4 4 255 1 4 1 -113 0 0 0 0 0 0 0 0 0 0 0 0 0 0 0 0 0 0 0 0 0 0 0 0
0 0 10 5 0 0 0 0 1 4 5 185 1 4 2 245 0 0 0 0 0 0 0 0 0 0 0 0 0 0 0 0 0 0 0 0 0 0 0 0
0 0 10 6 0 0 0 0 1 4 6 -177 1 4 3 -159 0 0 0 0 0 0 0 0 0 0 0 0 0 0 0 0 0 0 0 0 0 0 0 0
0 0 10 7 0 0 0 0 0 0 0 0 1 4 4 255 0 0 0 0 0 0 0 0 0 0 0 0 0 0 0 0 0 0 0 0 0 0 0 0
0 0 10 8 0 0 0 0 0 0 0 0 1 4 5 185 0 0 0 0 0 0 0 0 0 0 0 0 0 0 0 0 0 0 0 0 0 0 0 0
0 0 10 9 0 0 0 0 0 0 0 0 1 4 6 -177 0 0 0 0 0 0 0 0 0 0 0 0 0 0 0 0 0 0 0 0 0 0 0 0
0 0 10 10 0 0 0 0 0 0 0 0 0 0 0 0 0 0 0 0 0 0 0 0 0 0 0 0 0 0 0 0 0 0 0 0 0 0 0 0
0 0 10 11 0 0 0 0 0 0 0 0 0 0 0 0 0 0 0 0 0 0 0 0 0 0 0 0 0 0 0 0 0 0 0 0 0 0 0 0
0 0 10 12 0 0 0 0 0 0 0 0 0 0 0 0 0 0 0 0 0 0 0 0 0 0 0 0 0 0 0 0 0 0 0 0 0 0 0 0
0 0 10 13 0 0 0 0 0 0 0 0 0 0 0 0 0 0 0 0 0 0 0 0 0 0 0 0 0 0 0 0 0 0 0 0 0 0 0 0
0 0 10 14 0 0 0 0 0 0 0 0 0 0 0 0 0 0 0 0 0 0 0 0 0 0 0 0 0 0 0 0 0 0 0 0 0 0 0 0
0 0 10 15 0 0 0 0 0 0 0 0 0 0 0 0 0 0 0 0 0 0 0 0 0 0 0 0 0 0 0 0 0 0 0 0 0 0 0 0
0 0 11 0 1 5 3 56 1 5 0 32 0 0 0 0 0 0 0 0 0 0 0 0 0 0 0 0 0 0 0 0 0 0 0 0 0 0 0 0
0 0 11 1 1 5 4 204 1 5 1 -91 0 0 0 0 0 0 0 0 0 0 0 0 0 0 0 0 0 0 0 0 0 0 0 0 0 0 0 0
0 0 11 2 1 5 5 220 1 5 2 -8 0 0 0 0 0 0 0 0 0 0 0 0 0 0 0 0 0 0 0 0 0 0 0 0 0 0 0 0
0 0 11 3 1 5 6 -212 1 5 3 56 1 5 0 32 0 0 0 0 0 0 0 0 0 0 0 0 0 0 0 0 0 0 0 0 0 0 0 0
0 0 11 4 0 0 0 0 1 5 4 204 1 5 1 -91 0 0 0 0 0 0 0 0 0 0 0 0 0 0 0 0 0 0 0 0 0 0 0 0
0 0 11 5 0 0 0 0 1 5 5 220 1 5 2 -8 0 0 0 0 0 0 0 0 0 0 0 0 0 0 0 0 0 0 0 0 0 0 0 0
0 0 11 6 0 0 0 0 1 5 6 -212 1 5 3 56 0 0 0 0 0 0 0 0 0 0 0 0 0 0 0 0 0 0 0 0 0 0 0 0
0 0 11 7 0 0 0 0 0 0 0 0 1 5 4 204 0 0 0 0 0 0 0 0 0 0 0 0 0 0 0 0 0 0 0 0 0 0 0 0
0 0 11 8 0 0 0 0 0 0 0 0 1 5 5 220 0 0 0 0 0 0 0 0 0 0 0 0 0 0 0 0 0 0 0 0 0 0 0 0
0 0 11 9 0 0 0 0 0 0 0 0 1 5 6 -212 0 0 0 0 0 0 0 0 0 0 0 0 0 0 0 0 0 0 0 0 0 0 0 0
0 0 11 10 0 0 0 0 0 0 0 0 0 0 0 0 0 0 0 0 0 0 0 0 0 0 0 0 0 0 0 0 0 0 0 0 0 0 0 0
0 0 11 11 0 0 0 0 0 0 0 0 0 0 0 0 0 0 0 0 0 0 0 0 0 0 0 0 0 0 0 0 0 0 0 0 0 0 0 0
0 0 11 12 0 0 0 0 0 0 0 0 0 0 0 0 0 0 0 0 0 0 0 0 0 0 0 0 0 0 0 0 0 0 0 0 0 0 0 0
0 0 11 13 0 0 0 0 0 0 0 0 0 0 0 0 0 0 0 0 0 0 0 0 0 0 0 0 0 0 0 0 0 0 0 0 0 0 0 0
0 0 11 14 0 0 0 0 0 0 0 0 0 0 0 0 0 0 0 0 0 0 0 0 0 0 0 0 0 0 0 0 0 0 0 0 0 0 0 0
0 0 11 15 0 0 0 0 0 0 0 0 0 0 0 0 0 0 0 0 0 0 0 0 0 0 0 0 0 0 0 0 0 0 0 0 0 0 0 0
0 0 12 0 1 6 3 -89 1 6 0 -165 0 0 0 0 0 0 0 0 0 0 0 0 0 0 0 0 0 0 0 0 0 0 0 0 0 0 0 0
0 0 12 1 1 6 4 43 1 6 1 100 0 0 0 0 0 0 0 0 0 0 0 0 0 0 0 0 0 0 0 0 0 0 0 0 0 0 0 0
0 0 12 2 1 6 5 -167 1 6 2 -151 0 0 0 0 0 0 0 0 0 0 0 0 0 0 0 0 0 0 0 0 0 0 0 0 0 0 0 0
0 0 12 3 1 6 6 253 1 6 3 -89 1 6 0 -165 0 0 0 0 0 0 0 0 0 0 0 0 0 0 0 0 0 0 0 0 0 0 0 0
0 0 12 4 0 0 0 0 1 6 4 43 1 6 1 100 0 0 0 0 0 0 0 0 0 0 0 0 0 0 0 0 0 0 0 0 0 0 0 0
0 0 12 5 0 0 0 0 1 6 5 -167 1 6 2 -151 0 0 0 0 0 0 0 0 0 0 0 0 0 0 0 0 0 0 0 0 0 0 0 0
0 0 12 6 0 0 0 0 1 6 6 253 1 6 3 -89 0 0 0 0 0 0 0 0 0 0 0 0 0 0 0 0 0 0 0 0 0 0 0 0
0 0 12 7 0 0 0 0 0 0 0 0 1 6 4 43 0 0 0 0 0 0 0 0 0 0 0 0 0 0 0 0 0 0 0 0 0 0 0 0
0 0 12 8 0 0 0 0 0 0 0 0 1 6 5 -167 0 0 0 0 0 0 0 0 0 0 0 0 0 0 0 0 0 0 0 0 0 0 0 0
0 0 12 9 0 0 0 0 0 0 0 0 1 6 6 253 0 0 0 0 0 0 0 0 0 0 0 0 0 0 0 0 0 0 0 0 0 0 0 0
0 0 12 10 0 0 0 0 0 0 0 0 0 0 0 0 0 0 0 0 0 0 0 0 0 0 0 0 0 0 0 0 0 0 0 0 0 0 0 0
0 0 12 11 0 0 0 0 0 0 0 0 0 0 0 0 0 0 0 0 0 0 0 0 0 0 0 0 0 0 0 0 0 0 0 0 0 0 0 0
0 0 12 12 0 0 0 0 0 0 0 0 0 0 0 0 0 0 0 0 0 0 0 0 0 0 0 0 0 0 0 0 0 0 0 0 0 0 0 0
0 0 12 13 0 0 0 0 0 0 0 0 0 0 0 0 0 0 0 0 0 0 0 0 0 0 0 0 0 0 0 0 0 0 0 0 0 0 0 0
0 0 12 14 0 0 0 0 0 0 0 0 0 0 0 0 0 0 0 0 0 0 0 0 0 0 0 0 0 0 0 0 0 0 0 0 0 0 0 0
0 0 12 15 0 0 0 0 0 0 0 0 0 0 0 0 0 0 0 0 0 0 0 0 0 0 0 0 0 0 0 0 0 0 0 0 0 0 0 0
0 0 13 0 0 0 0 0 0 0 0 0 0 0 0 0 0 0 0 0 0 0 0 0 0 0 0 0 0 0 0 0 0 0 0 0 0 0 0 0
0 0 13 1 0 0 0 0 0 0 0 0 0 0 0 0 0 0 0 0 0 0 0 0 0 0 0 0 0 0 0 0 0 0 0 0 0 0 0 0
0 0 13 2 0 0 0 0 0 0 0 0 0 0 0 0 0 0 0 0 0 0 0 0 0 0 0 0 0 0 0 0 0 0 0 0 0 0 0 0
0 0 13 3 0 0 0 0 0 0 0 0 0 0 0 0 0 0 0 0 0 0 0 0 0 0 0 0 0 0 0 0 0 0 0 0 0 0 0 0
0 0 13 4 0 0 0 0 0 0 0 0 0 0 0 0 0 0 0 0 0 0 0 0 0 0 0 0 0 0 0 0 0 0 0 0 0 0 0 0
0 0 13 5 0 0 0 0 0 0 0 0 0 0 0 0 0 0 0 0 0 0 0 0 0 0 0 0 0 0 0 0 0 0 0 0 0 0 0 0
0 0 13 6 0 0 0 0 0 0 0 0 0 0 0 0 0 0 0 0 0 0 0 0 0 0 0 0 0 0 0 0 0 0 0 0 0 0 0 0
0 0 13 7 0 0 0 0 0 0 0 0 0 0 0 0 0 0 0 0 0 0 0 0 0 0 0 0 0 0 0 0 0 0 0 0 0 0 0 0
0 0 13 8 0 0 0 0 0 0 0 0 0 0 0 0 0 0 0 0 0 0 0 0 0 0 0 0 0 0 0 0 0 0 0 0 0 0 0 0
0 0 13 9 0 0 0 0 0 0 0 0 0 0 0 0 0 0 0 0 0 0 0 0 0 0 0 0 0 0 0 0 0 0 0 0 0 0 0 0
0 0 13 10 0 0 0 0 0 0 0 0 0 0 0 0 0 0 0 0 0 0 0 0 0 0 0 0 0 0 0 0 0 0 0 0 0 0 0 0
0 0 13 11 0 0 0 0 0 0 0 0 0 0 0 0 0 0 0 0 0 0 0 0 0 0 0 0 0 0 0 0 0 0 0 0 0 0 0 0
0 0 13 12 0 0 0 0 0 0 0 0 0 0 0 0 0 0 0 0 0 0 0 0 0 0 0 0 0 0 0 0 0 0 0 0 0 0 0 0
0 0 13 13 0 0 0 0 0 0 0 0 0 0 0 0 0 0 0 0 0 0 0 0 0 0 0 0 0 0 0 0 0 0 0 0 0 0 0 0
0 0 13 14 0 0 0 0 0 0 0 0 0 0 0 0 0 0 0 0 0 0 0 0 0 0 0 0 0 0 0 0 0 0 0 0 0 0 0 0
0 0 13 15 0 0 0 0 0 0 0 0 0 0 0 0 0 0 0 0 0 0 0 0 0 0 0 0 0 0 0 0 0 0 0 0 0 0 0 0
0 0 14 0 0 0 0 0 0 0 0 0 0 0 0 0 0 0 0 0 0 0 0 0 0 0 0 0 0 0 0 0 0 0 0 0 0 0 0 0
0 0 14 1 0 0 0 0 0 0 0 0 0 0 0 0 0 0 0 0 0 0 0 0 0 0 0 0 0 0 0 0 0 0 0 0 0 0 0 0
0 0 14 2 0 0 0 0 0 0 0 0 0 0 0 0 0 0 0 0 0 0 0 0 0 0 0 0 0 0 0 0 0 0 0 0 0 0 0 0
0 0 14 3 0 0 0 0 0 0 0 0 0 0 0 0 0 0 0 0 0 0 0 0 0 0 0 0 0 0 0 0 0 0 0 0 0 0 0 0
0 0 14 4 0 0 0 0 0 0 0 0 0 0 0 0 0 0 0 0 0 0 0 0 0 0 0 0 0 0 0 0 0 0 0 0 0 0 0 0
0 0 14 5 0 0 0 0 0 0 0 0 0 0 0 0 0 0 0 0 0 0 0 0 0 0 0 0 0 0 0 0 0 0 0 0 0 0 0 0
0 0 14 6 0 0 0 0 0 0 0 0 0 0 0 0 0 0 0 0 0 0 0 0 0 0 0 0 0 0 0 0 0 0 0 0 0 0 0 0
0 0 14 7 0 0 0 0 0 0 0 0 0 0 0 0 0 0 0 0 0 0 0 0 0 0 0 0 0 0 0 0 0 0 0 0 0 0 0 0
0 0 14 8 0 0 0 0 0 0 0 0 0 0 0 0 0 0 0 0 0 0 0 0 0 0 0 0 0 0 0 0 0 0 0 0 0 0 0 0
0 0 14 9 0 0 0 0 0 0 0 0 0 0 0 0 0 0 0 0 0 0 0 0 0 0 0 0 0 0 0 0 0 0 0 0 0 0 0 0
0 0 14 10 0 0 0 0 0 0 0 0 0 0 0 0 0 0 0 0 0 0 0 0 0 0 0 0 0 0 0 0 0 0 0 0 0 0 0 0
0 0 14 11 0 0 0 0 0 0 0 0 0 0 0 0 0 0 0 0 0 0 0 0 0 0 0 0 0 0 0 0 0 0 0 0 0 0 0 0
0 0 14 12 0 0 0 0 0 0 0 0 0 0 0 0 0 0 0 0 0 0 0 0 0 0 0 0 0 0 0 0 0 0 0 0 0 0 0 0
0 0 14 13 0 0 0 0 0 0 0 0 0 0 0 0 0 0 0 0 0 0 0 0 0 0 0 0 0 0 0 0 0 0 0 0 0 0 0 0
0 0 14 14 0 0 0 0 0 0 0 0 0 0 0 0 0 0 0 0 0 0 0 0 0 0 0 0 0 0 0 0 0 0 0 0 0 0 0 0
0 0 14 15 0 0 0 0 0 0 0 0 0 0 0 0 0 0 0 0 0 0 0 0 0 0 0 0 0 0 0 0 0 0 0 0 0 0 0 0
0 0 15 0 0 0 0 0 0 0 0 0 0 0 0 0 0 0 0 0 0 0 0 0 0 0 0 0 0 0 0 0 0 0 0 0 0 0 0 0
0 0 15 1 0 0 0 0 0 0 0 0 0 0 0 0 0 0 0 0 0 0 0 0 0 0 0 0 0 0 0 0 0 0 0 0 0 0 0 0
0 0 15 2 0 0 0 0 0 0 0 0 0 0 0 0 0 0 0 0 0 0 0 0 0 0 0 0 0 0 0 0 0 0 0 0 0 0 0 0
0 0 15 3 0 0 0 0 0 0 0 0 0 0 0 0 0 0 0 0 0 0 0 0 0 0 0 0 0 0 0 0 0 0 0 0 0 0 0 0
0 0 15 4 0 0 0 0 0 0 0 0 0 0 0 0 0 0 0 0 0 0 0 0 0 0 0 0 0 0 0 0 0 0 0 0 0 0 0 0
0 0 15 5 0 0 0 0 0 0 0 0 0 0 0 0 0 0 0 0 0 0 0 0 0 0 0 0 0 0 0 0 0 0 0 0 0 0 0 0
0 0 15 6 0 0 0 0 0 0 0 0 0 0 0 0 0 0 0 0 0 0 0 0 0 0 0 0 0 0 0 0 0 0 0 0 0 0 0 0
0 0 15 7 0 0 0 0 0 0 0 0 0 0 0 0 0 0 0 0 0 0 0 0 0 0 0 0 0 0 0 0 0 0 0 0 0 0 0 0
0 0 15 8 0 0 0 0 0 0 0 0 0 0 0 0 0 0 0 0 0 0 0 0 0 0 0 0 0 0 0 0 0 0 0 0 0 0 0 0
0 0 15 9 0 0 0 0 0 0 0 0 0 0 0 0 0 0 0 0 0 0 0 0 0 0 0 0 0 0 0 0 0 0 0 0 0 0 0 0
0 0 15 10 0 0 0 0 0 0 0 0 0 0 0 0 0 0 0 0 0 0 0 0 0 0 0 0 0 0 0 0 0 0 0 0 0 0 0 0
0 0 15 11 0 0 0 0 0 0 0 0 0 0 0 0 0 0 0 0 0 0 0 0 0 0 0 0 0 0 0 0 0 0 0 0 0 0 0 0
0 0 15 12 0 0 0 0 0 0 0 0 0 0 0 0 0 0 0 0 0 0 0 0 0 0 0 0 0 0 0 0 0 0 0 0 0 0 0 0
0 0 15 13 0 0 0 0 0 0 0 0 0 0 0 0 0 0 0 0 0 0 0 0 0 0 0 0 0 0 0 0 0 0 0 0 0 0 0 0
0 0 15 14 0 0 0 0 0 0 0 0 0 0 0 0 0 0 0 0 0 0 0 0 0 0 0 0 0 0 0 0 0 0 0 0 0 0 0 0
0 0 15 15 0 0 0 0 0 0 0 0 0 0 0 0 0 0 0 0 0 0 0 0 0 0 0 0 0 0 0 0 0 0 0 0 0 0 0 0
0 1 0 0 1 3 3 29 1 3 0 85 0 0 0 0 1 0 3 75 1 0 0 89 0 0 0 0 0 0 0 0 0 0 0 0 0 0 0 0
0 1 0 1 1 3 4 -42 1 3 1 -143 0 0 0 0 1 0 4 -88 1 0 1 -140 0 0 0 0 0 0 0 0 0 0 0 0 0 0 0 0
0 1 0 2 1 3 5 -250 1 3 2 144 0 0 0 0 1 0 5 62 1 0 2 -71 0 0 0 0 0 0 0 0 0 0 0 0 0 0 0 0
0 1 0 3 1 3 6 -188 1 3 3 29 1 3 0 85 1 0 6 227 1 0 3 75 1 0 0 89 0 0 0 0 0 0 0 0 0 0 0 0
0 1 0 4 0 0 0 0 1 3 4 -42 1 3 1 -143 0 0 0 0 1 0 4 -88 1 0 1 -140 0 0 0 0 0 0 0 0 0 0 0 0
0 1 0 5 0 0 0 0 1 3 5 -250 1 3 2 144 0 0 0 0 1 0 5 62 1 0 2 -71 0 0 0 0 0 0 0 0 0 0 0 0
0 1 0 6 0 0 0 0 1 3 6 -188 1 3 3 29 0 0 0 0 1 0 6 227 1 0 3 75 0 0 0 0 0 0 0 0 0 0 0 0
0 1 0 7 0 0 0 0 0 0 0 0 1 3 4 -42 0 0 0 0 0 0 0 0 1 0 4 -88 0 0 0 0 0 0 0 0 0 0 0 0
0 1 0 8 0 0 0 0 0 0 0 0 1 3 5 -250 0 0 0 0 0 0 0 0 1 0 5 62 0 0 0 0 0 0 0 0 0 0 0 0
0 1 0 9 0 0 0 0 0 0 0 0 1 3 6 -188 0 0 0 0 0 0 0 0 1 0 6 227 0 0 0 0 0 0 0 0 0 0 0 0
0 1 0 10 0 0 0 0 0 0 0 0 0 0 0 0 0 0 0 0 0 0 0 0 0 0 0 0 0 0 0 0 0 0 0 0 0 0 0 0
0 1 0 11 0 0 0 0 0 0 0 0 0 0 0 0 0 0 0 0 0 0 0 0 0 0 0 0 0 0 0 0 0 0 0 0 0 0 0 0
0 1 0 12 0 0 0 0 0 0 0 0 0 0 0 0 0 0 0 0 0 0 0 0 0 0 0 0 0 0 0 0 0 0 0 0 0 0 0 0
0 1 0 13 0 0 0 0 0 0 0 0 0 0 0 0 0 0 0 0 0 0 0 0 0 0 0 0 0 0 0 0 0 0 0 0 0 0 0 0
0 1 0 14 0 0 0 0 0 0 0 0 0 0 0 0 0 0 0 0 0 0 0 0 0 0 0 0 0 0 0 0 0 0 0 0 0 0 0 0
0 1 0 15 0 0 0 0 0 0 0 0 0 0 0 0 0 0 0 0 0 0 0 0 0 0 0 0 0 0 0 0 0 0 0 0 0 0 0 0
0 1 1 0 1 4 3 236 1 4 0 109 0 0 0 0 1 1 3 6 1 1 0 -69 0 0 0 0 0 0 0 0 0 0 0 0 0 0 0 0
0 1 1 1 1 4 4 74 1 4 1 -48 0 0 0 0 1 1 4 28 1 1 1 -154 0 0 0 0 0 0 0 0 0 0 0 0 0 0 0 0
0 1 1 2 1 4 5 123 1 4 2 110 0 0 0 0 1 1 5 -244 1 1 2 -110 0 0 0 0 0 0 0 0 0 0 0 0 0 0 0 0
0 1 1 3 1 4 6 57 1 4 3 236 1 4 0 109 1 1 6 73 1 1 3 6 1 1 0 -69 0 0 0 0 0 0 0 0 0 0 0 0
0 1 1 4 0 0 0 0 1 4 4 74 1 4 1 -48 0 0 0 0 1 1 4 28 1 1 1 -154 0 0 0 0 0 0 0 0 0 0 0 0
0 1 1 5 0 0 0 0 1 4 5 123 1 4 2 110 0 0 0 0 1 1 5 -244 1 1 2 -110 0 0 0 0 0 0 0 0 0 0 0 0
0 1 1 6 0 0 0 0 1 4 6 57 1 4 3 236 0 0 0 0 1 1 6 73 1 1 3 6 0 0 0 0 0 0 0 0 0 0 0 0
0 1 1 7 0 0 0 0 0 0 0 0 1 4 4 74 0 0 0 0 0 0 0 0 1 1 4 28 0 0 0 0 0 0 0 0 0 0 0 0
0 1 1 8 0 0 0 0 0 0 0 0 1 4 5 123 0 0 0 0 0 0 0 0 1 1 5 -244 0 0 0 0 0 0 0 0 0 0 0 0
0 1 1 9 0 0 0 0 0 0 0 0 1 4 6 57 0 0 0 0 0 0 0 0 1 1 6 73 0 0 0 0 0 0 0 0 0 0 0 0
0 1 1 10 0 0 0 0 0 0 0 0 0 0 0 0 0 0 0 0 0 0 0 0 0 0 0 0 0 0 0 0 0 0 0 0 0 0 0 0
0 1 1 11 0 0 0 0 0 0 0 0 0 0 0 0 0 0 0 0 0 0 0 0 0 0 0 0 0 0 0 0 0 0 0 0 0 0 0 0
0 1 1 12 0 0 0 0 0 0 0 0 0 0 0 0 0 0 0 0 0 0 0 0 0 0 0 0 0 0 0 0 0 0 0 0 0 0 0 0
0 1 1 13 0 0 0 0 0 0 0 0 0 0 0 0 0 0 0 0 0 0 0 0 0 0 0 0 0 0 0 0 0 0 0 0 0 0 0 0
0 1 1 14 0 0 0 0 0 0 0 0 0 0 0 0 0 0 0 0 0 0 0 0 0 0 0 0 0 0 0 0 0 0 0 0 0 0 0 0
0 1 1 15 0 0 0 0 0 0 0 0 0 0 0 0 0 0 0 0 0 0 0 0 0 0 0 0 0 0 0 0 0 0 0 0 0 0 0 0
0 1 2 0 1 5 3 -130 1 5 0 -103 0 0 0 0 1 2 3 -157 1 2 0 -173 0 0 0 0 0 0 0 0 0 0 0 0 0 0 0 0
0 1 2 1 1 5 4 -195 1 5 1 -219 0 0 0 0 1 2 4 148 1 2 1 66 0 0 0 0 0 0 0 0 0 0 0 0 0 0 0 0
0 1 2 2 1 5 5 38 1 5 2 57 0 0 0 0 1 2 5 -239 1 2 2 196 0 0 0 0 0 0 0 0 0 0 0 0 0 0 0 0
0 1 2 3 1 5 6 56 1 5 3 -130 1 5 0 -103 1 2 6 29 1 2 3 -157 1 2 0 -173 0 0 0 0 0 0 0 0 0 0 0 0
0 1 2 4 0 0 0 0 1 5 4 -195 1 5 1 -219 0 0 0 0 1 2 4 148 1 2 1 66 0 0 0 0 0 0 0 0 0 0 0 0
0 1 2 5 0 0 0 0 1 5 5 38 1 5 2 57 0 0 0 0 1 2 5 -239 1 2 2 196 0 0 0 0 0 0 0 0 0 0 0 0
0 1 2 6 0 0 0 0 1 5 6 56 1 5 3 -130 0 0 0 0 1 2 6 29 1 2 3 -157 0 0 0 0 0 0 0 0 0 0 0 0
0 1 2 7 0 0 0 0 0 0 0 0 1 5 4 -195 0 0 0 0 0 0 0 0 1 2 4 148 0 0 0 0 0 0 0 0 0 0 0 0
0 1 2 8 0 0 0 0 0 0 0 0 1 5 5 38 0 0 0 0 0 0 0 0 1 2 5 -239 0 0 0 0 0 0 0 0 0 0 0 0
0 1 2 9 0 0 0 0 0 0 0 0 1 5 6 56 0 0 0 0 0 0 0 0 1 2 6 29 0 0 0 0 0 0 0 0 0 0 0 0
0 1 2 10 0 0 0 0 0 0 0 0 0 0 0 0 0 0 0 0 0 0 0 0 0 0 0 0 0 0 0 0 0 0 0 0 0 0 0 0
0 1 2 11 0 0 0 0 0 0 0 0 0 0 0 0 0 0 0 0 0 0 0 0 0 0 0 0 0 0 0 0 0 0 0 0 0 0 0 0
0 1 2 12 0 0 0 0 0 0 0 0 0 0 0 0 0 0 0 0 0 0 0 0 0 0 0 0 0 0 0 0 0 0 0 0 0 0 0 0
0 1 2 13 0 0 0 0 0 0 0 0 0 0 0 0 0 0 0 0 0 0 0 0 0 0 0 0 0 0 0 0 0 0 0 0 0 0 0 0
0 1 2 14 0 0 0 0 0 0 0 0 0 0 0 0 0 0 0 0 0 0 0 0 0 0 0 0 0 0 0 0 0 0 0 0 0 0 0 0
0 1 2 15 0 0 0 0 0 0 0 0 0 0 0 0 0 0 0 0 0 0 0 0 0 0 0 0 0 0 0 0 0 0 0 0 0 0 0 0
0 1 3 0 1 6 3 132 1 6 0 -55 0 0 0 0 1 3 3 29 1 3 0 85 0 0 0 0 1 0 3 75 1 0 0 89 0 0 0 0
0 1 3 1 1 6 4 216 1 6 1 66 0 0 0 0 1 3 4 -42 1 3 1 -143 0 0 0 0 1 0 4 -88 1 0 1 -140 0 0 0 0
0 1 3 2 1 6 5 -222 1 6 2 251 0 0 0 0 1 3 5 -250 1 3 2 144 0 0 0 0 1 0 5 62 1 0 2 -71 0 0 0 0
0 1 3 3 1 6 6 -179 1 6 3 132 1 6 0 -55 1 3 6 -188 1 3 3 29 1 3 0 85 1 0 6 227 1 0 3 75 1 0 0 89
0 1 3 4 0 0 0 0 1 6 4 216 1 6 1 66 0 0 0 0 1 3 4 -42 1 3 1 -143 0 0 0 0 1 0 4 -88 1 0 1 -140
0 1 3 5 0 0 0 0 1 6 5 -222 1 6 2 251 0 0 0 0 1 3 5 -250 1 3 2 144 0 0 0 0 1 0 5 62 1 0 2 -71
0 1 3 6 0 0 0 0 1 6 6 -179 1 6 3 132 0 0 0 0 1 3 6 -188 1 3 3 29 0 0 0 0 1 0 6 227 1 0 3 75
0 1 3 7 0 0 0 0 0 0 0 0 1 6 4 216 0 0 0 0 0 0 0 0 1 3 4 -42 0 0 0 0 0 0 0 0 1 0 4 -88
0 1 3 8 0 0 0 0 0 0 0 0 1 6 5 -222 0 0 0 0 0 0 0 0 1 3 5 -250 0 0 0 0 0 0 0 0 1 0 5 62
0 1 3 9 0 0 0 0 0 0 0 0 1 6 6 -179 0 0 0 0 0 0 0 0 1 3 6 -188 0 0 0 0 0 0 0 0 1 0 6 227
0 1 3 10 0 0 0 0 0 0 0 0 0 0 0 0 0 0 0 0 0 0 0 0 0 0 0 0 0 0 0 0 0 0 0 0 0 0 0 0
0 1 3 11 0 0 0 0 0 0 0 0 0 0 0 0 0 0 0 0 0 0 0 0 0 0 0 0 0 0 0 0 0 0 0 0 0 0 0 0
0 1 3 12 0 0 0 0 0 0 0 0 0 0 0 0 0 0 0 0 0 0 0 0 0 0 0 0 0 0 0 0 0 0 0 0 0 0 0 0
0 1 3 13 0 0 0 0 0 0 0 0 0 0 0 0 0 0 0 0 0 0 0 0 0 0 0 0 0 0 0 0 0 0 0 0 0 0 0 0
0 1 3 14 0 0 0 0 0 0 0 0 0 0 0 0 0 0 0 0 0 0 0 0 0 0 0 0 0 0 0 0 0 0 0 0 0 0 0 0
0 1 3 15 0 0 0 0 0 0 0 0 0 0 0 0 0 0 0 0 0 0 0 0 0 0 0 0 0 0 0 0 0 0 0 0 0 0 0 0
0 1 4 0 0 0 0 0 0 0 0 0 0 0 0 0 1 4 3 236 1 4 0 109 0 0 0 0 1 1 3 6 1 1 0 -69 0 0 0 0
0 1 4 1 0 0 0 0 0 0 0 0 0 0 0 0 1 4 4 74 1 4 1 -48 0 0 0 0 1 1 4 28 1 1 1 -154 0 0 0 0
0 1 4 2 0 0 0 0 0 0 0 0 0 0 0 0 1 4 5 123 1 4 2 110 0 0 0 0 1 1 5 -244 1 1 2 -110 0 0 0 0
0 1 4 3 0 0 0 0 0 0 0 0 0 0 0 0 1 4 6 57 1 4 3 236 1 4 0 109 1 1 6 73 1 1 3 6 1 1 0 -69
0 1 4 4 0 0 0 0 0 0 0 0 0 0 0 0 0 0 0 0 1 4 4 74 1 4 1 -48 0 0 0 0 1 1 4 28 1 1 1 -154
0 1 4 5 0 0 0 0 0 0 0 0 0 0 0 0 0 0 0 0 1 4 5 123 1 4 2 110 0 0 0 0 1 1 5 -244 1 1 2 -110
0 1 4 6 0 0 0 0 0 0 0 0 0 0 0 0 0 0 0 0 1 4 6 57 1 4 3 236 0 0 0 0 1 1 6 73 1 1 3 6
0 1 4 7 0 0 0 0 0 0 0 0 0 0 0 0 0 0 0 0 0 0 0 0 1 4 4 74 0 0 0 0 0 0 0 0 1 1 4 28
0 1 4 8 0 0 0 0 0 0 0 0 0 0 0 0 0 0 0 0 0 0 0 0 1 4 5 123 0 0 0 0 0 0 0 0 1 1 5 -244
0 1 4 9 0 0 0 0 0 0 0 0 0 0 0 0 0 0 0 0 0 0 0 0 1 4 6 57 0 0 0 0 0 0 0 0 1 1 6 73
0 1 4 10 0 0 0 0 0 0 0 0 0 0 0 0 0 0 0 0 0 0 0 0 0 0 0 0 0 0 0 0 0 0 0 0 0 0 0 0
0 1 4 11 0 0 0 0 0 0 0 0 0 0 0 0 0 0 0 0 0 0 0 0 0 0 0 0 0 0 0 0 0 0 0 0 0 0 0 0
0 1 4 12 0 0 0 0 0 0 0 0 0 0 0 0 0 0 0 0 0 0 0 0 0 0 0 0 0 0 0 0 0 0 0 0 0 0 0 0
0 1 4 13 0 0 0 0 0 0 0 0 0 0 0 0 0 0 0 0 0 0 0 0 0 0 0 0 0 0 0 0 0 0 0 0 0 0 0 0
0 1 4 14 0 0 0 0 0 0 0 0 0 0 0 0 0 0 0 0 0 0 0 0 0 0 0 0 0 0 0 0 0 0 0 0 0 0 0 0
0 1 4 15 0 0 0 0 0 0 0 0 0 0 0 0 0 0 0 0 0 0 0 0 0 0 0 0 0 0 0 0 0 0 0 0 0 0 0 0
0 1 5 0 0 0 0 0 0 0 0 0 0 0 0 0 1 5 3 -130 1 5 0 -103 0 0 0 0 1 2 3 -157 1 2 0 -173 0 0 0 0
0 1 5 1 0 0 0 0 0 0 0 0 0 0 0 0 1 5 4 -195 1 5 1 -219 0 0 0 0 1 2 4 148 1 2 1 66 0 0 0 0
0 1 5 2 0 0 0 0 0 0 0 0 0 0 0 0 1 5 5 38 1 5 2 57 0 0 0 0 1 2 5 -239 1 2 2 196 0 0 0 0
0 1 5 3 0 0 0 0 0 0 0 0 0 0 0 0 1 5 6 56 1 5 3 -130 1 5 0 -103 1 2 6 29 1 2 3 -157 1 2 0 -173
0 1 5 4 0 0 0 0 0 0 0 0 0 0 0 0 0 0 0 0 1 5 4 -195 1 5 1 -219 0 0 0 0 1 2 4 148 1 2 1 66
0 1 5 5 0 0 0 0 0 0 0 0 0 0 0 0 0 0 0 0 1 5 5 38 1 5 2 57 0 0 0 0 1 2 5 -239 1 2 2 196
0 1 5 6 0 0 0 0 0 0 0 0 0 0 0 0 0 0 0 0 1 5 6 56 1 5 3 -130 0 0 0 0 1 2 6 29 1 2 3 -157
0 1 5 7 0 0 0 0 0 0 0 0 0 0 0 0 0 0 0 0 0 0 0 0 1 5 4 -195 0 0 0 0 0 0 0 0 1 2 4 148
0 1 5 8 0 0 0 0 0 0 0 0 0 0 0 0 0 0 0 0 0 0 0 0 1 5 5 38 0 0 0 0 0 0 0 0 1 2 5 -239
0 1 5 9 0 0 0 0 0 0 0 0 0 0 0 0 0 0 0 0 0 0 0 0 1 5 6 56 0 0 0 0 0 0 0 0 1 2 6 29
0 1 5 10 0 0 0 0 0 0 0 0 0 0 0 0 0 0 0 0 0 0 0 0 0 0 0 0 0 0 0 0 0 0 0 0 0 0 0 0
0 1 5 11 0 0 0 0 0 0 0 0 0 0 0 0 0 0 0 0 0 0 0 0 0 0 0 0 0 0 0 0 0 0 0 0 0 0 0 0
0 1 5 12 0 0 0 0 0 0 0 0 0 0 0 0 0 0 0 0 0 0 0 0 0 0 0 0 0 0 0 0 0 0 0 0 0 0 0 0
0 1 5 13 0 0 0 0 0 0 0 0 0 0 0 0 0 0 0 0 0 0 0 0 0 0 0 0 0 0 0 0 0 0 0 0 0 0 0 0
0 1 5 14 0 0 0 0 0 0 0 0 0 0 0 0 0 0 0 0 0 0 0 0 0 0 0 0 0 0 0 0 0 0 0 0 0 0 0 0
0 1 5 15 0 0 0 0 0 0 0 0 0 0 0 0 0 0 0 0 0 0 0 0 0 0 0 0 0 0 0 0 0 0 0 0 0 0 0 0
0 1 6 0 1 0 3 75 1 0 0 89 0 0 0 0 1 6 3 132 1 6 0 -55 0 0 0 0 1 3 3 29 1 3 0 85 0 0 0 0
0 1 6 1 1 0 4 -88 1 0 1 -140 0 0 0 0 1 6 4 216 1 6 1 66 0 0 0 0 1 3 4 -42 1 3 1 -143 0 0 0 0
0 1 6 2 1 0 5 62 1 0 2 -71 0 0 0 0 1 6 5 -222 1 6 2 251 0 0 0 0 1 3 5 -250 1 3 2 144 0 0 0 0
0 1 6 3 1 0 6 227 1 0 3 75 1 0 0 89 1 6 6 -179 1 6 3 132 1 6 0 -55 1 3 6 -188 1 3 3 29 1 3 0 85
0 1 6 4 0 0 0 0 1 0 4 -88 1 0 1 -140 0 0 0 0 1 6 4 216 1 6 1 66 0 0 0 0 1 3 4 -42 1 3 1 -143
0 1 6 5 0 0 0 0 1 0 5 62 1 0 2 -71 0 0 0 0 1 6 5 -222 1 6 2 251 0 0 0 0 1 3 5 -250 1 3 2 144
0 1 6 6 0 0 0 0 1 0 6 227 1 0 3 75 0 0 0 0 1 6 6 -179 1 6 3 132 0 0 0 0 1 3 6 -188 1 3 3 29
0 1 6 7 0 0 0 0 0 0 0 0 1 0 4 -88 0 0 0 0 0 0 0 0 1 6 4 216 0 0 0 0 0 0 0 0 1 3 4 -42
0 1 6 8 0 0 0 0 0 0 0 0 1 0 5 62 0 0 0 0 0 0 0 0 1 6 5 -222 0 0 0 0 0 0 0 0 1 3 5 -250
0 1 6 9 0 0 0 0 0 0 0 0 1 0 6 227 0 0 0 0 0 0 0 0 1 6 6 -179 0 0 0 0 0 0 0 0 1 3 6 -188
0 1 6 10 0 0 0 0 0 0 0 0 0 0 0 0 0 0 0 0 0 0 0 0 0 0 0 0 0 0 0 0 0 0 0 0 0 0 0 0
0 1 6 11 0 0 0 0 0 0 0 0 0 0 0 0 0 0 0 0 0 0 0 0 0 0 0 0 0 0 0 0 0 0 0 0 0 0 0 0
0 1 6 12 0 0 0 0 0 0 0 0 0 0 0 0 0 0 0 0 0 0 0 0 0 0 0 0 0 0 0 0 0 0 0 0 0 0 0 0
0 1 6 13 0 0 0 0 0 0 0 0 0 0 0 0 0 0 0 0 0 0 0 0 0 0 0 0 0 0 0 0 0 0 0 0 0 0 0 0
0 1 6 14 0 0 0 0 0 0 0 0 0 0 0 0 0 0 0 0 0 0 0 0 0 0 0 0 0 0 0 0 0 0 0 0 0 0 0 0
0 1 6 15 0 0 0 0 0 0 0 0 0 0 0 0 0 0 0 0 0 0 0 0 0 0 0 0 0 0 0 0 0 0 0 0 0 0 0 0
0 1 7 0 1 1 3 6 1 1 0 -69 0 0 0 0 0 0 0 0 0 0 0 0 0 0 0 0 1 4 3 236 1 4 0 109 0 0 0 0
0 1 7 1 1 1 4 28 1 1 1 -154 0 0 0 0 0 0 0 0 0 0 0 0 0 0 0 0 1 4 4 74 1 4 1 -48 0 0 0 0
0 1 7 2 1 1 5 -244 1 1 2 -110 0 0 0 0 0 0 0 0 0 0 0 0 0 0 0 0 1 4 5 123 1 4 2 110 0 0 0 0
0 1 7 3 1 1 6 73 1 1 3 6 1 1 0 -69 0 0 0 0 0 0 0 0 0 0 0 0 1 4 6 57 1 4 3 236 1 4 0 109
0 1 7 4 0 0 0 0 1 1 4 28 1 1 1 -154 0 0 0 0 0 0 0 0 0 0 0 0 0 0 0 0 1 4 4 74 1 4 1 -48
0 1 7 5 0 0 0 0 1 1 5 -244 1 1 2 -110 0 0 0 0 0 0 0 0 0 0 0 0 0 0 0 0 1 4 5 123 1 4 2 110
0 1 7 6 0 0 0 0 1 1 6 73 1 1 3 6 0 0 0 0 0 0 0 0 0 0 0 0 0 0 0 0 1 4 6 57 1 4 3 236
0 1 7 7 0 0 0 0 0 0 0 0 1 1 4 28 0 0 0 0 0 0 0 0 0 0 0 0 0 0 0 0 0 0 0 0 1 4 4 74
0 1 7 8 0 0 0 0 0 0 0 0 1 1 5 -244 0 0 0 0 0 0 0 0 0 0 0 0 0 0 0 0 0 0 0 0 1 4 5 123
0 1 7 9 0 0 0 0 0 0 0 0 1 1 6 73 0 0 0 0 0 0 0 0 0 0 0 0 0 0 0 0 0 0 0 0 1 4 6 57
0 1 7 10 0 0 0 0 0 0 0 0 0 0 0 0 0 0 0 0 0 0 0 0 0 0 0 0 0 0 0 0 0 0 0 0 0 0 0 0
0 1 7 11 0 0 0 0 0 0 0 0 0 0 0 0 0 0 0 0 0 0 0 0 0 0 0 0 0 0 0 0 0 0 0 0 0 0 0 0
0 1 7 12 0 0 0 0 0 0 0 0 0 0 0 0 0 0 0 0 0 0 0 0 0 0 0 0 0 0 0 0 0 0 0 0 0 0 0 0
0 1 7 13 0 0 0 0 0 0 0 0 0 0 0 0 0 0 0 0 0 0 0 0 0 0 0 0 0 0 0 0 0 0 0 0 0 0 0 0
0 1 7 14 0 0 0 0 0 0 0 0 0 0 0 0 0 0 0 0 0 0 0 0 0 0 0 0 0 0 0 0 0 0 0 0 0 0 0 0
0 1 7 15 0 0 0 0 0 0 0 0 0 0 0 0 0 0 0 0 0 0 0 0 0 0 0 0 0 0 0 0 0 0 0 0 0 0 0 0
0 1 8 0 1 2 3 -157 1 2 0 -173 0 0 0 0 0 0 0 0 0 0 0 0 0 0 0 0 1 5 3 -130 1 5 0 -103 0 0 0 0
0 1 8 1 1 2 4 148 1 2 1 66 0 0 0 0 0 0 0 0 0 0 0 0 0 0 0 0 1 5 4 -195 1 5 1 -219 0 0 0 0
0 1 8 2 1 2 5 -239 1 2 2 196 0 0 0 0 0 0 0 0 0 0 0 0 0 0 0 0 1 5 5 38 1 5 2 57 0 0 0 0
0 1 8 3 1 2 6 29 1 2 3 -157 1 2 0 -173 0 0 0 0 0 0 0 0 0 0 0 0 1 5 6 56 1 5 3 -130 1 5 0 -103
0 1 8 4 0 0 0 0 1 2 4 148 1 2 1 66 0 0 0 0 0 0 0 0 0 0 0 0 0 0 0 0 1 5 4 -195 1 5 1 -219
0 1 8 5 0 0 0 0 1 2 5 -239 1 2 2 196 0 0 0 0 0 0 0 0 0 0 0 0 0 0 0 0 1 5 5 38 1 5 2 57
0 1 8 6 0 0 0 0 1 2 6 29 1 2 3 -157 0 0 0 0 0 0 0 0 0 0 0 0 0 0 0 0 1 5 6 56 1 5 3 -130
0 1 8 7 0 0 0 0 0 0 0 0 1 2 4 148 0 0 0 0 0 0 0 0 0 0 0 0 0 0 0 0 0 0 0 0 1 5 4 -195
0 1 8 8 0 0 0 0 0 0 0 0 1 2 5 -239 0 0 0 0 0 0 0 0 0 0 0 0 0 0 0 0 0 0 0 0 1 5 5 38
0 1 8 9 0 0 0 0 0 0 0 0 1 2 6 29 0 0 0 0 0 0 0 0 0 0 0 0 0 0 0 0 0 0 0 0 1 5 6 56
0 1 8 10 0 0 0 0 0 0 0 0 0 0 0 0 0 0 0 0 0 0 0 0 0 0 0 0 0 0 0 0 0 0 0 0 0 0 0 0
0 1 8 11 0 0 0 0 0 0 0 0 0 0 0 0 0 0 0 0 0 0 0 0 0 0 0 0 0 0 0 0 0 0 0 0 0 0 0 0
0 1 8 12 0 0 0 0 0 0 0 0 0 0 0 0 0 0 0 0 0 0 0 0 0 0 0 0 0 0 0 0 0 0 0 0 0 0 0 0
0 1 8 13 0 0 0 0 0 0 0 0 0 0 0 0 0 0 0 0 0 0 0 0 0 0 0 0 0 0 0 0 0 0 0 0 0 0 0 0
0 1 8 14 0 0 0 0 0 0 0 0 0 0 0 0 0 0 0 0 0 0 0 0 0 0 0 0 0 0 0 0 0 0 0 0 0 0 0 0
0 1 8 15 0 0 0 0 0 0 0 0 0 0 0 0 0 0 0 0 0 0 0 0 0 0 0 0 0 0 0 0 0 0 0 0 0 0 0 0
0 1 9 0 1 3 3 29 1 3 0 85 0 0 0 0 0 0 0 0 0 0 0 0 0 0 0 0 1 6 3 132 1 6 0 -55 0 0 0 0
0 1 9 1 1 3 4 -42 1 3 1 -143 0 0 0 0 0 0 0 0 0 0 0 0 0 0 0 0 1 6 4 216 1 6 1 66 0 0 0 0
0 1 9 2 1 3 5 -250 1 3 2 144 0 0 0 0 0 0 0 0 0 0 0 0 0 0 0 0 1 6 5 -222 1 6 2 251 0 0 0 0
0 1 9 3 1 3 6 -188 1 3 3 29 1 3 0 85 0 0 0 0 0 0 0 0 0 0 0 0 1 6 6 -179 1 6 3 132 1 6 0 -55
0 1 9 4 0 0 0 0 1 3 4 -42 1 3 1 -143 0 0 0 0 0 0 0 0 0 0 0 0 0 0 0 0 1 6 4 216 1 6 1 66
0 1 9 5 0 0 0 0 1 3 5 -250 1 3 2 144 0 0 0 0 0 0 0 0 0 0 0 0 0 0 0 0 1 6 5 -222 1 6 2 251
0 1 9 6 0 0 0 0 1 3 6 -188 1 3 3 29 0 0 0 0 0 0 0 0 0 0 0 0 0 0 0 0 1 6 6 -179 1 6 3 132
0 1 9 7 0 0 0 0 0 0 0 0 1 3 4 -42 0 0 0 0 0 0 0 0 0 0 0 0 0 0 0 0 0 0 0 0 1 6 4 216
0 1 9 8 0 0 0 0 0 0 0 0 1 3 5 -250 0 0 0 0 0 0 0 0 0 0 0 0 0 0 0 0 0 0 0 0 1 6 5 -222
0 1 9 9 0 0 0 0 0 0 0 0 1 3 6 -188 0 0 0 0 0 0 0 0 0 0 0 0 0 0 0 0 0 0 0 0 1 6 6 -179
0 1 9 10 0 0 0 0 0 0 0 0 0 0 0 0 0 0 0 0 0 0 0 0 0 0 0 0 0 0 0 0 0 0 0 0 0 0 0 0
0 1 9 11 0 0 0 0 0 0 0 0 0 0 0 0 0 0 0 0 0 0 0 0 0 0 0 0 0 0 0 0 0 0 0 0 0 0 0 0
0 1 9 12 0 0 0 0 0 0 0 0 0 0 0 0 0 0 0 0 0 0 0 0 0 0 0 0 0 0 0 0 0 0 0 0 0 0 0 0
0 1 9 13 0 0 0 0 0 0 0 0 0 0 0 0 0 0 0 0 0 0 0 0 0 0 0 0 0 0 0 0 0 0 0 0 0 0 0 0
0 1 9 14 0 0 0 0 0 0 0 0 0 0 0 0 0 0 0 0 0 0 0 0 0 0 0 0 0 0 0 0 0 0 0 0 0 0 0 0
0 1 9 15 0 0 0 0 0 0 0 0 0 0 0 0 0 0 0 0 0 0 0 0 0 0 0 0 0 0 0 0 0 0 0 0 0 0 0 0
0 1 10 0 1 4 3 236 1 4 0 109 0 0 0 0 0 0 0 0 0 0 0 0 0 0 0 0 0 0 0 0 0 0 0 0 0 0 0 0
0 1 10 1 1 4 4 74 1 4 1 -48 0 0 0 0 0 0 0 0 0 0 0 0 0 0 0 0 0 0 0 0 0 0 0 0 0 0 0 0
0 1 10 2 1 4 5 123 1 4 2 110 0 0 0 0 0 0 0 0 0 0 0 0 0 0 0 0 0 0 0 0 0 0 0 0 0 0 0 0
0 1 10 3 1 4 6 57 1 4 3 236 1 4 0 109 0 0 0 0 0 0 0 0 0 0 0 0 0 0 0 0 0 0 0 0 0 0 0 0
0 1 10 4 0 0 0 0 1 4 4 74 1 4 1 -48 0 0 0 0 0 0 0 0 0 0 0 0 0 0 0 0 0 0 0 0 0 0 0 0
0 1 10 5 0 0 0 0 1 4 5 123 1 4 2 110 0 0 0 0 0 0 0 0 0 0 0 0 0 0 0 0 0 0 0 0 0 0 0 0
0 1 10 6 0 0 0 0 1 4 6 57 1 4 3 236 0 0 0 0 0 0 0 0 0 0 0 0 0 0 0 0 0 0 0 0 0 0 0 0
0 1 10 7 0 0 0 0 0 0 0 0 1 4 4 74 0 0 0 0 0 0 0 0 0 0 0 0 0 0 0 0 0 0 0 0 0 0 0 0
0 1 10 8 0 0 0 0 0 0 0 0 1 4 5 123 0 0 0 0 0 0 0 0 0 0 0 0 0 0 0 0 0 0 0 0 0 0 0 0
0 1 10 9 0 0 0 0 0 0 0 0 1 4 6 57 0 0 0 0 0 0 0 0 0 0 0 0 0 0 0 0 0 0 0 0 0 0 0 0
0 1 10 10 0 0 0 0 0 0 0 0 0 0 0 0 0 0 0 0 0 0 0 0 0 0 0 0 0 0 0 0 0 0 0 0 0 0 0 0
0 1 10 11 0 0 0 0 0 0 0 0 0 0 0 0 0 0 0 0 0 0 0 0 0 0 0 0 0 0 0 0 0 0 0 0 0 0 0 0
0 1 10 12 0 0 0 0 0 0 0 0 0 0 0 0 0 0 0 0 0 0 0 0 0 0 0 0 0 0 0 0 0 0 0 0 0 0 0 0
0 1 10 13 0 0 0 0 0 0 0 0 0 0 0 0 0 0 0 0 0 0 0 0 0 0 0 0 0 0 0 0 0 0 0 0 0 0 0 0
0 1 10 14 0 0 0 0 0 0 0 0 0 0 0 0 0 0 0 0 0 0 0 0 0 0 0 0 0 0 0 0 0 0 0 0 0 0 0 0
0 1 10 15 0 0 0 0 0 0 0 0 0 0 0 0 0 0 0 0 0 0 0 0 0 0 0 0 0 0 0 0 0 0 0 0 0 0 0 0
0 1 11 0 1 5 3 -130 1 5 0 -103 0 0 0 0 0 0 0 0 0 0 0 0 0 0 0 0 0 0 0 0 0 0 0 0 0 0 0 0
0 1 11 1 1 5 4 -195 1 5 1 -219 0 0 0 0 0 0 0 0 0 0 0 0 0 0 0 0 0 0 0 0 0 0 0 0 0 0 0 0
0 1 11 2 1 5 5 38 1 5 2 57 0 0 0 0 0 0 0 0 0 0 0 0 0 0 0 0 0 0 0 0 0 0 0 0 0 0 0 0
0 1 11 3 1 5 6 56 1 5 3 -130 1 5 0 -103 0 0 0 0 0 0 0 0 0 0 0 0 0 0 0 0 0 0 0 0 0 0 0 0
0 1 11 4 0 0 0 0 1 5 4 -195 1 5 1 -219 0 0 0 0 0 0 0 0 0 0 0 0 0 0 0 0 0 0 0 0 0 0 0 0
0 1 11 5 0 0 0 0 1 5 5 38 1 5 2 57 0 0 0 0 0 0 0 0 0 0 0 0 0 0 0 0 0 0 0 0 0 0 0 0
0 1 11 6 0 0 0 0 1 5 6 56 1 5 3 -130 0 0 0 0 0 0 0 0 0 0 0 0 0 0 0 0 0 0 0 0 0 0 0 0
0 1 11 7 0 0 0 0 0 0 0 0 1 5 4 -195 0 0 0 0 0 0 0 0 0 0 0 0 0 0 0 0 0 0 0 0 0 0 0 0
0 1 11 8 0 0 0 0 0 0 0 0 1 5 5 38 0 0 0 0 0 0 0 0 0 0 0 0 0 0 0 0 0 0 0 0 0 0 0 0
0 1 11 9 0 0 0 0 0 0 0 0 1 5 6 56 0 0 0 0 0 0 0 0 0 0 0 0 0 0 0 0 0 0 0 0 0 0 0 0
0 1 11 10 0 0 0 0 0 0 0 0 0 0 0 0 0 0 0 0 0 0 0 0 0 0 0 0 0 0 0 0 0 0 0 0 0 0 0 0
0 1 11 11 0 0 0 0 0 0 0 0 0 0 0 0 0 0 0 0 0 0 0 0 0 0 0 0 0 0 0 0 0 0 0 0 0 0 0 0
0 1 11 12 0 0 0 0 0 0 0 0 0 0 0 0 0 0 0 0 0 0 0 0 0 0 0 0 0 0 0 0 0 0 0 0 0 0 0 0
0 1 11 13 0 0 0 0 0 0 0 0 0 0 0 0 0 0 0 0 0 0 0 0 0 0 0 0 0 0 0 0 0 0 0 0 0 0 0 0
0 1 11 14 0 0 0 0 0 0 0 0 0 0 0 0 0 0 0 0 0 0 0 0 0 0 0 0 0 0 0 0 0 0 0 0 0 0 0 0
0 1 11 15 0 0 0 0 0 0 0 0 0 0 0 0 0 0 0 0 0 0 0 0 0 0 0 0 0 0 0 0 0 0 0 0 0 0 0 0
0 1 12 0 1 6 3 132 1 6 0 -55 0 0 0 0 0 0 0 0 0 0 0 0 0 0 0 0 0 0 0 0 0 0 0 0 0 0 0 0
0 1 12 1 1 6 4 216 1 6 1 66 0 0 0 0 0 0 0 0 0 0 0 0 0 0 0 0 0 0 0 0 0 0 0 0 0 0 0 0
0 1 12 2 1 6 5 -222 1 6 2 251 0 0 0 0 0 0 0 0 0 0 0 0 0 0 0 0 0 0 0 0 0 0 0 0 0 0 0 0
0 1 12 3 1 6 6 -179 1 6 3 132 1 6 0 -55 0 0 0 0 0 0 0 0 0 0 0 0 0 0 0 0 0 0 0 0 0 0 0 0
0 1 12 4 0 0 0 0 1 6 4 216 1 6 1 66 0 0 0 0 0 0 0 0 0 0 0 0 0 0 0 0 0 0 0 0 0 0 0 0
0 1 12 5 0 0 0 0 1 6 5 -222 1 6 2 251 0 0 0 0 0 0 0 0 0 0 0 0 0 0 0 0 0 0 0 0 0 0 0 0
0 1 12 6 0 0 0 0 1 6 6 -179 1 6 3 132 0 0 0 0 0 0 0 0 0 0 0 0 0 0 0 0 0 0 0 0 0 0 0 0
0 1 12 7 0 0 0 0 0 0 0 0 1 6 4 216 0 0 0 0 0 0 0 0 0 0 0 0 0 0 0 0 0 0 0 0 0 0 0 0
0 1 12 8 0 0 0 0 0 0 0 0 1 6 5 -222 0 0 0 0 0 0 0 0 0 0 0 0 0 0 0 0 0 0 0 0 0 0 0 0
0 1 12 9 0 0 0 0 0 0 0 0 1 6 6 -179 0 0 0 0 0 0 0 0 0 0 0 0 0 0 0 0 0 0 0 0 0 0 0 0
0 1 12 10 0 0 0 0 0 0 0 0 0 0 0 0 0 0 0 0 0 0 0 0 0 0 0 0 0 0 0 0 0 0 0 0 0 0 0 0
0 1 12 11 0 0 0 0 0 0 0 0 0 0 0 0 0 0 0 0 0 0 0 0 0 0 0 0 0 0 0 0 0 0 0 0 0 0 0 0
0 1 12 12 0 0 0 0 0 0 0 0 0 0 0 0 0 0 0 0 0 0 0 0 0 0 0 0 0 0 0 0 0 0 0 0 0 0 0 0
0 1 12 13 0 0 0 0 0 0 0 0 0 0 0 0 0 0 0 0 0 0 0 0 0 0 0 0 0 0 0 0 0 0 0 0 0 0 0 0
0 1 12 14 0 0 0 0 0 0 0 0 0 0 0 0 0 0 0 0 0 0 0 0 0 0 0 0 0 0 0 0 0 0 0 0 0 0 0 0
0 1 12 15 0 0 0 0 0 0 0 0 0 0 0 0 0 0 0 0 0 0 0 0 0 0 0 0 0 0 0 0 0 0 0 0 0 0 0 0
0 1 13 0 0 0 0 0 0 0 0 0 0 0 0 0 0 0 0 0 0 0 0 0 0 0 0 0 0 0 0 0 0 0 0 0 0 0 0 0
0 1 13 1 0 0 0 0 0 0 0 0 0 0 0 0 0 0 0 0 0 0 0 0 0 0 0 0 0 0 0 0 0 0 0 0 0 0 0 0
0 1 13 2 0 0 0 0 0 0 0 0 0 0 0 0 0 0 0 0 0 0 0 0 0 0 0 0 0 0 0 0 0 0 0 0 0 0 0 0
0 1 13 3 0 0 0 0 0 0 0 0 0 0 0 0 0 0 0 0 0 0 0 0 0 0 0 0 0 0 0 0 0 0 0 0 0 0 0 0
0 1 13 4 0 0 0 0 0 0 0 0 0 0 0 0 0 0 0 0 0 0 0 0 0 0 0 0 0 0 0 0 0 0 0 0 0 0 0 0
0 1 13 5 0 0 0 0 0 0 0 0 0 0 0 0 0 0 0 0 0 0 0 0 0 0 0 0 0 0 0 0 0 0 0 0 0 0 0 0
0 1 13 6 0 0 0 0 0 0 0 0 0 0 0 0 0 0 0 0 0 0 0 0 0 0 0 0 0 0 0 0 0 0 0 0 0 0 0 0
0 1 13 7 0 0 0 0 0 0 0 0 0 0 0 0 0 0 0 0 0 0 0 0 0 0 0 0 0 0 0 0 0 0 0 0 0 0 0 0
0 1 13 8 0 0 0 0 0 0 0 0 0 0 0 0 0 0 0 0 0 0 0 0 0 0 0 0 0 0 0 0 0 0 0 0 0 0 0 0
0 1 13 9 0 0 0 0 0 0 0 0 0 0 0 0 0 0 0 0 0 0 0 0 0 0 0 0 0 0 0 0 0 0 0 0 0 0 0 0
0 1 13 10 0 0 0 0 0 0 0 0 0 0 0 0 0 0 0 0 0 0 0 0 0 0 0 0 0 0 0 0 0 0 0 0 0 0 0 0
0 1 13 11 0 0 0 0 0 0 0 0 0 0 0 0 0 0 0 0 0 0 0 0 0 0 0 0 0 0 0 0 0 0 0 0 0 0 0 0
0 1 13 12 0 0 0 0 0 0 0 0 0 0 0 0 0 0 0 0 0 0 0 0 0 0 0 0 0 0 0 0 0 0 0 0 0 0 0 0
0 1 13 13 0 0 0 0 0 0 0 0 0 0 0 0 0 0 0 0 0 0 0 0 0 0 0 0 0 0 0 0 0 0 0 0 0 0 0 0
0 1 13 14 0 0 0 0 0 0 0 0 0 0 0 0 0 0 0 0 0 0 0 0 0 0 0 0 0 0 0 0 0 0 0 0 0 0 0 0
0 1 13 15 0 0 0 0 0 0 0 0 0 0 0 0 0 0 0 0 0 0 0 0 0 0 0 0 0 0 0 0 0 0 0 0 0 0 0 0
0 1 14 0 0 0 0 0 0 0 0 0 0 0 0 0 0 0 0 0 0 0 0 0 0 0 0 0 0 0 0 0 0 0 0 0 0 0 0 0
0 1 14 1 0 0 0 0 0 0 0 0 0 0 0 0 0 0 0 0 0 0 0 0 0 0 0 0 0 0 0 0 0 0 0 0 0 0 0 0
0 1 14 2 0 0 0 0 0 0 0 0 0 0 0 0 0 0 0 0 0 0 0 0 0 0 0 0 0 0 0 0 0 0 0 0 0 0 0 0
0 1 14 3 0 0 0 0 0 0 0 0 0 0 0 0 0 0 0 0 0 0 0 0 0 0 0 0 0 0 0 0 0 0 0 0 0 0 0 0
0 1 14 4 0 0 0 0 0 0 0 0 0 0 0 0 0 0 0 0 0 0 0 0 0 0 0 0 0 0 0 0 0 0 0 0 0 0 0 0
0 1 14 5 0 0 0 0 0 0 0 0 0 0 0 0 0 0 0 0 0 0 0 0 0 0 0 0 0 0 0 0 0 0 0 0 0 0 0 0
0 1 14 6 0 0 0 0 0 0 0 0 0 0 0 0 0 0 0 0 0 0 0 0 0 0 0 0 0 0 0 0 0 0 0 0 0 0 0 0
0 1 14 7 0 0 0 0 0 0 0 0 0 0 0 0 0 0 0 0 0 0 0 0 0 0 0 0 0 0 0 0 0 0 0 0 0 0 0 0
0 1 14 8 0 0 0 0 0 0 0 0 0 0 0 0 0 0 0 0 0 0 0 0 0 0 0 0 0 0 0 0 0 0 0 0 0 0 0 0
0 1 14 9 0 0 0 0 0 0 0 0 0 0 0 0 0 0 0 0 0 0 0 0 0 0 0 0 0 0 0 0 0 0 0 0 0 0 0 0
0 1 14 10 0 0 0 0 0 0 0 0 0 0 0 0 0 0 0 0 0 0 0 0 0 0 0 0 0 0 0 0 0 0 0 0 0 0 0 0
0 1 14 11 0 0 0 0 0 0 0 0 0 0 0 0 0 0 0 0 0 0 0 0 0 0 0 0 0 0 0 0 0 0 0 0 0 0 0 0
0 1 14 12 0 0 0 0 0 0 0 0 0 0 0 0 0 0 0 0 0 0 0 0 0 0 0 0 0 0 0 0 0 0 0 0 0 0 0 0
0 1 14 13 0 0 0 0 0 0 0 0 0 0 0 0 0 0 0 0 0 0 0 0 0 0 0 0 0 0 0 0 0 0 0 0 0 0 0 0
0 1 14 14 0 0 0 0 0 0 0 0 0 0 0 0 0 0 0 0 0 0 0 0 0 0 0 0 0 0 0 0 0 0 0 0 0 0 0 0
0 1 14 15 0 0 0 0 0 0 0 0 0 0 0 0 0 0 0 0 0 0 0 0 0 0 0 0 0 0 0 0 0 0 0 0 0 0 0 0
0 1 15 0 0 0 0 0 0 0 0 0 0 0 0 0 0 0 0 0 0 0 0 0 0 0 0 0 0 0 0 0 0 0 0 0 0 0 0 0
0 1 15 1 0 0 0 0 0 0 0 0 0 0 0 0 0 0 0 0 0 0 0 0 0 0 0 0 0 0 0 0 0 0 0 0 0 0 0 0
0 1 15 2 0 0 0 0 0 0 0 0 0 0 0 0 0 0 0 0 0 0 0 0 0 0 0 0 0 0 0 0 0 0 0 0 0 0 0 0
0 1 15 3 0 0 0 0 0 0 0 0 0 0 0 0 0 0 0 0 0 0 0 0 0 0 0 0 0 0 0 0 0 0 0 0 0 0 0 0
0 1 15 4 0 0 0 0 0 0 0 0 0 0 0 0 0 0 0 0 0 0 0 0 0 0 0 0 0 0 0 0 0 0 0 0 0 0 0 0
0 1 15 5 0 0 0 0 0 0 0 0 0 0 0 0 0 0 0 0 0 0 0 0 0 0 0 0 0 0 0 0 0 0 0 0 0 0 0 0
0 1 15 6 0 0 0 0 0 0 0 0 0 0 0 0 0 0 0 0 0 0 0 0 0 0 0 0 0 0 0 0 0 0 0 0 0 0 0 0
0 1 15 7 0 0 0 0 0 0 0 0 0 0 0 0 0 0 0 0 0 0 0 0 0 0 0 0 0 0 0 0 0 0 0 0 0 0 0 0
0 1 15 8 0 0 0 0 0 0 0 0 0 0 0 0 0 0 0 0 0 0 0 0 0 0 0 0 0 0 0 0 0 0 0 0 0 0 0 0
0 1 15 9 0 0 0 0 0 0 0 0 0 0 0 0 0 0 0 0 0 0 0 0 0 0 0 0 0 0 0 0 0 0 0 0 0 0 0 0
0 1 15 10 0 0 0 0 0 0 0 0 0 0 0 0 0 0 0 0 0 0 0 0 0 0 0 0 0 0 0 0 0 0 0 0 0 0 0 0
0 1 15 11 0 0 0 0 0 0 0 0 0 0 0 0 0 0 0 0 0 0 0 0 0 0 0 0 0 0 0 0 0 0 0 0 0 0 0 0
0 1 15 12 0 0 0 0 0 0 0 0 0 0 0 0 0 0 0 0 0 0 0 0 0 0 0 0 0 0 0 0 0 0 0 0 0 0 0 0
0 1 15 13 0 0 0 0 0 0 0 0 0 0 0 0 0 0 0 0 0 0 0 0 0 0 0 0 0 0 0 0 0 0 0 0 0 0 0 0
0 1 15 14 0 0 0 0 0 0 0 0 0 0 0 0 0 0 0 0 0 0 0 0 0 0 0 0 0 0 0 0 0 0 0 0 0 0 0 0
0 1 15 15 0 0 0 0 0 0 0 0 0 0 0 0 0 0 0 0 0 0 0 0 0 0 0 0 0 0 0 0 0 0 0 0 0 0 0 0
1 0 0 0 1 3 3 -141 1 3 0 -12 0 0 0 0 1 0 3 100 1 0 0 -73 0 0 0 0 0 0 0 0 0 0 0 0 0 0 0 0
1 0 0 1 1 3 4 -219 1 3 1 206 0 0 0 0 1 0 4 208 1 0 1 46 0 0 0 0 0 0 0 0 0 0 0 0 0 0 0 0
1 0 0 2 1 3 5 67 1 3 2 -125 0 0 0 0 1 0 5 -187 1 0 2 100 0 0 0 0 0 0 0 0 0 0 0 0 0 0 0 0
1 0 0 3 1 3 6 -247 1 3 3 -141 1 3 0 -12 1 0 6 -169 1 0 3 100 1 0 0 -73 0 0 0 0 0 0 0 0 0 0 0 0
1 0 0 4 0 0 0 0 1 3 4 -219 1 3 1 206 0 0 0 0 1 0 4 208 1 0 1 46 0 0 0 0 0 0 0 0 0 0 0 0
1 0 0 5 0 0 0 0 1 3 5 67 1 3 2 -125 0 0 0 0 1 0 5 -187 1 0 2 100 0 0 0 0 0 0 0 0 0 0 0 0
1 0 0 6 0 0 0 0 1 3 6 -247 1 3 3 -141 0 0 0 0 1 0 6 -169 1 0 3 100 0 0 0 0 0 0 0 0 0 0 0 0
1 0 0 7 0 0 0 0 0 0 0 0 1 3 4 -219 0 0 0 0 0 0 0 0 1 0 4 208 0 0 0 0 0 0 0 0 0 0 0 0
1 0 0 8 0 0 0 0 0 0 0 0 1 3 5 67 0 0 0 0 0 0 0 0 1 0 5 -187 0 0 0 0 0 0 0 0 0 0 0 0
1 0 0 9 0 0 0 0 0 0 0 0 1 3 6 -247 0 0 0 0 0 0 0 0 1 0 6 -169 0 0 0 0 0 0 0 0 0 0 0 0
1 0 0 10 0 0 0 0 0 0 0 0 0 0 0 0 0 0 0 0 0 0 0 0 0 0 0 0 0 0 0 0 0 0 0 0 0 0 0 0
1 0 0 11 0 0 0 0 0 0 0 0 0 0 0 0 0 0 0 0 0 0 0 0 0 0 0 0 0 0 0 0 0 0 0 0 0 0 0 0
1 0 0 12 0 0 0 0 0 0 0 0 0 0 0 0 0 0 0 0 0 0 0 0 0 0 0 0 0 0 0 0 0 0 0 0 0 0 0 0
1 0 0 13 0 0 0 0 0 0 0 0 0 0 0 0 0 0 0 0 0 0 0 0 0 0 0 0 0 0 0 0 0 0 0 0 0 0 0 0
1 0 0 14 0 0 0 0 0 0 0 0 0 0 0 0 0 0 0 0 0 0 0 0 0 0 0 0 0 0 0 0 0 0 0 0 0 0 0 0
1 0 0 15 0 0 0 0 0 0 0 0 0 0 0 0 0 0 0 0 0 0 0 0 0 0 0 0 0 0 0 0 0 0 0 0 0 0 0 0
1 0 1 0 1 4 3 -159 1 4 0 -165 0 0 0 0 1 1 3 -46 1 1 0 -96 0 0 0 0 0 0 0 0 0 0 0 0 0 0 0 0
1 0 1 1 1 4 4 6 1 4 1 40 0 0 0 0 1 1 4 205 1 1 1 -171 0 0 0 0 0 0 0 0 0 0 0 0 0 0 0 0
1 0 1 2 1 4 5 243 1 4 2 -31 0 0 0 0 1 1 5 -111 1 1 2 110 0 0 0 0 0 0 0 0 0 0 0 0 0 0 0 0
1 0 1 3 1 4 6 247 1 4 3 -159 1 4 0 -165 1 1 6 -82 1 1 3 -46 1 1 0 -96 0 0 0 0 0 0 0 0 0 0 0 0
1 0 1 4 0 0 0 0 1 4 4 6 1 4 1 40 0 0 0 0 1 1 4 205 1 1 1 -171 0 0 0 0 0 0 0 0 0 0 0 0
1 0 1 5 0 0 0 0 1 4 5 243 1 4 2 -31 0 0 0 0 1 1 5 -111 1 1 2 110 0 0 0 0 0 0 0 0 0 0 0 0
1 0 1 6 0 0 0 0 1 4 6 247 1 4 3 -159 0 0 0 0 1 1 6 -82 1 1 3 -46 0 0 0 0 0 0 0 0 0 0 0 0
1 0 1 7 0 0 0 0 0 0 0 0 1 4 4 6 0 0 0 0 0 0 0 0 1 1 4 205 0 0 0 0 0 0 0 0 0 0 0 0
1 0 1 8 0 0 0 0 0 0 0 0 1 4 5 243 0 0 0 0 0 0 0 0 1 1 5 -111 0 0 0 0 0 0 0 0 0 0 0 0
1 0 1 9 0 0 0 0 0 0 0 0 1 4 6 247 0 0 0 0 0 0 0 0 1 1 6 -82 0 0 0 0 0 0 0 0 0 0 0 0
1 0 1 10 0 0 0 0 0 0 0 0 0 0 0 0 0 0 0 0 0 0 0 0 0 0 0 0 0 0 0 0 0 0 0 0 0 0 0 0
1 0 1 11 0 0 0 0 0 0 0 0 0 0 0 0 0 0 0 0 0 0 0 0 0 0 0 0 0 0 0 0 0 0 0 0 0 0 0 0
1 0 1 12 0 0 0 0 0 0 0 0 0 0 0 0 0 0 0 0 0 0 0 0 0 0 0 0 0 0 0 0 0 0 0 0 0 0 0 0
1 0 1 13 0 0 0 0 0 0 0 0 0 0 0 0 0 0 0 0 0 0 0 0 0 0 0 0 0 0 0 0 0 0 0 0 0 0 0 0
1 0 1 14 0 0 0 0 0 0 0 0 0 0 0 0 0 0 0 0 0 0 0 0 0 0 0 0 0 0 0 0 0 0 0 0 0 0 0 0
1 0 1 15 0 0 0 0 0 0 0 0 0 0 0 0 0 0 0 0 0 0 0 0 0 0 0 0 0 0 0 0 0 0 0 0 0 0 0 0
1 0 2 0 1 5 3 -18 1 5 0 -201 0 0 0 0 1 2 3 164 1 2 0 -103 0 0 0 0 0 0 0 0 0 0 0 0 0 0 0 0
1 0 2 1 1 5 4 -54 1 5 1 129 0 0 0 0 1 2 4 -105 1 2 1 -134 0 0 0 0 0 0 0 0 0 0 0 0 0 0 0 0
1 0 2 2 1 5 5 172 1 5 2 -25 0 0 0 0 1 2 5 43 1 2 2 174 0 0 0 0 0 0 0 0 0 0 0 0 0 0 0 0
1 0 2 3 1 5 6 -138 1 5 3 -18 1 5 0 -201 1 2 6 193 1 2 3 164 1 2 0 -103 0 0 0 0 0 0 0 0 0 0 0 0
1 0 2 4 0 0 0 0 1 5 4 -54 1 5 1 129 0 0 0 0 1 2 4 -105 1 2 1 -134 0 0 0 0 0 0 0 0 0 0 0 0
1 0 2 5 0 0 0 0 1 5 5 172 1 5 2 -25 0 0 0 0 1 2 5 43 1 2 2 174 0 0 0 0 0 0 0 0 0 0 0 0
1 0 2 6 0 0 0 0 1 5 6 -138 1 5 3 -18 0 0 0 0 1 2 6 193 1 2 3 164 0 0 0 0 0 0 0 0 0 0 0 0
1 0 2 7 0 0 0 0 0 0 0 0 1 5 4 -54 0 0 0 0 0 0 0 0 1 2 4 -105 0 0 0 0 0 0 0 0 0 0 0 0
1 0 2 8 0 0 0 0 0 0 0 0 1 5 5 172 0 0 0 0 0 0 0 0 1 2 5 43 0 0 0 0 0 0 0 0 0 0 0 0
1 0 2 9 0 0 0 0 0 0 0 0 1 5 6 -138 0 0 0 0 0 0 0 0 1 2 6 193 0 0 0 0 0 0 0 0 0 0 0 0
1 0 2 10 0 0 0 0 0 0 0 0 0 0 0 0 0 0 0 0 0 0 0 0 0 0 0 0 0 0 0 0 0 0 0 0 0 0 0 0
1 0 2 11 0 0 0 0 0 0 0 0 0 0 0 0 0 0 0 0 0 0 0 0 0 0 0 0 0 0 0 0 0 0 0 0 0 0 0 0
1 0 2 12 0 0 0 0 0 0 0 0 0 0 0 0 0 0 0 0 0 0 0 0 0 0 0 0 0 0 0 0 0 0 0 0 0 0 0 0
1 0 2 13 0 0 0 0 0 0 0 0 0 0 0 0 0 0 0 0 0 0 0 0 0 0 0 0 0 0 0 0 0 0 0 0 0 0 0 0
1 0 2 14 0 0 0 0 0 0 0 0 0 0 0 0 0 0 0 0 0 0 0 0 0 0 0 0 0 0 0 0 0 0 0 0 0 0 0 0
1 0 2 15 0 0 0 0 0 0 0 0 0 0 0 0 0 0 0 0 0 0 0 0 0 0 0 0 0 0 0 0 0 0 0 0 0 0 0 0
1 0 3 0 1 6 3 73 1 6 0 43 0 0 0 0 1 3 3 -141 1 3 0 -12 0 0 0 0 1 0 3 100 1 0 0 -73 0 0 0 0
1 0 3 1 1 6 4 -196 1 6 1 127 0 0 0 0 1 3 4 -219 1 3 1 206 0 0 0 0 1 0 4 208 1 0 1 46 0 0 0 0
1 0 3 2 1 6 5 115 1 6 2 -44 0 0 0 0 1 3 5 67 1 3 2 -125 0 0 0 0 1 0 5 -187 1 0 2 100 0 0 0 0
1 0 3 3 1 6 6 -101 1 6 3 73 1 6 0 43 1 3 6 -247 1 3 3 -141 1 3 0 -12 1 0 6 -169 1 0 3 100 1 0 0 -73
1 0 3 4 0 0 0 0 1 6 4 -196 1 6 1 127 0 0 0 0 1 3 4 -219 1 3 1 206 0 0 0 0 1 0 4 208 1 0 1 46
1 0 3 5 0 0 0 0 1 6 5 115 1 6 2 -44 0 0 0 0 1 3 5 67 1 3 2 -125 0 0 0 0 1 0 5 -187 1 0 2 100
1 0 3 6 0 0 0 0 1 6 6 -101 1 6 3 73 0 0 0 0 1 3 6 -247 1 3 3 -141 0 0 0 0 1 0 6 -169 1 0 3 100
1 0 3 7 0 0 0 0 0 0 0 0 1 6 4 -196 0 0 0 0 0 0 0 0 1 3 4 -219 0 0 0 0 0 0 0 0 1 0 4 208
1 0 3 8 0 0 0 0 0 0 0 0 1 6 5 115 0 0 0 0 0 0 0 0 1 3 5 67 0 0 0 0 0 0 0 0 1 0 5 -187
1 0 3 9 0 0 0 0 0 0 0 0 1 6 6 -101 0 0 0 0 0 0 0 0 1 3 6 -247 0 0 0 0 0 0 0 0 1 0 6 -169
1 0 3 10 0 0 0 0 0 0 0 0 0 0 0 0 0 0 0 0 0 0 0 0 0 0 0 0 0 0 0 0 0 0 0 0 0 0 0 0
1 0 3 11 0 0 0 0 0 0 0 0 0 0 0 0 0 0 0 0 0 0 0 0 0 0 0 0 0 0 0 0 0 0 0 0 0 0 0 0
1 0 3 12 0 0 0 0 0 0 0 0 0 0 0 0 0 0 0 0 0 0 0 0 0 0 0 0 0 0 0 0 0 0 0 0 0 0 0 0
1 0 3 13 0 0 0 0 0 0 0 0 0 0 0 0 0 0 0 0 0 0 0 0 0 0 0 0 0 0 0 0 0 0 0 0 0 0 0 0
1 0 3 14 0 0 0 0 0 0 0 0 0 0 0 0 0 0 0 0 0 0 0 0 0 0 0 0 0 0 0 0 0 0 0 0 0 0 0 0
1 0 3 15 0 0 0 0 0 0 0 0 0 0 0 0 0 0 0 0 0 0 0 0 0 0 0 0 0 0 0 0 0 0 0 0 0 0 0 0
1 0 4 0 0 0 0 0 0 0 0 0 0 0 0 0 1 4 3 -159 1 4 0 -165 0 0 0 0 1 1 3 -46 1 1 0 -96 0 0 0 0
1 0 4 1 0 0 0 0 0 0 0 0 0 0 0 0 1 4 4 6 1 4 1 40 0 0 0 0 1 1 4 205 1 1 1 -171 0 0 0 0
1 0 4 2 0 0 0 0 0 0 0 0 0 0 0 0 1 4 5 243 1 4 2 -31 0 0 0 0 1 1 5 -111 1 1 2 110 0 0 0 0
1 0 4 3 0 0 0 0 0 0 0 0 0 0 0 0 1 4 6 247 1 4 3 -159 1 4 0 -165 1 1 6 -82 1 1 3 -46 1 1 0 -96
1 0 4 4 0 0 0 0 0 0 0 0 0 0 0 0 0 0 0 0 1 4 4 6 1 4 1 40 0 0 0 0 1 1 4 205 1 1 1 -171
1 0 4 5 0 0 0 0 0 0 0 0 0 0 0 0 0 0 0 0 1 4 5 243 1 4 2 -31 0 0 0 0 1 1 5 -111 1 1 2 110
1 0 4 6 0 0 0 0 0 0 0 0 0 0 0 0 0 0 0 0 1 4 6 247 1 4 3 -159 0 0 0 0 1 1 6 -82 1 1 3 -46
1 0 4 7 0 0 0 0 0 0 0 0 0 0 0 0 0 0 0 0 0 0 0 0 1 4 4 6 0 0 0 0 0 0 0 0 1 1 4 205
1 0 4 8 0 0 0 0 0 0 0 0 0 0 0 0 0 0 0 0 0 0 0 0 1 4 5 243 0 0 0 0 0 0 0 0 1 1 5 -111
1 0 4 9 0 0 0 0 0 0 0 0 0 0 0 0 0 0 0 0 0 0 0 0 1 4 6 247 0 0 0 0 0 0 0 0 1 1 6 -82
1 0 4 10 0 0 0 0 0 0 0 0 0 0 0 0 0 0 0 0 0 0 0 0 0 0 0 0 0 0 0 0 0 0 0 0 0 0 0 0
1 0 4 11 0 0 0 0 0 0 0 0 0 0 0 0 0 0 0 0 0 0 0 0 0 0 0 0 0 0 0 0 0 0 0 0 0 0 0 0
1 0 4 12 0 0 0 0 0 0 0 0 0 0 0 0 0 0 0 0 0 0 0 0 0 0 0 0 0 0 0 0 0 0 0 0 0 0 0 0
1 0 4 13 0 0 0 0 0 0 0 0 0 0 0 0 0 0 0 0 0 0 0 0 0 0 0 0 0 0 0 0 0 0 0 0 0 0 0 0
1 0 4 14 0 0 0 0 0 0 0 0 0 0 0 0 0 0 0 0 0 0 0 0 0 0 0 0 0 0 0 0 0 0 0 0 0 0 0 0
1 0 4 15 0 0 0 0 0 0 0 0 0 0 0 0 0 0 0 0 0 0 0 0 0 0 0 0 0 0 0 0 0 0 0 0 0 0 0 0
1 0 5 0 0 0 0 0 0 0 0 0 0 0 0 0 1 5 3 -18 1 5 0 -201 0 0 0 0 1 2 3 164 1 2 0 -103 0 0 0 0
1 0 5 1 0 0 0 0 0 0 0 0 0 0 0 0 1 5 4 -54 1 5 1 129 0 0 0 0 1 2 4 -105 1 2 1 -134 0 0 0 0
1 0 5 2 0 0 0 0 0 0 0 0 0 0 0 0 1 5 5 172 1 5 2 -25 0 0 0 0 1 2 5 43 1 2 2 174 0 0 0 0
1 0 5 3 0 0 0 0 0 0 0 0 0 0 0 0 1 5 6 -138 1 5 3 -18 1 5 0 -201 1 2 6 193 1 2 3 164 1 2 0 -103
1 0 5 4 0 0 0 0 0 0 0 0 0 0 0 0 0 0 0 0 1 5 4 -54 1 5 1 129 0 0 0 0 1 2 4 -105 1 2 1 -134
1 0 5 5 0 0 0 0 0 0 0 0 0 0 0 0 0 0 0 0 1 5 5 172 1 5 2 -25 0 0 0 0 1 2 5 43 1 2 2 174
1 0 5 6 0 0 0 0 0 0 0 0 0 0 0 0 0 0 0 0 1 5 6 -138 1 5 3 -18 0 0 0 0 1 2 6 193 1 2 3 164
1 0 5 7 0 0 0 0 0 0 0 0 0 0 0 0 0 0 0 0 0 0 0 0 1 5 4 -54 0 0 0 0 0 0 0 0 1 2 4 -105
1 0 5 8 0 0 0 0 0 0 0 0 0 0 0 0 0 0 0 0 0 0 0 0 1 5 5 172 0 0 0 0 0 0 0 0 1 2 5 43
1 0 5 9 0 0 0 0 0 0 0 0 0 0 0 0 0 0 0 0 0 0 0 0 1 5 6 -138 0 0 0 0 0 0 0 0 1 2 6 193
1 0 5 10 0 0 0 0 0 0 0 0 0 0 0 0 0 0 0 0 0 0 0 0 0 0 0 0 0 0 0 0 0 0 0 0 0 0 0 0
1 0 5 11 0 0 0 0 0 0 0 0 0 0 0 0 0 0 0 0 0 0 0 0 0 0 0 0 0 0 0 0 0 0 0 0 0 0 0 0
1 0 5 12 0 0 0 0 0 0 0 0 0 0 0 0 0 0 0 0 0 0 0 0 0 0 0 0 0 0 0 0 0 0 0 0 0 0 0 0
1 0 5 13 0 0 0 0 0 0 0 0 0 0 0 0 0 0 0 0 0 0 0 0 0 0 0 0 0 0 0 0 0 0 0 0 0 0 0 0
1 0 5 14 0 0 0 0 0 0 0 0 0 0 0 0 0 0 0 0 0 0 0 0 0 0 0 0 0 0 0 0 0 0 0 0 0 0 0 0
1 0 5 15 0 0 0 0 0 0 0 0 0 0 0 0 0 0 0 0 0 0 0 0 0 0 0 0 0 0 0 0 0 0 0 0 0 0 0 0
1 0 6 0 1 0 3 100 1 0 0 -73 0 0 0 0 1 6 3 73 1 6 0 43 0 0 0 0 1 3 3 -141 1 3 0 -12 0 0 0 0
1 0 6 1 1 0 4 208 1 0 1 46 0 0 0 0 1 6 4 -196 1 6 1 127 0 0 0 0 1 3 4 -219 1 3 1 206 0 0 0 0
1 0 6 2 1 0 5 -187 1 0 2 100 0 0 0 0 1 6 5 115 1 6 2 -44 0 0 0 0 1 3 5 67 1 3 2 -125 0 0 0 0
1 0 6 3 1 0 6 -169 1 0 3 100 1 0 0 -73 1 6 6 -101 1 6 3 73 1 6 0 43 1 3 6 -247 1 3 3 -141 1 3 0 -12
1 0 6 4 0 0 0 0 1 0 4 208 1 0 1 46 0 0 0 0 1 6 4 -196 1 6 1 127 0 0 0 0 1 3 4 -219 1 3 1 206
1 0 6 5 0 0 0 0 1 0 5 -187 1 0 2 100 0 0 0 0 1 6 5 115 1 6 2 -44 0 0 0 0 1 3 5 67 1 3 2 -125
1 0 6 6 0 0 0 0 1 0 6 -169 1 0 3 100 0 0 0 0 1 6 6 -101 1 6 3 73 0 0 0 0 1 3 6 -247 1 3 3 -141
1 0 6 7 0 0 0 0 0 0 0 0 1 0 4 208 0 0 0 0 0 0 0 0 1 6 4 -196 0 0 0 0 0 0 0 0 1 3 4 -219
1 0 6 8 0 0 0 0 0 0 0 0 1 0 5 -187 0 0 0 0 0 0 0 0 1 6 5 115 0 0 0 0 0 0 0 0 1 3 5 67
1 0 6 9 0 0 0 0 0 0 0 0 1 0 6 -169 0 0 0 0 0 0 0 0 1 6 6 -101 0 0 0 0 0 0 0 0 1 3 6 -247
1 0 6 10 0 0 0 0 0 0 0 0 0 0 0 0 0 0 0 0 0 0 0 0 0 0 0 0 0 0 0 0 0 0 0 0 0 0 0 0
1 0 6 11 0 0 0 0 0 0 0 0 0 0 0 0 0 0 0 0 0 0 0 0 0 0 0 0 0 0 0 0 0 0 0 0 0 0 0 0
1 0 6 12 0 0 0 0 0 0 0 0 0 0 0 0 0 0 0 0 0 0 0 0 0 0 0 0 0 0 0 0 0 0 0 0 0 0 0 0
1 0 6 13 0 0 0 0 0 0 0 0 0 0 0 0 0 0 0 0 0 0 0 0 0 0 0 0 0 0 0 0 0 0 0 0 0 0 0 0
1 0 6 14 0 0 0 0 0 0 0 0 0 0 0 0 0 0 0 0 0 0 0 0 0 0 0 0 0 0 0 0 0 0 0 0 0 0 0 0
1 0 6 15 0 0 0 0 0 0 0 0 0 0 0 0 0 0 0 0 0 0 0 0 0 0 0 0 0 0 0 0 0 0 0 0 0 0 0 0
1 0 7 0 1 1 3 -46 1 1 0 -96 0 0 0 0 0 0 0 0 0 0 0 0 0 0 0 0 1 4 3 -159 1 4 0 -165 0 0 0 0
1 0 7 1 1 1 4 205 1 1 1 -171 0 0 0 0 0 0 0 0 0 0 0 0 0 0 0 0 1 4 4 6 1 4 1 40 0 0 0 0
1 0 7 2 1 1 5 -111 1 1 2 110 0 0 0 0 0 0 0 0 0 0 0 0 0 0 0 0 1 4 5 243 1 4 2 -31 0 0 0 0
1 0 7 3 1 1 6 -82 1 1 3 -46 1 1 0 -96 0 0 0 0 0 0 0 0 0 0 0 0 1 4 6 247 1 4 3 -159 1 4 0 -165
1 0 7 4 0 0 0 0 1 1 4 205 1 1 1 -171 0 0 0 0 0 0 0 0 0 0 0 0 0 0 0 0 1 4 4 6 1 4 1 40
1 0 7 5 0 0 0 0 1 1 5 -111 1 1 2 110 0 0 0 0 0 0 0 0 0 0 0 0 0 0 0 0 1 4 5 243 1 4 2 -31
1 0 7 6 0 0 0 0 1 1 6 -82 1 1 3 -46 0 0 0 0 0 0 0 0 0 0 0 0 0 0 0 0 1 4 6 247 1 4 3 -159
1 0 7 7 0 0 0 0 0 0 0 0 1 1 4 205 0 0 0 0 0 0 0 0 0 0 0 0 0 0 0 0 0 0 0 0 1 4 4 6
1 0 7 8 0 0 0 0 0 0 0 0 1 1 5 -111 0 0 0 0 0 0 0 0 0 0 0 0 0 0 0 0 0 0 0 0 1 4 5 243
1 0 7 9 0 0 0 0 0 0 0 0 1 1 6 -82 0 0 0 0 0 0 0 0 0 0 0 0 0 0 0 0 0 0 0 0 1 4 6 247
1 0 7 10 0 0 0 0 0 0 0 0 0 0 0 0 0 0 0 0 0 0 0 0 0 0 0 0 0 0 0 0 0 0 0 0 0 0 0 0
1 0 7 11 0 0 0 0 0 0 0 0 0 0 0 0 0 0 0 0 0 0 0 0 0 0 0 0 0 0 0 0 0 0 0 0 0 0 0 0
1 0 7 12 0 0 0 0 0 0 0 0 0 0 0 0 0 0 0 0 0 0 0 0 0 0 0 0 0 0 0 0 0 0 0 0 0 0 0 0
1 0 7 13 0 0 0 0 0 0 0 0 0 0 0 0 0 0 0 0 0 0 0 0 0 0 0 0 0 0 0 0 0 0 0 0 0 0 0 0
1 0 7 14 0 0 0 0 0 0 0 0 0 0 0 0 0 0 0 0 0 0 0 0 0 0 0 0 0 0 0 0 0 0 0 0 0 0 0 0
1 0 7 15 0 0 0 0 0 0 0 0 0 0 0 0 0 0 0 0 0 0 0 0 0 0 0 0 0 0 0 0 0 0 0 0 0 0 0 0
1 0 8 0 1 2 3 164 1 2 0 -103 0 0 0 0 0 0 0 0 0 0 0 0 0 0 0 0 1 5 3 -18 1 5 0 -201 0 0 0 0
1 0 8 1 1 2 4 -105 1 2 1 -134 0 0 0 0 0 0 0 0 0 0 0 0 0 0 0 0 1 5 4 -54 1 5 1 129 0 0 0 0
1 0 8 2 1 2 5 43 1 2 2 174 0 0 0 0 0 0 0 0 0 0 0 0 0 0 0 0 1 5 5 172 1 5 2 -25 0 0 0 0
1 0 8 3 1 2 6 193 1 2 3 164 1 2 0 -103 0 0 0 0 0 0 0 0 0 0 0 0 1 5 6 -138 1 5 3 -18 1 5 0 -201
1 0 8 4 0 0 0 0 1 2 4 -105 1 2 1 -134 0 0 0 0 0 0 0 0 0 0 0 0 0 0 0 0 1 5 4 -54 1 5 1 129
1 0 8 5 0 0 0 0 1 2 5 43 1 2 2 174 0 0 0 0 0 0 0 0 0 0 0 0 0 0 0 0 1 5 5 172 1 5 2 -25
1 0 8 6 0 0 0 0 1 2 6 193 1 2 3 164 0 0 0 0 0 0 0 0 0 0 0 0 0 0 0 0 1 5 6 -138 1 5 3 -18
1 0 8 7 0 0 0 0 0 0 0 0 1 2 4 -105 0 0 0 0 0 0 0 0 0 0 0 0 0 0 0 0 0 0 0 0 1 5 4 -54
1 0 8 8 0 0 0 0 0 0 0 0 1 2 5 43 0 0 0 0 0 0 0 0 0 0 0 0 0 0 0 0 0 0 0 0 1 5 5 172
1 0 8 9 0 0 0 0 0 0 0 0 1 2 6 193 0 0 0 0 0 0 0 0 0 0 0 0 0 0 0 0 0 0 0 0 1 5 6 -138
1 0 8 10 0 0 0 0 0 0 0 0 0 0 0 0 0 0 0 0 0 0 0 0 0 0 0 0 0 0 0 0 0 0 0 0 0 0 0 0
1 0 8 11 0 0 0 0 0 0 0 0 0 0 0 0 0 0 0 0 0 0 0 0 0 0 0 0 0 0 0 0 0 0 0 0 0 0 0 0
1 0 8 12 0 0 0 0 0 0 0 0 0 0 0 0 0 0 0 0 0 0 0 0 0 0 0 0 0 0 0 0 0 0 0 0 0 0 0 0
1 0 8 13 0 0 0 0 0 0 0 0 0 0 0 0 0 0 0 0 0 0 0 0 0 0 0 0 0 0 0 0 0 0 0 0 0 0 0 0
1 0 8 14 0 0 0 0 0 0 0 0 0 0 0 0 0 0 0 0 0 0 0 0 0 0 0 0 0 0 0 0 0 0 0 0 0 0 0 0
1 0 8 15 0 0 0 0 0 0 0 0 0 0 0 0 0 0 0 0 0 0 0 0 0 0 0 0 0 0 0 0 0 0 0 0 0 0 0 0
1 0 9 0 1 3 3 -141 1 3 0 -12 0 0 0 0 0 0 0 0 0 0 0 0 0 0 0 0 1 6 3 73 1 6 0 43 0 0 0 0
1 0 9 1 1 3 4 -219 1 3 1 206 0 0 0 0 0 0 0 0 0 0 0 0 0 0 0 0 1 6 4 -196 1 6 1 127 0 0 0 0
1 0 9 2 1 3 5 67 1 3 2 -125 0 0 0 0 0 0 0 0 0 0 0 0 0 0 0 0 1 6 5 115 1 6 2 -44 0 0 0 0
1 0 9 3 1 3 6 -247 1 3 3 -141 1 3 0 -12 0 0 0 0 0 0 0 0 0 0 0 0 1 6 6 -101 1 6 3 73 1 6 0 43
1 0 9 4 0 0 0 0 1 3 4 -219 1 3 1 206 0 0 0 0 0 0 0 0 0 0 0 0 0 0 0 0 1 6 4 -196 1 6 1 127
1 0 9 5 0 0 0 0 1 3 5 67 1 3 2 -125 0 0 0 0 0 0 0 0 0 0 0 0 0 0 0 0 1 6 5 115 1 6 2 -44
1 0 9 6 0 0 0 0 1 3 6 -247 1 3 3 -141 0 0 0 0 0 0 0 0 0 0 0 0 0 0 0 0 1 6 6 -101 1 6 3 73
1 0 9 7 0 0 0 0 0 0 0 0 1 3 4 -219 0 0 0 0 0 0 0 0 0 0 0 0 0 0 0 0 0 0 0 0 1 6 4 -196
1 0 9 8 0 0 0 0 0 0 0 0 1 3 5 67 0 0 0 0 0 0 0 0 0 0 0 0 0 0 0 0 0 0 0 0 1 6 5 115
1 0 9 9 0 0 0 0 0 0 0 0 1 3 6 -247 0 0 0 0 0 0 0 0 0 0 0 0 0 0 0 0 0 0 0 0 1 6 6 -101
1 0 9 10 0 0 0 0 0 0 0 0 0 0 0 0 0 0 0 0 0 0 0 0 0 0 0 0 0 0 0 0 0 0 0 0 0 0 0 0
1 0 9 11 0 0 0 0 0 0 0 0 0 0 0 0 0 0 0 0 0 0 0 0 0 0 0 0 0 0 0 0 0 0 0 0 0 0 0 0
1 0 9 12 0 0 0 0 0 0 0 0 0 0 0 0 0 0 0 0 0 0 0 0 0 0 0 0 0 0 0 0 0 0 0 0 0 0 0 0
1 0 9 13 0 0 0 0 0 0 0 0 0 0 0 0 0 0 0 0 0 0 0 0 0 0 0 0 0 0 0 0 0 0 0 0 0 0 0 0
1 0 9 14 0 0 0 0 0 0 0 0 0 0 0 0 0 0 0 0 0 0 0 0 0 0 0 0 0 0 0 0 0 0 0 0 0 0 0 0
1 0 9 15 0 0 0 0 0 0 0 0 0 0 0 0 0 0 0 0 0 0 0 0 0 0 0 0 0 0 0 0 0 0 0 0 0 0 0 0
1 0 10 0 1 4 3 -159 1 4 0 -165 0 0 0 0 0 0 0 0 0 0 0 0 0 0 0 0 0 0 0 0 0 0 0 0 0 0 0 0
1 0 10 1 1 4 4 6 1 4 1 40 0 0 0 0 0 0 0 0 0 0 0 0 0 0 0 0 0 0 0 0 0 0 0 0 0 0 0 0
1 0 10 2 1 4 5 243 1 4 2 -31 0 0 0 0 0 0 0 0 0 0 0 0 0 0 0 0 0 0 0 0 0 0 0 0 0 0 0 0
1 0 10 3 1 4 6 247 1 4 3 -159 1 4 0 -165 0 0 0 0 0 0 0 0 0 0 0 0 0 0 0 0 0 0 0 0 0 0 0 0
1 0 10 4 0 0 0 0 1 4 4 6 1 4 1 40 0 0 0 0 0 0 0 0 0 0 0 0 0 0 0 0 0 0 0 0 0 0 0 0
1 0 10 5 0 0 0 0 1 4 5 243 1 4 2 -31 0 0 0 0 0 0 0 0 0 0 0 0 0 0 0 0 0 0 0 0 0 0 0 0
1 0 10 6 0 0 0 0 1 4 6 247 1 4 3 -159 0 0 0 0 0 0 0 0 0 0 0 0 0 0 0 0 0 0 0 0 0 0 0 0
1 0 10 7 0 0 0 0 0 0 0 0 1 4 4 6 0 0 0 0 0 0 0 0 0 0 0 0 0 0 0 0 0 0 0 0 0 0 0 0
1 0 10 8 0 0 0 0 0 0 0 0 1 4 5 243 0 0 0 0 0 0 0 0 0 0 0 0 0 0 0 0 0 0 0 0 0 0 0 0
1 0 10 9 0 0 0 0 0 0 0 0 1 4 6 247 0 0 0 0 0 0 0 0 0 0 0 0 0 0 0 0 0 0 0 0 0 0 0 0
1 0 10 10 0 0 0 0 0 0 0 0 0 0 0 0 0 0 0 0 0 0 0 0 0 0 0 0 0 0 0 0 0 0 0 0 0 0 0 0
1 0 10 11 0 0 0 0 0 0 0 0 0 0 0 0 0 0 0 0 0 0 0 0 0 0 0 0 0 0 0 0 0 0 0 0 0 0 0 0
1 0 10 12 0 0 0 0 0 0 0 0 0 0 0 0 0 0 0 0 0 0 0 0 0 0 0 0 0 0 0 0 0 0 0 0 0 0 0 0
1 0 10 13 0 0 0 0 0 0 0 0 0 0 0 0 0 0 0 0 0 0 0 0 0 0 0 0 0 0 0 0 0 0 0 0 0 0 0 0
1 0 10 14 0 0 0 0 0 0 0 0 0 0 0 0 0 0 0 0 0 0 0 0 0 0 0 0 0 0 0 0 0 0 0 0 0 0 0 0
1 0 10 15 0 0 0 0 0 0 0 0 0 0 0 0 0 0 0 0 0 0 0 0 0 0 0 0 0 0 0 0 0 0 0 0 0 0 0 0
1 0 11 0 1 5 3 -18 1 5 0 -201 0 0 0 0 0 0 0 0 0 0 0 0 0 0 0 0 0 0 0 0 0 0 0 0 0 0 0 0
1 0 11 1 1 5 4 -54 1 5 1 129 0 0 0 0 0 0 0 0 0 0 0 0 0 0 0 0 0 0 0 0 0 0 0 0 0 0 0 0
1 0 11 2 1 5 5 172 1 5 2 -25 0 0 0 0 0 0 0 0 0 0 0 0 0 0 0 0 0 0 0 0 0 0 0 0 0 0 0 0
1 0 11 3 1 5 6 -138 1 5 3 -18 1 5 0 -201 0 0 0 0 0 0 0 0 0 0 0 0 0 0 0 0 0 0 0 0 0 0 0 0
1 0 11 4 0 0 0 0 1 5 4 -54 1 5 1 129 0 0 0 0 0 0 0 0 0 0 0 0 0 0 0 0 0 0 0 0 0 0 0 0
1 0 11 5 0 0 0 0 1 5 5 172 1 5 2 -25 0 0 0 0 0 0 0 0 0 0 0 0 0 0 0 0 0 0 0 0 0 0 0 0
1 0 11 6 0 0 0 0 1 5 6 -138 1 5 3 -18 0 0 0 0 0 0 0 0 0 0 0 0 0 0 0 0 0 0 0 0 0 0 0 0
1 0 11 7 0 0 0 0 0 0 0 0 1 5 4 -54 0 0 0 0 0 0 0 0 0 0 0 0 0 0 0 0 0 0 0 0 0 0 0 0
1 0 11 8 0 0 0 0 0 0 0 0 1 5 5 172 0 0 0 0 0 0 0 0 0 0 0 0 0 0 0 0 0 0 0 0 0 0 0 0
1 0 11 9 0 0 0 0 0 0 0 0 1 5 6 -138 0 0 0 0 0 0 0 0 0 0 0 0 0 0 0 0 0 0 0 0 0 0 0 0
1 0 11 10 0 0 0 0 0 0 0 0 0 0 0 0 0 0 0 0 0 0 0 0 0 0 0 0 0 0 0 0 0 0 0 0 0 0 0 0
1 0 11 11 0 0 0 0 0 0 0 0 0 0 0 0 0 0 0 0 0 0 0 0 0 0 0 0 0 0 0 0 0 0 0 0 0 0 0 0
1 0 11 12 0 0 0 0 0 0 0 0 0 0 0 0 0 0 0 0 0 0 0 0 0 0 0 0 0 0 0 0 0 0 0 0 0 0 0 0
1 0 11 13 0 0 0 0 0 0 0 0 0 0 0 0 0 0 0 0 0 0 0 0 0 0 0 0 0 0 0 0 0 0 0 0 0 0 0 0
1 0 11 14 0 0 0 0 0 0 0 0 0 0 0 0 0 0 0 0 0 0 0 0 0 0 0 0 0 0 0 0 0 0 0 0 0 0 0 0
1 0 11 15 0 0 0 0 0 0 0 0 0 0 0 0 0 0 0 0 0 0 0 0 0 0 0 0 0 0 0 0 0 0 0 0 0 0 0 0
1 0 12 0 1 6 3 73 1 6 0 43 0 0 0 0 0 0 0 0 0 0 0 0 0 0 0 0 0 0 0 0 0 0 0 0 0 0 0 0
1 0 12 1 1 6 4 -196 1 6 1 127 0 0 0 0 0 0 0 0 0 0 0 0 0 0 0 0 0 0 0 0 0 0 0 0 0 0 0 0
1 0 12 2 1 6 5 115 1 6 2 -44 0 0 0 0 0 0 0 0 0 0 0 0 0 0 0 0 0 0 0 0 0 0 0 0 0 0 0 0
1 0 12 3 1 6 6 -101 1 6 3 73 1 6 0 43 0 0 0 0 0 0 0 0 0 0 0 0 0 0 0 0 0 0 0 0 0 0 0 0
1 0 12 4 0 0 0 0 1 6 4 -196 1 6 1 127 0 0 0 0 0 0 0 0 0 0 0 0 0 0 0 0 0 0 0 0 0 0 0 0
1 0 12 5 0 0 0 0 1 6 5 115 1 6 2 -44 0 0 0 0 0 0 0 0 0 0 0 0 0 0 0 0 0 0 0 0 0 0 0 0
1 0 12 6 0 0 0 0 1 6 6 -101 1 6 3 73 0 0 0 0 0 0 0 0 0 0 0 0 0 0 0 0 0 0 0 0 0 0 0 0
1 0 12 7 0 0 0 0 0 0 0 0 1 6 4 -196 0 0 0 0 0 0 0 0 0 0 0 0 0 0 0 0 0 0 0 0 0 0 0 0
1 0 12 8 0 0 0 0 0 0 0 0 1 6 5 115 0 0 0 0 0 0 0 0 0 0 0 0 0 0 0 0 0 0 0 0 0 0 0 0
1 0 12 9 0 0 0 0 0 0 0 0 1 6 6 -101 0 0 0 0 0 0 0 0 0 0 0 0 0 0 0 0 0 0 0 0 0 0 0 0
1 0 12 10 0 0 0 0 0 0 0 0 0 0 0 0 0 0 0 0 0 0 0 0 0 0 0 0 0 0 0 0 0 0 0 0 0 0 0 0
1 0 12 11 0 0 0 0 0 0 0 0 0 0 0 0 0 0 0 0 0 0 0 0 0 0 0 0 0 0 0 0 0 0 0 0 0 0 0 0
1 0 12 12 0 0 0 0 0 0 0 0 0 0 0 0 0 0 0 0 0 0 0 0 0 0 0 0 0 0 0 0 0 0 0 0 0 0 0 0
1 0 12 13 0 0 0 0 0 0 0 0 0 0 0 0 0 0 0 0 0 0 0 0 0 0 0 0 0 0 0 0 0 0 0 0 0 0 0 0
1 0 12 14 0 0 0 0 0 0 0 0 0 0 0 0 0 0 0 0 0 0 0 0 0 0 0 0 0 0 0 0 0 0 0 0 0 0 0 0
1 0 12 15 0 0 0 0 0 0 0 0 0 0 0 0 0 0 0 0 0 0 0 0 0 0 0 0 0 0 0 0 0 0 0 0 0 0 0 0
1 0 13 0 0 0 0 0 0 0 0 0 0 0 0 0 0 0 0 0 0 0 0 0 0 0 0 0 0 0 0 0 0 0 0 0 0 0 0 0
1 0 13 1 0 0 0 0 0 0 0 0 0 0 0 0 0 0 0 0 0 0 0 0 0 0 0 0 0 0 0 0 0 0 0 0 0 0 0 0
1 0 13 2 0 0 0 0 0 0 0 0 0 0 0 0 0 0 0 0 0 0 0 0 0 0 0 0 0 0 0 0 0 0 0 0 0 0 0 0
1 0 13 3 0 0 0 0 0 0 0 0 0 0 0 0 0 0 0 0 0 0 0 0 0 0 0 0 0 0 0 0 0 0 0 0 0 0 0 0
1 0 13 4 0 0 0 0 0 0 0 0 0 0 0 0 0 0 0 0 0 0 0 0 0 0 0 0 0 0 0 0 0 0 0 0 0 0 0 0
1 0 13 5 0 0 0 0 0 0 0 0 0 0 0 0 0 0 0 0 0 0 0 0 0 0 0 0 0 0 0 0 0 0 0 0 0 0 0 0
1 0 13 6 0 0 0 0 0 0 0 0 0 0 0 0 0 0 0 0 0 0 0 0 0 0 0 0 0 0 0 0 0 0 0 0 0 0 0 0
1 0 13 7 0 0 0 0 0 0 0 0 0 0 0 0 0 0 0 0 0 0 0 0 0 0 0 0 0 0 0 0 0 0 0 0 0 0 0 0
1 0 13 8 0 0 0 0 0 0 0 0 0 0 0 0 0 0 0 0 0 0 0 0 0 0 0 0 0 0 0 0 0 0 0 0 0 0 0 0
1 0 13 9 0 0 0 0 0 0 0 0 0 0 0 0 0 0 0 0 0 0 0 0 0 0 0 0 0 0 0 0 0 0 0 0 0 0 0 0
1 0 13 10 0 0 0 0 0 0 0 0 0 0 0 0 0 0 0 0 0 0 0 0 0 0 0 0 0 0 0 0 0 0 0 0 0 0 0 0
1 0 13 11 0 0 0 0 0 0 0 0 0 0 0 0 0 0 0 0 0 0 0 0 0 0 0 0 0 0 0 0 0 0 0 0 0 0 0 0
1 0 13 12 0 0 0 0 0 0 0 0 0 0 0 0 0 0 0 0 0 0 0 0 0 0 0 0 0 0 0 0 0 0 0 0 0 0 0 0
1 0 13 13 0 0 0 0 0 0 0 0 0 0 0 0 0 0 0 0 0 0 0 0 0 0 0 0 0 0 0 0 0 0 0 0 0 0 0 0
1 0 13 14 0 0 0 0 0 0 0 0 0 0 0 0 0 0 0 0 0 0 0 0 0 0 0 0 0 0 0 0 0 0 0 0 0 0 0 0
1 0 13 15 0 0 0 0 0 0 0 0 0 0 0 0 0 0 0 0 0 0 0 0 0 0 0 0 0 0 0 0 0 0 0 0 0 0 0 0
1 0 14 0 0 0 0 0 0 0 0 0 0 0 0 0 0 0 0 0 0 0 0 0 0 0 0 0 0 0 0 0 0 0 0 0 0 0 0 0
1 0 14 1 0 0 0 0 0 0 0 0 0 0 0 0 0 0 0 0 0 0 0 0 0 0 0 0 0 0 0 0 0 0 0 0 0 0 0 0
1 0 14 2 0 0 0 0 0 0 0 0 0 0 0 0 0 0 0 0 0 0 0 0 0 0 0 0 0 0 0 0 0 0 0 0 0 0 0 0
1 0 14 3 0 0 0 0 0 0 0 0 0 0 0 0 0 0 0 0 0 0 0 0 0 0 0 0 0 0 0 0 0 0 0 0 0 0 0 0
1 0 14 4 0 0 0 0 0 0 0 0 0 0 0 0 0 0 0 0 0 0 0 0 0 0 0 0 0 0 0 0 0 0 0 0 0 0 0 0
1 0 14 5 0 0 0 0 0 0 0 0 0 0 0 0 0 0 0 0 0 0 0 0 0 0 0 0 0 0 0 0 0 0 0 0 0 0 0 0
1 0 14 6 0 0 0 0 0 0 0 0 0 0 0 0 0 0 0 0 0 0 0 0 0 0 0 0 0 0 0 0 0 0 0 0 0 0 0 0
1 0 14 7 0 0 0 0 0 0 0 0 0 0 0 0 0 0 0 0 0 0 0 0 0 0 0 0 0 0 0 0 0 0 0 0 0 0 0 0
1 0 14 8 0 0 0 0 0 0 0 0 0 0 0 0 0 0 0 0 0 0 0 0 0 0 0 0 0 0 0 0 0 0 0 0 0 0 0 0
1 0 14 9 0 0 0 0 0 0 0 0 0 0 0 0 0 0 0 0 0 0 0 0 0 0 0 0 0 0 0 0 0 0 0 0 0 0 0 0
1 0 14 10 0 0 0 0 0 0 0 0 0 0 0 0 0 0 0 0 0 0 0 0 0 0 0 0 0 0 0 0 0 0 0 0 0 0 0 0
1 0 14 11 0 0 0 0 0 0 0 0 0 0 0 0 0 0 0 0 0 0 0 0 0 0 0 0 0 0 0 0 0 0 0 0 0 0 0 0
1 0 14 12 0 0 0 0 0 0 0 0 0 0 0 0 0 0 0 0 0 0 0 0 0 0 0 0 0 0 0 0 0 0 0 0 0 0 0 0
1 0 14 13 0 0 0 0 0 0 0 0 0 0 0 0 0 0 0 0 0 0 0 0 0 0 0 0 0 0 0 0 0 0 0 0 0 0 0 0
1 0 14 14 0 0 0 0 0 0 0 0 0 0 0 0 0 0 0 0 0 0 0 0 0 0 0 0 0 0 0 0 0 0 0 0 0 0 0 0
1 0 14 15 0 0 0 0 0 0 0 0 0 0 0 0 0 0 0 0 0 0 0 0 0 0 0 0 0 0 0 0 0 0 0 0 0 0 0 0
1 0 15 0 0 0 0 0 0 0 0 0 0 0 0 0 0 0 0 0 0 0 0 0 0 0 0 0 0 0 0 0 0 0 0 0 0 0 0 0
1 0 15 1 0 0 0 0 0 0 0 0 0 0 0 0 0 0 0 0 0 0 0 0 0 0 0 0 0 0 0 0 0 0 0 0 0 0 0 0
1 0 15 2 0 0 0 0 0 0 0 0 0 0 0 0 0 0 0 0 0 0 0 0 0 0 0 0 0 0 0 0 0 0 0 0 0 0 0 0
1 0 15 3 0 0 0 0 0 0 0 0 0 0 0 0 0 0 0 0 0 0 0 0 0 0 0 0 0 0 0 0 0 0 0 0 0 0 0 0
1 0 15 4 0 0 0 0 0 0 0 0 0 0 0 0 0 0 0 0 0 0 0 0 0 0 0 0 0 0 0 0 0 0 0 0 0 0 0 0
1 0 15 5 0 0 0 0 0 0 0 0 0 0 0 0 0 0 0 0 0 0 0 0 0 0 0 0 0 0 0 0 0 0 0 0 0 0 0 0
1 0 15 6 0 0 0 0 0 0 0 0 0 0 0 0 0 0 0 0 0 0 0 0 0 0 0 0 0 0 0 0 0 0 0 0 0 0 0 0
1 0 15 7 0 0 0 0 0 0 0 0 0 0 0 0 0 0 0 0 0 0 0 0 0 0 0 0 0 0 0 0 0 0 0 0 0 0 0 0
1 0 15 8 0 0 0 0 0 0 0 0 0 0 0 0 0 0 0 0 0 0 0 0 0 0 0 0 0 0 0 0 0 0 0 0 0 0 0 0
1 0 15 9 0 0 0 0 0 0 0 0 0 0 0 0 0 0 0 0 0 0 0 0 0 0 0 0 0 0 0 0 0 0 0 0 0 0 0 0
1 0 15 10 0 0 0 0 0 0 0 0 0 0 0 0 0 0 0 0 0 0 0 0 0 0 0 0 0 0 0 0 0 0 0 0 0 0 0 0
1 0 15 11 0 0 0 0 0 0 0 0 0 0 0 0 0 0 0 0 0 0 0 0 0 0 0 0 0 0 0 0 0 0 0 0 0 0 0 0
1 0 15 12 0 0 0 0 0 0 0 0 0 0 0 0 0 0 0 0 0 0 0 0 0 0 0 0 0 0 0 0 0 0 0 0 0 0 0 0
1 0 15 13 0 0 0 0 0 0 0 0 0 0 0 0 0 0 0 0 0 0 0 0 0 0 0 0 0 0 0 0 0 0 0 0 0 0 0 0
1 0 15 14 0 0 0 0 0 0 0 0 0 0 0 0 0 0 0 0 0 0 0 0 0 0 0 0 0 0 0 0 0 0 0 0 0 0 0 0
1 0 15 15 0 0 0 0 0 0 0 0 0 0 0 0 0 0 0 0 0 0 0 0 0 0 0 0 0 0 0 0 0 0 0 0 0 0 0 0
1 1 0 0 1 3 3 165 1 3 0 -235 0 0 0 0 1 0 3 74 1 0 0 -214 0 0 0 0 0 0 0 0 0 0 0 0 0 0 0 0
1 1 0 1 1 3 4 -175 1 3 1 -18 0 0 0 0 1 0 4 10 1 0 1 -105 0 0 0 0 0 0 0 0 0 0 0 0 0 0 0 0
1 1 0 2 1 3 5 92 1 3 2 103 0 0 0 0 1 0 5 170 1 0 2 -76 0 0 0 0 0 0 0 0 0 0 0 0 0 0 0 0
1 1 0 3 1 3 6 28 1 3 3 165 1 3 0 -235 1 0 6 -38 1 0 3 74 1 0 0 -214 0 0 0 0 0 0 0 0 0 0 0 0
1 1 0 4 0 0 0 0 1 3 4 -175 1 3 1 -18 0 0 0 0 1 0 4 10 1 0 1 -105 0 0 0 0 0 0 0 0 0 0 0 0
1 1 0 5 0 0 0 0 1 3 5 92 1 3 2 103 0 0 0 0 1 0 5 170 1 0 2 -76 0 0 0 0 0 0 0 0 0 0 0 0
1 1 0 6 0 0 0 0 1 3 6 28 1 3 3 165 0 0 0 0 1 0 6 -38 1 0 3 74 0 0 0 0 0 0 0 0 0 0 0 0
1 1 0 7 0 0 0 0 0 0 0 0 1 3 4 -175 0 0 0 0 0 0 0 0 1 0 4 10 0 0 0 0 0 0 0 0 0 0 0 0
1 1 0 8 0 0 0 0 0 0 0 0 1 3 5 92 0 0 0 0 0 0 0 0 1 0 5 170 0 0 0 0 0 0 0 0 0 0 0 0
1 1 0 9 0 0 0 0 0 0 0 0 1 3 6 28 0 0 0 0 0 0 0 0 1 0 6 -38 0 0 0 0 0 0 0 0 0 0 0 0
1 1 0 10 0 0 0 0 0 0 0 0 0 0 0 0 0 0 0 0 0 0 0 0 0 0 0 0 0 0 0 0 0 0 0 0 0 0 0 0
1 1 0 11 0 0 0 0 0 0 0 0 0 0 0 0 0 0 0 0 0 0 0 0 0 0 0 0 0 0 0 0 0 0 0 0 0 0 0 0
1 1 0 12 0 0 0 0 0 0 0 0 0 0 0 0 0 0 0 0 0 0 0 0 0 0 0 0 0 0 0 0 0 0 0 0 0 0 0 0
1 1 0 13 0 0 0 0 0 0 0 0 0 0 0 0 0 0 0 0 0 0 0 0 0 0 0 0 0 0 0 0 0 0 0 0 0 0 0 0
1 1 0 14 0 0 0 0 0 0 0 0 0 0 0 0 0 0 0 0 0 0 0 0 0 0 0 0 0 0 0 0 0 0 0 0 0 0 0 0
1 1 0 15 0 0 0 0 0 0 0 0 0 0 0 0 0 0 0 0 0 0 0 0 0 0 0 0 0 0 0 0 0 0 0 0 0 0 0 0
1 1 1 0 1 4 3 181 1 4 0 172 0 0 0 0 1 1 3 -157 1 1 0 197 0 0 0 0 0 0 0 0 0 0 0 0 0 0 0 0
1 1 1 1 1 4 4 97 1 4 1 107 0 0 0 0 1 1 4 -61 1 1 1 -236 0 0 0 0 0 0 0 0 0 0 0 0 0 0 0 0
1 1 1 2 1 4 5 -55 1 4 2 131 0 0 0 0 1 1 5 227 1 1 2 -90 0 0 0 0 0 0 0 0 0 0 0 0 0 0 0 0
1 1 1 3 1 4 6 211 1 4 3 181 1 4 0 172 1 1 6 -187 1 1 3 -157 1 1 0 197 0 0 0 0 0 0 0 0 0 0 0 0
1 1 1 4 0 0 0 0 1 4 4 97 1 4 1 107 0 0 0 0 1 1 4 -61 1 1 1 -236 0 0 0 0 0 0 0 0 0 0 0 0
1 1 1 5 0 0 0 0 1 4 5 -55 1 4 2 131 0 0 0 0 1 1 5 227 1 1 2 -90 0 0 0 0 0 0 0 0 0 0 0 0
1 1 1 6 0 0 0 0 1 4 6 211 1 4 3 181 0 0 0 0 1 1 6 -187 1 1 3 -157 0 0 0 0 0 0 0 0 0 0 0 0
1 1 1 7 0 0 0 0 0 0 0 0 1 4 4 97 0 0 0 0 0 0 0 0 1 1 4 -61 0 0 0 0 0 0 0 0 0 0 0 0
1 1 1 8 0 0 0 0 0 0 0 0 1 4 5 -55 0 0 0 0 0 0 0 0 1 1 5 227 0 0 0 0 0 0 0 0 0 0 0 0
1 1 1 9 0 0 0 0 0 0 0 0 1 4 6 211 0 0 0 0 0 0 0 0 1 1 6 -187 0 0 0 0 0 0 0 0 0 0 0 0
1 1 1 10 0 0 0 0 0 0 0 0 0 0 0 0 0 0 0 0 0 0 0 0 0 0 0 0 0 0 0 0 0 0 0 0 0 0 0 0
1 1 1 11 0 0 0 0 0 0 0 0 0 0 0 0 0 0 0 0 0 0 0 0 0 0 0 0 0 0 0 0 0 0 0 0 0 0 0 0
1 1 1 12 0 0 0 0 0 0 0 0 0 0 0 0 0 0 0 0 0 0 0 0 0 0 0 0 0 0 0 0 0 0 0 0 0 0 0 0
1 1 1 13 0 0 0 0 0 0 0 0 0 0 0 0 0 0 0 0 0 0 0 0 0 0 0 0 0 0 0 0 0 0 0 0 0 0 0 0
1 1 1 14 0 0 0 0 0 0 0 0 0 0 0 0 0 0 0 0 0 0 0 0 0 0 0 0 0 0 0 0 0 0 0 0 0 0 0 0
1 1 1 15 0 0 0 0 0 0 0 0 0 0 0 0 0 0 0 0 0 0 0 0 0 0 0 0 0 0 0 0 0 0 0 0 0 0 0 0
1 1 2 0 1 5 3 -165 1 5 0 29 0 0 0 0 1 2 3 -252 1 2 0 -173 0 0 0 0 0 0 0 0 0 0 0 0 0 0 0 0
1 1 2 1 1 5 4 24 1 5 1 165 0 0 0 0 1 2 4 164 1 2 1 -48 0 0 0 0 0 0 0 0 0 0 0 0 0 0 0 0
1 1 2 2 1 5 5 127 1 5 2 -204 0 0 0 0 1 2 5 143 1 2 2 180 0 0 0 0 0 0 0 0 0 0 0 0 0 0 0 0
1 1 2 3 1 5 6 230 1 5 3 -165 1 5 0 29 1 2 6 -56 1 2 3 -252 1 2 0 -173 0 0 0 0 0 0 0 0 0 0 0 0
1 1 2 4 0 0 0 0 1 5 4 24 1 5 1 165 0 0 0 0 1 2 4 164 1 2 1 -48 0 0 0 0 0 0 0 0 0 0 0 0
1 1 2 5 0 0 0 0 1 5 5 127 1 5 2 -204 0 0 0 0 1 2 5 143 1 2 2 180 0 0 0 0 0 0 0 0 0 0 0 0
1 1 2 6 0 0 0 0 1 5 6 230 1 5 3 -165 0 0 0 0 1 2 6 -56 1 2 3 -252 0 0 0 0 0 0 0 0 0 0 0 0
1 1 2 7 0 0 0 0 0 0 0 0 1 5 4 24 0 0 0 0 0 0 0 0 1 2 4 164 0 0 0 0 0 0 0 0 0 0 0 0
1 1 2 8 0 0 0 0 0 0 0 0 1 5 5 127 0 0 0 0 0 0 0 0 1 2 5 143 0 0 0 0 0 0 0 0 0 0 0 0
1 1 2 9 0 0 0 0 0 0 0 0 1 5 6 230 0 0 0 0 0 0 0 0 1 2 6 -56 0 0 0 0 0 0 0 0 0 0 0 0
1 1 2 10 0 0 0 0 0 0 0 0 0 0 0 0 0 0 0 0 0 0 0 0 0 0 0 0 0 0 0 0 0 0 0 0 0 0 0 0
1 1 2 11 0 0 0 0 0 0 0 0 0 0 0 0 0 0 0 0 0 0 0 0 0 0 0 0 0 0 0 0 0 0 0 0 0 0 0 0
1 1 2 12 0 0 0 0 0 0 0 0 0 0 0 0 0 0 0 0 0 0 0 0 0 0 0 0 0 0 0 0 0 0 0 0 0 0 0 0
1 1 2 13 0 0 0 0 0 0 0 0 0 0 0 0 0 0 0 0 0 0 0 0 0 0 0 0 0 0 0 0 0 0 0 0 0 0 0 0
1 1 2 14 0 0 0 0 0 0 0 0 0 0 0 0 0 0 0 0 0 0 0 0 0 0 0 0 0 0 0 0 0 0 0 0 0 0 0 0
1 1 2 15 0 0 0 0 0 0 0 0 0 0 0 0 0 0 0 0 0 0 0 0 0 0 0 0 0 0 0 0 0 0 0 0 0 0 0 0
1 1 3 0 1 6 3 230 1 6 0 -212 0 0 0 0 1 3 3 165 1 3 0 -235 0 0 0 0 1 0 3 74 1 0 0 -214 0 0 0 0
1 1 3 1 1 6 4 -53 1 6 1 184 0 0 0 0 1 3 4 -175 1 3 1 -18 0 0 0 0 1 0 4 10 1 0 1 -105 0 0 0 0
1 1 3 2 1 6 5 214 1 6 2 -38 0 0 0 0 1 3 5 92 1 3 2 103 0 0 0 0 1 0 5 170 1 0 2 -76 0 0 0 0
1 1 3 3 1 6 6 -153 1 6 3 230 1 6 0 -212 1 3 6 28 1 3 3 165 1 3 0 -235 1 0 6 -38 1 0 3 74 1 0 0 -214
1 1 3 4 0 0 0 0 1 6 4 -53 1 6 1 184 0 0 0 0 1 3 4 -175 1 3 1 -18 0 0 0 0 1 0 4 10 1 0 1 -105
1 1 3 5 0 0 0 0 1 6 5 214 1 6 2 -38 0 0 0 0 1 3 5 92 1 3 2 103 0 0 0 0 1 0 5 170 1 0 2 -76
1 1 3 6 0 0 0 0 1 6 6 -153 1 6 3 230 0 0 0 0 1 3 6 28 1 3 3 165 0 0 0 0 1 0 6 -38 1 0 3 74
1 1 3 7 0 0 0 0 0 0 0 0 1 6 4 -53 0 0 0 0 0 0 0 0 1 3 4 -175 0 0 0 0 0 0 0 0 1 0 4 10
1 1 3 8 0 0 0 0 0 0 0 0 1 6 5 214 0 0 0 0 0 0 0 0 1 3 5 92 0 0 0 0 0 0 0 0 1 0 5 170
1 1 3 9 0 0 0 0 0 0 0 0 1 6 6 -153 0 0 0 0 0 0 0 0 1 3 6 28 0 0 0 0 0 0 0 0 1 0 6 -38
1 1 3 10 0 0 0 0 0 0 0 0 0 0 0 0 0 0 0 0 0 0 0 0 0 0 0 0 0 0 0 0 0 0 0 0 0 0 0 0
1 1 3 11 0 0 0 0 0 0 0 0 0 0 0 0 0 0 0 0 0 0 0 0 0 0 0 0 0 0 0 0 0 0 0 0 0 0 0 0
1 1 3 12 0 0 0 0 0 0 0 0 0 0 0 0 0 0 0 0 0 0 0 0 0 0 0 0 0 0 0 0 0 0 0 0 0 0 0 0
1 1 3 13 0 0 0 0 0 0 0 0 0 0 0 0 0 0 0 0 0 0 0 0 0 0 0 0 0 0 0 0 0 0 0 0 0 0 0 0
1 1 3 14 0 0 0 0 0 0 0 0 0 0 0 0 0 0 0 0 0 0 0 0 0 0 0 0 0 0 0 0 0 0 0 0 0 0 0 0
1 1 3 15 0 0 0 0 0 0 0 0 0 0 0 0 0 0 0 0 0 0 0 0 0 0 0 0 0 0 0 0 0 0 0 0 0 0 0 0
1 1 4 0 0 0 0 0 0 0 0 0 0 0 0 0 1 4 3 181 1 4 0 172 0 0 0 0 1 1 3 -157 1 1 0 197 0 0 0 0
1 1 4 1 0 0 0 0 0 0 0 0 0 0 0 0 1 4 4 97 1 4 1 107 0 0 0 0 1 1 4 -61 1 1 1 -236 0 0 0 0
1 1 4 2 0 0 0 0 0 0 0 0 0 0 0 0 1 4 5 -55 1 4 2 131 0 0 0 0 1 1 5 227 1 1 2 -90 0 0 0 0
1 1 4 3 0 0 0 0 0 0 0 0 0 0 0 0 1 4 6 211 1 4 3 181 1 4 0 172 1 1 6 -187 1 1 3 -157 1 1 0 197
1 1 4 4 0 0 0 0 0 0 0 0 0 0 0 0 0 0 0 0 1 4 4 97 1 4 1 107 0 0 0 0 1 1 4 -61 1 1 1 -236
1 1 4 5 0 0 0 0 0 0 0 0 0 0 0 0 0 0 0 0 1 4 5 -55 1 4 2 131 0 0 0 0 1 1 5 227 1 1 2 -90
1 1 4 6 0 0 0 0 0 0 0 0 0 0 0 0 0 0 0 0 1 4 6 211 1 4 3 181 0 0 0 0 1 1 6 -187 1 1 3 -157
1 1 4 7 0 0 0 0 0 0 0 0 0 0 0 0 0 0 0 0 0 0 0 0 1 4 4 97 0 0 0 0 0 0 0 0 1 1 4 -61
1 1 4 8 0 0 0 0 0 0 0 0 0 0 0 0 0 0 0 0 0 0 0 0 1 4 5 -55 0 0 0 0 0 0 0 0 1 1 5 227
1 1 4 9 0 0 0 0 0 0 0 0 0 0 0 0 0 0 0 0 0 0 0 0 1 4 6 211 0 0 0 0 0 0 0 0 1 1 6 -187
1 1 4 10 0 0 0 0 0 0 0 0 0 0 0 0 0 0 0 0 0 0 0 0 0 0 0 0 0 0 0 0 0 0 0 0 0 0 0 0
1 1 4 11 0 0 0 0 0 0 0 0 0 0 0 0 0 0 0 0 0 0 0 0 0 0 0 0 0 0 0 0 0 0 0 0 0 0 0 0
1 1 4 12 0 0 0 0 0 0 0 0 0 0 0 0 0 0 0 0 0 0 0 0 0 0 0 0 0 0 0 0 0 0 0 0 0 0 0 0
1 1 4 13 0 0 0 0 0 0 0 0 0 0 0 0 0 0 0 0 0 0 0 0 0 0 0 0 0 0 0 0 0 0 0 0 0 0 0 0
1 1 4 14 0 0 0 0 0 0 0 0 0 0 0 0 0 0 0 0 0 0 0 0 0 0 0 0 0 0 0 0 0 0 0 0 0 0 0 0
1 1 4 15 0 0 0 0 0 0 0 0 0 0 0 0 0 0 0 0 0 0 0 0 0 0 0 0 0 0 0 0 0 0 0 0 0 0 0 0
1 1 5 0 0 0 0 0 0 0 0 0 0 0 0 0 1 5 3 -165 1 5 0 29 0 0 0 0 1 2 3 -252 1 2 0 -173 0 0 0 0
1 1 5 1 0 0 0 0 0 0 0 0 0 0 0 0 1 5 4 24 1 5 1 165 0 0 0 0 1 2 4 164 1 2 1 -48 0 0 0 0
1 1 5 2 0 0 0 0 0 0 0 0 0 0 0 0 1 5 5 127 1 5 2 -204 0 0 0 0 1 2 5 143 1 2 2 180 0 0 0 0
1 1 5 3 0 0 0 0 0 0 0 0 0 0 0 0 1 5 6 230 1 5 3 -165 1 5 0 29 1 2 6 -56 1 2 3 -252 1 2 0 -173
1 1 5 4 0 0 0 0 0 0 0 0 0 0 0 0 0 0 0 0 1 5 4 24 1 5 1 165 0 0 0 0 1 2 4 164 1 2 1 -48
1 1 5 5 0 0 0 0 0 0 0 0 0 0 0 0 0 0 0 0 1 5 5 127 1 5 2 -204 0 0 0 0 1 2 5 143 1 2 2 180
1 1 5 6 0 0 0 0 0 0 0 0 0 0 0 0 0 0 0 0 1 5 6 230 1 5 3 -165 0 0 0 0 1 2 6 -56 1 2 3 -252
1 1 5 7 0 0 0 0 0 0 0 0 0 0 0 0 0 0 0 0 0 0 0 0 1 5 4 24 0 0 0 0 0 0 0 0 1 2 4 164
1 1 5 8 0 0 0 0 0 0 0 0 0 0 0 0 0 0 0 0 0 0 0 0 1 5 5 127 0 0 0 0 0 0 0 0 1 2 5 143
1 1 5 9 0 0 0 0 0 0 0 0 0 0 0 0 0 0 0 0 0 0 0 0 1 5 6 230 0 0 0 0 0 0 0 0 1 2 6 -56
1 1 5 10 0 0 0 0 0 0 0 0 0 0 0 0 0 0 0 0 0 0 0 0 0 0 0 0 0 0 0 0 0 0 0 0 0 0 0 0
1 1 5 11 0 0 0 0 0 0 0 0 0 0 0 0 0 0 0 0 0 0 0 0 0 0 0 0 0 0 0 0 0 0 0 0 0 0 0 0
1 1 5 12 0 0 0 0 0 0 0 0 0 0 0 0 0 0 0 0 0 0 0 0 0 0 0 0 0 0 0 0 0 0 0 0 0 0 0 0
1 1 5 13 0 0 0 0 0 0 0 0 0 0 0 0 0 0 0 0 0 0 0 0 0 0 0 0 0 0 0 0 0 0 0 0 0 0 0 0
1 1 5 14 0 0 0 0 0 0 0 0 0 0 0 0 0 0 0 0 0 0 0 0 0 0 0 0 0 0 0 0 0 0 0 0 0 0 0 0
1 1 5 15 0 0 0 0 0 0 0 0 0 0 0 0 0 0 0 0 0 0 0 0 0 0 0 0 0 0 0 0 0 0 0 0 0 0 0 0
1 1 6 0 1 0 3 74 1 0 0 -214 0 0 0 0 1 6 3 230 1 6 0 -212 0 0 0 0 1 3 3 165 1 3 0 -235 0 0 0 0
1 1 6 1 1 0 4 10 1 0 1 -105 0 0 0 0 1 6 4 -53 1 6 1 184 0 0 0 0 1 3 4 -175 1 3 1 -18 0 0 0 0
1 1 6 2 1 0 5 170 1 0 2 -76 0 0 0 0 1 6 5 214 1 6 2 -38 0 0 0 0 1 3 5 92 1 3 2 103 0 0 0 0
1 1 6 3 1 0 6 -38 1 0 3 74 1 0 0 -214 1 6 6 -153 1 6 3 230 1 6 0 -212 1 3 6 28 1 3 3 165 1 3 0 -235
1 1 6 4 0 0 0 0 1 0 4 10 1 0 1 -105 0 0 0 0 1 6 4 -53 1 6 1 184 0 0 0 0 1 3 4 -175 1 3 1 -18
1 1 6 5 0 0 0 0 1 0 5 170 1 0 2 -76 0 0 0 0 1 6 5 214 1 6 2 -38 0 0 0 0 1 3 5 92 1 3 2 103
1 1 6 6 0 0 0 0 1 0 6 -38 1 0 3 74 0 0 0 0 1 6 6 -153 1 6 3 230 0 0 0 0 1 3 6 28 1 3 3 165
1 1 6 7 0 0 0 0 0 0 0 0 1 0 4 10 0 0 0 0 0 0 0 0 1 6 4 -53 0 0 0 0 0 0 0 0 1 3 4 -175
1 1 6 8 0 0 0 0 0 0 0 0 1 0 5 170 0 0 0 0 0 0 0 0 1 6 5 214 0 0 0 0 0 0 0 0 1 3 5 92
1 1 6 9 0 0 0 0 0 0 0 0 1 0 6 -38 0 0 0 0 0 0 0 0 1 6 6 -153 0 0 0 0 0 0 0 0 1 3 6 28
1 1 6 10 0 0 0 0 0 0 0 0 0 0 0 0 0 0 0 0 0 0 0 0 0 0 0 0 0 0 0 0 0 0 0 0 0 0 0 0
1 1 6 11 0 0 0 0 0 0 0 0 0 0 0 0 0 0 0 0 0 0 0 0 0 0 0 0 0 0 0 0 0 0 0 0 0 0 0 0
1 1 6 12 0 0 0 0 0 0 0 0 0 0 0 0 0 0 0 0 0 0 0 0 0 0 0 0 0 0 0 0 0 0 0 0 0 0 0 0
1 1 6 13 0 0 0 0 0 0 0 0 0 0 0 0 0 0 0 0 0 0 0 0 0 0 0 0 0 0 0 0 0 0 0 0 0 0 0 0
1 1 6 14 0 0 0 0 0 0 0 0 0 0 0 0 0 0 0 0 0 0 0 0 0 0 0 0 0 0 0 0 0 0 0 0 0 0 0 0
1 1 6 15 0 0 0 0 0 0 0 0 0 0 0 0 0 0 0 0 0 0 0 0 0 0 0 0 0 0 0 0 0 0 0 0 0 0 0 0
1 1 7 0 1 1 3 -157 1 1 0 197 0 0 0 0 0 0 0 0 0 0 0 0 0 0 0 0 1 4 3 181 1 4 0 172 0 0 0 0
1 1 7 1 1 1 4 -61 1 1 1 -236 0 0 0 0 0 0 0 0 0 0 0 0 0 0 0 0 1 4 4 97 1 4 1 107 0 0 0 0
1 1 7 2 1 1 5 227 1 1 2 -90 0 0 0 0 0 0 0 0 0 0 0 0 0 0 0 0 1 4 5 -55 1 4 2 131 0 0 0 0
1 1 7 3 1 1 6 -187 1 1 3 -157 1 1 0 197 0 0 0 0 0 0 0 0 0 0 0 0 1 4 6 211 1 4 3 181 1 4 0 172
1 1 7 4 0 0 0 0 1 1 4 -61 1 1 1 -236 0 0 0 0 0 0 0 0 0 0 0 0 0 0 0 0 1 4 4 97 1 4 1 107
1 1 7 5 0 0 0 0 1 1 5 227 1 1 2 -90 0 0 0 0 0 0 0 0 0 0 0 0 0 0 0 0 1 4 5 -55 1 4 2 131
1 1 7 6 0 0 0 0 1 1 6 -187 1 1 3 -157 0 0 0 0 0 0 0 0 0 0 0 0 0 0 0 0 1 4 6 211 1 4 3 181
1 1 7 7 0 0 0 0 0 0 0 0 1 1 4 -61 0 0 0 0 0 0 0 0 0 0 0 0 0 0 0 0 0 0 0 0 1 4 4 97
1 1 7 8 0 0 0 0 0 0 0 0 1 1 5 227 0 0 0 0 0 0 0 0 0 0 0 0 0 0 0 0 0 0 0 0 1 4 5 -55
1 1 7 9 0 0 0 0 0 0 0 0 1 1 6 -187 0 0 0 0 0 0 0 0 0 0 0 0 0 0 0 0 0 0 0 0 1 4 6 211
1 1 7 10 0 0 0 0 0 0 0 0 0 0 0 0 0 0 0 0 0 0 0 0 0 0 0 0 0 0 0 0 0 0 0 0 0 0 0 0
1 1 7 11 0 0 0 0 0 0 0 0 0 0 0 0 0 0 0 0 0 0 0 0 0 0 0 0 0 0 0 0 0 0 0 0 0 0 0 0
1 1 7 12 0 0 0 0 0 0 0 0 0 0 0 0 0 0 0 0 0 0 0 0 0 0 0 0 0 0 0 0 0 0 0 0 0 0 0 0
1 1 7 13 0 0 0 0 0 0 0 0 0 0 0 0 0 0 0 0 0 0 0 0 0 0 0 0 0 0 0 0 0 0 0 0 0 0 0 0
1 1 7 14 0 0 0 0 0 0 0 0 0 0 0 0 0 0 0 0 0 0 0 0 0 0 0 0 0 0 0 0 0 0 0 0 0 0 0 0
1 1 7 15 0 0 0 0 0 0 0 0 0 0 0 0 0 0 0 0 0 0 0 0 0 0 0 0 0 0 0 0 0 0 0 0 0 0 0 0
1 1 8 0 1 2 3 -252 1 2 0 -173 0 0 0 0 0 0 0 0 0 0 0 0 0 0 0 0 1 5 3 -165 1 5 0 29 0 0 0 0
1 1 8 1 1 2 4 164 1 2 1 -48 0 0 0 0 0 0 0 0 0 0 0 0 0 0 0 0 1 5 4 24 1 5 1 165 0 0 0 0
1 1 8 2 1 2 5 143 1 2 2 180 0 0 0 0 0 0 0 0 0 0 0 0 0 0 0 0 1 5 5 127 1 5 2 -204 0 0 0 0
1 1 8 3 1 2 6 -56 1 2 3 -252 1 2 0 -173 0 0 0 0 0 0 0 0 0 0 0 0 1 5 6 230 1 5 3 -165 1 5 0 29
1 1 8 4 0 0 0 0 1 2 4 164 1 2 1 -48 0 0 0 0 0 0 0 0 0 0 0 0 0 0 0 0 1 5 4 24 1 5 1 165
1 1 8 5 0 0 0 0 1 2 5 143 1 2 2 180 0 0 0 0 0 0 0 0 0 0 0 0 0 0 0 0 1 5 5 127 1 5 2 -204
1 1 8 6 0 0 0 0 1 2 6 -56 1 2 3 -252 0 0 0 0 0 0 0 0 0 0 0 0 0 0 0 0 1 5 6 230 1 5 3 -165
1 1 8 7 0 0 0 0 0 0 0 0 1 2 4 164 0 0 0 0 0 0 0 0 0 0 0 0 0 0 0 0 0 0 0 0 1 5 4 24
1 1 8 8 0 0 0 0 0 0 0 0 1 2 5 143 0 0 0 0 0 0 0 0 0 0 0 0 0 0 0 0 0 0 0 0 1 5 5 127
1 1 8 9 0 0 0 0 0 0 0 0 1 2 6 -56 0 0 0 0 0 0 0 0 0 0 0 0 0 0 0 0 0 0 0 0 1 5 6 230
1 1 8 10 0 0 0 0 0 0 0 0 0 0 0 0 0 0 0 0 0 0 0 0 0 0 0 0 0 0 0 0 0 0 0 0 0 0 0 0
1 1 8 11 0 0 0 0 0 0 0 0 0 0 0 0 0 0 0 0 0 0 0 0 0 0 0 0 0 0 0 0 0 0 0 0 0 0 0 0
1 1 8 12 0 0 0 0 0 0 0 0 0 0 0 0 0 0 0 0 0 0 0 0 0 0 0 0 0 0 0 0 0 0 0 0 0 0 0 0
1 1 8 13 0 0 0 0 0 0 0 0 0 0 0 0 0 0 0 0 0 0 0 0 0 0 0 0 0 0 0 0 0 0 0 0 0 0 0 0
1 1 8 14 0 0 0 0 0 0 0 0 0 0 0 0 0 0 0 0 0 0 0 0 0 0 0 0 0 0 0 0 0 0 0 0 0 0 0 0
1 1 8 15 0 0 0 0 0 0 0 0 0 0 0 0 0 0 0 0 0 0 0 0 0 0 0 0 0 0 0 0 0 0 0 0 0 0 0 0
1 1 9 0 1 3 3 165 1 3 0 -235 0 0 0 0 0 0 0 0 0 0 0 0 0 0 0 0 1 6 3 230 1 6 0 -212 0 0 0 0
1 1 9 1 1 3 4 -175 1 3 1 -18 0 0 0 0 0 0 0 0 0 0 0 0 0 0 0 0 1 6 4 -53 1 6 1 184 0 0 0 0
1 1 9 2 1 3 5 92 1 3 2 103 0 0 0 0 0 0 0 0 0 0 0 0 0 0 0 0 1 6 5 214 1 6 2 -38 0 0 0 0
1 1 9 3 1 3 6 28 1 3 3 165 1 3 0 -235 0 0 0 0 0 0 0 0 0 0 0 0 1 6 6 -153 1 6 3 230 1 6 0 -212
1 1 9 4 0 0 0 0 1 3 4 -175 1 3 1 -18 0 0 0 0 0 0 0 0 0 0 0 0 0 0 0 0 1 6 4 -53 1 6 1 184
1 1 9 5 0 0 0 0 1 3 5 92 1 3 2 103 0 0 0 0 0 0 0 0 0 0 0 0 0 0 0 0 1 6 5 214 1 6 2 -38
1 1 9 6 0 0 0 0 1 3 6 28 1 3 3 165 0 0 0 0 0 0 0 0 0 0 0 0 0 0 0 0 1 6 6 -153 1 6 3 230
1 1 9 7 0 0 0 0 0 0 0 0 1 3 4 -175 0 0 0 0 0 0 0 0 0 0 0 0 0 0 0 0 0 0 0 0 1 6 4 -53
1 1 9 8 0 0 0 0 0 0 0 0 1 3 5 92 0 0 0 0 0 0 0 0 0 0 0 0 0 0 0 0 0 0 0 0 1 6 5 214
1 1 9 9 0 0 0 0 0 0 0 0 1 3 6 28 0 0 0 0 0 0 0 0 0 0 0 0 0 0 0 0 0 0 0 0 1 6 6 -153
1 1 9 10 0 0 0 0 0 0 0 0 0 0 0 0 0 0 0 0 0 0 0 0 0 0 0 0 0 0 0 0 0 0 0 0 0 0 0 0
1 1 9 11 0 0 0 0 0 0 0 0 0 0 0 0 0 0 0 0 0 0 0 0 0 0 0 0 0 0 0 0 0 0 0 0 0 0 0 0
1 1 9 12 0 0 0 0 0 0 0 0 0 0 0 0 0 0 0 0 0 0 0 0 0 0 0 0 0 0 0 0 0 0 0 0 0 0 0 0
1 1 9 13 0 0 0 0 0 0 0 0 0 0 0 0 0 0 0 0 0 0 0 0 0 0 0 0 0 0 0 0 0 0 0 0 0 0 0 0
1 1 9 14 0 0 0 0 0 0 0 0 0 0 0 0 0 0 0 0 0 0 0 0 0 0 0 0 0 0 0 0 0 0 0 0 0 0 0 0
1 1 9 15 0 0 0 0 0 0 0 0 0 0 0 0 0 0 0 0 0 0 0 0 0 0 0 0 0 0 0 0 0 0 0 0 0 0 0 0
1 1 10 0 1 4 3 181 1 4 0 172 0 0 0 0 0 0 0 0 0 0 0 0 0 0 0 0 0 0 0 0 0 0 0 0 0 0 0 0
1 1 10 1 1 4 4 97 1 4 1 107 0 0 0 0 0 0 0 0 0 0 0 0 0 0 0 0 0 0 0 0 0 0 0 0 0 0 0 0
1 1 10 2 1 4 5 -55 1 4 2 131 0 0 0 0 0 0 0 0 0 0 0 0 0 0 0 0 0 0 0 0 0 0 0 0 0 0 0 0
1 1 10 3 1 4 6 211 1 4 3 181 1 4 0 172 0 0 0 0 0 0 0 0 0 0 0 0 0 0 0 0 0 0 0 0 0 0 0 0
1 1 10 4 0 0 0 0 1 4 4 97 1 4 1 107 0 0 0 0 0 0 0 0 0 0 0 0 0 0 0 0 0 0 0 0 0 0 0 0
1 1 10 5 0 0 0 0 1 4 5 -55 1 4 2 131 0 0 0 0 0 0 0 0 0 0 0 0 0 0 0 0 0 0 0 0 0 0 0 0
1 1 10 6 0 0 0 0 1 4 6 211 1 4 3 181 0 0 0 0 0 0 0 0 0 0 0 0 0 0 0 0 0 0 0 0 0 0 0 0
1 1 10 7 0 0 0 0 0 0 0 0 1 4 4 97 0 0 0 0 0 0 0 0 0 0 0 0 0 0 0 0 0 0 0 0 0 0 0 0
1 1 10 8 0 0 0 0 0 0 0 0 1 4 5 -55 0 0 0 0 0 0 0 0 0 0 0 0 0 0 0 0 0 0 0 0 0 0 0 0
1 1 10 9 0 0 0 0 0 0 0 0 1 4 6 211 0 0 0 0 0 0 0 0 0 0 0 0 0 0 0 0 0 0 0 0 0 0 0 0
1 1 10 10 0 0 0 0 0 0 0 0 0 0 0 0 0 0 0 0 0 0 0 0 0 0 0 0 0 0 0 0 0 0 0 0 0 0 0 0
1 1 10 11 0 0 0 0 0 0 0 0 0 0 0 0 0 0 0 0 0 0 0 0 0 0 0 0 0 0 0 0 0 0 0 0 0 0 0 0
1 1 10 12 0 0 0 0 0 0 0 0 0 0 0 0 0 0 0 0 0 0 0 0 0 0 0 0 0 0 0 0 0 0 0 0 0 0 0 0
1 1 10 13 0 0 0 0 0 0 0 0 0 0 0 0 0 0 0 0 0 0 0 0 0 0 0 0 0 0 0 0 0 0 0 0 0 0 0 0
1 1 10 14 0 0 0 0 0 0 0 0 0 0 0 0 0 0 0 0 0 0 0 0 0 0 0 0 0 0 0 0 0 0 0 0 0 0 0 0
1 1 10 15 0 0 0 0 0 0 0 0 0 0 0 0 0 0 0 0 0 0 0 0 0 0 0 0 0 0 0 0 0 0 0 0 0 0 0 0
1 1 11 0 1 5 3 -165 1 5 0 29 0 0 0 0 0 0 0 0 0 0 0 0 0 0 0 0 0 0 0 0 0 0 0 0 0 0 0 0
1 1 11 1 1 5 4 24 1 5 1 165 0 0 0 0 0 0 0 0 0 0 0 0 0 0 0 0 0 0 0 0 0 0 0 0 0 0 0 0
1 1 11 2 1 5 5 127 1 5 2 -204 0 0 0 0 0 0 0 0 0 0 0 0 0 0 0 0 0 0 0 0 0 0 0 0 0 0 0 0
1 1 11 3 1 5 6 230 1 5 3 -165 1 5 0 29 0 0 0 0 0 0 0 0 0 0 0 0 0 0 0 0 0 0 0 0 0 0 0 0
1 1 11 4 0 0 0 0 1 5 4 24 1 5 1 165 0 0 0 0 0 0 0 0 0 0 0 0 0 0 0 0 0 0 0 0 0 0 0 0
1 1 11 5 0 0 0 0 1 5 5 127 1 5 2 -204 0 0 0 0 0 0 0 0 0 0 0 0 0 0 0 0 0 0 0 0 0 0 0 0
1 1 11 6 0 0 0 0 1 5 6 230 1 5 3 -165 0 0 0 0 0 0 0 0 0 0 0 0 0 0 0 0 0 0 0 0 0 0 0 0
1 1 11 7 0 0 0 0 0 0 0 0 1 5 4 24 0 0 0 0 0 0 0 0 0 0 0 0 0 0 0 0 0 0 0 0 0 0 0 0
1 1 11 8 0 0 0 0 0 0 0 0 1 5 5 127 0 0 0 0 0 0 0 0 0 0 0 0 0 0 0 0 0 0 0 0 0 0 0 0
1 1 11 9 0 0 0 0 0 0 0 0 1 5 6 230 0 0 0 0 0 0 0 0 0 0 0 0 0 0 0 0 0 0 0 0 0 0 0 0
1 1 11 10 0 0 0 0 0 0 0 0 0 0 0 0 0 0 0 0 0 0 0 0 0 0 0 0 0 0 0 0 0 0 0 0 0 0 0 0
1 1 11 11 0 0 0 0 0 0 0 0 0 0 0 0 0 0 0 0 0 0 0 0 0 0 0 0 0 0 0 0 0 0 0 0 0 0 0 0
1 1 11 12 0 0 0 0 0 0 0 0 0 0 0 0 0 0 0 0 0 0 0 0 0 0 0 0 0 0 0 0 0 0 0 0 0 0 0 0
1 1 11 13 0 0 0 0 0 0 0 0 0 0 0 0 0 0 0 0 0 0 0 0 0 0 0 0 0 0 0 0 0 0 0 0 0 0 0 0
1 1 11 14 0 0 0 0 0 0 0 0 0 0 0 0 0 0 0 0 0 0 0 0 0 0 0 0 0 0 0 0 0 0 0 0 0 0 0 0
1 1 11 15 0 0 0 0 0 0 0 0 0 0 0 0 0 0 0 0 0 0 0 0 0 0 0 0 0 0 0 0 0 0 0 0 0 0 0 0
1 1 12 0 1 6 3 230 1 6 0 -212 0 0 0 0 0 0 0 0 0 0 0 0 0 0 0 0 0 0 0 0 0 0 0 0 0 0 0 0
1 1 12 1 1 6 4 -53 1 6 1 184 0 0 0 0 0 0 0 0 0 0 0 0 0 0 0 0 0 0 0 0 0 0 0 0 0 0 0 0
1 1 12 2 1 6 5 214 1 6 2 -38 0 0 0 0 0 0 0 0 0 0 0 0 0 0 0 0 0 0 0 0 0 0 0 0 0 0 0 0
1 1 12 3 1 6 6 -153 1 6 3 230 1 6 0 -212 0 0 0 0 0 0 0 0 0 0 0 0 0 0 0 0 0 0 0 0 0 0 0 0
1 1 12 4 0 0 0 0 1 6 4 -53 1 6 1 184 0 0 0 0 0 0 0 0 0 0 0 0 0 0 0 0 0 0 0 0 0 0 0 0
1 1 12 5 0 0 0 0 1 6 5 214 1 6 2 -38 0 0 0 0 0 0 0 0 0 0 0 0 0 0 0 0 0 0 0 0 0 0 0 0
1 1 12 6 0 0 0 0 1 6 6 -153 1 6 3 230 0 0 0 0 0 0 0 0 0 0 0 0 0 0 0 0 0 0 0 0 0 0 0 0
1 1 12 7 0 0 0 0 0 0 0 0 1 6 4 -53 0 0 0 0 0 0 0 0 0 0 0 0 0 0 0 0 0 0 0 0 0 0 0 0
1 1 12 8 0 0 0 0 0 0 0 0 1 6 5 214 0 0 0 0 0 0 0 0 0 0 0 0 0 0 0 0 0 0 0 0 0 0 0 0
1 1 12 9 0 0 0 0 0 0 0 0 1 6 6 -153 0 0 0 0 0 0 0 0 0 0 0 0 0 0 0 0 0 0 0 0 0 0 0 0
1 1 12 10 0 0 0 0 0 0 0 0 0 0 0 0 0 0 0 0 0 0 0 0 0 0 0 0 0 0 0 0 0 0 0 0 0 0 0 0
1 1 12 11 0 0 0 0 0 0 0 0 0 0 0 0 0 0 0 0 0 0 0 0 0 0 0 0 0 0 0 0 0 0 0 0 0 0 0 0
1 1 12 12 0 0 0 0 0 0 0 0 0 0 0 0 0 0 0 0 0 0 0 0 0 0 0 0 0 0 0 0 0 0 0 0 0 0 0 0
1 1 12 13 0 0 0 0 0 0 0 0 0 0 0 0 0 0 0 0 0 0 0 0 0 0 0 0 0 0 0 0 0 0 0 0 0 0 0 0
1 1 12 14 0 0 0 0 0 0 0 0 0 0 0 0 0 0 0 0 0 0 0 0 0 0 0 0 0 0 0 0 0 0 0 0 0 0 0 0
1 1 12 15 0 0 0 0 0 0 0 0 0 0 0 0 0 0 0 0 0 0 0 0 0 0 0 0 0 0 0 0 0 0 0 0 0 0 0 0
1 1 13 0 0 0 0 0 0 0 0 0 0 0 0 0 0 0 0 0 0 0 0 0 0 0 0 0 0 0 0 0 0 0 0 0 0 0 0 0
1 1 13 1 0 0 0 0 0 0 0 0 0 0 0 0 0 0 0 0 0 0 0 0 0 0 0 0 0 0 0 0 0 0 0 0 0 0 0 0
1 1 13 2 0 0 0 0 0 0 0 0 0 0 0 0 0 0 0 0 0 0 0 0 0 0 0 0 0 0 0 0 0 0 0 0 0 0 0 0
1 1 13 3 0 0 0 0 0 0 0 0 0 0 0 0 0 0 0 0 0 0 0 0 0 0 0 0 0 0 0 0 0 0 0 0 0 0 0 0
1 1 13 4 0 0 0 0 0 0 0 0 0 0 0 0 0 0 0 0 0 0 0 0 0 0 0 0 0 0 0 0 0 0 0 0 0 0 0 0
1 1 13 5 0 0 0 0 0 0 0 0 0 0 0 0 0 0 0 0 0 0 0 0 0 0 0 0 0 0 0 0 0 0 0 0 0 0 0 0
1 1 13 6 0 0 0 0 0 0 0 0 0 0 0 0 0 0 0 0 0 0 0 0 0 0 0 0 0 0 0 0 0 0 0 0 0 0 0 0
1 1 13 7 0 0 0 0 0 0 0 0 0 0 0 0 0 0 0 0 0 0 0 0 0 0 0 0 0 0 0 0 0 0 0 0 0 0 0 0
1 1 13 8 0 0 0 0 0 0 0 0 0 0 0 0 0 0 0 0 0 0 0 0 0 0 0 0 0 0 0 0 0 0 0 0 0 0 0 0
1 1 13 9 0 0 0 0 0 0 0 0 0 0 0 0 0 0 0 0 0 0 0 0 0 0 0 0 0 0 0 0 0 0 0 0 0 0 0 0
1 1 13 10 0 0 0 0 0 0 0 0 0 0 0 0 0 0 0 0 0 0 0 0 0 0 0 0 0 0 0 0 0 0 0 0 0 0 0 0
1 1 13 11 0 0 0 0 0 0 0 0 0 0 0 0 0 0 0 0 0 0 0 0 0 0 0 0 0 0 0 0 0 0 0 0 0 0 0 0
1 1 13 12 0 0 0 0 0 0 0 0 0 0 0 0 0 0 0 0 0 0 0 0 0 0 0 0 0 0 0 0 0 0 0 0 0 0 0 0
1 1 13 13 0 0 0 0 0 0 0 0 0 0 0 0 0 0 0 0 0 0 0 0 0 0 0 0 0 0 0 0 0 0 0 0 0 0 0 0
1 1 13 14 0 0 0 0 0 0 0 0 0 0 0 0 0 0 0 0 0 0 0 0 0 0 0 0 0 0 0 0 0 0 0 0 0 0 0 0
1 1 13 15 0 0 0 0 0 0 0 0 0 0 0 0 0 0 0 0 0 0 0 0 0 0 0 0 0 0 0 0 0 0 0 0 0 0 0 0
1 1 14 0 0 0 0 0 0 0 0 0 0 0 0 0 0 0 0 0 0 0 0 0 0 0 0 0 0 0 0 0 0 0 0 0 0 0 0 0
1 1 14 1 0 0 0 0 0 0 0 0 0 0 0 0 0 0 0 0 0 0 0 0 0 0 0 0 0 0 0 0 0 0 0 0 0 0 0 0
1 1 14 2 0 0 0 0 0 0 0 0 0 0 0 0 0 0 0 0 0 0 0 0 0 0 0 0 0 0 0 0 0 0 0 0 0 0 0 0
1 1 14 3 0 0 0 0 0 0 0 0 0 0 0 0 0 0 0 0 0 0 0 0 0 0 0 0 0 0 0 0 0 0 0 0 0 0 0 0
1 1 14 4 0 0 0 0 0 0 0 0 0 0 0 0 0 0 0 0 0 0 0 0 0 0 0 0 0 0 0 0 0 0 0 0 0 0 0 0
1 1 14 5 0 0 0 0 0 0 0 0 0 0 0 0 0 0 0 0 0 0 0 0 0 0 0 0 0 0 0 0 0 0 0 0 0 0 0 0
1 1 14 6 0 0 0 0 0 0 0 0 0 0 0 0 0 0 0 0 0 0 0 0 0 0 0 0 0 0 0 0 0 0 0 0 0 0 0 0
1 1 14 7 0 0 0 0 0 0 0 0 0 0 0 0 0 0 0 0 0 0 0 0 0 0 0 0 0 0 0 0 0 0 0 0 0 0 0 0
1 1 14 8 0 0 0 0 0 0 0 0 0 0 0 0 0 0 0 0 0 0 0 0 0 0 0 0 0 0 0 0 0 0 0 0 0 0 0 0
1 1 14 9 0 0 0 0 0 0 0 0 0 0 0 0 0 0 0 0 0 0 0 0 0 0 0 0 0 0 0 0 0 0 0 0 0 0 0 0
1 1 14 10 0 0 0 0 0 0 0 0 0 0 0 0 0 0 0 0 0 0 0 0 0 0 0 0 0 0 0 0 0 0 0 0 0 0 0 0
1 1 14 11 0 0 0 0 0 0 0 0 0 0 0 0 0 0 0 0 0 0 0 0 0 0 0 0 0 0 0 0 0 0 0 0 0 0 0 0
1 1 14 12 0 0 0 0 0 0 0 0 0 0 0 0 0 0 0 0 0 0 0 0 0 0 0 0 0 0 0 0 0 0 0 0 0 0 0 0
1 1 14 13 0 0 0 0 0 0 0 0 0 0 0 0 0 0 0 0 0 0 0 0 0 0 0 0 0 0 0 0 0 0 0 0 0 0 0 0
1 1 14 14 0 0 0 0 0 0 0 0 0 0 0 0 0 0 0 0 0 0 0 0 0 0 0 0 0 0 0 0 0 0 0 0 0 0 0 0
1 1 14 15 0 0 0 0 0 0 0 0 0 0 0 0 0 0 0 0 0 0 0 0 0 0 0 0 0 0 0 0 0 0 0 0 0 0 0 0
1 1 15 0 0 0 0 0 0 0 0 0 0 0 0 0 0 0 0 0 0 0 0 0 0 0 0 0 0 0 0 0 0 0 0 0 0 0 0 0
1 1 15 1 0 0 0 0 0 0 0 0 0 0 0 0 0 0 0 0 0 0 0 0 0 0 0 0 0 0 0 0 0 0 0 0 0 0 0 0
1 1 15 2 0 0 0 0 0 0 0 0 0 0 0 0 0 0 0 0 0 0 0 0 0 0 0 0 0 0 0 0 0 0 0 0 0 0 0 0
1 1 15 3 0 0 0 0 0 0 0 0 0 0 0 0 0 0 0 0 0 0 0 0 0 0 0 0 0 0 0 0 0 0 0 0 0 0 0 0
1 1 15 4 0 0 0 0 0 0 0 0 0 0 0 0 0 0 0 0 0 0 0 0 0 0 0 0 0 0 0 0 0 0 0 0 0 0 0 0
1 1 15 5 0 0 0 0 0 0 0 0 0 0 0 0 0 0 0 0 0 0 0 0 0 0 0 0 0 0 0 0 0 0 0 0 0 0 0 0
1 1 15 6 0 0 0 0 0 0 0 0 0 0 0 0 0 0 0 0 0 0 0 0 0 0 0 0 0 0 0 0 0 0 0 0 0 0 0 0
1 1 15 7 0 0 0 0 0 0 0 0 0 0 0 0 0 0 0 0 0 0 0 0 0 0 0 0 0 0 0 0 0 0 0 0 0 0 0 0
1 1 15 8 0 0 0 0 0 0 0 0 0 0 0 0 0 0 0 0 0 0 0 0 0 0 0 0 0 0 0 0 0 0 0 0 0 0 0 0
1 1 15 9 0 0 0 0 0 0 0 0 0 0 0 0 0 0 0 0 0 0 0 0 0 0 0 0 0 0 0 0 0 0 0 0 0 0 0 0
1 1 15 10 0 0 0 0 0 0 0 0 0 0 0 0 0 0 0 0 0 0 0 0 0 0 0 0 0 0 0 0 0 0 0 0 0 0 0 0
1 1 15 11 0 0 0 0 0 0 0 0 0 0 0 0 0 0 0 0 0 0 0 0 0 0 0 0 0 0 0 0 0 0 0 0 0 0 0 0
1 1 15 12 0 0 0 0 0 0 0 0 0 0 0 0 0 0 0 0 0 0 0 0 0 0 0 0 0 0 0 0 0 0 0 0 0 0 0 0
1 1 15 13 0 0 0 0 0 0 0 0 0 0 0 0 0 0 0 0 0 0 0 0 0 0 0 0 0 0 0 0 0 0 0 0 0 0 0 0
1 1 15 14 0 0 0 0 0 0 0 0 0 0 0 0 0 0 0 0 0 0 0 0 0 0 0 0 0 0 0 0 0 0 0 0 0 0 0 0
1 1 15 15 0 0 0 0 0 0 0 0 0 0 0 0 0 0 0 0 0 0 0 0 0 0 0 0 0 0 0 0 0 0 0 0 0 0 0 0
2 0 0 0 1 3 3 18 1 3 0 110 0 0 0 0 1 0 3 -208 1 0 0 -81 0 0 0 0 0 0 0 0 0 0 0 0 0 0 0 0
2 0 0 1 1 3 4 38 1 3 1 183 0 0 0 0 1 0 4 -182 1 0 1 224 0 0 0 0 0 0 0 0 0 0 0 0 0 0 0 0
2 0 0 2 1 3 5 86 1 3 2 246 0 0 0 0 1 0 5 -254 1 0 2 248 0 0 0 0 0 0 0 0 0 0 0 0 0 0 0 0
2 0 0 3 1 3 6 247 1 3 3 18 1 3 0 110 1 0 6 222 1 0 3 -208 1 0 0 -81 0 0 0 0 0 0 0 0 0 0 0 0
2 0 0 4 0 0 0 0 1 3 4 38 1 3 1 183 0 0 0 0 1 0 4 -182 1 0 1 224 0 0 0 0 0 0 0 0 0 0 0 0
2 0 0 5 0 0 0 0 1 3 5 86 1 3 2 246 0 0 0 0 1 0 5 -254 1 0 2 248 0 0 0 0 0 0 0 0 0 0 0 0
2 0 0 6 0 0 0 0 1 3 6 247 1 3 3 18 0 0 0 0 1 0 6 222 1 0 3 -208 0 0 0 0 0 0 0 0 0 0 0 0
2 0 0 7 0 0 0 0 0 0 0 0 1 3 4 38 0 0 0 0 0 0 0 0 1 0 4 -182 0 0 0 0 0 0 0 0 0 0 0 0
2 0 0 8 0 0 0 0 0 0 0 0 1 3 5 86 0 0 0 0 0 0 0 0 1 0 5 -254 0 0 0 0 0 0 0 0 0 0 0 0
2 0 0 9 0 0 0 0 0 0 0 0 1 3 6 247 0 0 0 0 0 0 0 0 1 0 6 222 0 0 0 0 0 0 0 0 0 0 0 0
2 0 0 10 0 0 0 0 0 0 0 0 0 0 0 0 0 0 0 0 0 0 0 0 0 0 0 0 0 0 0 0 0 0 0 0 0 0 0 0
2 0 0 11 0 0 0 0 0 0 0 0 0 0 0 0 0 0 0 0 0 0 0 0 0 0 0 0 0 0 0 0 0 0 0 0 0 0 0 0
2 0 0 12 0 0 0 0 0 0 0 0 0 0 0 0 0 0 0 0 0 0 0 0 0 0 0 0 0 0 0 0 0 0 0 0 0 0 0 0
2 0 0 13 0 0 0 0 0 0 0 0 0 0 0 0 0 0 0 0 0 0 0 0 0 0 0 0 0 0 0 0 0 0 0 0 0 0 0 0
2 0 0 14 0 0 0 0 0 0 0 0 0 0 0 0 0 0 0 0 0 0 0 0 0 0 0 0 0 0 0 0 0 0 0 0 0 0 0 0
2 0 0 15 0 0 0 0 0 0 0 0 0 0 0 0 0 0 0 0 0 0 0 0 0 0 0 0 0 0 0 0 0 0 0 0 0 0 0 0
2 0 1 0 1 4 3 142 1 4 0 -25 0 0 0 0 1 1 3 173 1 1 0 -91 0 0 0 0 0 0 0 0 0 0 0 0 0 0 0 0
2 0 1 1 1 4 4 -199 1 4 1 172 0 0 0 0 1 1 4 -121 1 1 1 15 0 0 0 0 0 0 0 0 0 0 0 0 0 0 0 0
2 0 1 2 1 4 5 198 1 4 2 -114 0 0 0 0 1 1 5 -65 1 1 2 251 0 0 0 0 0 0 0 0 0 0 0 0 0 0 0 0
2 0 1 3 1 4 6 -82 1 4 3 142 1 4 0 -25 1 1 6 169 1 1 3 173 1 1 0 -91 0 0 0 0 0 0 0 0 0 0 0 0
2 0 1 4 0 0 0 0 1 4 4 -199 1 4 1 172 0 0 0 0 1 1 4 -121 1 1 1 15 0 0 0 0 0 0 0 0 0 0 0 0
2 0 1 5 0 0 0 0 1 4 5 198 1 4 2 -114 0 0 0 0 1 1 5 -65 1 1 2 251 0 0 0 0 0 0 0 0 0 0 0 0
2 0 1 6 0 0 0 0 1 4 6 -82 1 4 3 142 0 0 0 0 1 1 6 169 1 1 3 173 0 0 0 0 0 0 0 0 0 0 0 0
2 0 1 7 0 0 0 0 0 0 0 0 1 4 4 -199 0 0 0 0 0 0 0 0 1 1 4 -121 0 0 0 0 0 0 0 0 0 0 0 0
2 0 1 8 0 0 0 0 0 0 0 0 1 4 5 198 0 0 0 0 0 0 0 0 1 1 5 -65 0 0 0 0 0 0 0 0 0 0 0 0
2 0 1 9 0 0 0 0 0 0 0 0 1 4 6 -82 0 0 0 0 0 0 0 0 1 1 6 169 0 0 0 0 0 0 0 0 0 0 0 0
2 0 1 10 0 0 0 0 0 0 0 0 0 0 0 0 0 0 0 0 0 0 0 0 0 0 0 0 0 0 0 0 0 0 0 0 0 0 0 0
2 0 1 11 0 0 0 0 0 0 0 0 0 0 0 0 0 0 0 0 0 0 0 0 0 0 0 0 0 0 0 0 0 0 0 0 0 0 0 0
2 0 1 12 0 0 0 0 0 0 0 0 0 0 0 0 0 0 0 0 0 0 0 0 0 0 0 0 0 0 0 0 0 0 0 0 0 0 0 0
2 0 1 13 0 0 0 0 0 0 0 0 0 0 0 0 0 0 0 0 0 0 0 0 0 0 0 0 0 0 0 0 0 0 0 0 0 0 0 0
2 0 1 14 0 0 0 0 0 0 0 0 0 0 0 0 0 0 0 0 0 0 0 0 0 0 0 0 0 0 0 0 0 0 0 0 0 0 0 0
2 0 1 15 0 0 0 0 0 0 0 0 0 0 0 0 0 0 0 0 0 0 0 0 0 0 0 0 0 0 0 0 0 0 0 0 0 0 0 0
2 0 2 0 1 5 3 -207 1 5 0 67 0 0 0 0 1 2 3 44 1 2 0 -3 0 0 0 0 0 0 0 0 0 0 0 0 0 0 0 0
2 0 2 1 1 5 4 14 1 5 1 -184 0 0 0 0 1 2 4 141 1 2 1 -168 0 0 0 0 0 0 0 0 0 0 0 0 0 0 0 0
2 0 2 2 1 5 5 249 1 5 2 -74 0 0 0 0 1 2 5 234 1 2 2 225 0 0 0 0 0 0 0 0 0 0 0 0 0 0 0 0
2 0 2 3 1 5 6 -141 1 5 3 -207 1 5 0 67 1 2 6 56 1 2 3 44 1 2 0 -3 0 0 0 0 0 0 0 0 0 0 0 0
2 0 2 4 0 0 0 0 1 5 4 14 1 5 1 -184 0 0 0 0 1 2 4 141 1 2 1 -168 0 0 0 0 0 0 0 0 0 0 0 0
2 0 2 5 0 0 0 0 1 5 5 249 1 5 2 -74 0 0 0 0 1 2 5 234 1 2 2 225 0 0 0 0 0 0 0 0 0 0 0 0
2 0 2 6 0 0 0 0 1 5 6 -141 1 5 3 -207 0 0 0 0 1 2 6 56 1 2 3 44 0 0 0 0 0 0 0 0 0 0 0 0
2 0 2 7 0 0 0 0 0 0 0 0 1 5 4 14 0 0 0 0 0 0 0 0 1 2 4 141 0 0 0 0 0 0 0 0 0 0 0 0
2 0 2 8 0 0 0 0 0 0 0 0 1 5 5 249 0 0 0 0 0 0 0 0 1 2 5 234 0 0 0 0 0 0 0 0 0 0 0 0
2 0 2 9 0 0 0 0 0 0 0 0 1 5 6 -141 0 0 0 0 0 0 0 0 1 2 6 56 0 0 0 0 0 0 0 0 0 0 0 0
2 0 2 10 0 0 0 0 0 0 0 0 0 0 0 0 0 0 0 0 0 0 0 0 0 0 0 0 0 0 0 0 0 0 0 0 0 0 0 0
2 0 2 11 0 0 0 0 0 0 0 0 0 0 0 0 0 0 0 0 0 0 0 0 0 0 0 0 0 0 0 0 0 0 0 0 0 0 0 0
2 0 2 12 0 0 0 0 0 0 0 0 0 0 0 0 0 0 0 0 0 0 0 0 0 0 0 0 0 0 0 0 0 0 0 0 0 0 0 0
2 0 2 13 0 0 0 0 0 0 0 0 0 0 0 0 0 0 0 0 0 0 0 0 0 0 0 0 0 0 0 0 0 0 0 0 0 0 0 0
2 0 2 14 0 0 0 0 0 0 0 0 0 0 0 0 0 0 0 0 0 0 0 0 0 0 0 0 0 0 0 0 0 0 0 0 0 0 0 0
2 0 2 15 0 0 0 0 0 0 0 0 0 0 0 0 0 0 0 0 0 0 0 0 0 0 0 0 0 0 0 0 0 0 0 0 0 0 0 0
2 0 3 0 1 6 3 -169 1 6 0 -119 0 0 0 0 1 3 3 18 1 3 0 110 0 0 0 0 1 0 3 -208 1 0 0 -81 0 0 0 0
2 0 3 1 1 6 4 -146 1 6 1 142 0 0 0 0 1 3 4 38 1 3 1 183 0 0 0 0 1 0 4 -182 1 0 1 224 0 0 0 0
2 0 3 2 1 6 5 39 1 6 2 -160 0 0 0 0 1 3 5 86 1 3 2 246 0 0 0 0 1 0 5 -254 1 0 2 248 0 0 0 0
2 0 3 3 1 6 6 1 1 6 3 -169 1 6 0 -119 1 3 6 247 1 3 3 18 1 3 0 110 1 0 6 222 1 0 3 -208 1 0 0 -81
2 0 3 4 0 0 0 0 1 6 4 -146 1 6 1 142 0 0 0 0 1 3 4 38 1 3 1 183 0 0 0 0 1 0 4 -182 1 0 1 224
2 0 3 5 0 0 0 0 1 6 5 39 1 6 2 -160 0 0 0 0 1 3 5 86 1 3 2 246 0 0 0 0 1 0 5 -254 1 0 2 248
2 0 3 6 0 0 0 0 1 6 6 1 1 6 3 -169 0 0 0 0 1 3 6 247 1 3 3 18 0 0 0 0 1 0 6 222 1 0 3 -208
2 0 3 7 0 0 0 0 0 0 0 0 1 6 4 -146 0 0 0 0 0 0 0 0 1 3 4 38 0 0 0 0 0 0 0 0 1 0 4 -182
2 0 3 8 0 0 0 0 0 0 0 0 1 6 5 39 0 0 0 0 0 0 0 0 1 3 5 86 0 0 0 0 0 0 0 0 1 0 5 -254
2 0 3 9 0 0 0 0 0 0 0 0 1 6 6 1 0 0 0 0 0 0 0 0 1 3 6 247 0 0 0 0 0 0 0 0 1 0 6 222
2 0 3 10 0 0 0 0 0 0 0 0 0 0 0 0 0 0 0 0 0 0 0 0 0 0 0 0 0 0 0 0 0 0 0 0 0 0 0 0
2 0 3 11 0 0 0 0 0 0 0 0 0 0 0 0 0 0 0 0 0 0 0 0 0 0 0 0 0 0 0 0 0 0 0 0 0 0 0 0
2 0 3 12 0 0 0 0 0 0 0 0 0 0 0 0 0 0 0 0 0 0 0 0 0 0 0 0 0 0 0 0 0 0 0 0 0 0 0 0
2 0 3 13 0 0 0 0 0 0 0 0 0 0 0 0 0 0 0 0 0 0 0 0 0 0 0 0 0 0 0 0 0 0 0 0 0 0 0 0
2 0 3 14 0 0 0 0 0 0 0 0 0 0 0 0 0 0 0 0 0 0 0 0 0 0 0 0 0 0 0 0 0 0 0 0 0 0 0 0
2 0 3 15 0 0 0 0 0 0 0 0 0 0 0 0 0 0 0 0 0 0 0 0 0 0 0 0 0 0 0 0 0 0 0 0 0 0 0 0
2 0 4 0 0 0 0 0 0 0 0 0 0 0 0 0 1 4 3 142 1 4 0 -25 0 0 0 0 1 1 3 173 1 1 0 -91 0 0 0 0
2 0 4 1 0 0 0 0 0 0 0 0 0 0 0 0 1 4 4 -199 1 4 1 172 0 0 0 0 1 1 4 -121 1 1 1 15 0 0 0 0
2 0 4 2 0 0 0 0 0 0 0 0 0 0 0 0 1 4 5 198 1 4 2 -114 0 0 0 0 1 1 5 -65 1 1 2 251 0 0 0 0
2 0 4 3 0 0 0 0 0 0 0 0 0 0 0 0 1 4 6 -82 1 4 3 142 1 4 0 -25 1 1 6 169 1 1 3 173 1 1 0 -91
2 0 4 4 0 0 0 0 0 0 0 0 0 0 0 0 0 0 0 0 1 4 4 -199 1 4 1 172 0 0 0 0 1 1 4 -121 1 1 1 15
2 0 4 5 0 0 0 0 0 0 0 0 0 0 0 0 0 0 0 0 1 4 5 198 1 4 2 -114 0 0 0 0 1 1 5 -65 1 1 2 251
2 0 4 6 0 0 0 0 0 0 0 0 0 0 0 0 0 0 0 0 1 4 6 -82 1 4 3 142 0 0 0 0 1 1 6 169 1 1 3 173
2 0 4 7 0 0 0 0 0 0 0 0 0 0 0 0 0 0 0 0 0 0 0 0 1 4 4 -199 0 0 0 0 0 0 0 0 1 1 4 -121
2 0 4 8 0 0 0 0 0 0 0 0 0 0 0 0 0 0 0 0 0 0 0 0 1 4 5 198 0 0 0 0 0 0 0 0 1 1 5 -65
2 0 4 9 0 0 0 0 0 0 0 0 0 0 0 0 0 0 0 0 0 0 0 0 1 4 6 -82 0 0 0 0 0 0 0 0 1 1 6 169
2 0 4 10 0 0 0 0 0 0 0 0 0 0 0 0 0 0 0 0 0 0 0 0 0 0 0 0 0 0 0 0 0 0 0 0 0 0 0 0
2 0 4 11 0 0 0 0 0 0 0 0 0 0 0 0 0 0 0 0 0 0 0 0 0 0 0 0 0 0 0 0 0 0 0 0 0 0 0 0
2 0 4 12 0 0 0 0 0 0 0 0 0 0 0 0 0 0 0 0 0 0 0 0 0 0 0 0 0 0 0 0 0 0 0 0 0 0 0 0
2 0 4 13 0 0 0 0 0 0 0 0 0 0 0 0 0 0 0 0 0 0 0 0 0 0 0 0 0 0 0 0 0 0 0 0 0 0 0 0
2 0 4 14 0 0 0 0 0 0 0 0 0 0 0 0 0 0 0 0 0 0 0 0 0 0 0 0 0 0 0 0 0 0 0 0 0 0 0 0
2 0 4 15 0 0 0 0 0 0 0 0 0 0 0 0 0 0 0 0 0 0 0 0 0 0 0 0 0 0 0 0 0 0 0 0 0 0 0 0
2 0 5 0 0 0 0 0 0 0 0 0 0 0 0 0 1 5 3 -207 1 5 0 67 0 0 0 0 1 2 3 44 1 2 0 -3 0 0 0 0
2 0 5 1 0 0 0 0 0 0 0 0 0 0 0 0 1 5 4 14 1 5 1 -184 0 0 0 0 1 2 4 141 1 2 1 -168 0 0 0 0
2 0 5 2 0 0 0 0 0 0 0 0 0 0 0 0 1 5 5 249 1 5 2 -74 0 0 0 0 1 2 5 234 1 2 2 225 0 0 0 0
2 0 5 3 0 0 0 0 0 0 0 0 0 0 0 0 1 5 6 -141 1 5 3 -207 1 5 0 67 1 2 6 56 1 2 3 44 1 2 0 -3
2 0 5 4 0 0 0 0 0 0 0 0 0 0 0 0 0 0 0 0 1 5 4 14 1 5 1 -184 0 0 0 0 1 2 4 141 1 2 1 -168
2 0 5 5 0 0 0 0 0 0 0 0 0 0 0 0 0 0 0 0 1 5 5 249 1 5 2 -74 0 0 0 0 1 2 5 234 1 2 2 225
2 0 5 6 0 0 0 0 0 0 0 0 0 0 0 0 0 0 0 0 1 5 6 -141 1 5 3 -207 0 0 0 0 1 2 6 56 1 2 3 44
2 0 5 7 0 0 0 0 0 0 0 0 0 0 0 0 0 0 0 0 0 0 0 0 1 5 4 14 0 0 0 0 0 0 0 0 1 2 4 141
2 0 5 8 0 0 0 0 0 0 0 0 0 0 0 0 0 0 0 0 0 0 0 0 1 5 5 249 0 0 0 0 0 0 0 0 1 2 5 234
2 0 5 9 0 0 0 0 0 0 0 0 0 0 0 0 0 0 0 0 0 0 0 0 1 5 6 -141 0 0 0 0 0 0 0 0 1 2 6 56
2 0 5 10 0 0 0 0 0 0 0 0 0 0 0 0 0 0 0 0 0 0 0 0 0 0 0 0 0 0 0 0 0 0 0 0 0 0 0 0
2 0 5 11 0 0 0 0 0 0 0 0 0 0 0 0 0 0 0 0 0 0 0 0 0 0 0 0 0 0 0 0 0 0 0 0 0 0 0 0
2 0 5 12 0 0 0 0 0 0 0 0 0 0 0 0 0 0 0 0 0 0 0 0 0 0 0 0 0 0 0 0 0 0 0 0 0 0 0 0
2 0 5 13 0 0 0 0 0 0 0 0 0 0 0 0 0 0 0 0 0 0 0 0 0 0 0 0 0 0 0 0 0 0 0 0 0 0 0 0
2 0 5 14 0 0 0 0 0 0 0 0 0 0 0 0 0 0 0 0 0 0 0 0 0 0 0 0 0 0 0 0 0 0 0 0 0 0 0 0
2 0 5 15 0 0 0 0 0 0 0 0 0 0 0 0 0 0 0 0 0 0 0 0 0 0 0 0 0 0 0 0 0 0 0 0 0 0 0 0
2 0 6 0 1 0 3 -208 1 0 0 -81 0 0 0 0 1 6 3 -169 1 6 0 -119 0 0 0 0 1 3 3 18 1 3 0 110 0 0 0 0
2 0 6 1 1 0 4 -182 1 0 1 224 0 0 0 0 1 6 4 -146 1 6 1 142 0 0 0 0 1 3 4 38 1 3 1 183 0 0 0 0
2 0 6 2 1 0 5 -254 1 0 2 248 0 0 0 0 1 6 5 39 1 6 2 -160 0 0 0 0 1 3 5 86 1 3 2 246 0 0 0 0
2 0 6 3 1 0 6 222 1 0 3 -208 1 0 0 -81 1 6 6 1 1 6 3 -169 1 6 0 -119 1 3 6 247 1 3 3 18 1 3 0 110
2 0 6 4 0 0 0 0 1 0 4 -182 1 0 1 224 0 0 0 0 1 6 4 -146 1 6 1 142 0 0 0 0 1 3 4 38 1 3 1 183
2 0 6 5 0 0 0 0 1 0 5 -254 1 0 2 248 0 0 0 0 1 6 5 39 1 6 2 -160 0 0 0 0 1 3 5 86 1 3 2 246
2 0 6 6 0 0 0 0 1 0 6 222 1 0 3 -208 0 0 0 0 1 6 6 1 1 6 3 -169 0 0 0 0 1 3 6 247 1 3 3 18
2 0 6 7 0 0 0 0 0 0 0 0 1 0 4 -182 0 0 0 0 0 0 0 0 1 6 4 -146 0 0 0 0 0 0 0 0 1 3 4 38
2 0 6 8 0 0 0 0 0 0 0 0 1 0 5 -254 0 0 0 0 0 0 0 0 1 6 5 39 0 0 0 0 0 0 0 0 1 3 5 86
2 0 6 9 0 0 0 0 0 0 0 0 1 0 6 222 0 0 0 0 0 0 0 0 1 6 6 1 0 0 0 0 0 0 0 0 1 3 6 247
2 0 6 10 0 0 0 0 0 0 0 0 0 0 0 0 0 0 0 0 0 0 0 0 0 0 0 0 0 0 0 0 0 0 0 0 0 0 0 0
2 0 6 11 0 0 0 0 0 0 0 0 0 0 0 0 0 0 0 0 0 0 0 0 0 0 0 0 0 0 0 0 0 0 0 0 0 0 0 0
2 0 6 12 0 0 0 0 0 0 0 0 0 0 0 0 0 0 0 0 0 0 0 0 0 0 0 0 0 0 0 0 0 0 0 0 0 0 0 0
2 0 6 13 0 0 0 0 0 0 0 0 0 0 0 0 0 0 0 0 0 0 0 0 0 0 0 0 0 0 0 0 0 0 0 0 0 0 0 0
2 0 6 14 0 0 0 0 0 0 0 0 0 0 0 0 0 0 0 0 0 0 0 0 0 0 0 0 0 0 0 0 0 0 0 0 0 0 0 0
2 0 6 15 0 0 0 0 0 0 0 0 0 0 0 0 0 0 0 0 0 0 0 0 0 0 0 0 0 0 0 0 0 0 0 0 0 0 0 0
2 0 7 0 1 1 3 173 1 1 0 -91 0 0 0 0 0 0 0 0 0 0 0 0 0 0 0 0 1 4 3 142 1 4 0 -25 0 0 0 0
2 0 7 1 1 1 4 -121 1 1 1 15 0 0 0 0 0 0 0 0 0 0 0 0 0 0 0 0 1 4 4 -199 1 4 1 172 0 0 0 0
2 0 7 2 1 1 5 -65 1 1 2 251 0 0 0 0 0 0 0 0 0 0 0 0 0 0 0 0 1 4 5 198 1 4 2 -114 0 0 0 0
2 0 7 3 1 1 6 169 1 1 3 173 1 1 0 -91 0 0 0 0 0 0 0 0 0 0 0 0 1 4 6 -82 1 4 3 142 1 4 0 -25
2 0 7 4 0 0 0 0 1 1 4 -121 1 1 1 15 0 0 0 0 0 0 0 0 0 0 0 0 0 0 0 0 1 4 4 -199 1 4 1 172
2 0 7 5 0 0 0 0 1 1 5 -65 1 1 2 251 0 0 0 0 0 0 0 0 0 0 0 0 0 0 0 0 1 4 5 198 1 4 2 -114
2 0 7 6 0 0 0 0 1 1 6 169 1 1 3 173 0 0 0 0 0 0 0 0 0 0 0 0 0 0 0 0 1 4 6 -82 1 4 3 142
2 0 7 7 0 0 0 0 0 0 0 0 1 1 4 -121 0 0 0 0 0 0 0 0 0 0 0 0 0 0 0 0 0 0 0 0 1 4 4 -199
2 0 7 8 0 0 0 0 0 0 0 0 1 1 5 -65 0 0 0 0 0 0 0 0 0 0 0 0 0 0 0 0 0 0 0 0 1 4 5 198
2 0 7 9 0 0 0 0 0 0 0 0 1 1 6 169 0 0 0 0 0 0 0 0 0 0 0 0 0 0 0 0 0 0 0 0 1 4 6 -82
2 0 7 10 0 0 0 0 0 0 0 0 0 0 0 0 0 0 0 0 0 0 0 0 0 0 0 0 0 0 0 0 0 0 0 0 0 0 0 0
2 0 7 11 0 0 0 0 0 0 0 0 0 0 0 0 0 0 0 0 0 0 0 0 0 0 0 0 0 0 0 0 0 0 0 0 0 0 0 0
2 0 7 12 0 0 0 0 0 0 0 0 0 0 0 0 0 0 0 0 0 0 0 0 0 0 0 0 0 0 0 0 0 0 0 0 0 0 0 0
2 0 7 13 0 0 0 0 0 0 0 0 0 0 0 0 0 0 0 0 0 0 0 0 0 0 0 0 0 0 0 0 0 0 0 0 0 0 0 0
2 0 7 14 0 0 0 0 0 0 0 0 0 0 0 0 0 0 0 0 0 0 0 0 0 0 0 0 0 0 0 0 0 0 0 0 0 0 0 0
2 0 7 15 0 0 0 0 0 0 0 0 0 0 0 0 0 0 0 0 0 0 0 0 0 0 0 0 0 0 0 0 0 0 0 0 0 0 0 0
2 0 8 0 1 2 3 44 1 2 0 -3 0 0 0 0 0 0 0 0 0 0 0 0 0 0 0 0 1 5 3 -207 1 5 0 67 0 0 0 0
2 0 8 1 1 2 4 141 1 2 1 -168 0 0 0 0 0 0 0 0 0 0 0 0 0 0 0 0 1 5 4 14 1 5 1 -184 0 0 0 0
2 0 8 2 1 2 5 234 1 2 2 225 0 0 0 0 0 0 0 0 0 0 0 0 0 0 0 0 1 5 5 249 1 5 2 -74 0 0 0 0
2 0 8 3 1 2 6 56 1 2 3 44 1 2 0 -3 0 0 0 0 0 0 0 0 0 0 0 0 1 5 6 -141 1 5 3 -207 1 5 0 67
2 0 8 4 0 0 0 0 1 2 4 141 1 2 1 -168 0 0 0 0 0 0 0 0 0 0 0 0 0 0 0 0 1 5 4 14 1 5 1 -184
2 0 8 5 0 0 0 0 1 2 5 234 1 2 2 225 0 0 0 0 0 0 0 0 0 0 0 0 0 0 0 0 1 5 5 249 1 5 2 -74
2 0 8 6 0 0 0 0 1 2 6 56 1 2 3 44 0 0 0 0 0 0 0 0 0 0 0 0 0 0 0 0 1 5 6 -141 1 5 3 -207
2 0 8 7 0 0 0 0 0 0 0 0 1 2 4 141 0 0 0 0 0 0 0 0 0 0 0 0 0 0 0 0 0 0 0 0 1 5 4 14
2 0 8 8 0 0 0 0 0 0 0 0 1 2 5 234 0 0 0 0 0 0 0 0 0 0 0 0 0 0 0 0 0 0 0 0 1 5 5 249
2 0 8 9 0 0 0 0 0 0 0 0 1 2 6 56 0 0 0 0 0 0 0 0 0 0 0 0 0 0 0 0 0 0 0 0 1 5 6 -141
2 0 8 10 0 0 0 0 0 0 0 0 0 0 0 0 0 0 0 0 0 0 0 0 0 0 0 0 0 0 0 0 0 0 0 0 0 0 0 0
2 0 8 11 0 0 0 0 0 0 0 0 0 0 0 0 0 0 0 0 0 0 0 0 0 0 0 0 0 0 0 0 0 0 0 0 0 0 0 0
2 0 8 12 0 0 0 0 0 0 0 0 0 0 0 0 0 0 0 0 0 0 0 0 0 0 0 0 0 0 0 0 0 0 0 0 0 0 0 0
2 0 8 13 0 0 0 0 0 0 0 0 0 0 0 0 0 0 0 0 0 0 0 0 0 0 0 0 0 0 0 0 0 0 0 0 0 0 0 0
2 0 8 14 0 0 0 0 0 0 0 0 0 0 0 0 0 0 0 0 0 0 0 0 0 0 0 0 0 0 0 0 0 0 0 0 0 0 0 0
2 0 8 15 0 0 0 0 0 0 0 0 0 0 0 0 0 0 0 0 0 0 0 0 0 0 0 0 0 0 0 0 0 0 0 0 0 0 0 0
2 0 9 0 1 3 3 18 1 3 0 110 0 0 0 0 0 0 0 0 0 0 0 0 0 0 0 0 1 6 3 -169 1 6 0 -119 0 0 0 0
2 0 9 1 1 3 4 38 1 3 1 183 0 0 0 0 0 0 0 0 0 0 0 0 0 0 0 0 1 6 4 -146 1 6 1 142 0 0 0 0
2 0 9 2 1 3 5 86 1 3 2 246 0 0 0 0 0 0 0 0 0 0 0 0 0 0 0 0 1 6 5 39 1 6 2 -160 0 0 0 0
2 0 9 3 1 3 6 247 1 3 3 18 1 3 0 110 0 0 0 0 0 0 0 0 0 0 0 0 1 6 6 1 1 6 3 -169 1 6 0 -119
2 0 9 4 0 0 0 0 1 3 4 38 1 3 1 183 0 0 0 0 0 0 0 0 0 0 0 0 0 0 0 0 1 6 4 -146 1 6 1 142
2 0 9 5 0 0 0 0 1 3 5 86 1 3 2 246 0 0 0 0 0 0 0 0 0 0 0 0 0 0 0 0 1 6 5 39 1 6 2 -160
2 0 9 6 0 0 0 0 1 3 6 247 1 3 3 18 0 0 0 0 0 0 0 0 0 0 0 0 0 0 0 0 1 6 6 1 1 6 3 -169
2 0 9 7 0 0 0 0 0 0 0 0 1 3 4 38 0 0 0 0 0 0 0 0 0 0 0 0 0 0 0 0 0 0 0 0 1 6 4 -146
2 0 9 8 0 0 0 0 0 0 0 0 1 3 5 86 0 0 0 0 0 0 0 0 0 0 0 0 0 0 0 0 0 0 0 0 1 6 5 39
2 0 9 9 0 0 0 0 0 0 0 0 1 3 6 247 0 0 0 0 0 0 0 0 0 0 0 0 0 0 0 0 0 0 0 0 1 6 6 1
2 0 9 10 0 0 0 0 0 0 0 0 0 0 0 0 0 0 0 0 0 0 0 0 0 0 0 0 0 0 0 0 0 0 0 0 0 0 0 0
2 0 9 11 0 0 0 0 0 0 0 0 0 0 0 0 0 0 0 0 0 0 0 0 0 0 0 0 0 0 0 0 0 0 0 0 0 0 0 0
2 0 9 12 0 0 0 0 0 0 0 0 0 0 0 0 0 0 0 0 0 0 0 0 0 0 0 0 0 0 0 0 0 0 0 0 0 0 0 0
2 0 9 13 0 0 0 0 0 0 0 0 0 0 0 0 0 0 0 0 0 0 0 0 0 0 0 0 0 0 0 0 0 0 0 0 0 0 0 0
2 0 9 14 0 0 0 0 0 0 0 0 0 0 0 0 0 0 0 0 0 0 0 0 0 0 0 0 0 0 0 0 0 0 0 0 0 0 0 0
2 0 9 15 0 0 0 0 0 0 0 0 0 0 0 0 0 0 0 0 0 0 0 0 0 0 0 0 0 0 0 0 0 0 0 0 0 0 0 0
2 0 10 0 1 4 3 142 1 4 0 -25 0 0 0 0 0 0 0 0 0 0 0 0 0 0 0 0 0 0 0 0 0 0 0 0 0 0 0 0
2 0 10 1 1 4 4 -199 1 4 1 172 0 0 0 0 0 0 0 0 0 0 0 0 0 0 0 0 0 0 0 0 0 0 0 0 0 0 0 0
2 0 10 2 1 4 5 198 1 4 2 -114 0 0 0 0 0 0 0 0 0 0 0 0 0 0 0 0 0 0 0 0 0 0 0 0 0 0 0 0
2 0 10 3 1 4 6 -82 1 4 3 142 1 4 0 -25 0 0 0 0 0 0 0 0 0 0 0 0 0 0 0 0 0 0 0 0 0 0 0 0
2 0 10 4 0 0 0 0 1 4 4 -199 1 4 1 172 0 0 0 0 0 0 0 0 0 0 0 0 0 0 0 0 0 0 0 0 0 0 0 0
2 0 10 5 0 0 0 0 1 4 5 198 1 4 2 -114 0 0 0 0 0 0 0 0 0 0 0 0 0 0 0 0 0 0 0 0 0 0 0 0
2 0 10 6 0 0 0 0 1 4 6 -82 1 4 3 142 0 0 0 0 0 0 0 0 0 0 0 0 0 0 0 0 0 0 0 0 0 0 0 0
2 0 10 7 0 0 0 0 0 0 0 0 1 4 4 -199 0 0 0 0 0 0 0 0 0 0 0 0 0 0 0 0 0 0 0 0 0 0 0 0
2 0 10 8 0 0 0 0 0 0 0 0 1 4 5 198 0 0 0 0 0 0 0 0 0 0 0 0 0 0 0 0 0 0 0 0 0 0 0 0
2 0 10 9 0 0 0 0 0 0 0 0 1 4 6 -82 0 0 0 0 0 0 0 0 0 0 0 0 0 0 0 0 0 0 0 0 0 0 0 0
2 0 10 10 0 0 0 0 0 0 0 0 0 0 0 0 0 0 0 0 0 0 0 0 0 0 0 0 0 0 0 0 0 0 0 0 0 0 0 0
2 0 10 11 0 0 0 0 0 0 0 0 0 0 0 0 0 0 0 0 0 0 0 0 0 0 0 0 0 0 0 0 0 0 0 0 0 0 0 0
2 0 10 12 0 0 0 0 0 0 0 0 0 0 0 0 0 0 0 0 0 0 0 0 0 0 0 0 0 0 0 0 0 0 0 0 0 0 0 0
2 0 10 13 0 0 0 0 0 0 0 0 0 0 0 0 0 0 0 0 0 0 0 0 0 0 0 0 0 0 0 0 0 0 0 0 0 0 0 0
2 0 10 14 0 0 0 0 0 0 0 0 0 0 0 0 0 0 0 0 0 0 0 0 0 0 0 0 0 0 0 0 0 0 0 0 0 0 0 0
2 0 10 15 0 0 0 0 0 0 0 0 0 0 0 0 0 0 0 0 0 0 0 0 0 0 0 0 0 0 0 0 0 0 0 0 0 0 0 0
2 0 11 0 1 5 3 -207 1 5 0 67 0 0 0 0 0 0 0 0 0 0 0 0 0 0 0 0 0 0 0 0 0 0 0 0 0 0 0 0
2 0 11 1 1 5 4 14 1 5 1 -184 0 0 0 0 0 0 0 0 0 0 0 0 0 0 0 0 0 0 0 0 0 0 0 0 0 0 0 0
2 0 11 2 1 5 5 249 1 5 2 -74 0 0 0 0 0 0 0 0 0 0 0 0 0 0 0 0 0 0 0 0 0 0 0 0 0 0 0 0
2 0 11 3 1 5 6 -141 1 5 3 -207 1 5 0 67 0 0 0 0 0 0 0 0 0 0 0 0 0 0 0 0 0 0 0 0 0 0 0 0
2 0 11 4 0 0 0 0 1 5 4 14 1 5 1 -184 0 0 0 0 0 0 0 0 0 0 0 0 0 0 0 0 0 0 0 0 0 0 0 0
2 0 11 5 0 0 0 0 1 5 5 249 1 5 2 -74 0 0 0 0 0 0 0 0 0 0 0 0 0 0 0 0 0 0 0 0 0 0 0 0
2 0 11 6 0 0 0 0 1 5 6 -141 1 5 3 -207 0 0 0 0 0 0 0 0 0 0 0 0 0 0 0 0 0 0 0 0 0 0 0 0
2 0 11 7 0 0 0 0 0 0 0 0 1 5 4 14 0 0 0 0 0 0 0 0 0 0 0 0 0 0 0 0 0 0 0 0 0 0 0 0
2 0 11 8 0 0 0 0 0 0 0 0 1 5 5 249 0 0 0 0 0 0 0 0 0 0 0 0 0 0 0 0 0 0 0 0 0 0 0 0
2 0 11 9 0 0 0 0 0 0 0 0 1 5 6 -141 0 0 0 0 0 0 0 0 0 0 0 0 0 0 0 0 0 0 0 0 0 0 0 0
2 0 11 10 0 0 0 0 0 0 0 0 0 0 0 0 0 0 0 0 0 0 0 0 0 0 0 0 0 0 0 0 0 0 0 0 0 0 0 0
2 0 11 11 0 0 0 0 0 0 0 0 0 0 0 0 0 0 0 0 0 0 0 0 0 0 0 0 0 0 0 0 0 0 0 0 0 0 0 0
2 0 11 12 0 0 0 0 0 0 0 0 0 0 0 0 0 0 0 0 0 0 0 0 0 0 0 0 0 0 0 0 0 0 0 0 0 0 0 0
2 0 11 13 0 0 0 0 0 0 0 0 0 0 0 0 0 0 0 0 0 0 0 0 0 0 0 0 0 0 0 0 0 0 0 0 0 0 0 0
2 0 11 14 0 0 0 0 0 0 0 0 0 0 0 0 0 0 0 0 0 0 0 0 0 0 0 0 0 0 0 0 0 0 0 0 0 0 0 0
2 0 11 15 0 0 0 0 0 0 0 0 0 0 0 0 0 0 0 0 0 0 0 0 0 0 0 0 0 0 0 0 0 0 0 0 0 0 0 0
2 0 12 0 1 6 3 -169 1 6 0 -119 0 0 0 0 0 0 0 0 0 0 0 0 0 0 0 0 0 0 0 0 0 0 0 0 0 0 0 0
2 0 12 1 1 6 4 -146 1 6 1 142 0 0 0 0 0 0 0 0 0 0 0 0 0 0 0 0 0 0 0 0 0 0 0 0 0 0 0 0
2 0 12 2 1 6 5 39 1 6 2 -160 0 0 0 0 0 0 0 0 0 0 0 0 0 0 0 0 0 0 0 0 0 0 0 0 0 0 0 0
2 0 12 3 1 6 6 1 1 6 3 -169 1 6 0 -119 0 0 0 0 0 0 0 0 0 0 0 0 0 0 0 0 0 0 0 0 0 0 0 0
2 0 12 4 0 0 0 0 1 6 4 -146 1 6 1 142 0 0 0 0 0 0 0 0 0 0 0 0 0 0 0 0 0 0 0 0 0 0 0 0
2 0 12 5 0 0 0 0 1 6 5 39 1 6 2 -160 0 0 0 0 0 0 0 0 0 0 0 0 0 0 0 0 0 0 0 0 0 0 0 0
2 0 12 6 0 0 0 0 1 6 6 1 1 6 3 -169 0 0 0 0 0 0 0 0 0 0 0 0 0 0 0 0 0 0 0 0 0 0 0 0
2 0 12 7 0 0 0 0 0 0 0 0 1 6 4 -146 0 0 0 0 0 0 0 0 0 0 0 0 0 0 0 0 0 0 0 0 0 0 0 0
2 0 12 8 0 0 0 0 0 0 0 0 1 6 5 39 0 0 0 0 0 0 0 0 0 0 0 0 0 0 0 0 0 0 0 0 0 0 0 0
2 0 12 9 0 0 0 0 0 0 0 0 1 6 6 1 0 0 0 0 0 0 0 0 0 0 0 0 0 0 0 0 0 0 0 0 0 0 0 0
2 0 12 10 0 0 0 0 0 0 0 0 0 0 0 0 0 0 0 0 0 0 0 0 0 0 0 0 0 0 0 0 0 0 0 0 0 0 0 0
2 0 12 11 0 0 0 0 0 0 0 0 0 0 0 0 0 0 0 0 0 0 0 0 0 0 0 0 0 0 0 0 0 0 0 0 0 0 0 0
2 0 12 12 0 0 0 0 0 0 0 0 0 0 0 0 0 0 0 0 0 0 0 0 0 0 0 0 0 0 0 0 0 0 0 0 0 0 0 0
2 0 12 13 0 0 0 0 0 0 0 0 0 0 0 0 0 0 0 0 0 0 0 0 0 0 0 0 0 0 0 0 0 0 0 0 0 0 0 0
2 0 12 14 0 0 0 0 0 0 0 0 0 0 0 0 0 0 0 0 0 0 0 0 0 0 0 0 0 0 0 0 0 0 0 0 0 0 0 0
2 0 12 15 0 0 0 0 0 0 0 0 0 0 0 0 0 0 0 0 0 0 0 0 0 0 0 0 0 0 0 0 0 0 0 0 0 0 0 0
2 0 13 0 0 0 0 0 0 0 0 0 0 0 0 0 0 0 0 0 0 0 0 0 0 0 0 0 0 0 0 0 0 0 0 0 0 0 0 0
2 0 13 1 0 0 0 0 0 0 0 0 0 0 0 0 0 0 0 0 0 0 0 0 0 0 0 0 0 0 0 0 0 0 0 0 0 0 0 0
2 0 13 2 0 0 0 0 0 0 0 0 0 0 0 0 0 0 0 0 0 0 0 0 0 0 0 0 0 0 0 0 0 0 0 0 0 0 0 0
2 0 13 3 0 0 0 0 0 0 0 0 0 0 0 0 0 0 0 0 0 0 0 0 0 0 0 0 0 0 0 0 0 0 0 0 0 0 0 0
2 0 13 4 0 0 0 0 0 0 0 0 0 0 0 0 0 0 0 0 0 0 0 0 0 0 0 0 0 0 0 0 0 0 0 0 0 0 0 0
2 0 13 5 0 0 0 0 0 0 0 0 0 0 0 0 0 0 0 0 0 0 0 0 0 0 0 0 0 0 0 0 0 0 0 0 0 0 0 0
2 0 13 6 0 0 0 0 0 0 0 0 0 0 0 0 0 0 0 0 0 0 0 0 0 0 0 0 0 0 0 0 0 0 0 0 0 0 0 0
2 0 13 7 0 0 0 0 0 0 0 0 0 0 0 0 0 0 0 0 0 0 0 0 0 0 0 0 0 0 0 0 0 0 0 0 0 0 0 0
2 0 13 8 0 0 0 0 0 0 0 0 0 0 0 0 0 0 0 0 0 0 0 0 0 0 0 0 0 0 0 0 0 0 0 0 0 0 0 0
2 0 13 9 0 0 0 0 0 0 0 0 0 0 0 0 0 0 0 0 0 0 0 0 0 0 0 0 0 0 0 0 0 0 0 0 0 0 0 0
2 0 13 10 0 0 0 0 0 0 0 0 0 0 0 0 0 0 0 0 0 0 0 0 0 0 0 0 0 0 0 0 0 0 0 0 0 0 0 0
2 0 13 11 0 0 0 0 0 0 0 0 0 0 0 0 0 0 0 0 0 0 0 0 0 0 0 0 0 0 0 0 0 0 0 0 0 0 0 0
2 0 13 12 0 0 0 0 0 0 0 0 0 0 0 0 0 0 0 0 0 0 0 0 0 0 0 0 0 0 0 0 0 0 0 0 0 0 0 0
2 0 13 13 0 0 0 0 0 0 0 0 0 0 0 0 0 0 0 0 0 0 0 0 0 0 0 0 0 0 0 0 0 0 0 0 0 0 0 0
2 0 13 14 0 0 0 0 0 0 0 0 0 0 0 0 0 0 0 0 0 0 0 0 0 0 0 0 0 0 0 0 0 0 0 0 0 0 0 0
2 0 13 15 0 0 0 0 0 0 0 0 0 0 0 0 0 0 0 0 0 0 0 0 0 0 0 0 0 0 0 0 0 0 0 0 0 0 0 0
2 0 14 0 0 0 0 0 0 0 0 0 0 0 0 0 0 0 0 0 0 0 0 0 0 0 0 0 0 0 0 0 0 0 0 0 0 0 0 0
2 0 14 1 0 0 0 0 0 0 0 0 0 0 0 0 0 0 0 0 0 0 0 0 0 0 0 0 0 0 0 0 0 0 0 0 0 0 0 0
2 0 14 2 0 0 0 0 0 0 0 0 0 0 0 0 0 0 0 0 0 0 0 0 0 0 0 0 0 0 0 0 0 0 0 0 0 0 0 0
2 0 14 3 0 0 0 0 0 0 0 0 0 0 0 0 0 0 0 0 0 0 0 0 0 0 0 0 0 0 0 0 0 0 0 0 0 0 0 0
2 0 14 4 0 0 0 0 0 0 0 0 0 0 0 0 0 0 0 0 0 0 0 0 0 0 0 0 0 0 0 0 0 0 0 0 0 0 0 0
2 0 14 5 0 0 0 0 0 0 0 0 0 0 0 0 0 0 0 0 0 0 0 0 0 0 0 0 0 0 0 0 0 0 0 0 0 0 0 0
2 0 14 6 0 0 0 0 0 0 0 0 0 0 0 0 0 0 0 0 0 0 0 0 0 0 0 0 0 0 0 0 0 0 0 0 0 0 0 0
2 0 14 7 0 0 0 0 0 0 0 0 0 0 0 0 0 0 0 0 0 0 0 0 0 0 0 0 0 0 0 0 0 0 0 0 0 0 0 0
2 0 14 8 0 0 0 0 0 0 0 0 0 0 0 0 0 0 0 0 0 0 0 0 0 0 0 0 0 0 0 0 0 0 0 0 0 0 0 0
2 0 14 9 0 0 0 0 0 0 0 0 0 0 0 0 0 0 0 0 0 0 0 0 0 0 0 0 0 0 0 0 0 0 0 0 0 0 0 0
2 0 14 10 0 0 0 0 0 0 0 0 0 0 0 0 0 0 0 0 0 0 0 0 0 0 0 0 0 0 0 0 0 0 0 0 0 0 0 0
2 0 14 11 0 0 0 0 0 0 0 0 0 0 0 0 0 0 0 0 0 0 0 0 0 0 0 0 0 0 0 0 0 0 0 0 0 0 0 0
2 0 14 12 0 0 0 0 0 0 0 0 0 0 0 0 0 0 0 0 0 0 0 0 0 0 0 0 0 0 0 0 0 0 0 0 0 0 0 0
2 0 14 13 0 0 0 0 0 0 0 0 0 0 0 0 0 0 0 0 0 0 0 0 0 0 0 0 0 0 0 0 0 0 0 0 0 0 0 0
2 0 14 14 0 0 0 0 0 0 0 0 0 0 0 0 0 0 0 0 0 0 0 0 0 0 0 0 0 0 0 0 0 0 0 0 0 0 0 0
2 0 14 15 0 0 0 0 0 0 0 0 0 0 0 0 0 0 0 0 0 0 0 0 0 0 0 0 0 0 0 0 0 0 0 0 0 0 0 0
2 0 15 0 0 0 0 0 0 0 0 0 0 0 0 0 0 0 0 0 0 0 0 0 0 0 0 0 0 0 0 0 0 0 0 0 0 0 0 0
2 0 15 1 0 0 0 0 0 0 0 0 0 0 0 0 0 0 0 0 0 0 0 0 0 0 0 0 0 0 0 0 0 0 0 0 0 0 0 0
2 0 15 2 0 0 0 0 0 0 0 0 0 0 0 0 0 0 0 0 0 0 0 0 0 0 0 0 0 0 0 0 0 0 0 0 0 0 0 0
2 0 15 3 0 0 0 0 0 0 0 0 0 0 0 0 0 0 0 0 0 0 0 0 0 0 0 0 0 0 0 0 0 0 0 0 0 0 0 0
2 0 15 4 0 0 0 0 0 0 0 0 0 0 0 0 0 0 0 0 0 0 0 0 0 0 0 0 0 0 0 0 0 0 0 0 0 0 0 0
2 0 15 5 0 0 0 0 0 0 0 0 0 0 0 0 0 0 0 0 0 0 0 0 0 0 0 0 0 0 0 0 0 0 0 0 0 0 0 0
2 0 15 6 0 0 0 0 0 0 0 0 0 0 0 0 0 0 0 0 0 0 0 0 0 0 0 0 0 0 0 0 0 0 0 0 0 0 0 0
2 0 15 7 0 0 0 0 0 0 0 0 0 0 0 0 0 0 0 0 0 0 0 0 0 0 0 0 0 0 0 0 0 0 0 0 0 0 0 0
2 0 15 8 0 0 0 0 0 0 0 0 0 0 0 0 0 0 0 0 0 0 0 0 0 0 0 0 0 0 0 0 0 0 0 0 0 0 0 0
2 0 15 9 0 0 0 0 0 0 0 0 0 0 0 0 0 0 0 0 0 0 0 0 0 0 0 0 0 0 0 0 0 0 0 0 0 0 0 0
2 0 15 10 0 0 0 0 0 0 0 0 0 0 0 0 0 0 0 0 0 0 0 0 0 0 0 0 0 0 0 0 0 0 0 0 0 0 0 0
2 0 15 11 0 0 0 0 0 0 0 0 0 0 0 0 0 0 0 0 0 0 0 0 0 0 0 0 0 0 0 0 0 0 0 0 0 0 0 0
2 0 15 12 0 0 0 0 0 0 0 0 0 0 0 0 0 0 0 0 0 0 0 0 0 0 0 0 0 0 0 0 0 0 0 0 0 0 0 0
2 0 15 13 0 0 0 0 0 0 0 0 0 0 0 0 0 0 0 0 0 0 0 0 0 0 0 0 0 0 0 0 0 0 0 0 0 0 0 0
2 0 15 14 0 0 0 0 0 0 0 0 0 0 0 0 0 0 0 0 0 0 0 0 0 0 0 0 0 0 0 0 0 0 0 0 0 0 0 0
2 0 15 15 0 0 0 0 0 0 0 0 0 0 0 0 0 0 0 0 0 0 0 0 0 0 0 0 0 0 0 0 0 0 0 0 0 0 0 0
2 1 0 0 1 3 3 -110 1 3 0 41 0 0 0 0 1 0 3 -96 1 0 0 18 0 0 0 0 0 0 0 0 0 0 0 0 0 0 0 0
2 1 0 1 1 3 4 -21 1 3 1 -20 0 0 0 0 1 0 4 133 1 0 1 -242 0 0 0 0 0 0 0 0 0 0 0 0 0 0 0 0
2 1 0 2 1 3 5 -139 1 3 2 57 0 0 0 0 1 0 5 170 1 0 2 88 0 0 0 0 0 0 0 0 0 0 0 0 0 0 0 0
2 1 0 3 1 3 6 2 1 3 3 -110 1 3 0 41 1 0 6 -200 1 0 3 -96 1 0 0 18 0 0 0 0 0 0 0 0 0 0 0 0
2 1 0 4 0 0 0 0 1 3 4 -21 1 3 1 -20 0 0 0 0 1 0 4 133 1 0 1 -242 0 0 0 0 0 0 0 0 0 0 0 0
2 1 0 5 0 0 0 0 1 3 5 -139 1 3 2 57 0 0 0 0 1 0 5 170 1 0 2 88 0 0 0 0 0 0 0 0 0 0 0 0
2 1 0 6 0 0 0 0 1 3 6 2 1 3 3 -110 0 0 0 0 1 0 6 -200 1 0 3 -96 0 0 0 0 0 0 0 0 0 0 0 0
2 1 0 7 0 0 0 0 0 0 0 0 1 3 4 -21 0 0 0 0 0 0 0 0 1 0 4 133 0 0 0 0 0 0 0 0 0 0 0 0
2 1 0 8 0 0 0 0 0 0 0 0 1 3 5 -139 0 0 0 0 0 0 0 0 1 0 5 170 0 0 0 0 0 0 0 0 0 0 0 0
2 1 0 9 0 0 0 0 0 0 0 0 1 3 6 2 0 0 0 0 0 0 0 0 1 0 6 -200 0 0 0 0 0 0 0 0 0 0 0 0
2 1 0 10 0 0 0 0 0 0 0 0 0 0 0 0 0 0 0 0 0 0 0 0 0 0 0 0 0 0 0 0 0 0 0 0 0 0 0 0
2 1 0 11 0 0 0 0 0 0 0 0 0 0 0 0 0 0 0 0 0 0 0 0 0 0 0 0 0 0 0 0 0 0 0 0 0 0 0 0
2 1 0 12 0 0 0 0 0 0 0 0 0 0 0 0 0 0 0 0 0 0 0 0 0 0 0 0 0 0 0 0 0 0 0 0 0 0 0 0
2 1 0 13 0 0 0 0 0 0 0 0 0 0 0 0 0 0 0 0 0 0 0 0 0 0 0 0 0 0 0 0 0 0 0 0 0 0 0 0
2 1 0 14 0 0 0 0 0 0 0 0 0 0 0 0 0 0 0 0 0 0 0 0 0 0 0 0 0 0 0 0 0 0 0 0 0 0 0 0
2 1 0 15 0 0 0 0 0 0 0 0 0 0 0 0 0 0 0 0 0 0 0 0 0 0 0 0 0 0 0 0 0 0 0 0 0 0 0 0
2 1 1 0 1 4 3 -167 1 4 0 99 0 0 0 0 1 1 3 -45 1 1 0 -106 0 0 0 0 0 0 0 0 0 0 0 0 0 0 0 0
2 1 1 1 1 4 4 -156 1 4 1 146 0 0 0 0 1 1 4 -77 1 1 1 63 0 0 0 0 0 0 0 0 0 0 0 0 0 0 0 0
2 1 1 2 1 4 5 -65 1 4 2 100 0 0 0 0 1 1 5 58 1 1 2 -167 0 0 0 0 0 0 0 0 0 0 0 0 0 0 0 0
2 1 1 3 1 4 6 241 1 4 3 -167 1 4 0 99 1 1 6 124 1 1 3 -45 1 1 0 -106 0 0 0 0 0 0 0 0 0 0 0 0
2 1 1 4 0 0 0 0 1 4 4 -156 1 4 1 146 0 0 0 0 1 1 4 -77 1 1 1 63 0 0 0 0 0 0 0 0 0 0 0 0
2 1 1 5 0 0 0 0 1 4 5 -65 1 4 2 100 0 0 0 0 1 1 5 58 1 1 2 -167 0 0 0 0 0 0 0 0 0 0 0 0
2 1 1 6 0 0 0 0 1 4 6 241 1 4 3 -167 0 0 0 0 1 1 6 124 1 1 3 -45 0 0 0 0 0 0 0 0 0 0 0 0
2 1 1 7 0 0 0 0 0 0 0 0 1 4 4 -156 0 0 0 0 0 0 0 0 1 1 4 -77 0 0 0 0 0 0 0 0 0 0 0 0
2 1 1 8 0 0 0 0 0 0 0 0 1 4 5 -65 0 0 0 0 0 0 0 0 1 1 5 58 0 0 0 0 0 0 0 0 0 0 0 0
2 1 1 9 0 0 0 0 0 0 0 0 1 4 6 241 0 0 0 0 0 0 0 0 1 1 6 124 0 0 0 0 0 0 0 0 0 0 0 0
2 1 1 10 0 0 0 0 0 0 0 0 0 0 0 0 0 0 0 0 0 0 0 0 0 0 0 0 0 0 0 0 0 0 0 0 0 0 0 0
2 1 1 11 0 0 0 0 0 0 0 0 0 0 0 0 0 0 0 0 0 0 0 0 0 0 0 0 0 0 0 0 0 0 0 0 0 0 0 0
2 1 1 12 0 0 0 0 0 0 0 0 0 0 0 0 0 0 0 0 0 0 0 0 0 0 0 0 0 0 0 0 0 0 0 0 0 0 0 0
2 1 1 13 0 0 0 0 0 0 0 0 0 0 0 0 0 0 0 0 0 0 0 0 0 0 0 0 0 0 0 0 0 0 0 0 0 0 0 0
2 1 1 14 0 0 0 0 0 0 0 0 0 0 0 0 0 0 0 0 0 0 0 0 0 0 0 0 0 0 0 0 0 0 0 0 0 0 0 0
2 1 1 15 0 0 0 0 0 0 0 0 0 0 0 0 0 0 0 0 0 0 0 0 0 0 0 0 0 0 0 0 0 0 0 0 0 0 0 0
2 1 2 0 1 5 3 15 1 5 0 -242 0 0 0 0 1 2 3 154 1 2 0 99 0 0 0 0 0 0 0 0 0 0 0 0 0 0 0 0
2 1 2 1 1 5 4 -212 1 5 1 87 0 0 0 0 1 2 4 119 1 2 1 -94 0 0 0 0 0 0 0 0 0 0 0 0 0 0 0 0
2 1 2 2 1 5 5 174 1 5 2 -106 0 0 0 0 1 2 5 147 1 2 2 43 0 0 0 0 0 0 0 0 0 0 0 0 0 0 0 0
2 1 2 3 1 5 6 190 1 5 3 15 1 5 0 -242 1 2 6 10 1 2 3 154 1 2 0 99 0 0 0 0 0 0 0 0 0 0 0 0
2 1 2 4 0 0 0 0 1 5 4 -212 1 5 1 87 0 0 0 0 1 2 4 119 1 2 1 -94 0 0 0 0 0 0 0 0 0 0 0 0
2 1 2 5 0 0 0 0 1 5 5 174 1 5 2 -106 0 0 0 0 1 2 5 147 1 2 2 43 0 0 0 0 0 0 0 0 0 0 0 0
2 1 2 6 0 0 0 0 1 5 6 190 1 5 3 15 0 0 0 0 1 2 6 10 1 2 3 154 0 0 0 0 0 0 0 0 0 0 0 0
2 1 2 7 0 0 0 0 0 0 0 0 1 5 4 -212 0 0 0 0 0 0 0 0 1 2 4 119 0 0 0 0 0 0 0 0 0 0 0 0
2 1 2 8 0 0 0 0 0 0 0 0 1 5 5 174 0 0 0 0 0 0 0 0 1 2 5 147 0 0 0 0 0 0 0 0 0 0 0 0
2 1 2 9 0 0 0 0 0 0 0 0 1 5 6 190 0 0 0 0 0 0 0 0 1 2 6 10 0 0 0 0 0 0 0 0 0 0 0 0
2 1 2 10 0 0 0 0 0 0 0 0 0 0 0 0 0 0 0 0 0 0 0 0 0 0 0 0 0 0 0 0 0 0 0 0 0 0 0 0
2 1 2 11 0 0 0 0 0 0 0 0 0 0 0 0 0 0 0 0 0 0 0 0 0 0 0 0 0 0 0 0 0 0 0 0 0 0 0 0
2 1 2 12 0 0 0 0 0 0 0 0 0 0 0 0 0 0 0 0 0 0 0 0 0 0 0 0 0 0 0 0 0 0 0 0 0 0 0 0
2 1 2 13 0 0 0 0 0 0 0 0 0 0 0 0 0 0 0 0 0 0 0 0 0 0 0 0 0 0 0 0 0 0 0 0 0 0 0 0
2 1 2 14 0 0 0 0 0 0 0 0 0 0 0 0 0 0 0 0 0 0 0 0 0 0 0 0 0 0 0 0 0 0 0 0 0 0 0 0
2 1 2 15 0 0 0 0 0 0 0 0 0 0 0 0 0 0 0 0 0 0 0 0 0 0 0 0 0 0 0 0 0 0 0 0 0 0 0 0
2 1 3 0 1 6 3 116 1 6 0 -7 0 0 0 0 1 3 3 -110 1 3 0 41 0 0 0 0 1 0 3 -96 1 0 0 18 0 0 0 0
2 1 3 1 1 6 4 -124 1 6 1 143 0 0 0 0 1 3 4 -21 1 3 1 -20 0 0 0 0 1 0 4 133 1 0 1 -242 0 0 0 0
2 1 3 2 1 6 5 -94 1 6 2 -13 0 0 0 0 1 3 5 -139 1 3 2 57 0 0 0 0 1 0 5 170 1 0 2 88 0 0 0 0
2 1 3 3 1 6 6 -177 1 6 3 116 1 6 0 -7 1 3 6 2 1 3 3 -110 1 3 0 41 1 0 6 -200 1 0 3 -96 1 0 0 18
2 1 3 4 0 0 0 0 1 6 4 -124 1 6 1 143 0 0 0 0 1 3 4 -21 1 3 1 -20 0 0 0 0 1 0 4 133 1 0 1 -242
2 1 3 5 0 0 0 0 1 6 5 -94 1 6 2 -13 0 0 0 0 1 3 5 -139 1 3 2 57 0 0 0 0 1 0 5 170 1 0 2 88
2 1 3 6 0 0 0 0 1 6 6 -177 1 6 3 116 0 0 0 0 1 3 6 2 1 3 3 -110 0 0 0 0 1 0 6 -200 1 0 3 -96
2 1 3 7 0 0 0 0 0 0 0 0 1 6 4 -124 0 0 0 0 0 0 0 0 1 3 4 -21 0 0 0 0 0 0 0 0 1 0 4 133
2 1 3 8 0 0 0 0 0 0 0 0 1 6 5 -94 0 0 0 0 0 0 0 0 1 3 5 -139 0 0 0 0 0 0 0 0 1 0 5 170
2 1 3 9 0 0 0 0 0 0 0 0 1 6 6 -177 0 0 0 0 0 0 0 0 1 3 6 2 0 0 0 0 0 0 0 0 1 0 6 -200
2 1 3 10 0 0 0 0 0 0 0 0 0 0 0 0 0 0 0 0 0 0 0 0 0 0 0 0 0 0 0 0 0 0 0 0 0 0 0 0
2 1 3 11 0 0 0 0 0 0 0 0 0 0 0 0 0 0 0 0 0 0 0 0 0 0 0 0 0 0 0 0 0 0 0 0 0 0 0 0
2 1 3 12 0 0 0 0 0 0 0 0 0 0 0 0 0 0 0 0 0 0 0 0 0 0 0 0 0 0 0 0 0 0 0 0 0 0 0 0
2 1 3 13 0 0 0 0 0 0 0 0 0 0 0 0 0 0 0 0 0 0 0 0 0 0 0 0 0 0 0 0 0 0 0 0 0 0 0 0
2 1 3 14 0 0 0 0 0 0 0 0 0 0 0 0 0 0 0 0 0 0 0 0 0 0 0 0 0 0 0 0 0 0 0 0 0 0 0 0
2 1 3 15 0 0 0 0 0 0 0 0 0 0 0 0 0 0 0 0 0 0 0 0 0 0 0 0 0 0 0 0 0 0 0 0 0 0 0 0
2 1 4 0 0 0 0 0 0 0 0 0 0 0 0 0 1 4 3 -167 1 4 0 99 0 0 0 0 1 1 3 -45 1 1 0 -106 0 0 0 0
2 1 4 1 0 0 0 0 0 0 0 0 0 0 0 0 1 4 4 -156 1 4 1 146 0 0 0 0 1 1 4 -77 1 1 1 63 0 0 0 0
2 1 4 2 0 0 0 0 0 0 0 0 0 0 0 0 1 4 5 -65 1 4 2 100 0 0 0 0 1 1 5 58 1 1 2 -167 0 0 0 0
2 1 4 3 0 0 0 0 0 0 0 0 0 0 0 0 1 4 6 241 1 4 3 -167 1 4 0 99 1 1 6 124 1 1 3 -45 1 1 0 -106
2 1 4 4 0 0 0 0 0 0 0 0 0 0 0 0 0 0 0 0 1 4 4 -156 1 4 1 146 0 0 0 0 1 1 4 -77 1 1 1 63
2 1 4 5 0 0 0 0 0 0 0 0 0 0 0 0 0 0 0 0 1 4 5 -65 1 4 2 100 0 0 0 0 1 1 5 58 1 1 2 -167
2 1 4 6 0 0 0 0 0 0 0 0 0 0 0 0 0 0 0 0 1 4 6 241 1 4 3 -167 0 0 0 0 1 1 6 124 1 1 3 -45
2 1 4 7 0 0 0 0 0 0 0 0 0 0 0 0 0 0 0 0 0 0 0 0 1 4 4 -156 0 0 0 0 0 0 0 0 1 1 4 -77
2 1 4 8 0 0 0 0 0 0 0 0 0 0 0 0 0 0 0 0 0 0 0 0 1 4 5 -65 0 0 0 0 0 0 0 0 1 1 5 58
2 1 4 9 0 0 0 0 0 0 0 0 0 0 0 0 0 0 0 0 0 0 0 0 1 4 6 241 0 0 0 0 0 0 0 0 1 1 6 124
2 1 4 10 0 0 0 0 0 0 0 0 0 0 0 0 0 0 0 0 0 0 0 0 0 0 0 0 0 0 0 0 0 0 0 0 0 0 0 0
2 1 4 11 0 0 0 0 0 0 0 0 0 0 0 0 0 0 0 0 0 0 0 0 0 0 0 0 0 0 0 0 0 0 0 0 0 0 0 0
2 1 4 12 0 0 0 0 0 0 0 0 0 0 0 0 0 0 0 0 0 0 0 0 0 0 0 0 0 0 0 0 0 0 0 0 0 0 0 0
2 1 4 13 0 0 0 0 0 0 0 0 0 0 0 0 0 0 0 0 0 0 0 0 0 0 0 0 0 0 0 0 0 0 0 0 0 0 0 0
2 1 4 14 0 0 0 0 0 0 0 0 0 0 0 0 0 0 0 0 0 0 0 0 0 0 0 0 0 0 0 0 0 0 0 0 0 0 0 0
2 1 4 15 0 0 0 0 0 0 0 0 0 0 0 0 0 0 0 0 0 0 0 0 0 0 0 0 0 0 0 0 0 0 0 0 0 0 0 0
2 1 5 0 0 0 0 0 0 0 0 0 0 0 0 0 1 5 3 15 1 5 0 -242 0 0 0 0 1 2 3 154 1 2 0 99 0 0 0 0
2 1 5 1 0 0 0 0 0 0 0 0 0 0 0 0 1 5 4 -212 1 5 1 87 0 0 0 0 1 2 4 119 1 2 1 -94 0 0 0 0
2 1 5 2 0 0 0 0 0 0 0 0 0 0 0 0 1 5 5 174 1 5 2 -106 0 0 0 0 1 2 5 147 1 2 2 43 0 0 0 0
2 1 5 3 0 0 0 0 0 0 0 0 0 0 0 0 1 5 6 190 1 5 3 15 1 5 0 -242 1 2 6 10 1 2 3 154 1 2 0 99
2 1 5 4 0 0 0 0 0 0 0 0 0 0 0 0 0 0 0 0 1 5 4 -212 1 5 1 87 0 0 0 0 1 2 4 119 1 2 1 -94
2 1 5 5 0 0 0 0 0 0 0 0 0 0 0 0 0 0 0 0 1 5 5 174 1 5 2 -106 0 0 0 0 1 2 5 147 1 2 2 43
2 1 5 6 0 0 0 0 0 0 0 0 0 0 0 0 0 0 0 0 1 5 6 190 1 5 3 15 0 0 0 0 1 2 6 10 1 2 3 154
2 1 5 7 0 0 0 0 0 0 0 0 0 0 0 0 0 0 0 0 0 0 0 0 1 5 4 -212 0 0 0 0 0 0 0 0 1 2 4 119
2 1 5 8 0 0 0 0 0 0 0 0 0 0 0 0 0 0 0 0 0 0 0 0 1 5 5 174 0 0 0 0 0 0 0 0 1 2 5 147
2 1 5 9 0 0 0 0 0 0 0 0 0 0 0 0 0 0 0 0 0 0 0 0 1 5 6 190 0 0 0 0 0 0 0 0 1 2 6 10
2 1 5 10 0 0 0 0 0 0 0 0 0 0 0 0 0 0 0 0 0 0 0 0 0 0 0 0 0 0 0 0 0 0 0 0 0 0 0 0
2 1 5 11 0 0 0 0 0 0 0 0 0 0 0 0 0 0 0 0 0 0 0 0 0 0 0 0 0 0 0 0 0 0 0 0 0 0 0 0
2 1 5 12 0 0 0 0 0 0 0 0 0 0 0 0 0 0 0 0 0 0 0 0 0 0 0 0 0 0 0 0 0 0 0 0 0 0 0 0
2 1 5 13 0 0 0 0 0 0 0 0 0 0 0 0 0 0 0 0 0 0 0 0 0 0 0 0 0 0 0 0 0 0 0 0 0 0 0 0
2 1 5 14 0 0 0 0 0 0 0 0 0 0 0 0 0 0 0 0 0 0 0 0 0 0 0 0 0 0 0 0 0 0 0 0 0 0 0 0
2 1 5 15 0 0 0 0 0 0 0 0 0 0 0 0 0 0 0 0 0 0 0 0 0 0 0 0 0 0 0 0 0 0 0 0 0 0 0 0
2 1 6 0 1 0 3 -96 1 0 0 18 0 0 0 0 1 6 3 116 1 6 0 -7 0 0 0 0 1 3 3 -110 1 3 0 41 0 0 0 0
2 1 6 1 1 0 4 133 1 0 1 -242 0 0 0 0 1 6 4 -124 1 6 1 143 0 0 0 0 1 3 4 -21 1 3 1 -20 0 0 0 0
2 1 6 2 1 0 5 170 1 0 2 88 0 0 0 0 1 6 5 -94 1 6 2 -13 0 0 0 0 1 3 5 -139 1 3 2 57 0 0 0 0
2 1 6 3 1 0 6 -200 1 0 3 -96 1 0 0 18 1 6 6 -177 1 6 3 116 1 6 0 -7 1 3 6 2 1 3 3 -110 1 3 0 41
2 1 6 4 0 0 0 0 1 0 4 133 1 0 1 -242 0 0 0 0 1 6 4 -124 1 6 1 143 0 0 0 0 1 3 4 -21 1 3 1 -20
2 1 6 5 0 0 0 0 1 0 5 170 1 0 2 88 0 0 0 0 1 6 5 -94 1 6 2 -13 0 0 0 0 1 3 5 -139 1 3 2 57
2 1 6 6 0 0 0 0 1 0 6 -200 1 0 3 -96 0 0 0 0 1 6 6 -177 1 6 3 116 0 0 0 0 1 3 6 2 1 3 3 -110
2 1 6 7 0 0 0 0 0 0 0 0 1 0 4 133 0 0 0 0 0 0 0 0 1 6 4 -124 0 0 0 0 0 0 0 0 1 3 4 -21
2 1 6 8 0 0 0 0 0 0 0 0 1 0 5 170 0 0 0 0 0 0 0 0 1 6 5 -94 0 0 0 0 0 0 0 0 1 3 5 -139
2 1 6 9 0 0 0 0 0 0 0 0 1 0 6 -200 0 0 0 0 0 0 0 0 1 6 6 -177 0 0 0 0 0 0 0 0 1 3 6 2
2 1 6 10 0 0 0 0 0 0 0 0 0 0 0 0 0 0 0 0 0 0 0 0 0 0 0 0 0 0 0 0 0 0 0 0 0 0 0 0
2 1 6 11 0 0 0 0 0 0 0 0 0 0 0 0 0 0 0 0 0 0 0 0 0 0 0 0 0 0 0 0 0 0 0 0 0 0 0 0
2 1 6 12 0 0 0 0 0 0 0 0 0 0 0 0 0 0 0 0 0 0 0 0 0 0 0 0 0 0 0 0 0 0 0 0 0 0 0 0
2 1 6 13 0 0 0 0 0 0 0 0 0 0 0 0 0 0 0 0 0 0 0 0 0 0 0 0 0 0 0 0 0 0 0 0 0 0 0 0
2 1 6 14 0 0 0 0 0 0 0 0 0 0 0 0 0 0 0 0 0 0 0 0 0 0 0 0 0 0 0 0 0 0 0 0 0 0 0 0
2 1 6 15 0 0 0 0 0 0 0 0 0 0 0 0 0 0 0 0 0 0 0 0 0 0 0 0 0 0 0 0 0 0 0 0 0 0 0 0
2 1 7 0 1 1 3 -45 1 1 0 -106 0 0 0 0 0 0 0 0 0 0 0 0 0 0 0 0 1 4 3 -167 1 4 0 99 0 0 0 0
2 1 7 1 1 1 4 -77 1 1 1 63 0 0 0 0 0 0 0 0 0 0 0 0 0 0 0 0 1 4 4 -156 1 4 1 146 0 0 0 0
2 1 7 2 1 1 5 58 1 1 2 -167 0 0 0 0 0 0 0 0 0 0 0 0 0 0 0 0 1 4 5 -65 1 4 2 100 0 0 0 0
2 1 7 3 1 1 6 124 1 1 3 -45 1 1 0 -106 0 0 0 0 0 0 0 0 0 0 0 0 1 4 6 241 1 4 3 -167 1 4 0 99
2 1 7 4 0 0 0 0 1 1 4 -77 1 1 1 63 0 0 0 0 0 0 0 0 0 0 0 0 0 0 0 0 1 4 4 -156 1 4 1 146
2 1 7 5 0 0 0 0 1 1 5 58 1 1 2 -167 0 0 0 0 0 0 0 0 0 0 0 0 0 0 0 0 1 4 5 -65 1 4 2 100
2 1 7 6 0 0 0 0 1 1 6 124 1 1 3 -45 0 0 0 0 0 0 0 0 0 0 0 0 0 0 0 0 1 4 6 241 1 4 3 -167
2 1 7 7 0 0 0 0 0 0 0 0 1 1 4 -77 0 0 0 0 0 0 0 0 0 0 0 0 0 0 0 0 0 0 0 0 1 4 4 -156
2 1 7 8 0 0 0 0 0 0 0 0 1 1 5 58 0 0 0 0 0 0 0 0 0 0 0 0 0 0 0 0 0 0 0 0 1 4 5 -65
2 1 7 9 0 0 0 0 0 0 0 0 1 1 6 124 0 0 0 0 0 0 0 0 0 0 0 0 0 0 0 0 0 0 0 0 1 4 6 241
2 1 7 10 0 0 0 0 0 0 0 0 0 0 0 0 0 0 0 0 0 0 0 0 0 0 0 0 0 0 0 0 0 0 0 0 0 0 0 0
2 1 7 11 0 0 0 0 0 0 0 0 0 0 0 0 0 0 0 0 0 0 0 0 0 0 0 0 0 0 0 0 0 0 0 0 0 0 0 0
2 1 7 12 0 0 0 0 0 0 0 0 0 0 0 0 0 0 0 0 0 0 0 0 0 0 0 0 0 0 0 0 0 0 0 0 0 0 0 0
2 1 7 13 0 0 0 0 0 0 0 0 0 0 0 0 0 0 0 0 0 0 0 0 0 0 0 0 0 0 0 0 0 0 0 0 0 0 0 0
2 1 7 14 0 0 0 0 0 0 0 0 0 0 0 0 0 0 0 0 0 0 0 0 0 0 0 0 0 0 0 0 0 0 0 0 0 0 0 0
2 1 7 15 0 0 0 0 0 0 0 0 0 0 0 0 0 0 0 0 0 0 0 0 0 0 0 0 0 0 0 0 0 0 0 0 0 0 0 0
2 1 8 0 1 2 3 154 1 2 0 99 0 0 0 0 0 0 0 0 0 0 0 0 0 0 0 0 1 5 3 15 1 5 0 -242 0 0 0 0
2 1 8 1 1 2 4 119 1 2 1 -94 0 0 0 0 0 0 0 0 0 0 0 0 0 0 0 0 1 5 4 -212 1 5 1 87 0 0 0 0
2 1 8 2 1 2 5 147 1 2 2 43 0 0 0 0 0 0 0 0 0 0 0 0 0 0 0 0 1 5 5 174 1 5 2 -106 0 0 0 0
2 1 8 3 1 2 6 10 1 2 3 154 1 2 0 99 0 0 0 0 0 0 0 0 0 0 0 0 1 5 6 190 1 5 3 15 1 5 0 -242
2 1 8 4 0 0 0 0 1 2 4 119 1 2 1 -94 0 0 0 0 0 0 0 0 0 0 0 0 0 0 0 0 1 5 4 -212 1 5 1 87
2 1 8 5 0 0 0 0 1 2 5 147 1 2 2 43 0 0 0 0 0 0 0 0 0 0 0 0 0 0 0 0 1 5 5 174 1 5 2 -106
2 1 8 6 0 0 0 0 1 2 6 10 1 2 3 154 0 0 0 0 0 0 0 0 0 0 0 0 0 0 0 0 1 5 6 190 1 5 3 15
2 1 8 7 0 0 0 0 0 0 0 0 1 2 4 119 0 0 0 0 0 0 0 0 0 0 0 0 0 0 0 0 0 0 0 0 1 5 4 -212
2 1 8 8 0 0 0 0 0 0 0 0 1 2 5 147 0 0 0 0 0 0 0 0 0 0 0 0 0 0 0 0 0 0 0 0 1 5 5 174
2 1 8 9 0 0 0 0 0 0 0 0 1 2 6 10 0 0 0 0 0 0 0 0 0 0 0 0 0 0 0 0 0 0 0 0 1 5 6 190
2 1 8 10 0 0 0 0 0 0 0 0 0 0 0 0 0 0 0 0 0 0 0 0 0 0 0 0 0 0 0 0 0 0 0 0 0 0 0 0
2 1 8 11 0 0 0 0 0 0 0 0 0 0 0 0 0 0 0 0 0 0 0 0 0 0 0 0 0 0 0 0 0 0 0 0 0 0 0 0
2 1 8 12 0 0 0 0 0 0 0 0 0 0 0 0 0 0 0 0 0 0 0 0 0 0 0 0 0 0 0 0 0 0 0 0 0 0 0 0
2 1 8 13 0 0 0 0 0 0 0 0 0 0 0 0 0 0 0 0 0 0 0 0 0 0 0 0 0 0 0 0 0 0 0 0 0 0 0 0
2 1 8 14 0 0 0 0 0 0 0 0 0 0 0 0 0 0 0 0 0 0 0 0 0 0 0 0 0 0 0 0 0 0 0 0 0 0 0 0
2 1 8 15 0 0 0 0 0 0 0 0 0 0 0 0 0 0 0 0 0 0 0 0 0 0 0 0 0 0 0 0 0 0 0 0 0 0 0 0
2 1 9 0 1 3 3 -110 1 3 0 41 0 0 0 0 0 0 0 0 0 0 0 0 0 0 0 0 1 6 3 116 1 6 0 -7 0 0 0 0
2 1 9 1 1 3 4 -21 1 3 1 -20 0 0 0 0 0 0 0 0 0 0 0 0 0 0 0 0 1 6 4 -124 1 6 1 143 0 0 0 0
2 1 9 2 1 3 5 -139 1 3 2 57 0 0 0 0 0 0 0 0 0 0 0 0 0 0 0 0 1 6 5 -94 1 6 2 -13 0 0 0 0
2 1 9 3 1 3 6 2 1 3 3 -110 1 3 0 41 0 0 0 0 0 0 0 0 0 0 0 0 1 6 6 -177 1 6 3 116 1 6 0 -7
2 1 9 4 0 0 0 0 1 3 4 -21 1 3 1 -20 0 0 0 0 0 0 0 0 0 0 0 0 0 0 0 0 1 6 4 -124 1 6 1 143
2 1 9 5 0 0 0 0 1 3 5 -139 1 3 2 57 0 0 0 0 0 0 0 0 0 0 0 0 0 0 0 0 1 6 5 -94 1 6 2 -13
2 1 9 6 0 0 0 0 1 3 6 2 1 3 3 -110 0 0 0 0 0 0 0 0 0 0 0 0 0 0 0 0 1 6 6 -177 1 6 3 116
2 1 9 7 0 0 0 0 0 0 0 0 1 3 4 -21 0 0 0 0 0 0 0 0 0 0 0 0 0 0 0 0 0 0 0 0 1 6 4 -124
2 1 9 8 0 0 0 0 0 0 0 0 1 3 5 -139 0 0 0 0 0 0 0 0 0 0 0 0 0 0 0 0 0 0 0 0 1 6 5 -94
2 1 9 9 0 0 0 0 0 0 0 0 1 3 6 2 0 0 0 0 0 0 0 0 0 0 0 0 0 0 0 0 0 0 0 0 1 6 6 -177
2 1 9 10 0 0 0 0 0 0 0 0 0 0 0 0 0 0 0 0 0 0 0 0 0 0 0 0 0 0 0 0 0 0 0 0 0 0 0 0
2 1 9 11 0 0 0 0 0 0 0 0 0 0 0 0 0 0 0 0 0 0 0 0 0 0 0 0 0 0 0 0 0 0 0 0 0 0 0 0
2 1 9 12 0 0 0 0 0 0 0 0 0 0 0 0 0 0 0 0 0 0 0 0 0 0 0 0 0 0 0 0 0 0 0 0 0 0 0 0
2 1 9 13 0 0 0 0 0 0 0 0 0 0 0 0 0 0 0 0 0 0 0 0 0 0 0 0 0 0 0 0 0 0 0 0 0 0 0 0
2 1 9 14 0 0 0 0 0 0 0 0 0 0 0 0 0 0 0 0 0 0 0 0 0 0 0 0 0 0 0 0 0 0 0 0 0 0 0 0
2 1 9 15 0 0 0 0 0 0 0 0 0 0 0 0 0 0 0 0 0 0 0 0 0 0 0 0 0 0 0 0 0 0 0 0 0 0 0 0
2 1 10 0 1 4 3 -167 1 4 0 99 0 0 0 0 0 0 0 0 0 0 0 0 0 0 0 0 0 0 0 0 0 0 0 0 0 0 0 0
2 1 10 1 1 4 4 -156 1 4 1 146 0 0 0 0 0 0 0 0 0 0 0 0 0 0 0 0 0 0 0 0 0 0 0 0 0 0 0 0
2 1 10 2 1 4 5 -65 1 4 2 100 0 0 0 0 0 0 0 0 0 0 0 0 0 0 0 0 0 0 0 0 0 0 0 0 0 0 0 0
2 1 10 3 1 4 6 241 1 4 3 -167 1 4 0 99 0 0 0 0 0 0 0 0 0 0 0 0 0 0 0 0 0 0 0 0 0 0 0 0
2 1 10 4 0 0 0 0 1 4 4 -156 1 4 1 146 0 0 0 0 0 0 0 0 0 0 0 0 0 0 0 0 0 0 0 0 0 0 0 0
2 1 10 5 0 0 0 0 1 4 5 -65 1 4 2 100 0 0 0 0 0 0 0 0 0 0 0 0 0 0 0 0 0 0 0 0 0 0 0 0
2 1 10 6 0 0 0 0 1 4 6 241 1 4 3 -167 0 0 0 0 0 0 0 0 0 0 0 0 0 0 0 0 0 0 0 0 0 0 0 0
2 1 10 7 0 0 0 0 0 0 0 0 1 4 4 -156 0 0 0 0 0 0 0 0 0 0 0 0 0 0 0 0 0 0 0 0 0 0 0 0
2 1 10 8 0 0 0 0 0 0 0 0 1 4 5 -65 0 0 0 0 0 0 0 0 0 0 0 0 0 0 0 0 0 0 0 0 0 0 0 0
2 1 10 9 0 0 0 0 0 0 0 0 1 4 6 241 0 0 0 0 0 0 0 0 0 0 0 0 0 0 0 0 0 0 0 0 0 0 0 0
2 1 10 10 0 0 0 0 0 0 0 0 0 0 0 0 0 0 0 0 0 0 0 0 0 0 0 0 0 0 0 0 0 0 0 0 0 0 0 0
2 1 10 11 0 0 0 0 0 0 0 0 0 0 0 0 0 0 0 0 0 0 0 0 0 0 0 0 0 0 0 0 0 0 0 0 0 0 0 0
2 1 10 12 0 0 0 0 0 0 0 0 0 0 0 0 0 0 0 0 0 0 0 0 0 0 0 0 0 0 0 0 0 0 0 0 0 0 0 0
2 1 10 13 0 0 0 0 0 0 0 0 0 0 0 0 0 0 0 0 0 0 0 0 0 0 0 0 0 0 0 0 0 0 0 0 0 0 0 0
2 1 10 14 0 0 0 0 0 0 0 0 0 0 0 0 0 0 0 0 0 0 0 0 0 0 0 0 0 0 0 0 0 0 0 0 0 0 0 0
2 1 10 15 0 0 0 0 0 0 0 0 0 0 0 0 0 0 0 0 0 0 0 0 0 0 0 0 0 0 0 0 0 0 0 0 0 0 0 0
2 1 11 0 1 5 3 15 1 5 0 -242 0 0 0 0 0 0 0 0 0 0 0 0 0 0 0 0 0 0 0 0 0 0 0 0 0 0 0 0
2 1 11 1 1 5 4 -212 1 5 1 87 0 0 0 0 0 0 0 0 0 0 0 0 0 0 0 0 0 0 0 0 0 0 0 0 0 0 0 0
2 1 11 2 1 5 5 174 1 5 2 -106 0 0 0 0 0 0 0 0 0 0 0 0 0 0 0 0 0 0 0 0 0 0 0 0 0 0 0 0
2 1 11 3 1 5 6 190 1 5 3 15 1 5 0 -242 0 0 0 0 0 0 0 0 0 0 0 0 0 0 0 0 0 0 0 0 0 0 0 0
2 1 11 4 0 0 0 0 1 5 4 -212 1 5 1 87 0 0 0 0 0 0 0 0 0 0 0 0 0 0 0 0 0 0 0 0 0 0 0 0
2 1 11 5 0 0 0 0 1 5 5 174 1 5 2 -106 0 0 0 0 0 0 0 0 0 0 0 0 0 0 0 0 0 0 0 0 0 0 0 0
2 1 11 6 0 0 0 0 1 5 6 190 1 5 3 15 0 0 0 0 0 0 0 0 0 0 0 0 0 0 0 0 0 0 0 0 0 0 0 0
2 1 11 7 0 0 0 0 0 0 0 0 1 5 4 -212 0 0 0 0 0 0 0 0 0 0 0 0 0 0 0 0 0 0 0 0 0 0 0 0
2 1 11 8 0 0 0 0 0 0 0 0 1 5 5 174 0 0 0 0 0 0 0 0 0 0 0 0 0 0 0 0 0 0 0 0 0 0 0 0
2 1 11 9 0 0 0 0 0 0 0 0 1 5 6 190 0 0 0 0 0 0 0 0 0 0 0 0 0 0 0 0 0 0 0 0 0 0 0 0
2 1 11 10 0 0 0 0 0 0 0 0 0 0 0 0 0 0 0 0 0 0 0 0 0 0 0 0 0 0 0 0 0 0 0 0 0 0 0 0
2 1 11 11 0 0 0 0 0 0 0 0 0 0 0 0 0 0 0 0 0 0 0 0 0 0 0 0 0 0 0 0 0 0 0 0 0 0 0 0
2 1 11 12 0 0 0 0 0 0 0 0 0 0 0 0 0 0 0 0 0 0 0 0 0 0 0 0 0 0 0 0 0 0 0 0 0 0 0 0
2 1 11 13 0 0 0 0 0 0 0 0 0 0 0 0 0 0 0 0 0 0 0 0 0 0 0 0 0 0 0 0 0 0 0 0 0 0 0 0
2 1 11 14 0 0 0 0 0 0 0 0 0 0 0 0 0 0 0 0 0 0 0 0 0 0 0 0 0 0 0 0 0 0 0 0 0 0 0 0
2 1 11 15 0 0 0 0 0 0 0 0 0 0 0 0 0 0 0 0 0 0 0 0 0 0 0 0 0 0 0 0 0 0 0 0 0 0 0 0
2 1 12 0 1 6 3 116 1 6 0 -7 0 0 0 0 0 0 0 0 0 0 0 0 0 0 0 0 0 0 0 0 0 0 0 0 0 0 0 0
2 1 12 1 1 6 4 -124 1 6 1 143 0 0 0 0 0 0 0 0 0 0 0 0 0 0 0 0 0 0 0 0 0 0 0 0 0 0 0 0
2 1 12 2 1 6 5 -94 1 6 2 -13 0 0 0 0 0 0 0 0 0 0 0 0 0 0 0 0 0 0 0 0 0 0 0 0 0 0 0 0
2 1 12 3 1 6 6 -177 1 6 3 116 1 6 0 -7 0 0 0 0 0 0 0 0 0 0 0 0 0 0 0 0 0 0 0 0 0 0 0 0
2 1 12 4 0 0 0 0 1 6 4 -124 1 6 1 143 0 0 0 0 0 0 0 0 0 0 0 0 0 0 0 0 0 0 0 0 0 0 0 0
2 1 12 5 0 0 0 0 1 6 5 -94 1 6 2 -13 0 0 0 0 0 0 0 0 0 0 0 0 0 0 0 0 0 0 0 0 0 0 0 0
2 1 12 6 0 0 0 0 1 6 6 -177 1 6 3 116 0 0 0 0 0 0 0 0 0 0 0 0 0 0 0 0 0 0 0 0 0 0 0 0
2 1 12 7 0 0 0 0 0 0 0 0 1 6 4 -124 0 0 0 0 0 0 0 0 0 0 0 0 0 0 0 0 0 0 0 0 0 0 0 0
2 1 12 8 0 0 0 0 0 0 0 0 1 6 5 -94 0 0 0 0 0 0 0 0 0 0 0 0 0 0 0 0 0 0 0 0 0 0 0 0
2 1 12 9 0 0 0 0 0 0 0 0 1 6 6 -177 0 0 0 0 0 0 0 0 0 0 0 0 0 0 0 0 0 0 0 0 0 0 0 0
2 1 12 10 0 0 0 0 0 0 0 0 0 0 0 0 0 0 0 0 0 0 0 0 0 0 0 0 0 0 0 0 0 0 0 0 0 0 0 0
2 1 12 11 0 0 0 0 0 0 0 0 0 0 0 0 0 0 0 0 0 0 0 0 0 0 0 0 0 0 0 0 0 0 0 0 0 0 0 0
2 1 12 12 0 0 0 0 0 0 0 0 0 0 0 0 0 0 0 0 0 0 0 0 0 0 0 0 0 0 0 0 0 0 0 0 0 0 0 0
2 1 12 13 0 0 0 0 0 0 0 0 0 0 0 0 0 0 0 0 0 0 0 0 0 0 0 0 0 0 0 0 0 0 0 0 0 0 0 0
2 1 12 14 0 0 0 0 0 0 0 0 0 0 0 0 0 0 0 0 0 0 0 0 0 0 0 0 0 0 0 0 0 0 0 0 0 0 0 0
2 1 12 15 0 0 0 0 0 0 0 0 0 0 0 0 0 0 0 0 0 0 0 0 0 0 0 0 0 0 0 0 0 0 0 0 0 0 0 0
2 1 13 0 0 0 0 0 0 0 0 0 0 0 0 0 0 0 0 0 0 0 0 0 0 0 0 0 0 0 0 0 0 0 0 0 0 0 0 0
2 1 13 1 0 0 0 0 0 0 0 0 0 0 0 0 0 0 0 0 0 0 0 0 0 0 0 0 0 0 0 0 0 0 0 0 0 0 0 0
2 1 13 2 0 0 0 0 0 0 0 0 0 0 0 0 0 0 0 0 0 0 0 0 0 0 0 0 0 0 0 0 0 0 0 0 0 0 0 0
2 1 13 3 0 0 0 0 0 0 0 0 0 0 0 0 0 0 0 0 0 0 0 0 0 0 0 0 0 0 0 0 0 0 0 0 0 0 0 0
2 1 13 4 0 0 0 0 0 0 0 0 0 0 0 0 0 0 0 0 0 0 0 0 0 0 0 0 0 0 0 0 0 0 0 0 0 0 0 0
2 1 13 5 0 0 0 0 0 0 0 0 0 0 0 0 0 0 0 0 0 0 0 0 0 0 0 0 0 0 0 0 0 0 0 0 0 0 0 0
2 1 13 6 0 0 0 0 0 0 0 0 0 0 0 0 0 0 0 0 0 0 0 0 0 0 0 0 0 0 0 0 0 0 0 0 0 0 0 0
2 1 13 7 0 0 0 0 0 0 0 0 0 0 0 0 0 0 0 0 0 0 0 0 0 0 0 0 0 0 0 0 0 0 0 0 0 0 0 0
2 1 13 8 0 0 0 0 0 0 0 0 0 0 0 0 0 0 0 0 0 0 0 0 0 0 0 0 0 0 0 0 0 0 0 0 0 0 0 0
2 1 13 9 0 0 0 0 0 0 0 0 0 0 0 0 0 0 0 0 0 0 0 0 0 0 0 0 0 0 0 0 0 0 0 0 0 0 0 0
2 1 13 10 0 0 0 0 0 0 0 0 0 0 0 0 0 0 0 0 0 0 0 0 0 0 0 0 0 0 0 0 0 0 0 0 0 0 0 0
2 1 13 11 0 0 0 0 0 0 0 0 0 0 0 0 0 0 0 0 0 0 0 0 0 0 0 0 0 0 0 0 0 0 0 0 0 0 0 0
2 1 13 12 0 0 0 0 0 0 0 0 0 0 0 0 0 0 0 0 0 0 0 0 0 0 0 0 0 0 0 0 0 0 0 0 0 0 0 0
2 1 13 13 0 0 0 0 0 0 0 0 0 0 0 0 0 0 0 0 0 0 0 0 0 0 0 0 0 0 0 0 0 0 0 0 0 0 0 0
2 1 13 14 0 0 0 0 0 0 0 0 0 0 0 0 0 0 0 0 0 0 0 0 0 0 0 0 0 0 0 0 0 0 0 0 0 0 0 0
2 1 13 15 0 0 0 0 0 0 0 0 0 0 0 0 0 0 0 0 0 0 0 0 0 0 0 0 0 0 0 0 0 0 0 0 0 0 0 0
2 1 14 0 0 0 0 0 0 0 0 0 0 0 0 0 0 0 0 0 0 0 0 0 0 0 0 0 0 0 0 0 0 0 0 0 0 0 0 0
2 1 14 1 0 0 0 0 0 0 0 0 0 0 0 0 0 0 0 0 0 0 0 0 0 0 0 0 0 0 0 0 0 0 0 0 0 0 0 0
2 1 14 2 0 0 0 0 0 0 0 0 0 0 0 0 0 0 0 0 0 0 0 0 0 0 0 0 0 0 0 0 0 0 0 0 0 0 0 0
2 1 14 3 0 0 0 0 0 0 0 0 0 0 0 0 0 0 0 0 0 0 0 0 0 0 0 0 0 0 0 0 0 0 0 0 0 0 0 0
2 1 14 4 0 0 0 0 0 0 0 0 0 0 0 0 0 0 0 0 0 0 0 0 0 0 0 0 0 0 0 0 0 0 0 0 0 0 0 0
2 1 14 5 0 0 0 0 0 0 0 0 0 0 0 0 0 0 0 0 0 0 0 0 0 0 0 0 0 0 0 0 0 0 0 0 0 0 0 0
2 1 14 6 0 0 0 0 0 0 0 0 0 0 0 0 0 0 0 0 0 0 0 0 0 0 0 0 0 0 0 0 0 0 0 0 0 0 0 0
2 1 14 7 0 0 0 0 0 0 0 0 0 0 0 0 0 0 0 0 0 0 0 0 0 0 0 0 0 0 0 0 0 0 0 0 0 0 0 0
2 1 14 8 0 0 0 0 0 0 0 0 0 0 0 0 0 0 0 0 0 0 0 0 0 0 0 0 0 0 0 0 0 0 0 0 0 0 0 0
2 1 14 9 0 0 0 0 0 0 0 0 0 0 0 0 0 0 0 0 0 0 0 0 0 0 0 0 0 0 0 0 0 0 0 0 0 0 0 0
2 1 14 10 0 0 0 0 0 0 0 0 0 0 0 0 0 0 0 0 0 0 0 0 0 0 0 0 0 0 0 0 0 0 0 0 0 0 0 0
2 1 14 11 0 0 0 0 0 0 0 0 0 0 0 0 0 0 0 0 0 0 0 0 0 0 0 0 0 0 0 0 0 0 0 0 0 0 0 0
2 1 14 12 0 0 0 0 0 0 0 0 0 0 0 0 0 0 0 0 0 0 0 0 0 0 0 0 0 0 0 0 0 0 0 0 0 0 0 0
2 1 14 13 0 0 0 0 0 0 0 0 0 0 0 0 0 0 0 0 0 0 0 0 0 0 0 0 0 0 0 0 0 0 0 0 0 0 0 0
2 1 14 14 0 0 0 0 0 0 0 0 0 0 0 0 0 0 0 0 0 0 0 0 0 0 0 0 0 0 0 0 0 0 0 0 0 0 0 0
2 1 14 15 0 0 0 0 0 0 0 0 0 0 0 0 0 0 0 0 0 0 0 0 0 0 0 0 0 0 0 0 0 0 0 0 0 0 0 0
2 1 15 0 0 0 0 0 0 0 0 0 0 0 0 0 0 0 0 0 0 0 0 0 0 0 0 0 0 0 0 0 0 0 0 0 0 0 0 0
2 1 15 1 0 0 0 0 0 0 0 0 0 0 0 0 0 0 0 0 0 0 0 0 0 0 0 0 0 0 0 0 0 0 0 0 0 0 0 0
2 1 15 2 0 0 0 0 0 0 0 0 0 0 0 0 0 0 0 0 0 0 0 0 0 0 0 0 0 0 0 0 0 0 0 0 0 0 0 0
2 1 15 3 0 0 0 0 0 0 0 0 0 0 0 0 0 0 0 0 0 0 0 0 0 0 0 0 0 0 0 0 0 0 0 0 0 0 0 0
2 1 15 4 0 0 0 0 0 0 0 0 0 0 0 0 0 0 0 0 0 0 0 0 0 0 0 0 0 0 0 0 0 0 0 0 0 0 0 0
2 1 15 5 0 0 0 0 0 0 0 0 0 0 0 0 0 0 0 0 0 0 0 0 0 0 0 0 0 0 0 0 0 0 0 0 0 0 0 0
2 1 15 6 0 0 0 0 0 0 0 0 0 0 0 0 0 0 0 0 0 0 0 0 0 0 0 0 0 0 0 0 0 0 0 0 0 0 0 0
2 1 15 7 0 0 0 0 0 0 0 0 0 0 0 0 0 0 0 0 0 0 0 0 0 0 0 0 0 0 0 0 0 0 0 0 0 0 0 0
2 1 15 8 0 0 0 0 0 0 0 0 0 0 0 0 0 0 0 0 0 0 0 0 0 0 0 0 0 0 0 0 0 0 0 0 0 0 0 0
2 1 15 9 0 0 0 0 0 0 0 0 0 0 0 0 0 0 0 0 0 0 0 0 0 0 0 0 0 0 0 0 0 0 0 0 0 0 0 0
2 1 15 10 0 0 0 0 0 0 0 0 0 0 0 0 0 0 0 0 0 0 0 0 0 0 0 0 0 0 0 0 0 0 0 0 0 0 0 0
2 1 15 11 0 0 0 0 0 0 0 0 0 0 0 0 0 0 0 0 0 0 0 0 0 0 0 0 0 0 0 0 0 0 0 0 0 0 0 0
2 1 15 12 0 0 0 0 0 0 0 0 0 0 0 0 0 0 0 0 0 0 0 0 0 0 0 0 0 0 0 0 0 0 0 0 0 0 0 0
2 1 15 13 0 0 0 0 0 0 0 0 0 0 0 0 0 0 0 0 0 0 0 0 0 0 0 0 0 0 0 0 0 0 0 0 0 0 0 0
2 1 15 14 0 0 0 0 0 0 0 0 0 0 0 0 0 0 0 0 0 0 0 0 0 0 0 0 0 0 0 0 0 0 0 0 0 0 0 0
2 1 15 15 0 0 0 0 0 0 0 0 0 0 0 0 0 0 0 0 0 0 0 0 0 0 0 0 0 0 0 0 0 0 0 0 0 0 0 0
